run_utc,token_address,pair_address,age_days,price_usd,liquidity_usd,volume_24h_usd,txns_24h,market_cap_usd,peak_price_usd,drawdown_pct,filters_passed,pass,status
2026-10-09T03:37:13Z,0x00651dff9e14583bc4d8a19dab35758c79c798f6,0x703d66db5264f69c52ed9fe9e48cc47a2a513e6037992ae3ee0465f01ca597c4,0.69,0.0001286,29451,35710,127,29390,0.0001286,0.0,,,live
2026-10-09T03:37:13Z,0x00e04149590ec679b04b70fac71473222e0cf42a,0x81b3d6ef0f166ae6abc12414b7cce83a804a6f96c47a2d8994bd7067736ee58d,0.86,0.0003858,51156,120090,221,88123,0.0003858,0.0,,,live
2026-10-09T03:37:13Z,0x01772a0e0f398c8bb3e3da03095e03f09e626d98,0xab68698446ee5e1336a627f8f12c1f23925ab14d121dc951b246c340fef3843f,0.17,0.0002585,41175,70731,236,59049,0.0002585,0.0,,,live
2026-10-09T03:37:13Z,0x019046185985f7e396cf818a9cf47869b3b821b1,0x1ce1e114541a1ff402dfa2309150401176986092c84b150a68f53c0943e051ab,0.21,7.456e-06,6331,0,1,7449,7.456e-06,0.0,,,live
2026-10-09T03:37:13Z,0x024809abdec0e562f528122b074585ae6234bb73,0x911e7684b787b15d6bf59a0b23b1238ae985082a972d3531a4c07a289d3523b0,0.39,0.0001446,94506,90650,285,144637,0.0001446,0.0,,,live
2026-10-09T03:37:13Z,0x028ebd3795160b3f07532eb6b62d025081cd7777,0xfef8cb002870b89ba62b07f9e5ca1d7d5d5ad9fd2f91431a5af4a3cf34510b6e,1.0,0.0001931,46791,47208,184,44139,0.0001931,0.0,,,live
2026-10-09T03:37:13Z,0x02930c9e73284f9728d267e86ac64771a1aaa394,0xdc0fa764ceed6f26af81766d430af642ed60144c0537fe26e3ff96550bc8525a,1.28,6.478e-05,64778,3,3,64783,6.87e-05,5.7,,,live
2026-10-09T03:37:13Z,0x02e3468f8f97aa05705896018f9cd0746bbc95bd,0xda550e8c66fac645d30ecd3ba750e0a8c3e9ea98a91858122f788440eecebdab,0.12,6.292e-06,6317,83217,3044,6292,6.292e-06,0.0,,,live
2026-10-09T03:37:13Z,0x02f60c43ade4e6ef1bea7d1387af506015237777,0xc62ad395b63d820d112aaf15eee3e5efc5e87ff53d4604260e4f13578f8f446a,1.36,,,,,,,,,,dead
2026-10-09T03:37:13Z,0x030a59894e3bfbf473c11ce02cd3f9d58cf9ceea,0x6aef3e2e1b58f18424b2454779597568ff8b9cacc15a51a16749e8b618e1058a,0.21,0.0001389,30154,35729,116,31742,0.0001389,0.0,,,live
2026-10-09T03:37:13Z,0x03593991b09b1daa8c647bd6add61f58e3ffeb5b,0x668eb41d891204cca9160254c0a3ebdae8b7727f1c498d878bdc78170a14b497,1.64,6.257e-06,6270,83,5,6258,6.604e-06,5.3,,,live
2026-10-09T03:37:13Z,0x036a74b3f80f2235c681284c213b49b6cbbf40cf,0x3b033afb75c765258b5e0199e6ba247363642851,0.35,2.953e-05,14765,46805,180,97449,4.27e-05,30.8,,,live
2026-10-09T03:37:13Z,0x039c84826dda869af613464a4ded638864f67777,0x36ed7f61507522cd8befd9961435ef8a08716fe1ee2e32573f7e21c18e4f056f,0.17,0.0002335,50527,58808,234,53351,0.0002335,0.0,,,live
2026-10-09T03:37:13Z,0x03c076dac132f2dd6206cb83042f437e2dce7219,0x2a489604f7435bd170fa24cf58d79e0feaac7bd3d538cba580d174737d810602,0.52,8.646e-06,16800,621,7,8646,8.646e-06,0.0,,,live
2026-10-09T03:37:13Z,0x03cf4a9b1a2d85f4e5f3ff97b7f5485d3562c3e3,0x1fea5f1b5d99cfa021aab0cea25eb62ede5a492078e5b9f374b93d3f931c65e4,0.47,2.097e-06,18605,19750,104,20976,2.097e-06,0.0,,,live
2026-10-09T03:37:13Z,0x03d29b112b553369265e1c06c4cdfdd90667ef3a,0x597f7bd85ffbd3203834e1839aa35e518c2521cceae5019dcb06a17b9f1adc4f,0.93,0.0003291,47315,107798,240,75167,0.0003291,0.0,,,live
2026-10-09T03:37:13Z,0x043567c89e50ddb8526146e7c92e5117bc7e4777,0x6b88cb6051aac0635db15137b119c2cc88260fbc982c6eefeec361cae38f8845,0.4,1.951e-05,21386,48494,165,19476,1.951e-05,0.0,,,live
2026-10-09T03:37:13Z,0x0440c232558e19d6b9e2f5b1ee7682f8f49dd485,0x0624b0e454bee43ed846e22631f6f762d16433e8852e50e8089f21cee756adec,0.26,3.828e-06,5029,548670,5803,3829,7.349e-05,94.8,,,live
2026-10-09T03:37:13Z,0x05091c49e891fdd8799ec1bb94e8f733eaeb0dff,0x4eb02358ffdf655fb4479c6a817ea660f8429199e3db94dc167414f21888a509,0.92,0.0003779,50714,115935,241,86326,0.0003779,0.0,,,live
2026-10-09T03:37:13Z,0x05293d46c502ba6e04c3fee835f24243108a2777,0xdbf293ec901a776ca33bc39bece0e7dbf317ab65799b9c666821318645ba762e,0.3,1.75e-05,20487,15724,54,17469,1.75e-05,0.0,,,live
2026-10-09T03:37:13Z,0x056e3a4c5bddd3cb092cca5604cffd06fabe3b2a,0xfa6ab16643bc0166d6dd02528ae41d99227ced58a5738307c92eab207adbac61,1.44,,,,,,,,,,dead
2026-10-09T03:37:13Z,0x059319ae9c97d80902f730595681b4bdd1567777,0x832713f5e4f7ebcd4891b0368652f0da0d1246029c7d5a6306c2bd4cf31df02c,0.22,0.000156,41311,33012,153,35649,0.000156,0.0,,,live
2026-10-09T03:37:13Z,0x05aaca11a0fba2a35dddf1e33f77c3667ddfb7ed,0xbb6300ea8aeb7d742122d0d4dfbe57507cbfa4f4ef8807f1fb3bd9a80983f87d,1.23,4.596e-06,200390,8279694,6735,459674,4.809e-05,90.4,,,live
2026-10-09T03:37:13Z,0x05d98da124bd40064ac45b589f783a2ae0e3ff99,0x2b0bcdbaa8606f93cd168750561aa4a97da0b3aeafd690d63a8c1b3a74b79725,0.09,5.057e-06,36232,70147,256,50574,5.057e-06,0.0,,,live
2026-10-09T03:37:13Z,0x0625a1f4bd03b243ba78a157f489981fe59f2777,0xa7fc118b8ebe27fb8e0bbc0327c242372389a4174b3c6427b921978f689278fd,1.0,1.636e-05,20202,45086,144,16331,1.636e-05,0.0,,,live
2026-10-09T03:37:13Z,0x0634a30d1d04054dfa46433e15460d044c79d93f,0x8f5ae2982d841ba8038cfceb569b41525935f536,0.09,1.021e-12,0,33483,34,,2.778e-05,100.0,,,dead
2026-10-09T03:37:13Z,0x06ea2f9ef0282828ed887c243a14a5c256c5341f,0xc1616e9834ed9bc6ecd15c7902c9d4cadb36cd0b320e48fb45507c0e0791f7e5,0.84,0.0003362,160082,2023832,4445,336239,0.0003362,0.0,,,live
2026-10-09T03:37:13Z,0x06fa6cb0b19d47685aa28bd91bbf95d80664bb96,0xad01be37723779943d1023d083de058382ce18db7573ee45a5469d57f12ceda4,1.42,,,,,,,,,,dead
2026-10-09T03:37:13Z,0x06fddbdd6264f59e4e4a55fbce032abcbb011e18,0xe91b4097d8bed2ebfb7e3500615e42d67c9c76a285adc83b4d700f2132eeff1a,1.43,,,,,,,,,,dead
2026-10-09T03:37:13Z,0x08072e314d23df758d39d26618f3fa8c52f6f504,0x2ce63b67113c0e37ac7031db5a76ba322083ae061abb1864bbda5fb141bf46fa,0.15,5.499e-06,43669,66130,250,54999,5.575e-06,1.4,,,live
2026-10-09T03:37:13Z,0x0830a9dd26a04e959657ab6788d45f5725590c32,0x5408ad4b4f1d5091b99953af963500a792f47bc3,20.79,0.0009858,281876,32064,5538,35538780,0.00126957,22.4,,,live
2026-10-09T03:37:13Z,0x0850277c811779850fb4f5c82d0a9d009abcc7c6,0x561e4c4cc3fff212a027196a7f3ad9ef2492f45a702debbdea0a85e95efdab9c,0.08,0.000223,38274,75772,236,50932,0.000223,0.0,,,live
2026-10-09T03:37:13Z,0x0862a2da2725e69e54e82e8d326bd701e895e868,0x4d1748083b46bf5d49f55f240e6256edc1284d936bb57b2725cf95550682cf76,0.6,0.0002288,39184,73663,239,52258,0.0002288,0.0,,,live
2026-10-09T03:37:13Z,0x08e0fb7f508a6fda0c9c692aabfd1cac59a0dba3,0x81886b00a3afd0ce23d35befff24f3cf363f7f0a6dd1a9c765c2718cf4fe115d,0.34,1.044e-07,10473,712,15,10447,1.044e-07,0.0,,,live
2026-10-09T03:37:13Z,0x08e4b43b3f9968360c38ca06ceb31417e2e31e18,0xb278db74091d3641e8db1395ecf78314d84597d5441f863c39c77047a1a0ef8a,1.18,2.002e-05,20032,1,3,20030,2.008e-05,0.3,,,live
2026-10-09T03:37:13Z,0x08e84603a059ced2f818630ff31aab789cf82d06,0xbccf70d7a346ffe51fa1f21665017cf79a8e1b0e897e5fc3cbca02426e3b8872,1.36,,,,,,,,,,dead
2026-10-09T03:37:13Z,0x08f39e0c9e93bfc14db29039d5deabe029fbd777,0x0569f12c9edf9966489b23c0b528ae362243a84d19f54db47bac737951498c0a,0.08,1.951e-05,21685,43376,159,19475,1.951e-05,0.0,,,live
2026-10-09T03:37:13Z,0x090f0e853325ef59a4b525962208c6fa05350b6a,0x8688fa442a2a59c77254db0cb637646ceedcb8821c00a831d15c2b1073f346f2,0.59,6.216e-06,6216,5548,43,6216,6.365e-06,2.3,,,live
2026-10-09T03:37:13Z,0x092f155d0b66036d76e4c0256e302ffd63e06c9a,0xdade93d981047ef5a91176f213efb90d130cd58276415d3df941859aad30df79,0.52,8.841e-06,17007,528,7,8841,8.841e-06,0.0,,,live
2026-10-09T03:37:13Z,0x096f09408867f317af1c7a2576541455ae25c777,0xa310fe3f9bd3781467012591e3a4b5c3e96f7154f17da1f81d2d48fa0e8ee7ab,0.1,1.845e-05,21059,39348,140,18420,1.845e-05,0.0,,,live
2026-10-09T03:37:13Z,0x098a12b5e35e48e017c1f9204d961c202a53f155,0x954504550ca82c07a36423c25ce0ad3a53bf46b5e60f4fc718932a031a6f598a,0.38,7.837e-05,63018,22237,50,78376,7.837e-05,0.0,,,live
2026-10-09T03:37:13Z,0x0990894451fdaf84ed9f5343fa5233b989ec71fb,0x32989b3b251fb36b79e316ee3687d3c8d73ee482d3dda756123d3f1f17a88019,1.39,,,,,,,,,,dead
2026-10-09T03:37:13Z,0x09b0f8f361ca9b3e49d385b5bc6f27df284c51ec,0xc11b63f9f5176785c771db460f381f2eb3db54e9b18e5cac442c143f372a0684,0.25,2.594e-05,25932,600,4,25947,2.594e-05,0.0,,,live
2026-10-09T03:37:13Z,0x09e37048fcaf0b96c7c2ebcfb19481239b1f89ba,0x5e361e6cf828b48e835e5023da815f96c959de9c,0.94,1.503e-05,7542,0,1,7542,1.503e-05,0.0,,,live
2026-10-09T03:37:13Z,0x0a05b86891b5c8145ae9f4f2c2dda79f2f79c828,0x120fc239d302ceda5631a89eae348bd550fab5273cf86837c83355d4e359f714,0.64,6.068e-06,6069,1629,9,6069,6.374e-06,4.8,,,live
2026-10-09T03:37:13Z,0x0a46ca7ac4105171fc971dff793608e9ad074701,0xb01f21505ef08b39cbc2a9066ddcc36a3127a6eaba0284937e34b0ee9bb6b678,0.18,0.0002379,39479,61000,183,54348,0.0002379,0.0,,,live
2026-10-09T03:37:13Z,0x0a8b4763c71ac39101b3b8a97e62da0b81549a4f,0x13c339deb9ea2f31a6616e89aa097940667d77fa5de2de063f7bcf04b75dd8e5,27.4,0.000373,50714,47685,359,365291,0.0038084,90.2,,,live
2026-10-09T03:37:13Z,0x0b2e8259fa579eae0fae80c48b22ef21b922b7b6,0x65dc5c7569796fd326e322e7d4fee72cbc8956e886a40da8a9cc08680257cfd1,0.64,5.456e-05,42385,60618,196,54565,5.456e-05,0.0,,,live
2026-10-09T03:37:13Z,0x0b39f854df6deceee081e1da7d9e01830ad0f288,0x05d8158267121f1c05263fb33bec5e25500d4e5c346f836813c9defbb3621a13,0.81,3.759e-05,8218,36147,303,12532,4.054e-05,7.3,,,live
2026-10-09T03:37:13Z,0x0b43c68bc0837e5307a3d3c32fe88ee601d1d171,0x94d42f8a1cdb9debc3f365943e627c7aa10d6226795fe4d2ef5d401df66e51d6,2.64,4.669e-06,6299,161,22,4650,4.767e-05,90.2,1,False,live
2026-10-09T03:37:13Z,0x0b6af1e45b69488f78dc1673bdca4f36f511c7e5,0xaa038ed2a5ad6cdd807df5abb3ccd94d0a5093142d98114e1e22475a128bad86,1.43,,,,,,,,,,dead
2026-10-09T03:37:13Z,0x0b7c6c138dc75622f4200d157b13fb93e6bd94fa,0x5291cfd042d8a771a510534ee31090bc4f4dc72724871e8f321aecfd12332a9a,6.49,0.1051,10517121,9668664,462,105166933,0.167232,37.2,6,True,live
2026-10-09T03:37:13Z,0x0ba9f17e539e2529c9b58de15a62fcba75628dcc,0x3a886d84c970b96f79df681261f9e4ed0f126ed0c4178f47e5097351036ea928,0.98,6.196e-06,6198,7,11,6197,6.42e-06,3.5,,,live
2026-10-09T03:37:13Z,0x0bf89313d4f3ae8cbf64aa863b12d396bbcb728f,0x2a359852be29b71148b49431e3427d46cfc86a441f1925c76fdac1cf159aa334,0.57,2.922e-05,56857,1491,5,29222,2.922e-05,0.0,,,live
2026-10-09T03:37:13Z,0x0c00b0ce571b766116d9fd27b3d31402f20d7777,0xbc3d63fe80c7af1150abfc7406f2be8e8b83cfabc236f624feac3ba09ce04130,0.94,0.0002322,51277,59059,232,53067,0.0002322,0.0,,,live
2026-10-09T03:37:13Z,0x0c09ce4f6ca4c064f66e02040204185e2385ef8c,0x2fc8ce992aaf2b496106cf550a4c2de3bee92b9347bf2ec4f5bf45eea3a87813,1.38,,,,,,,,,,dead
2026-10-09T03:37:13Z,0x0c244fc7c88c77977c0f5077220a2ce969d67777,0x05f688b83023fd31b5dbe28359415ade5adbab3089c260c21ba2c91bc6c209d6,0.22,0.0002141,48344,49359,200,48929,0.0002141,0.0,,,live
2026-10-09T03:37:13Z,0x0c6144942bb7dd6aa9eb86f798575e58eb3f21bf,0x00d7f78a821b21e41d22dd6e798b70cf0d675f6fa4279d4e8e048811fd689993,2.39,2.62e-06,4160,5,4,2620,1.5e-05,82.5,1,False,live
2026-10-09T03:37:13Z,0x0c70bb78ef5b7463f005145221e095f4a2f8d777,0x4cdea0f1307ae51de4708da05d7eb999165fc89e629a3f08eeffcf20e689bd0c,0.52,1.397e-05,18507,13253,48,13953,1.397e-05,0.0,,,live
2026-10-09T03:37:13Z,0x0c9bc93cf2aeca5fc0aa21d5fc43f0cef63cd777,0x8c19ab73d9741315e4e926ffcf9aa97e8ab400ae13373161440a7568ed1495e7,0.27,2.072e-05,22307,34899,126,20683,2.072e-05,0.0,,,live
2026-10-09T03:37:13Z,0x0ca0b4b287d300aed5f9d11fae14abd469b7902e,0xe9e8d4284a7961e824b847c9acd376db18fb6610d641af2abb9dd285f1435d7b,0.52,9.621e-06,18502,605,7,9621,9.621e-06,0.0,,,live
2026-10-09T03:37:13Z,0x0d325bc57a56498242ddc92092432b962ea4c777,0x20190431db2246706829b901a81e739e1df4dcf88789756b83865fe499535921,0.69,2.394e-05,24337,51543,184,23899,2.394e-05,0.0,,,live
2026-10-09T03:37:13Z,0x0d3779dbf2b501d94f1be4be2f7f0361872f2d89,0xb27e51926bdf90974858acf35495a7923e793b30100362b7b92b5aa66f3e1b3b,0.63,2.53e-05,25305,2074766,3570,25305,0.0002014,87.4,,,live
2026-10-09T03:37:13Z,0x0d3b66ba799e4681ba8243c0e64c27629cef6ca3,0x119103d448611a50176c8e4c4f548268315d9e564bcc3ad2e405e17af9309341,0.09,0.000536,205970,1568518,3739,536077,0.000536,0.0,,,live
2026-10-09T03:37:13Z,0x0d4fa5cfc0c7ca63415bf7b93cacb8d3773a1ee0,0xe1594fa5ad640fa06335d8700f8de9ab38031b739d561fbc00708a4aed711ab7,0.89,1.028e-06,10287,3,2,10287,1.028e-06,0.0,,,live
2026-10-09T03:37:13Z,0x0d5aafcc78f711b297f6d99b8684d4ba0d975d05,0xbfb46b2259bbbaea072b314821cebae024b3e68a820aec9b077ff6dcdcf093d5,0.43,7.004e-05,42728,1021056,4308,70041,0.0001807,61.2,,,live
2026-10-09T03:37:13Z,0x0d843e3f3665d357d866d2f713a53e3834c37777,0x9d964fbe2207185cad53f5850e3ab4507a27e5c24ef8d48bdb247cd757b2d46c,0.83,8.773e-05,31550,8334,39,20047,8.773e-05,0.0,,,live
2026-10-09T03:37:13Z,0x0de9c1ab18b4e35dd6713aec25977c250a9cffcc,0x1ec111aaf6c8a7d1b747a1ae0db473817e610d32,0.8,1.496e-05,7508,2,3,7508,1.506e-05,0.7,,,live
2026-10-09T03:37:13Z,0x0e4cd4013dda18932be600f61bf44a8d266dc885,0x862315f17c899af86eeda8a7ca3a7636ff57d3185bd363eae6249614925b4a18,1.34,,,,,,,,,,dead
2026-10-09T03:37:13Z,0x0e842fb13303536de4eab91f5b3fb3d010f84c1d,0x16ae21387c4d75d345c7388ffd45876cb3013e72490b9a59826b7b3b23c2f24c,1.34,,,,,,,,,,dead
2026-10-09T03:37:13Z,0x0eac6dd22d3ffcb652d3fcc1ff7c0f6508e33913,0x4596a559407720dc796583eb2042f365534e77d6,0.38,9.846e-06,9860,5355,54,9847,1.667e-05,40.9,,,live
2026-10-09T03:37:13Z,0x0eb10c5f396bfbcc0db3532b41dc461a23f7e777,0x43955a00f68374ef25b811831d69ce2600c7237f0d35f787ecb46292ad40a6a6,0.45,1.521e-05,18912,33144,142,15181,1.521e-05,0.0,,,live
2026-10-09T03:37:13Z,0x0f94a628a05a86bf2df6bebf8150132b27e6c9b4,0xefd2727de02aa94b3310c46e582981d3b7f726caa5c81e7da36442e3d3658816,1.99,6.602e-06,7502,16210,334,6603,0.0002205,97.0,,,live
2026-10-09T03:37:13Z,0x0fe4ecad42d8a68f24285da958bc2d5a688aba3b,0xf3226e2530f323fde647ac8e52b123536a43f7ba1df505cf6b625a5d4ed95efd,0.35,0.0002351,39032,73623,239,53696,0.0002351,0.0,,,live
2026-10-09T03:37:13Z,0x0fede0dc4c89985a9be375d1ce28de532c2d8a43,0xeea5af3435f012dbe5adb36f41d7943039ab5834915f2d66c3ae217efe82c5bd,0.05,2.643e-06,32379,9591,69,26438,2.643e-06,0.0,,,live
2026-10-09T03:37:13Z,0x100765a16f42636bd84ee1e86bc5107b84bcdba3,0x8111082d181841cbd123e82bced032b1331140332b6ce3da37f53a6b24ed736c,1.6,5.642e-06,141733,254582,3508,564244,1.07e-05,47.3,,,live
2026-10-09T03:37:13Z,0x109b383a42305dc48855b9b791c202002c6b391f,0xfae05f0de699abfb7541108b42be62bf10587d0732f7be1be260c28a9f235ce0,2.36,0.0003161,46332,149006,1035,296237,0.0005273,40.1,5,False,live
2026-10-09T03:37:13Z,0x11347266ad7e37220d6dea57eabae720105181d5,0x74c32c8663f0d50492f3b024078b877747ecca01e9824fe6898b8cdf4e2381f3,0.64,2.612e-05,26117,375,9,26123,2.612e-05,0.0,,,live
2026-10-09T03:37:13Z,0x1147ef48bc6b0842f825793afbc4b4b3d3a66333,0xf0ac31b535028b59e9cac1bb1dac01ba32af49c48c5affcf7b08e2dfd2828ab2,0.22,0.0003493,47819,90620,204,79789,0.0003493,0.0,,,live
2026-10-09T03:37:13Z,0x1172ddf080cc375f977dd3117050c8d494a15acc,0xb80213352935dae8615565659d02e1012175d947725412f96fbec46334a36e4d,0.39,1.47e-05,10707,10873,3678,14700,1.492e-05,1.5,,,live
2026-10-09T03:37:13Z,0x11b483af3e3c560bee7671486e05a2a7f74e31f4,0xdf2647fe8d600d82e845b57e5be936571c23cf4f25a7af5a8b7036174d447003,0.05,4.827e-06,35222,51895,376,48279,4.827e-06,0.0,,,live
2026-10-09T03:37:13Z,0x11cb18a94c838b2e054c9358c1390200cbeec5a5,0x8f8ed259f73969888fb994020fce138a4836532d618877a981ed23271e1917b8,0.75,5.22e-05,18815,3924,17,11924,5.22e-05,0.0,,,live
2026-10-09T03:37:13Z,0x12117684a02659d47c864d82feaee6db93c57a96,0xddbcd456ec71246b8e2bbbe55f9830f8458a1de1,0.4,1.527e-05,7724,0,1,7724,1.527e-05,0.0,,,live
2026-10-09T03:37:13Z,0x1227a1e5310db52730e33a55f9e63b2ad2c3311e,0x0c47713755c20cd306e120236cda3e69b84384c3e114e668ab0cc2fbb5fa7972,0.35,0.000279,42555,67988,231,63744,0.000279,0.0,,,live
2026-10-09T03:37:13Z,0x1286097740a6d4c3503272f55bfe5a43edb76ed7,0x5736fabe46e92758c2aa08c6ebb1d5a8e99690d6cc1e3379ed65fa5d2811a83a,0.69,7.616e-05,27825,51722,278,76166,7.616e-05,0.0,,,live
2026-10-09T03:37:13Z,0x128921d774ebc8d4387736da52811cb31d3a40d1,0x87dc36ed3fe9bc2a0d0cf4e9e5f9fcac810c68b46488d677eb769923af31ab03,0.38,4.915e-05,17800,3381,17,11227,4.915e-05,0.0,,,live
2026-10-09T03:37:13Z,0x129b2d3915b21093321f6c2a3bc061faa8fe4860,0x7c4f28adee169d01eae9c28b61f638cd08889b990d0fdc73e59d73b360de16e5,1.39,,,,,,,,,,dead
2026-10-09T03:37:13Z,0x1321bfb2ca41f08753b6f48f51e4cbb0848d603c,0x9855adccde06e125002625451d4fcd5c7653f109ec31a0312506b883516a2cc9,0.63,6.346e-06,6346,31,5,6346,6.346e-06,0.0,,,live
2026-10-09T03:37:13Z,0x1347e4e2033add6b3cf4e4765fc1a1d19357135c,0x71c1d743bdbf860c31a26a1705e6b269438b1adb,0.15,9.84e-05,3,90591,722,32799,9.84e-05,0.0,,,dead
2026-10-09T03:37:13Z,0x1354c23d68025ffb197e75dfa0efda1f7149cba3,0x6b2d485015ca2adbac93731afec01e85ef5debce32a6f930787d731161f776de,0.2,1.024e-07,8710,5,3,10247,1.024e-07,0.0,,,live
2026-10-09T03:37:13Z,0x13a89aa144573ee937a7a31d199fe854715b7777,0xc16d28899f731e8e6c7c014153b07b290b7170460ab8d6720c9254ef477f7409,0.15,0.0002146,48431,56178,233,49040,0.0002146,0.0,,,live
2026-10-09T03:37:13Z,0x13aa3113af55f720ca304fd9a0029eaf71237777,0x12d585ec64e197c4a4bbeda9595e617a62ae2952a982d65c138fbbd608582ca5,0.09,0.0001492,40412,37683,161,34105,0.0001492,0.0,,,live
2026-10-09T03:37:13Z,0x13c4bc32e29a23cc434ff245e3452c90c59566f3,0xa1deaf84c09e2ef4233520e1535a8a343600b835,0.47,0.001961,48790,198,1,68650,0.001961,0.0,,,live
2026-10-09T03:37:13Z,0x1410f0ea5713aa20ddb9df234a5ab4311a56c2fe,0xc97b046e97a4df974462c52337bb303ae0821400d25a7e01cb0317a72e82a9f1,0.64,7.603e-06,7603,509,6,7603,7.603e-06,0.0,,,live
2026-10-09T03:37:13Z,0x14124473d857cfa2501b539dae1bf36eea47cedc,0xe25f24f827721dd6937b75978ed7d577da61f750da60129768db8088b196c75e,0.72,0.0004395,185504,2153640,4820,439572,0.0005137,14.4,,,live
2026-10-09T03:37:13Z,0x147a94143182c2c598508354e314a5c855a9a63d,0x25cc472506890d869c5e521dba4974ed2f86add26e3748f3d132bed8e3bbe946,1.43,,,,,,,,,,dead
2026-10-09T03:37:13Z,0x148ef1557295c54a6967d6df0dcfa09563db7777,0xb4ea06ae0d3bb9bd7f762dac764b141445024429a4ee5c182a685a3cce027874,0.78,0.0001613,42714,38005,157,36863,0.0001613,0.0,,,live
2026-10-09T03:37:13Z,0x149ae3631df868a7670678b90a07a9d8b5573d35,0x8b7d73cdc7ce94ada974f9bb614fcc1615c338e274c7b56fc2c9f1b0369044c2,0.83,0.000334,47690,123822,234,76301,0.000334,0.0,,,live
2026-10-09T03:37:13Z,0x14a8c337949f4245945f3d77174d21e9428f5ab7,0xea3b206ad91ea1291eeac3de78cab58fcde981058510fd7b71d98d5dd7199c74,0.91,0.000234,39871,81543,237,53457,0.000234,0.0,,,live
2026-10-09T03:37:13Z,0x14e7899dbb1c83b682d2acd5ad6c15b88a0b3777,0x56cc82955bc4eaaf4af6dffa1fb2e2a697d5ecdac2728dcdb81859c54655296d,0.32,1.839e-05,20990,56353,175,18356,1.839e-05,0.0,,,live
2026-10-09T03:37:13Z,0x153212f6da9a43aef0621c258ab60c833702c777,0x7db4dcaf1277597179048e8f1614a790f7875fb469a6957dae741b996e266b4b,0.98,2.574e-05,25321,50912,188,25699,2.574e-05,0.0,,,live
2026-10-09T03:37:13Z,0x15c4f70ed838d058b094eed91a36092f67f16255,0xc2b7822cd1c1de6a6b316f36964c30c0932460450aa7e86151f53c70516fbf95,0.18,0.0002541,40815,78722,245,58043,0.0002541,0.0,,,live
2026-10-09T03:37:13Z,0x15d3d397c67657e3ad885aeef1d22c2a175d5d7d,0x8ede79a3d8151e5d0f39c0986a8c08e97cb91389e12efb0ac336b2ee136b8f9e,0.51,4.263e-05,40160,17731,50,42639,4.263e-05,0.0,,,live
2026-10-09T03:37:13Z,0x15e8426a265bf17874aa03438566e57ca977aace,0x0c99b20745d735f88d2e915187e6c1644f61660c8be6abba358628b4b196eb47,0.31,0.0002123,37237,49764,183,48508,0.0002123,0.0,,,live
2026-10-09T03:37:13Z,0x164b49fd3b4aa03077b0723672dd64feb68f5135,0x5da4ee88b6c37309462f204a10e5204c9e7e56febcf80c765b2f8b4ef68b919a,0.18,5.27e-05,18574,4075,23,12037,5.27e-05,0.0,,,live
2026-10-09T03:37:13Z,0x1653d1e23d48bc82e439508edda4548886c4baeb,0xe4ee2c02659b812551598aa57cc969f883fed5d7f5e9b4f47958932442bb5a94,0.32,0.0001298,29079,32136,105,29660,0.0001298,0.0,,,live
2026-10-09T03:37:13Z,0x1664b134c6f6a19337cab8575bb8a0d3bea37777,0xc0dff7c2dcfc54bb356adcee46007ce857b141fd2e3a52651f9f01f1a4f6b772,0.21,0.000134,38243,21346,87,30634,0.000134,0.0,,,live
2026-10-09T03:37:13Z,0x169dbe9aa431db05a3f2086fb690e8bc1e064794,0x8ea0384cc8c6b03b6fafa253056d7530e76475f6a48afabff47344eddc023fd1,1.59,0.0002416,187967,222914,1549,241622,0.0002416,0.0,,,live
2026-10-09T03:37:13Z,0x170867335fc4eeff6c2b4d07de6fc8b4f57048d0,0xa114292c01fa9830165745af1b2c8838c23b3d39,1.35,0.0001355,10649,14431,77,149086,0.0002147,36.9,,,live
2026-10-09T03:37:13Z,0x17529a74ee9ab94c8a3efdc62aa65a0364846607,0x8c28944ef714a44bbe9af1ba3230be15dd4beba9801766023413168bb056710b,1.34,,,,,,,,,,dead
2026-10-09T03:37:13Z,0x175e434a55136700398321a9463c9a0a8ff2bc1a,0x0f8244a1936e92f3a51110edb929f86ca2864e75c21b1649d95734514749f516,0.37,0.0001096,35614,87859,291,109628,0.0001096,0.0,,,live
2026-10-09T03:37:13Z,0x176460556165b7337729761191b8bd93dc19afa9,0x6f5ff5c9605a8e7086c1baf5a38eff5caabd4e3d272c700ec3ad4d442ec69b63,1.39,,,,,,,,,,dead
2026-10-09T03:37:13Z,0x176ab542de034cd32af479c67ed6e9373d137777,0x39b4616517d54cd3918d6a87cdbca0a139ceed1b7cfbe12367449cc1f70680dc,0.71,0.0002372,51741,60058,229,54212,0.0002372,0.0,,,live
2026-10-09T03:37:13Z,0x177711dc9b03ada0ef4dbc2d7479d6fdebd81a66,0x200871eb295e951736a73b83f73f982494c649aea1488cb6008584430e48c870,0.71,2.637e-05,29519,28938,253,26379,2.637e-05,0.0,,,live
2026-10-09T03:37:13Z,0x17b7919ea26a884ec299a6b34e8d499a2948de06,0x0fe6215cc533dd54644c2d4fb176a5448e85e004493b9706bb97afd972abe4a3,0.99,0.0002838,43860,96410,220,64827,0.0002838,0.0,,,live
2026-10-09T03:37:13Z,0x17b82f93c6ec6e082e5efe35c0131bacff44a317,0x2bebf34c41e0a8bf9ee3dd2fe154256a0f63f7481ca428676553899d12327b0f,0.53,5.98e-06,40319,53985,237,59802,5.98e-06,0.0,,,live
2026-10-09T03:37:13Z,0x17c833f18ccb8801f7f39895754c17d61b65c6c8,0xfd913b8e9235c1e45e702cd8971fbfd1f4d655f97753be53f049612b15035821,0.82,9.927e-05,75280,128153,437,99279,9.927e-05,0.0,,,live
2026-10-09T03:37:13Z,0x17d915126b447ac5768887038bc22b4c4c218f78,0xa696b3f05a5e0e4609201bee63834b4994789bf180e07c5959ea426b744b4c30,0.3,0.000327,46198,87227,232,74702,0.000327,0.0,,,live
2026-10-09T03:37:13Z,0x181aadf90cb8b37febd9554e853d0d49af40bf61,0x6ae414ef1eea10cb433605e97f66b0b76852e04059861d199181d80d4ee3b6a1,0.63,0.0002502,40964,76783,230,57158,0.0002502,0.0,,,live
2026-10-09T03:37:13Z,0x182ab47637cdca2168f169c88cd5ca99bf6b9c3b,0x68ebd2e3f5a5f48a664e558138dd4c6b6d4fbec7e89fcc6840ed52b56df3be4f,0.4,4.337e-06,35433,61656,238,43372,4.337e-06,0.0,,,live
2026-10-09T03:37:13Z,0x189028f210b2aa81e5d2797751b43d8a67ab3149,0x464aeef417619d015bc3bfca63ec619933ea55afc47f3866c5ad4cbd711712c1,0.35,0.0003205,45606,104840,243,73209,0.0003205,0.0,,,live
2026-10-09T03:37:13Z,0x18a857db1f052548b5a30d95cf5b0d1937063295,0x5b1d5f2ba79159c6258d4e5dce1fd31889f875bebc707873f49dadcc30511a67,0.6,3.162e-05,31282,2968,6,31629,3.162e-05,0.0,,,live
2026-10-09T03:37:13Z,0x18eda0f9f6eb224e8a75b98f3d4cf33b183f350a,0x72e8626d4dd83b32d64e1419f46dbdc16ba754bf70defdacd061b15bb21cbbb3,0.88,0.0002925,44473,100498,234,66812,0.0002926,0.0,,,live
2026-10-09T03:37:13Z,0x18f2520547062e74de1b26725c8c77c820e5601e,0xa3b9f5d6db117e817df959c099985256d35a92c598996a2c01a9c541165e0d63,0.51,0.0002282,38748,58337,209,52134,0.0002282,0.0,,,live
2026-10-09T03:37:13Z,0x191c2a2a61cb146e801e5c4dfc6006d5e7336071,0x22c8a02271a78b24580205d6e768bcb7a92fef5a5464c9db58e80dc2ba688af7,0.97,4.41e-05,17284,5147,15,10073,4.41e-05,0.0,,,live
2026-10-09T03:37:13Z,0x1940c4ff2c3dc4bec71405f5947a5d7622a3cf5b,0x6a8627fa0df30957a5a6139928cdd11c4ca6eac9b869c0f8d11a192e00c63edf,0.05,0.0102,9935949,11223039,1283,10204092,0.0102,0.0,,,live
2026-10-09T03:37:13Z,0x1955d3b7ee8291dfbc8188e73409a42654913a25,0x7b1478d98e6fc5507f0871b2e13053da5e7f641a1d8a8b056b3c11589a57b84c,1.9,1216.94,17514,2613,88,26989,1332.58,8.7,,,live
2026-10-09T03:37:13Z,0x19dcb63c4d2f29a6f077f094a4f858fc790145e1,0x835f8dfd0065bb0538b3944f286baafd70a779d433cb76a8a27e6ad0a4517892,3.02,0.0003134,51724,405949,3458,312711,0.0007933,60.5,5,False,live
2026-10-09T03:37:13Z,0x1a1cf741c2eb70e4c3e84f317494567a2fdd965f,0x370cc82bf801d1580af0e6c9a0b54af214b38ff9161d48457871616919dce2f0,0.75,4.487e-05,17443,2657,12,10248,4.487e-05,0.0,,,live
2026-10-09T03:37:13Z,0x1aee5971c1702a99a2381bcad4fe9134a01335ca,0xd101979e131943a75aead6e270fc4c614a6ce1bc02715c96430ca2867f1b28f3,1.59,,,,,,,,,,dead
2026-10-09T03:37:13Z,0x1af8bed412034582a4b6526ee26018d318e6b540,0xa4f983d3f7f2640e8f998e415406a98b178890bc,0.06,1.125e-12,0,22477,103,,2.391e-05,100.0,,,dead
2026-10-09T03:37:13Z,0x1b50ce0b7def5ffd646bac86fc6c024c53ea7777,0x9dfae0d33b55be1bc13d2060b5f31d42f7cac6aca122d7eb4d67dd93dbc7ec7d,0.06,0.0002282,49997,59309,238,52150,0.0002282,0.0,,,live
2026-10-09T03:37:13Z,0x1b651d4fab47c70d1c69cd5497fffe2ea0a53197,0xd6032a38d0c85d71d909f429d7d5a101c09fcceb757740da4e8a111a1c650530,1.4,,,,,,,,,,dead
2026-10-09T03:37:13Z,0x1be6fa22fe159fc9707b518123f53d3d54682582,0x7520d73495de970e1cf0ad68d5fce4b571da3d2b,0.57,0.0003649,211790,57966,54,401472,0.0003649,0.0,,,live
2026-10-09T03:37:13Z,0x1c0694bcedfff6b60ba422c05fd86f1d8f061777,0x74f1f7be08bb74279f4150f2eab07776cd0511f04715253d3ebc6add6083565a,0.56,2.077e-05,22599,37020,149,20731,2.077e-05,0.0,,,live
2026-10-09T03:37:13Z,0x1c3cc09fcc1ade69b89ce7253d22630018af1281,0xb5f90199aa66d09425f0972d561b31011dd1a5761e13dcbae6f511c55a9472ac,0.37,0.0002882,43169,75759,236,65826,0.0002882,0.0,,,live
2026-10-09T03:37:13Z,0x1c55fed55cdf0be247085ee310c9359fdce8b777,0xc5ca7d1640c28b338feaef8b6760e7683cbd9c7dfd149758c8d3571967cc10ec,0.71,1.977e-05,22160,48530,180,19736,1.977e-05,0.0,,,live
2026-10-09T03:37:13Z,0x1c5da34c3703fabf78bb84c832bbb39bbba5ab54,0x713b538edfe69f37a30a4b9dc1c06c5fcf4be172c2f145d6080e04a5b5e679f0,0.36,0.0002143,37276,66459,230,48963,0.0002143,0.0,,,live
2026-10-09T03:37:13Z,0x1c788ed108feb0058e0e9f5d4909a330b0d91777,0xbda808741feae6f2c185f2c6498b866c8c9d06f46debf8c41486000360da27bf,0.06,1.665e-05,20037,61127,198,16624,1.665e-05,0.0,,,live
2026-10-09T03:37:13Z,0x1c7fce9037a2551ce8eedcdf02b6bb7d2298f6f3,0x5691134a22778c37a533f203f18497f085930fb6f0db6b8dedcba831630b0652,0.07,5.468e-06,34653,52396,233,54687,5.468e-06,0.0,,,live
2026-10-09T03:37:13Z,0x1c8a0dbb178e0e79c5ab1d6311eed64beb5cd042,0xe35673691b64c5eb094b5b621f292ea060ae8bf5cced575989795533f85aa1b3,0.6,2.567e-05,25677,194,4,25679,2.567e-05,0.0,,,live
2026-10-09T03:37:13Z,0x1c9e3c2e1124fdd5ed270e34d28fc36a9a6ea106,0x41106192c8d1b2ce6f99054c15f9d221a33e5ded70d610d2f6bfc5ea21fb35fb,0.99,6.536e-06,48445,63822,253,65362,6.536e-06,0.0,,,live
2026-10-09T03:37:13Z,0x1ce775f72bae4f0e50d015619bb85dc7d225382d,0xc826a3d7e15f6360a382f56e42a95bce9b0b9c905020de929d4edefa375128a7,0.07,6.221e-06,6222,1,5,6222,6.221e-06,0.0,,,live
2026-10-09T03:37:13Z,0x1d2586813cdcf17dec56b19c1c09d0ced050c799,0x9e3e0a505d006df3e48b4628954c85d28a3b911d5f76290bb4204174bd972fb7,1.92,1.638e-05,11816,134582,1516,15233,0.0002272,92.8,,,live
2026-10-09T03:37:13Z,0x1d48170b7e78de874dbe27de148f6b94a82f3dd4,0x800328e7af8cae3c5d28a97485be216e6e2a0e89cee8a8473735bec8873c83f3,1.39,,,,,,,,,,dead
2026-10-09T03:37:13Z,0x1d62b1cf22b3ba96f5662c65fcc32315f8441e18,0xaeb0c04ed0712961857d7f3af35f6e175dd459506c7d62df52efbbffd33e050a,0.52,2.034e-05,20385,23198,333,20345,2.036e-05,0.1,,,live
2026-10-09T03:37:13Z,0x1d69f6bcb73d9896af0bae83deda5312e93d7777,0x4087922fd46a56bfb7efdc0daa7388d1902f9445059c8128bc2fc8f5cdfa208c,0.76,0.0002247,50392,65115,238,51363,0.0002247,0.0,,,live
2026-10-09T03:37:13Z,0x1da81ca017949efbe07972776580d04592ba9b63,0xf05301a0f49598ba66be16af7207fb365c78a4d7a3cec8ce7ae981ec0e6b5248,15.35,0.0001473,35463,242591,2720,146880,0.00152526,90.3,,,live
2026-10-09T03:37:13Z,0x1dd92e05b2dab06b59e2f2c179ceaccc14e1c9d8,0x86e54cc3d18c1743fd0b006e7554f0903a9973f246d93a59bd6922adc058c41a,0.26,5.986e-06,45526,68213,257,59861,5.986e-06,0.0,,,live
2026-10-09T03:37:13Z,0x1e7624ef1982f1a05f50e313405b8fc70786b1ea,0xdc8f6de068ee31db82a8fe46bfaecc4ae11304d7fd39ce93ea81137a964cb424,0.97,0.0002912,44392,87030,220,66514,0.0002912,0.0,,,live
2026-10-09T03:37:13Z,0x1e834181ba7afdcd4be443f74a27d41d47d3a812,0xb4459273641cf658638f46c88e4e2f507f494bd5ab699a7c75d5c6224ab57c7d,0.69,0.0003643,49446,124764,223,83219,0.0003643,0.0,,,live
2026-10-09T03:37:13Z,0x1e9425c535ca50d52c9166cc20e434dbb9a904b2,0xfa52f9fdb3cc0bdc9f86ef4256aabe92a0fb2ee757afa53c3d3cc7e820acfdeb,0.76,0.0002665,42497,81614,242,60883,0.0002665,0.0,,,live
2026-10-09T03:37:13Z,0x1f279299b89569a9981d4aca6265852f973e0599,0x4691a0cb230b0a5014f4019c8fcbf712d9d10f83,0.82,1.501e-05,7537,521,375,7536,1.528e-05,1.8,,,live
2026-10-09T03:37:13Z,0x1f364ea29d785b8a62344c0c07a0605097b9c777,0x0d5893a9efb088fbd3d7a91a4ef029d3b48f924da109aa436b7ce5ac1807fcd9,0.99,1.359e-05,18403,12302,39,13565,1.359e-05,0.0,,,live
2026-10-09T03:37:13Z,0x1f7eacc2f67b07458c9406a194baaf16fc387777,0x6cf571af9dcb5985a52da52b2dce91665f7fe095c1aba1684d78d3f9a2e3097f,0.45,0.0001156,35153,37668,177,26427,0.0001156,0.0,,,live
2026-10-09T03:37:13Z,0x2056cbe1e8da1054c7be5b25e04358810fafc777,0xb1e1f80200df0392b5951d795c5bb7d596c74d7e34bc32bec14db2be26b97439,0.76,2.111e-05,22909,54525,180,21070,2.111e-05,0.0,,,live
2026-10-09T03:37:13Z,0x206dd6687a367c06d656b77e30d8c817c5ec9d84,0xb13dc98f0042aa65f05df1995a46d654db5a2ce8348f12ad996aefddcf74fcc7,0.36,2.444e-05,24444,52314,112,24444,2.444e-05,0.0,,,live
2026-10-09T03:37:13Z,0x20805ae51ad3451a66b68b45016ce773d5b69fc3,0xe3feb1df4b1cb27433d08be1318409e409c08a1235dfc4fc360458790aac062e,0.56,0.0001088,40814,136178,813,1870,0.0001233,11.8,,,live
2026-10-09T03:37:13Z,0x20fe795be6afb679168abb57c7c5060312821e18,0x73b39f8f4732e51b079a36db1e67aaeebaca054d0f2f9006691b08d8cc77ce4c,1.5,2.081e-05,20888,2,6,20812,2.532e-05,17.8,,,live
2026-10-09T03:37:13Z,0x2123673ed23f20a711a7da70e3a2b2d1ef0b0777,0x762e4b2ad42d4e2c15155aad06fede1cc09c397c8670b819f31d02a1f56f8438,1.42,,,,,,,,,,dead
2026-10-09T03:37:13Z,0x21551503bcbeafa2abea7831de8598eafbed9a79,0x7d169fd139e79f524367a1a23f2c29eced9b961fd45db61b9513539fbf206a49,4.2,9.003e-05,27702,37502,694,90035,0.000303606,70.3,3,False,live
2026-10-09T03:37:13Z,0x21a680745e879351eef5f6ad6de3a16c5955215c,0x269804a40b59683420ff9b70c94ca224155ceca68c7071012092ff2e0b325237,0.19,0.0002638,41569,96230,234,60253,0.0002638,0.0,,,live
2026-10-09T03:37:13Z,0x21bee35241012f25d155a32214cf8ec811515d3f,0x25221a0fc176239568c9f40740f0dd408ed974e7b6728d51c46027db7855becd,0.87,0.0001415,119723,88582,534,141515,0.0001415,0.0,,,live
2026-10-09T03:37:13Z,0x21cbd17fd5babacc74583af5eabc33e71a6138cb,0xaa5b027416411a713536c44d6b18ca06e81d997c,0.38,9.914e-06,9928,17249,194,9915,1.52e-05,34.8,,,live
2026-10-09T03:37:13Z,0x224a794031d54e49b46919ade2c55ff255dfdd97,0x3939ce55ec4e0ff8df9aa6469a795c793da06d55,3.16,2.681e-06,2678,374652,3207,2682,0.01903,100.0,3,False,live
2026-10-09T03:37:13Z,0x22a68ae074150397c42d968ec050cd1ff3501a51,0xb5e9ffb179c2fe9b9bb8737ea0b128b933069770,2.47,0.0004941,345923,0,8,494176,0.0005409,8.7,3,False,live
2026-10-09T03:37:13Z,0x22b0ecd08b4dc6c8355ed54f306955a70c8a2777,0xe5edc271d67bd4d8436e0a5457b7537b80ba56dd8b7cf9f6ea735eeadbe1ae44,0.35,2.164e-05,22703,56298,188,21606,2.164e-05,0.0,,,live
2026-10-09T03:37:13Z,0x22eb9f1c5385ed74257da42d8021916c2d837135,0xe85a8f60ad2b0b7e97b745bac661671223100ea6089fe8ff0e93ba7d6894bdea,21.38,2.717e-05,18136,29934,326,27174,0.00471535,99.4,,,live
2026-10-09T03:37:13Z,0x232d7bffc5aaa09b2bf1a8ddebdbda168c6fbc2b,0x5b57864f52b7816b6f5eae40659971be4530235567b1b801f485d1454c60edd9,0.3,0.0003001,44255,112020,233,68551,0.0003001,0.0,,,live
2026-10-09T03:37:13Z,0x23567e51980db99c513c527a283d188c8e4c6788,0x56cdaeb5ab77dc4475e2aa4cc6c4646dde0edac0ae098b44ad0d6eb1b4ef07ae,1.19,0.0003207,72173,84347,419,320794,0.0007086,54.7,,,live
2026-10-09T03:37:13Z,0x237c6ef731939b60af0e8090e495ebb4665c1e18,0x8e33cbc82539cba1e8590043badc1e3c957fd4a0c632e81b3f8cabfb697ede36,1.8,2.058e-05,20586,6,9,20582,2.091e-05,1.6,,,live
2026-10-09T03:37:13Z,0x238e40b75ae78a1388a14e517d855893e92e58db,0xd2e55bf2b9389719cd157105f30ad329ef17820a2cccc3809b8afbaa17245d85,7.46,0.000352,54779,24918,181,352057,0.00453603,92.2,2,False,live
2026-10-09T03:37:13Z,0x239823f8e5406e57100433ed1da26002c5769c67,0x7d3e171f740837db98e49480102509bc318b51057479bdc7b2c073bc78e4fa5a,0.31,0.0003065,44751,94684,232,70005,0.0003065,0.0,,,live
2026-10-09T03:37:13Z,0x23b3b97490db5fce70f320dd0d05914aac95d586,0xf846a490227e96157d5f132ed2234570dab651cd8c283fc6842f121a5b33818f,7.25,,,,,,,,,,dead
2026-10-09T03:37:13Z,0x23e7bebcdb2a3d3397cecd5af5082a50086139cb,0xd22146bd3886abe14ca4f91ef64335ad000a1df66f024b2d3cf4ee2d8e5cb607,0.3,0.0002617,41341,72667,228,59774,0.0002634,0.6,,,live
2026-10-09T03:37:13Z,0x240b04f856d58cf229ed79cb1f1bd63ba2bc7777,0x10afc5b7ef2845a74408f8ab9171efde25d88f3e3aba8ab7a3ca39270c8b726b,0.79,0.0002581,53973,62363,232,58973,0.0002581,0.0,,,live
2026-10-09T03:37:13Z,0x240d042475235527b2079e1280a9491acb9c19dc,0xec4f471934a09093e5fe91b41f155d60e44717a818560e09841d4325ed54089d,0.48,6.052e-06,6052,1575,14,6052,6.112e-06,1.0,,,live
2026-10-09T03:37:13Z,0x25ace49e02b82b8b4ee42598a406ce3fd2fd0944,0xd0569e814b80d87573151d5773d05fc788defebbbb44f2e0e566e54e28d105d5,0.61,0.0002193,38303,55622,189,50100,0.0002193,0.0,,,live
2026-10-09T03:37:13Z,0x25b7fe31a507b34ea219f2bdd7fa3b09327ac777,0x035463e2b87728685c646b52ab599ddf594cb642a0e31bd10c762d3a81cfc2e4,1.42,,,,,,,,,,dead
2026-10-09T03:37:13Z,0x25c2dd5831651515d9fdac4e502a71ae01eff815,0x5c3ce2eb0bd8df43f40c8e1d266951cb182954fd855c5f7aa6221692ca3a550b,1.4,,,,,,,,,,dead
2026-10-09T03:37:13Z,0x260dfe18130f438aa1222057fbd22675c3b8c8f7,0x0ef50e443fe2e6c45ad49fca650c511d6e39c2bc3a4e213c27ca0a0270f55024,1.44,,,,,,,,,,dead
2026-10-09T03:37:13Z,0x26453db060192a7556ce01d904018fc23ab90770,0x60cfaeef80fd7b433482e4978a5c904ef340a018ce0602af3c77f180c7e88c45,1.11,6.224e-06,6237,118,12,6224,6.489e-06,4.1,,,live
2026-10-09T03:37:13Z,0x264c3b0e29db4bcccbb1a59f26dac8ea44757777,0xf84deece42818c44dd3ec574f002e53e5d19c2b52d7c5b4be651bfaac469f1fb,1.34,,,,,,,,,,dead
2026-10-09T03:37:13Z,0x26f9099e51380d92c8da7838aa49b564a27c0662,0x0153aee8561b4ef990d15f881e7ef5168126d80d2da6f8b5153ccdbc2115b5cc,0.44,6.471e-06,41548,40169,221,64719,6.471e-06,0.0,,,live
2026-10-09T03:37:13Z,0x27a1429ca67b306135c0d11b6cced8a6dba2f260,0x18d09942fab2b115db01455a6164d568e566dd2bed193a1caa2305beba0e34c8,0.86,0.0001772,66317,116149,616,177216,0.0001772,0.0,,,live
2026-10-09T03:37:13Z,0x27a2aed99ce1897bb69946fef8934d9cbdf17777,0x1236d874ab3a4a2e6ce355e758286ac6cb97501ef7b504d968166a7a404aaf8b,1.46,,,,,,,,,,dead
2026-10-09T03:37:13Z,0x281df3574c1c8ad59c8e825b4efdc9b5d62c0f33,0xf7d110d67d4588f79b901788403a1c9436d7819b,0.82,3.261e-06,3311,1267987,7076,3262,0.0001273,97.4,,,live
2026-10-09T03:37:13Z,0x282bd7131de6925bf8c1d8f4136d790d96488028,0x590cc9912c83b844e359835a63ab238ee489ec2d4b3d74edc57baedbf93af4e9,1.47,,,,,,,,,,dead
2026-10-09T03:37:13Z,0x283798c6ef3e00caa3fe17768a86dcb4d1b8d22d,0x762387457d9d91428fda07c2639c85a3552b6427e818d41bf58b89530bd1c215,2.35,2.696e-05,14582,15377,206,26960,5.78206e-05,53.4,3,False,live
2026-10-09T03:37:13Z,0x284cb0ee4147ace16c705ba9be80b0d6ffcdcba3,0x4d243ca555dc99746c8e1e1477cfed78943ce702d04b30c467793883465b4b7b,0.26,1.012e-07,10130,245,5,10129,1.012e-07,0.0,,,live
2026-10-09T03:37:13Z,0x287af280680fac48316ad4b5b2333754aea7b34a,0xb4aef7d297abf31bcd165259799232a6f45eaca535e1796d9b1a91561251335f,0.95,0.0003292,47251,87164,247,75210,0.0003292,0.0,,,live
2026-10-09T03:37:13Z,0x287db92decea86fc545b311571313a0d2ed20653,0xefb250ea233d985cf8df86dc7af6957338046910aa01c5c3b601cc929c3f58fe,0.99,7.7e-07,15401,5,3,7700,7.7e-07,0.0,,,live
2026-10-09T03:37:13Z,0x28ee63aaf971af0e0b3445ddee4a24618d929777,0x3191cd7b4240a211251f9dd2a9dde3ce28be74d28749fe52561f46325b96a6b8,0.19,2.368e-05,23864,33367,103,23635,2.368e-05,0.0,,,live
2026-10-09T03:37:13Z,0x2902c2356e2ab0618815463605252617936b7777,0x954b2be1b7e744cc8afc98c94e90c4f43b05d195e476a89662c902927002c19b,0.91,0.0002471,52905,58493,226,56470,0.0002471,0.0,,,live
2026-10-09T03:37:13Z,0x291677f7f0bbf128350da588d9f91b337753cba3,0x33cb3dc63f17d3c16cc776be15a3f55425e77720c84287b29faf640724aec24b,0.53,2.491e-07,24312,6112,158,24915,2.611e-07,4.6,,,live
2026-10-09T03:37:13Z,0x29636107f1e1fe7f72562e8893e473c5b75774ea,0xc5b4cef4f3015049ad2d001a6687d5ad4087d99292d11e76089203fac1da0a15,0.69,3.693e-05,15777,252,3,8435,3.693e-05,0.0,,,live
2026-10-09T03:37:13Z,0x298ca3cc51913e377b6f118176c018fe62ba7777,0x3f5793adf2ad3e158720ec56feedee7d8804f3624c41fa35d4c17f0a2003cec1,0.51,0.0003967,65570,37984,149,90640,0.0003967,0.0,,,live
2026-10-09T03:37:13Z,0x29dbab5c2e326e848f83a76fe40f92b5214d7777,0x0e93fccdf9a0d1cdbf8c7cbfa001d7762c1748d1f2e25b28d17c334a26557084,0.9,0.0002305,51045,58466,229,52677,0.0002305,0.0,,,live
2026-10-09T03:37:13Z,0x2a9bbc7499a7f214c75c8d7e8a061ac0760720c9,0x94afe34b9abbc14605446723895808b2ddb5defca58d9cc6c8b0396fca660dda,0.35,4.237e-05,39933,23925,77,42372,4.237e-05,0.0,,,live
2026-10-09T03:37:13Z,0x2ae6e10136c31b2c91707d01ab10bb426b4cd777,0xb64cb072ec7055006a468a78c2de7273f7ff4001e663c3da83ac93260479acf1,0.52,2.158e-05,22960,48268,163,21546,2.158e-05,0.0,,,live
2026-10-09T03:37:13Z,0x2b33169dd3ce3fd37a3030f30127755b5edbdcee,0x59410d286b3549d1b61c7fd270178a074a45326039e588c97b3f29660ed8c0c5,0.15,0.0003253,46192,108025,238,74303,0.0003253,0.0,,,live
2026-10-09T03:37:13Z,0x2b3cf0b460d26bee3d923a1281e03e103c1f86e8,0x66f367445f771eafdcd3b1f638731c1194144643,0.69,1.69e-05,8494,211,90,8419,1.69e-05,0.0,,,live
2026-10-09T03:37:13Z,0x2bc1931e7f3e72521fc18f1a23b23780d13c7777,0xca3c134df7e624a165212699601f32a58d838cc39a85f99179a03355ad9a17f7,0.34,0.0002066,47347,56231,220,47217,0.0002066,0.0,,,live
2026-10-09T03:37:13Z,0x2c5d826e7e59533f7d1f1de5d1339feddb9e7777,0x175513b4375fd16f0d663a2fd20d6c6e19fa36221db633a7c5dd15a72ccc9257,0.99,6.436e-05,27003,2239,13,14706,6.436e-05,0.0,,,live
2026-10-09T03:37:13Z,0x2c86829406fd6940e38f3622f7a5a5f118457777,0x9cf505e9c9c4793d4e97bd91c0aaf73a1eb8d57244a8839e21015fcae004e92c,0.38,9.684e-05,32278,17206,86,22126,9.684e-05,0.0,,,live
2026-10-09T03:37:13Z,0x2c9726375d91ecd146c1cf27253745e92c146ba3,0x8c0d831e6f93914c9bbdb8f0dcbb7d504b16b04369d0498a0573d59e0aee123b,1.51,,,,,,,,,,dead
2026-10-09T03:37:13Z,0x2caf693f29504c87b8c90cbe7d6dddf0e1a6e04f,0x78d314cf639c7cf06660815a5bda34cc9a978c01f1f7b28c397635b41530c088,2.83,2.601e-05,14886,34565,359,25614,0.0001248,79.2,3,False,live
2026-10-09T03:37:13Z,0x2cb06d1751d54f70cc945ad929189cefe1aaf052,0xf0306e80c0737980fa8e5dca762b308cc9201e6e,0.05,0.01406,84377,2,4,14062064,0.01406,0.0,,,live
2026-10-09T03:37:13Z,0x2cce948ececb4a20021ee39d87f569bf52f7e70f,0xf55775ebe5ed8098ec7cbaad369de21a55e2ecf96e2c34f7223c86ab4038214e,0.79,0.0002324,39669,88650,239,53096,0.0002324,0.0,,,live
2026-10-09T03:37:13Z,0x2d4b2e5780899a22d88a69afc42fe82d63728777,0xa249af13ff82405c1df0da95568925a4301f217f6d3d0a6e1f5252e4cedb00d0,0.2,2.187e-05,22923,45928,163,21837,2.187e-05,0.0,,,live
2026-10-09T03:37:13Z,0x2e0847e8910a9732eb3fb1bb4b70a580adad4fe3,0x34d0dc122cf9a8eb296fc5e0d3a233625d7d19b7,2.06,349.46,829302,3496186,5835,6173093,350.33,0.2,6,True,live
2026-10-09T03:37:13Z,0x2e13fb1341375420c6ed9c3843f1d6f208fca777,0xf45f327a71b93e09e48a51720b62aa6a7f275b445f28d55c6b0319d71c99f6aa,0.36,1.579e-05,19374,21323,72,15768,1.579e-05,0.0,,,live
2026-10-09T03:37:13Z,0x2e559d07d713b7aad5d8e3c5c75254afad6c0028,0x24ef039d37ae210406e370ef469f01275b5ccd54660ced0441b6682f6b2f8bd7,0.81,0.0002615,42132,78225,237,59740,0.0002615,0.0,,,live
2026-10-09T03:37:13Z,0x2e595a119ffc6f28d454515095a7c36de4a19fb9,0x6d24321be6f937d036d832b0ce05108528d1bf62407743b7c1eb34feb82e76e1,0.94,2.569e-05,25695,111610,234,25695,2.569e-05,0.0,,,live
2026-10-09T03:37:13Z,0x2f362f92d9006edf062adb6de1d4563425ee6f51,0xfd4fcd3c04069a8b1557415f8af23fed9340727d5c070549f540cac79eff1ed5,0.83,3.979e-05,30181,9946,47,39790,3.979e-05,0.0,,,live
2026-10-09T03:37:13Z,0x2f72ee9897497f9192648d4418fc5ea707270ba3,0x1e92cd115a3346ea53c5cca030f006c8fc48adf7baae803d000bdf79530bb1af,0.1,1.016e-07,8636,94,10,10160,1.016e-07,0.0,,,live
2026-10-09T03:37:13Z,0x2facdb530ac2270154562790268ca85fe8ec1777,0x0b0c50f7ec3b4788d6c2f57a539ce1479b84c49926eee2056b1522c1c937bcb1,1.35,,,,,,,,,,dead
2026-10-09T03:37:13Z,0x2fb87ab257c110731e385c8a01bb6e6730db0919,0x181b5aae3e80e3fbf28d0061e3e712d276c27c13166b4c2ce7a98d6dba41ec37,0.36,6.124e-06,6125,0,1,6125,6.124e-06,0.0,,,live
2026-10-09T03:37:13Z,0x3038e8addb805bd1ffb92d18ef0f62e87e6f86a2,0xe67c1914bfac22f960523503e6fc5063c7ac62cccbfae17cf66d4f4408ae1e75,0.99,0.0001525,32189,41549,155,34850,0.0001525,0.0,,,live
2026-10-09T03:37:13Z,0x30464fdd76f1e5fc152a9dbcfc2710b9ecfdd650,0xdd1b498d1d13dace4d7cad5b405d7887c1f55a4c,0.98,1.475e-05,7405,12,11,7405,1.51e-05,2.3,,,live
2026-10-09T03:37:13Z,0x308c72098e398182ab46c082b492305a41a112d3,0xc147cbd77e21e027f544aae40e334616f530d915e79d31e8d122c1d2dce3cc01,0.11,0.0003338,46760,111294,216,76242,0.0003338,0.0,,,live
2026-10-09T03:37:13Z,0x311e33ba7f979befc36865d9fe37e517313c6cbb,0x9e8aa99f4619a90f2900bfdcdb907ef11ffbc81a128367c604545fc775994849,0.07,0.0002591,41261,67082,230,59191,0.0002591,0.0,,,live
2026-10-09T03:37:13Z,0x3148ded618ac2019cf501741fba81eebfc87bab2,0xec1bb8865012b4f16d1e627200237ea71eeb0f74fd27f86f133efb30a7240e70,0.22,0.0002234,38247,56549,198,51043,0.0002234,0.0,,,live
2026-10-09T03:37:13Z,0x31814b75f5b2c1e1d0d364e01db411090cb46777,0x73ac713cfbe6466aa844983e6767451ae42388242dfa4f4403004064471d3701,0.14,1.938e-05,21602,43827,152,19351,1.938e-05,0.0,,,live
2026-10-09T03:37:13Z,0x3183d125610725e1b507fc78ae5a16376609495f,0x8927186a3ceccc96e63cac2d6fb37e9fd099321ecb0518fb50fe1131e9795081,5.18,0.000866,124855,83613,1471,825767,0.00170518,49.2,5,False,live
2026-10-09T03:37:13Z,0x31f6bb1088904dcb616b8a6cb022ca67fa5b7777,0xea958f585bfb434b4f728ae6fa50e92d922a85a46b9aa32227693eabb56c7874,0.98,0.0002542,53634,57749,219,58092,0.0002542,0.0,,,live
2026-10-09T03:37:13Z,0x3203f1e5eb0028f6d9fcf613dee8c970ca58a7ef,0x4ec1b6d7cc41a4829fc911eb41594b0342d79f1caf7a8871e61cc71014cec4ad,0.05,0.0003121,45236,107526,237,71303,0.0003121,0.0,,,live
2026-10-09T03:37:13Z,0x327c6448e0ff0bdd937173c0b646124d69e6a847,0x1d7a91f108cc58d23a74d31037f8a2a94ee31a955dd24d82d14e88a5d23cfca7,0.17,3.077e-06,3078,7537,698,3078,1.223e-05,74.8,,,live
2026-10-09T03:37:13Z,0x3307f38def7c3886e9e50fceb399aa4646da63c4,0x972881538100093b2c2366e09027774abc9a79ad92403e646cd3336a2637f408,0.78,0.0003334,47533,86062,243,76155,0.0003334,0.0,,,live
2026-10-09T03:37:13Z,0x33176d5db355caf3af9cc62cd6db4a05b728f6be,0xc03ca31a2e0303bf3ed61ac6ebffceb500c714e9166f2a717e853795a8d7f59c,0.42,7.105e-05,58730,91588,283,71050,7.105e-05,0.0,,,live
2026-10-09T03:37:13Z,0x334efcae28dc2dcf34977873cfd7897b2b617777,0xb04dce567c4fef0a4aee114ab7f89fa6059559cc4d6db200d0c11ea8e91a085c,0.09,0.0001889,45445,45760,180,43181,0.0001889,0.0,,,live
2026-10-09T03:37:13Z,0x335ca4695aab48d92a2285720eb4d961652ccd33,0x4b7c83944443bc624a0d9d817ffe96d413d3a4cc04e963fe19f4e5e1cd634bd0,0.98,4.902e-05,18245,3036,17,11197,4.902e-05,0.0,,,live
2026-10-09T03:37:13Z,0x337c0737c62a7cfd532ef76a21069cb94912cb2e,0x19043eb8eb33c9ba045833825cfbeeb183f2e4d07906d16176d254ea3efec74e,1.03,6.453e-06,6453,302,4,6453,7.094e-06,9.0,,,live
2026-10-09T03:37:13Z,0x33b101129368e8aea24088214633d848ba878c2c,0x56c462e1ff6e16ef9c77a18cf04c33d11b69da0d738b10747d4c4cae9a2c6c6b,0.9,0.0003333,47532,99454,214,76129,0.0003333,0.0,,,live
2026-10-09T03:37:13Z,0x33fc2a7f957fb67a66a307d30265fb7a92f87094,0xfa4b1130f74e8f660036f66148fd0578713bcff740b3032d092553e396a9bf6c,1.0,0.0002248,39097,62585,191,51364,0.0002248,0.0,,,live
2026-10-09T03:37:13Z,0x3555913f66e8dd429118fb4c02fe73cd0f598777,0xa072eccd911ab1f4a2285bc4ed6fdf83dfede9ce8e0926447edc9af1ab07bbf2,0.63,1.869e-05,21439,15753,68,18658,1.869e-05,0.0,,,live
2026-10-09T03:37:13Z,0x360723e7a53264b27a0cb63622c65e1880af7777,0x6b43fc921965e13249803127ed0acf6188e655bad0aad1d7a12f835b1965be01,0.6,0.0002312,50907,61024,210,52839,0.0002312,0.0,,,live
2026-10-09T03:37:13Z,0x364a0a772bf822f654795a50029917af24e53131,0x17f88527f9c1cc1af3c3268b3737aa7b1143eaa5,0.92,0.0002738,219082,95,14,273853,0.0002827,3.1,,,live
2026-10-09T03:37:13Z,0x367840893c2a32a9454a90e86d8a1439684cb5ba,0x50d996354019159fab492680c611bcf70a182ea8ed7291cefa7c7c28dc32fa28,0.94,0.0002155,38260,74388,239,49242,0.0002155,0.0,,,live
2026-10-09T03:37:13Z,0x367f777f2eeb227faa74b587cfddd3c995f99777,0xe1371d95a5083b28b32eeb571896d1803936003e08e100ccbaf03ed3091b3c01,0.48,2.163e-05,22594,47218,186,21590,2.163e-05,0.0,,,live
2026-10-09T03:37:13Z,0x36a897004d6fcbc8e5bc4af0f543d1f47612d7f6,0x31daf144657ea2767648606d31cb440da448a265a12d02db4bf96ced29488c6e,0.87,0.0003584,49342,95240,227,81879,0.0003584,0.0,,,live
2026-10-09T03:37:13Z,0x36ac19120fcfc9a7908f755c40ec748f53767777,0x2ebcac9660392f9d1816081356b66cfaedff83a83b0fe88723ee7a5c4f6ef31d,0.31,0.0002272,49752,59637,239,51914,0.0002272,0.0,,,live
2026-10-09T03:37:13Z,0x36afd6f3f6d99be7b85c3c318f69b6e1b9fcad59,0xedf99be4bb920d9224394d65908651c4e4678a9f32b3efef384b32e5b38d26b5,0.76,0.0003286,47189,109337,237,75070,0.0003286,0.0,,,live
2026-10-09T03:37:13Z,0x36e7d29500ba9a1d782a5bd29e396ae1cb0e5f2c,0x1ce0b968b6174d332a503e8277f4ccd2436870867bd81dc72bb6e3a6cc2cea7b,0.16,0.0003536,48118,103516,234,80769,0.0003536,0.0,,,live
2026-10-09T03:37:13Z,0x3707bf61e4a04d58d46654be49ff5ff5d14e7777,0x3ea8fd19001ccf221113a94bae587e04d27eab4d617dfc89ecc06e8ac17e022e,0.3,0.0002227,49230,52103,215,50896,0.0002227,0.0,,,live
2026-10-09T03:37:13Z,0x377fc535baf2fb8147d9ea78d7910a0f2d1f0603,0xf81df76f727a4e97269b1162d0069f0fb99574f570f458911eb8b68bcfa901ce,0.75,3.622e-06,33384,23517,128,36223,3.622e-06,0.0,,,live
2026-10-09T03:37:13Z,0x3784f91fa30ae1b9f756ffbbe70f2d574063fba3,0xe2b6000f10dad9e96e2782cb9de64294e1412859ac40c5ed4707ee5f8cdce2d4,0.56,1.019e-07,10200,196,10,10197,1.019e-07,0.0,,,live
2026-10-09T03:37:13Z,0x378a50eac56f45fb74e4ce7f1962dbca33515c14,0x1c7d14d2147795daf0b534521fec5dbb6579b2d6,9.61,0.08578,160701,42728,188,1437267,1.04604,91.8,2,False,live
2026-10-09T03:37:13Z,0x378b882a99968eb68148226a464bd9876071a275,0x30a6b0095ce00e1d9f1cc89b36f846fd2e9bcd58f95f7f2d5da453ef70ac94d5,0.85,0.0003791,50804,115046,234,86594,0.0003791,0.0,,,live
2026-10-09T03:37:13Z,0x37b5e30ad523f256f5892dc0119e6ad5718ceba3,0xaa9955a313af08add337a5ce262452a1d713d5d4bae84ccfb685705506409049,0.08,1.014e-07,8621,0,3,10142,1.014e-07,0.0,,,live
2026-10-09T03:37:13Z,0x38019954eb262ad8e93d939c204c8d57c561c654,0x861ad5f31392d6e4101666280a9daa078724f4d72123b1d599b652f9e7f2d425,0.78,0.0003652,49755,104882,224,83430,0.0003652,0.0,,,live
2026-10-09T03:37:13Z,0x384bed880a5bd6834504079d3a5ef097d9a0d560,0x6dd47702af1b3466c031b26d3a14fe09ce991828f1070f32f4ed5a83e9144880,27.18,0.0006667,36619,139,15,18631,0.770428,99.9,,,live
2026-10-09T03:37:13Z,0x3855ad0988a7f46b7c269f70e732dab7bd15c777,0x5062a435d09ee362d116e05ebdfff2981314346e2896f93e8c9219ed7aa8dd41,1.46,,,,,,,,,,dead
2026-10-09T03:37:13Z,0x385f4f8ae47651ce5f58f5265395a669f8281e18,0x46525dc119850396470f132c4a989d7192cb692139db891b5a4cdcd684c11b17,28.2,0.0121,491670,227315,1641,12106517,0.0636511,81.0,,,live
2026-10-09T03:37:13Z,0x3863d6285a4dada0267cce02a66aee5f0d2d3777,0xc3a3e3fc6793f79318cee0ed32540bd4b54cd7640d7093f6b283cc5cdb069bfd,0.16,2.332e-05,23670,41621,160,23275,2.332e-05,0.0,,,live
2026-10-09T03:37:13Z,0x388b88812f69243fa086ccacfe0b610d648b7777,0x8516f7455cffd25d6a568f8e38ba77c115714cf9312e52e47865794ad7c6e348,0.05,0.0002084,47730,55655,229,47628,0.0002084,0.0,,,live
2026-10-09T03:37:13Z,0x38af4e603fd3e35fdc48ece2b678391f281e9ba3,0xc95e3e14c2e2f32e0470aa47029fbb3786c9270ef496e9f79511b41afc40745a,0.56,1.032e-07,10341,7266,150,10327,1.032e-07,0.0,,,live
2026-10-09T03:37:13Z,0x38b82c5afa1ae9b4498931a2bacc7c84f305d2a3,0xaa4f3e5fed6d42d0f8b26ad80a7e90d5f3634abfc40eab154e4ed8fc827aaee2,0.49,2.761e-05,15624,1144316,3280,27342,0.0002082,86.7,,,live
2026-10-09T03:37:13Z,0x39acfce3c73ee5bafc2a23ec60d5e1a3f49d6e01,0xc9420b3ff3dce3d42dedafb4fd46ee40278ef2a3239611d6f6c943b2bf34a196,0.7,2.401e-05,31738,25708,254,24015,2.401e-05,0.0,,,live
2026-10-09T03:37:13Z,0x39b9fc603bfdcb89cf3fc69c897ecb8849817883,0x380a416ce975e5ab8824b73f797c606c01b01cdbadacac52f05f1de79de60411,0.98,2.131e-06,19096,6046,77,21316,2.131e-06,0.0,,,live
2026-10-09T03:37:13Z,0x39bb827180bd8da58ab89885aa17e0c5f7357777,0x7b804274c8d7b3e73c8bd627de5e2920a254cd1e059f2c8def4172d90e466744,0.2,0.0002178,48758,44812,179,49778,0.0002178,0.0,,,live
2026-10-09T03:37:13Z,0x39d757bd99f509e761d39448cef0e7c9d20e1e18,0xfe603eb485bd2627c87ca72df7b75cd67838ff1f1bd376918365e0be41e82c24,0.2,2.038e-05,20434,30554,492,20386,2.038e-05,0.0,,,live
2026-10-09T03:37:13Z,0x3b600f5ba01d6d7f435f2f7a78237ac42c914983,0x8d9a393427ed828eaaae862da9e12a857053b9442af8f90d2845548049866790,0.58,0.0001221,28517,33272,138,27902,0.0001221,0.0,,,live
2026-10-09T03:37:13Z,0x3bb7751052d7393bd1810d1257614c32f7a98c50,0x994204cef0234708a49b1cd1ce6ee57e942f141a5d7c4a390c8c6bd22c87546d,0.69,2.363e-05,33025,23843,254,23634,2.363e-05,0.0,,,live
2026-10-09T03:37:13Z,0x3bed41b44fdb8c41442492cc4d6c5b965e918813,0xbf9428f5d18b74712e798265fc02eed7800a1b623400538736e6ecbf14d515e8,0.56,0.000365,49458,114160,212,83377,0.000365,0.0,,,live
2026-10-09T03:37:13Z,0x3bfb3a2691ac4eff8a0b306aa743c431b98f9bb8,0x95697fae14bb44125ef7a060469ae30e6dbd4073c486e7292c0e5cd209a94eba,0.57,0.0003133,45737,80684,231,71571,0.0003133,0.0,,,live
2026-10-09T03:37:13Z,0x3c515a9d5fdfea9a16bc2106b384cb1e5cc1f8ba,0x44c1a6013245eadccbe464dd0ba363faa5f66f07c523df26ea24e57cbb6a0283,0.52,8.345e-06,16139,512,7,8345,8.345e-06,0.0,,,live
2026-10-09T03:37:13Z,0x3c7b315837d8732bf6378932ad218cdc4096e6d0,0xf95564b4218df8432306f915f7144a08f512e43acbe8c0264b8ffbd761c37a56,1.84,3.904e-05,18244,54851,889,34343,0.0001611,75.8,,,live
2026-10-09T03:37:13Z,0x3c851dd3df3019857ab13c7d097bb2bf5d817777,0x589ab21eec612dd49f2939fd44b39697b905c6fbe8548bde0ec9bc4580d94024,0.63,6.644e-05,27245,3140,14,15182,6.644e-05,0.0,,,live
2026-10-09T03:37:13Z,0x3ca8c1bf9178c5cdc9cfb932ddd9bcdf4054eaf9,0x08130e7a25bb21d8c72265a30445623ba2bbf0f48bfafa3f02599c31c474780e,0.39,4.142e-06,37587,42598,354,41424,4.142e-06,0.0,,,live
2026-10-09T03:37:13Z,0x3ccc3bb7272ecc41d34465ede01cd71511137777,0x29635e7a5cd5ea2d3e0eafeb827088ad6509feb506e703a6a2fe63763cda76c8,0.68,6.571e-05,27095,2545,13,15015,6.571e-05,0.0,,,live
2026-10-09T03:37:13Z,0x3ccc7270bf03cfe3f7772f7dddc28f56f42378ac,0x6663b85b082a6287dd96a7d534176dfb478f5c39f926bafa770919d99a483776,1.34,,,,,,,,,,dead
2026-10-09T03:37:13Z,0x3cf6c6df74b1b7d14313558f156b5a3384b6c777,0x1986bedddc93ca6491d07d2c9bb407762740788c22f2a8f346873905fb128435,0.76,1.735e-05,20768,15349,55,17325,1.735e-05,0.0,,,live
2026-10-09T03:37:13Z,0x3d1e6057b6d849884c3d44868a970671e75d7a9a,0x9004a50e07875d9a592775aea1848ce4c479067c16e3f7b816bfa9fde20da29a,1.0,7.837e-06,47513,33990,143,78370,7.837e-06,0.0,,,live
2026-10-09T03:37:13Z,0x3d2f220057b2feca65eea77c030cdddc4cfabba3,0x1376362ac4d8368f71f38c0ddf81c7e800c00e2411d2231bd05b476f13e49463,1.52,,,,,,,,,,dead
2026-10-09T03:37:13Z,0x3d76ffd31a27b845abc0486f6fabd1f91ec6eba3,0xf05359ceb1c102b263d99602f4a12a2c0223b2a5c8cc7cf1dd6d756a4b2d45a8,0.55,1.071e-07,9133,2894,60,10711,1.071e-07,0.0,,,live
2026-10-09T03:37:13Z,0x3d8ba8a4eb2a44b50dad8395651a6761db8ef5ef,0x5d28d82641de0793374ff5be3ed169fb7af8fa648d947c99a8f2b61860512190,0.39,7.363e-05,73637,70,5,73637,7.363e-05,0.0,,,live
2026-10-09T03:37:13Z,0x3d9bcc2060eacffa0ad7aeaa86dc586e27777777,0xc5d862c4f94d6855fbcf44276c31c63904a9f1ce5d35ef1ce860ffd1379ead6e,1.42,,,,,,,,,,dead
2026-10-09T03:37:13Z,0x3dfab271b8c911e8baf7ed41aa10ae5bdc09d777,0xefc3108a923875aa4bc7cd9e501016f0a803cbba20ec6c74ee28c030a53acab0,1.39,,,,,,,,,,dead
2026-10-09T03:37:13Z,0x3e1a17b91e7ac9442d51a7ffdf494910426213b0,0x381469723ccb451030f8f1efda00ace24d7c07e154f9d1baf45eb4e634d1b459,0.56,0.0001099,80214,75916,216,109973,0.0001099,0.0,,,live
2026-10-09T03:37:13Z,0x3e37854c4e06f7b29bb08eb29181733fcc3ab777,0xbbf464d37f5d6efa01e58994a3e733d718ec80db3006dcf193e0b4e0937e6d4a,1.4,,,,,,,,,,dead
2026-10-09T03:37:13Z,0x3e6109f06fc369d5ac8af64c7a4b74a2b8387777,0x5cb03435ac63ae20bd18b6e1070bd7cac21fbd30e16987cb3d75d230c6667284,0.4,1.705e-05,19991,17212,57,17019,1.705e-05,0.0,,,live
2026-10-09T03:37:13Z,0x3e612ec66e5f712a7b819eb21c5e773a51592f5b,0xd62523e48c5b9daf5f8e149889a2473abc6422c20953c1f5b9167b56655fc4ef,0.86,5.754e-05,19769,11603,45,13143,5.754e-05,0.0,,,live
2026-10-09T03:37:13Z,0x3e68018eb1ddfc530a830f09caa68c8a233b9777,0x9a71a4b2c88b6160b574bb0b60daad647fd0d60b836ef7be84285564ed70b737,0.59,1.826e-05,21196,23387,85,18228,1.826e-05,0.0,,,live
2026-10-09T03:37:13Z,0x3e7de339bbad93f68fc60ae4af2300b86ed4c629,0x7762c05c2ab5fd3c7765c73ec7e434ef2ce735e34bea2b8e2c14c2cae115e42e,0.48,6.052e-06,6052,1575,14,6052,6.112e-06,1.0,,,live
2026-10-09T03:37:13Z,0x3e9b1bffcb57dcf5e353a2f5a15d6be7053b3566,0xd33b3588aab31511f2753a267b44ac9c12833e19c081a914953c631bbc54fc65,1.4,,,,,,,,,,dead
2026-10-09T03:37:13Z,0x3eb4968cc95a891ba72e2c5b664b7142dbe87777,0x2fe25a0712b801788112a8d4b613857b6bb57177b3aace21b26002c6d26b9fd2,0.95,0.0001703,43880,42042,166,38917,0.0001703,0.0,,,live
2026-10-09T03:37:13Z,0x3eb71284d5c8434c095868c5462e92e666700777,0x11fd7c61e4820352272964966c35b269789398d6cb9182c5d646ee68464dab7e,0.09,1.96e-05,21716,49799,170,19569,1.96e-05,0.0,,,live
2026-10-09T03:37:13Z,0x3ee47c2dc0bcd2ad6a2c1d7876872460b8147777,0x32808881b519c118b8f149c435c6df655f0fb34ec078be4544b9069ed189d4c5,0.43,5.975e-05,25261,539,3,13653,5.975e-05,0.0,,,live
2026-10-09T03:37:13Z,0x3eeaa2048c344dc09e587e93dab91b0c4c217777,0x56a67e9316a4ead7b69feecedc19e558236760c08e07017b6f638fe4e5bfb676,0.69,6.073e-05,26095,1785,12,13877,6.073e-05,0.0,,,live
2026-10-09T03:37:13Z,0x3f234a77e5782738fbaf6755ec4b2fedb76abfc3,0x5236b6c6b76fd9a2acb56e7a967873d480156752f237acaa3a8d905e30e56a77,0.47,6.199e-06,6225,25145,300,6200,6.236e-06,0.6,,,live
2026-10-09T03:37:13Z,0x3f510dea4e0d0d430c57ff1d82090ec1a5413c06,0xba17851efd0bd4a53f82761481b0c66c534eef0e0981422b01f54fe2fdff8dc8,0.09,0.0002267,38548,72408,235,51780,0.0002267,0.0,,,live
2026-10-09T03:37:13Z,0x3f5c9f2db6ee4fbfa2abf7d25ee028c9c151e69b,0xcfea60298a82f6be9131b2eabdea4569dbe09538a55975bfbce1364108a8713c,0.57,8.573e-05,48058,133396,938,2537,0.0001345,36.3,,,live
2026-10-09T03:37:13Z,0x3f66f2aa93a5d691b6309cf161984383e7d35531,0x5c456f7a6115b5bdf52b60d86720f3038c5ca1fcc2fb39fa87b4c953043943a7,0.08,0.0003679,49166,111719,240,84027,0.0003679,0.0,,,live
2026-10-09T03:37:13Z,0x3f9cdb53bbbfc6a49d905cca50ed5491143c7777,0x4cb6113dea5c6d060862af86dc67c23d5596cd10ed2d1e7b078be4ba0eac48b9,0.11,0.0001985,46563,52252,193,45360,0.0001985,0.0,,,live
2026-10-09T03:37:13Z,0x3fa4014e906b64cc5f3692c0f03b74926ea3c777,0x21c334b924949eaaaa1f1d812d2d7b6a748501e6210b50c2073b76481419f25e,0.79,2.629e-05,25579,51029,177,26248,2.629e-05,0.0,,,live
2026-10-09T03:37:13Z,0x3fac178d376dbcda7a4bc3204de93b65710496a2,0xc881b89710b6518746c250c6e3e49882dadfb3d33d27b4852f0b70b4cb82e53f,1.36,,,,,,,,,,dead
2026-10-09T03:37:13Z,0x3ffbfd3ed1b35bdf2cbdbd9989035b8f9ccd967d,0xff9047ea4dafd33fa040cba81194faa600cbd269add874d4bc6545c7ba349a42,0.08,4.955e-06,38420,53842,376,49559,4.955e-06,0.0,,,live
2026-10-09T03:37:13Z,0x404b8d7cb705d1f86cbb620d935daaad86a5b6e6,0xc03ee81a630c930ccf32d6beeb103596a9a19625,0.63,2.53e-06,2536,764033,2567,2531,0.0002764,99.1,,,live
2026-10-09T03:37:13Z,0x4091d5d2048aa96a03272080d46a05dadbbc0777,0x6a3867f496b20fc5eada6a0d27ccc1c6502e084fc3d77226cb22cf0b37e53d10,0.42,2.879e-05,26016,45801,187,28736,2.879e-05,0.0,,,live
2026-10-09T03:37:13Z,0x40a52b67df53a38a39d46bbe5302a600264cefb9,0x200f9fefcb6dc2739047dadcb98ccf283ad17b238b7c71fdb41bbd73d9a1be41,0.7,6.394e-06,6395,0,1,6395,6.394e-06,0.0,,,live
2026-10-09T03:37:13Z,0x4138a3750a701f8a9e505797d7830712a9a11b1d,0xe9ba3dd0b2e2b16d516a58f89ba8b0d6b9b92b00998f0ce7cc0f586f03c2a3e4,0.63,5.017e-06,5017,1,2,5017,5.017e-06,0.0,,,live
2026-10-09T03:37:13Z,0x416d0c4b431cfa33b4a4974e3dfc9f5089137148,0x81af43b4a865633cd16c9758569cdb5846c54caf,12.24,25.3,68745,29741,113,105098,1308.59,98.1,,,live
2026-10-09T03:37:13Z,0x418e4978787c4e5d4754fb88495f12a6546a8f97,0x38dad78e139c74cf6370f162a848734306a41ab40e852d8fde5655b877ab67c8,0.2,1.274e-05,19939,5354,58,12748,1.274e-05,0.0,,,live
2026-10-09T03:37:13Z,0x419038ad022365f66da9d27868d5433a5a4a3374,0x674e1f16da23190a1c86732cb1b0795869fa74c5f0ea55e9b79d3a90815c5ca4,0.58,6.337e-06,6337,5367,31,6337,6.337e-06,0.0,,,live
2026-10-09T03:37:13Z,0x4192bc8b9423e7fa32ce2b74c469a66c78e8987b,0x3d9a2a7e1b0ddbe50c1f828bfcbd954bb3c11f3278402bac0b28b2a078470f66,0.19,0.0001494,149469,49,3,149469,0.0001494,0.0,,,live
2026-10-09T03:37:13Z,0x41da7e8db1c7ab00337d23f1c649b7d0a018427b,0x0be82be456e6bc2fbbafce1aa96ecafb51601582cc1e16fa83d6306abed43fbc,0.55,5.114e-05,46638,27691,56,51146,5.114e-05,0.0,,,live
2026-10-09T03:37:13Z,0x41dc9d36cc352cbf82e9a0ffb78aeeeb6c718644,0xd19a2d69eee8c0de251d6ea083c4b172ee34df39301275400071cda198d5d4e0,0.07,5.565e-06,5565,0,3,5565,5.565e-06,0.0,,,live
2026-10-09T03:37:13Z,0x42028460169b02ffdaa1efc947c70e9c64ad4c41,0x28ccadceda48aeb8fc85230d60575314930fd54343c0697ef97facdb9f31f4a7,0.36,6.148e-06,45908,40418,226,61484,6.148e-06,0.0,,,live
2026-10-09T03:37:13Z,0x42154e0c587b57dfd47ae3bea181345f61dc3156,0xbf237fcfc2e5be1f3c133ac8eb82eda6b4c75043,0.14,3.113e-07,0,3368,41,,0.008416,100.0,,,dead
2026-10-09T03:37:13Z,0x42276eea3ad8db5c4dd0c81024c0101e838aa777,0xb5147e13443affa2638689f8a038c8bf5b14ee2103d7783de18352ee2810ebf5,0.25,6.526e-06,12518,245,5,6514,6.526e-06,0.0,,,live
2026-10-09T03:37:13Z,0x4232d3ae77360490471c6bb8ac8cae6c5f5b4544,0x14259eff87815c1bd4bd2e2ba962ecf35766d7de50db23022079a078615df3d9,0.21,2.277e-05,32291,19889,255,22778,2.277e-05,0.0,,,live
2026-10-09T03:37:13Z,0x42d9608c93e90c32ea84884dcea5661302a2ac29,0xe2296e92c018c1a23ae89bb760920e272d53abd1620a110ab7de18616ff3e45b,0.56,0.0001885,35547,75844,236,43070,0.0001885,0.0,,,live
2026-10-09T03:37:13Z,0x43863a37a951ad0096f64ca5cf0df5904ffa7308,0x16ec3f9958c1244a1c841c63f514bbbe6132f7eb80790f653adf967b88a9d669,0.84,3.923e-05,27075,111444,335,39230,3.923e-05,0.0,,,live
2026-10-09T03:37:13Z,0x43a006c84537c30aac477da11a532a8d7198cc7d,0x9aca59f617916aa816161682ceff2c1836c9df6410566a8313817896eadef9bd,0.69,2.309e-05,31474,25724,254,23095,2.309e-05,0.0,,,live
2026-10-09T03:37:13Z,0x44bd7f46f71a8c1691f0fbdd5feea5916f4f7bee,0xae2b8300e072aeb64752c2605f9fba0e9df7b43055cef72506a96607a1e07f5f,2.28,3.555e-06,4862,160,27,3556,4.603e-05,92.3,1,False,live
2026-10-09T03:37:13Z,0x450742a9ae0b3e7a7e18f0c98a94815a66691df0,0x269bca27265d1d756612cc65327a8c994b53c190,1.42,,,,,,,,,,dead
2026-10-09T03:37:13Z,0x452e47f98deba1fe2de1cead1e7b707aac607777,0x921776cecd0bf840b5f8dd2cc95673d15115761f4abcbb603e145a32fa45504e,0.82,6.031e-05,26148,1936,13,13780,6.031e-05,0.0,,,live
2026-10-09T03:37:13Z,0x453a8bc0d758f9b9f33cbaf7d22b5a2ba65d7777,0xf036a43bec2b8c6f0bc5adc7728042b02d23269cfd75f50b8629e8778386c620,0.82,0.0002598,54296,63804,223,59363,0.0002598,0.0,,,live
2026-10-09T03:37:13Z,0x454bf44cdcfbe981c79da4d4c09257768c623820,0xaf13bb33a4a5d8feb615466945a9ae181fdda6ad1969f2c983af8f60a03ad61f,0.1,7.699e-06,7415,1196,1,7699,7.699e-06,0.0,,,live
2026-10-09T03:37:13Z,0x458c02895cce6b4f7908a5816bae0c1692340777,0xd4616bedbdf43d707d5361ebcb454280dde74fdd21c959f78efb548e6006d47c,0.89,2.253e-05,23719,31516,125,22493,2.253e-05,0.0,,,live
2026-10-09T03:37:13Z,0x45ef1461a320dbb8e9d9dbff893ad20efc936322,0xbd8bae2564149bd9e574218adfa630b0876c27e06b93184856bb386f988f5379,0.76,4.198e-05,16873,2733,12,9589,4.198e-05,0.0,,,live
2026-10-09T03:37:13Z,0x45ffc4716d3010f2b2ff8774537a84d5807f4eb4,0x7c7f1135e2424d799179371e95038194382d9b2d,25.51,0.09166,15199,191,207,89348809,0.0919702,0.3,,,live
2026-10-09T03:37:13Z,0x4641491887f7df59def0f4936f648de1c8774fbb,0x141262104a0a9103c464f822da3ef4fb24f7e43a98a17738c1b5075fc64e3b7e,0.61,0.0002139,37826,70046,189,48860,0.0002139,0.0,,,live
2026-10-09T03:37:13Z,0x465bc2f7fce0071febe4181e5a80c19dbb387777,0x345db5fbd9fac81ced5a27db34e48db09944faf8dd76eb98c95f09983701f62f,0.69,0.0002567,53717,58443,230,58663,0.0002567,0.0,,,live
2026-10-09T03:37:13Z,0x469a49a3228247b98351bf66a2c704f3cb64d777,0x8952ef28cc581a71e677c2cadebe541d73c8b3f9c20ad8b7895c091d328542ba,0.78,1.396e-05,18626,14453,59,13938,1.396e-05,0.0,,,live
2026-10-09T03:37:13Z,0x469b0839c2cb83d71b67fcd1850c30e8253e7777,0x6953bbf46d5742219d31c02aa9d2d2da151b526378579f16b9076ba7275bacc0,0.44,0.0002318,49757,56991,218,52970,0.0002318,0.0,,,live
2026-10-09T03:37:13Z,0x477b6758a60e1db97542b8b54053a7831d84d98a,0xee73c40d194a7cabd179a9e97d7a888a29a974fa45324f70df0a78b1e1a8c0ba,0.83,4.699e-05,36303,21852,128,46999,4.699e-05,0.0,,,live
2026-10-09T03:37:13Z,0x4789e2df4fd4fa0178f6966a83bdf5c569edcd68,0x3bb76233fdbae0d9a4a03751977826a59bd25d84a6282c5de238dbe0f2b5e32b,0.15,0.000194,35661,68675,231,44314,0.000194,0.0,,,live
2026-10-09T03:37:13Z,0x47a5af29fe15a9483259c0282444dbf070a99777,0xf4783ceb59c4d614ae3de49729e90776fd25b54bc70f8e9e984a4951003afd30,0.91,2.597e-05,25425,50140,164,25928,2.597e-05,0.0,,,live
2026-10-09T03:37:13Z,0x47a898260ba03a3100acaf3fb73ff939a00ea61d,0x1edf4f86fa82462fdd58af9232186ad88f236fe7063838e9d2aba3e47293e6cf,0.39,1.001e-05,9013,10,1,10019,1.001e-05,0.0,,,live
2026-10-09T03:37:13Z,0x47b537f7c2c2183967fe5ba883291b8ada490db6,0x08a577c64162ff70293b60b7058d991ab5eeeaa8677a3cc8379bff71805e8a4f,2.73,1.825e-05,12472,53416,486,17445,6.5692e-05,72.2,3,False,live
2026-10-09T03:37:13Z,0x47c084ac65914f35f12190862f7fa7a617531334,0x757329365a29424c5562487108d76fe9da15e826ba5be29717d88f102bec7d96,0.43,7.05e-05,21249,8187,40,16104,7.05e-05,0.0,,,live
2026-10-09T03:37:13Z,0x47c69fc23cdd7c72779158b009b9af7cb5e666ba,0x1128bce8fa77cfe15cdeeb6298b229f5e13bcef127f2f0f7a9e37e7db7b77af3,1.39,,,,,,,,,,dead
2026-10-09T03:37:13Z,0x47c8b84d1da3cb04821c3216360a28d59bc47777,0x7ffc714e3f75c99300c9a184b8b74b7e648dbb06eddbc77cb0a1686359f28fa5,0.58,0.000147,40405,31794,136,33607,0.000147,0.0,,,live
2026-10-09T03:37:13Z,0x4879cd5fe9f57213618435fa2ad19f398326370d,0xe50a6ed732448eb8b5f4328d2646694cf57c54be90342ea585350470e91293e5,1.53,2.067e-05,13281,34641,1119,20052,8.424e-05,75.5,,,live
2026-10-09T03:37:13Z,0x48da20e5b7b68ba3450de245ad3db835f953a777,0xd779d29d441a89de477871a5f16cb75e2b2b07833b7bb21b7184e3d024007422,0.92,1.935e-05,21997,29059,108,19319,1.935e-05,0.0,,,live
2026-10-09T03:37:13Z,0x48da621f46d8aa0d2308b5b51d2b038983c17777,0xdbd5eaebaea119445a8229cf9980c96fae8c3a7d463025a9b5fe5d0620e44d19,0.69,6.282e-05,26541,2671,13,14355,6.282e-05,0.0,,,live
2026-10-09T03:37:13Z,0x48e81d72cff1737b9bcd5f12348d48c29031a1f6,0xb39af77c5e044359af262dacce722655e5e7ae0b6533f1d763640616808d5193,0.11,4.416e-06,39107,49016,373,44163,4.416e-06,0.0,,,live
2026-10-09T03:37:13Z,0x4913b48fc4383cb5b01bf3d1a591133101b69777,0xdee417c34fbb2e9e74bda9650d2b336bc0f7ff8547f5d426249d2ae581e7225b,0.87,2.011e-05,22367,48209,184,20078,2.011e-05,0.0,,,live
2026-10-09T03:37:13Z,0x49140e45969703a865f8c1ea648a8100f0850946,0x0ae7d4a59663161bdd162587b66247b36312f33c573a903a827868716f2d9279,0.34,0.0001465,95463,61431,228,146527,0.0001465,0.0,,,live
2026-10-09T03:37:13Z,0x497aab222c09c158bbbf4811ff45c83d976f7777,0xd760352660c32662746a43c205e5fa156878856d3d84e42c14781b27999f9338,1.35,,,,,,,,,,dead
2026-10-09T03:37:13Z,0x49bdacd3a3ba1825b6419cccc06684464c52a437,0x6eb0a3983140234029fe8915239dcd7a2ca5c2764fe7edeb08af34039aca27bc,1.44,,,,,,,,,,dead
2026-10-09T03:37:13Z,0x49eab8438f69d21096dfffc76738e37dc92cb3ae,0xe279b1917c69c8af6d36a8693d0cdf555b4e8ab0997a80519fbca9ddd2278d19,2.68,3.727e-06,5622,353,13,3727,5.603e-05,93.3,1,False,live
2026-10-09T03:37:13Z,0x4a8cb1548a61d60e56373dfb51f2cee259c9fabe,0x751af83fb2d7dd1118449a6ad4e48f9ec86a1500751a605637bf3f03384dff3a,0.59,2.069e-05,13881,10843,96,20697,2.069e-05,0.0,,,live
2026-10-09T03:37:13Z,0x4aa34c30224fbb5bc5295a76e6c2a3b8a6a71e18,0xbb76c0d221da17a1303f755d13907e53bfef2ebc7cf3c1e7596c74159e507c53,1.44,,,,,,,,,,dead
2026-10-09T03:37:13Z,0x4b0577062a952a8efd0b4f583f7a8221b4197155,0x6da613d5bc38f992ea4c0080ff792859f2d48ee8a9e37e00f7d7a1b18f627b89,0.84,0.0003534,49055,91707,227,80717,0.0003534,0.0,,,live
2026-10-09T03:37:13Z,0x4b159ad92980fa9a5c05a9b0c11294b31f0fb219,0x401cf36f57ceb285220de306bf2b7cb63e4e8b19ac95cd5fc67481d044bec58a,0.17,5.686e-06,47425,26003,327,56867,5.686e-06,0.0,,,live
2026-10-09T03:37:13Z,0x4b30729aeb503752a51e09b6eaa6fdff23e73c87,0xb9961fb597fd39686948a33753679cdec350053dcc6d2b1d8a5e39cd8a8b5aa1,0.64,0.0002662,42245,84276,238,60802,0.0002662,0.0,,,live
2026-10-09T03:37:13Z,0x4b3943140a61cbd95b016c90b04ad51378e54c5c,0x3704f98f13ad9725ad70ba706409927dab60b3f4789a765d4f0a05e2d862e549,0.96,0.0002674,42638,96726,229,61081,0.0002674,0.0,,,live
2026-10-09T03:37:13Z,0x4b4aaf415ac4e8e937b203571eda75d1bb443c6d,0xdd9b75806716bbc57ee2813e4fef29ac59c2659aac1cc0f8b3f5e79f6d917017,0.99,0.0002557,41669,57675,181,58403,0.0002557,0.0,,,live
2026-10-09T03:37:13Z,0x4b5555451e691c15edf3a65cc19198c355b58777,0xce74bd845921d261e50020dd5b063c2067b2593cdeb6dc2996c08755219b0888,1.34,,,,,,,,,,dead
2026-10-09T03:37:13Z,0x4c466b0616668351967745e0f833e54dfc51730c,0x7c299746e750164d83f7d2daf8cc7e8ab6814d1351741f53ae872329999174e6,0.45,6.947e-05,57736,90174,169,69476,6.947e-05,0.0,,,live
2026-10-09T03:37:13Z,0x4c4c9dad604d9156d7b0c00d6c3582aecb207777,0x93fd9df5c9f89ec8e7058a0d86ce36236e900dfbc7a64a144d07e3c04e256a5e,0.6,2.38e-05,24211,43169,162,23758,2.38e-05,0.0,,,live
2026-10-09T03:37:13Z,0x4c53ca31885ef4f86bedca2b3c1fec931bc9da8a,0xcf56bfcbe16bf85ee92d9ed4e95df29ef2beaf4a0ed84fa02f37953654322e82,0.21,2.708e-06,23914,11049,76,27081,2.708e-06,0.0,,,live
2026-10-09T03:37:13Z,0x4cae700d36743922df0f4935e5d3e949389cb777,0x9e48fd143532c87a7d0a7d5ddb666037525ed4db27324c9b333f1ab09fda3937,0.9,2.203e-05,23410,45320,184,21992,2.203e-05,0.0,,,live
2026-10-09T03:37:13Z,0x4d05e23e2bdd711a046617761b48c04bc8281ba3,0xe8899f8a15ffe0c22774783de600b6e6488be880d1e85f12dc0cd14fed39c23d,0.64,1.023e-07,10238,2008,40,10233,1.023e-07,0.0,,,live
2026-10-09T03:37:13Z,0x4d4fc8e9da5f4c8f826bd73847e4644d7cb00dcc,0x194eff33353109da78eb41b5ab8c523541d31fef3ca7a4e00cfd8b3a703341b0,0.33,1.032e-07,10318,3291755,9217,10322,2.845e-06,96.4,,,live
2026-10-09T03:37:13Z,0x4d784caf9c7013b2c7d29cb4a3cf8505aff5f777,0xa0b24dc56bca9f15b860b257656671f9abc88e683b11210cc3e2f1632946f1b9,0.89,2.194e-05,23407,44493,150,21902,2.194e-05,0.0,,,live
2026-10-09T03:37:13Z,0x4de0ae45fcce76a5bfa748c6a5792b054382efdb,0x488f1ee3b3c9bf057bf8ff3501588cf2ff6e4691049e0b6915d0397a5aa06d1a,0.47,9.701e-05,73290,2104155,5720,97017,0.0001044,7.1,,,live
2026-10-09T03:37:13Z,0x4df00c28868d0f304787cdaa77d6c0fe3655e777,0xc2451426eb1c8b255155c922860e67fc855f8c71a8b7efd5e02ce9716746afa1,0.58,2.391e-05,24189,47171,183,23871,2.391e-05,0.0,,,live
2026-10-09T03:37:13Z,0x4df3994db6192f2e430a318e906d09f0ae956718,0xaba30566b2ae4c8f53bf0d04541beb5dedbf21682f090b17a4ef7be59f9ca17e,0.48,6.052e-06,6052,1570,11,6052,6.112e-06,1.0,,,live
2026-10-09T03:37:13Z,0x4e7f86f8299e7c861f4d53d09a3a159044237777,0xf463e941cda7a49839324227d4eff0cff29912b98b2d46cc3c8fbdf8b99c3e7e,0.95,0.0001402,39784,31231,129,32038,0.0001402,0.0,,,live
2026-10-09T03:37:13Z,0x4ec57c9838627dd989b7136044e7a78945ea30ea,0x069688d0760fd7ef89f9eec672f8fbc0d3d3541e24e0c9b438706ab6adbc518b,0.9,8.568e-05,26870,56228,638,85687,8.568e-05,0.0,,,live
2026-10-09T03:37:13Z,0x4eec4c7389a200b74be8ded44906b6523c3ff026,0x68fadf53c99b0c466c11d668895fbbe74b6c6543836ce14eb7a58a2dce03e6a1,0.44,0.0001849,34371,40497,124,42252,0.0001849,0.0,,,live
2026-10-09T03:37:13Z,0x4ef1bc81c43028994fdeef720fc58aef7d001f90,0xf4042e853bf12e2d5fc3f70c162dd103e1bedebc8f155f5806e986ff12382448,0.92,1.285e-06,12852,3,2,12852,1.285e-06,0.0,,,live
2026-10-09T03:37:13Z,0x4ffc4cd687203bf702284bb5de4190fec3dcbe67,0x095343dc4e2a09fe92b8710fc6a87b92b3a857031c865370bceefe8a738928c2,0.6,7.038e-05,59114,118557,297,70386,7.038e-05,0.0,,,live
2026-10-09T03:37:13Z,0x500a02a20b0b0a3f3efccfc0559543f5743bd1c4,0x336ff94eba8a6ddc6b022e90fbe04cab9376fd68bab5b120810076a8555334c2,0.98,0.4503,19526,4505,19,72054096,0.4729,4.8,,,live
2026-10-09T03:37:13Z,0x505b0fa5aecdbc9f446573e6b02bb0efdf9c4247,0x6f53fc4b552d78733eddf1828db7023f34f6ab7f282353c2175d7f493b9ce660,0.43,6.466e-06,46806,42692,207,64667,6.466e-06,0.0,,,live
2026-10-09T03:37:13Z,0x50c986c8891f5ef6fabce76a9f46dba28b0977d3,0x51b20e98150e59f9bb2e547e9b35e2face73dbb950b1d6fed64dd459ebf5c9a9,1.46,,,,,,,,,,dead
2026-10-09T03:37:13Z,0x50d163a87fb8b39268cbf692cfbaf76a8f1e0066,0x85affa754030fcca24451003c55c935daa9a8be2dd5011f960ee81aa90f12151,0.08,3.938e-05,18331,15564,445,37963,3.938e-05,0.0,,,live
2026-10-09T03:37:13Z,0x50f78a7add2de47f02b21f82c6ca490bf2c39777,0x90f226527c9a3542d7eb4d5c213663cd8a80e9da8e6f729fff6f9ab1e7defe8a,0.58,2.243e-05,23410,54517,184,22392,2.243e-05,0.0,,,live
2026-10-09T03:37:13Z,0x51311e68fec990bf246d2de4453707d883a38f97,0x0b463d8c2756feb42b47760df37794dff05275fa231f83acca5bf9540ae97b82,0.26,0.0002521,40647,76006,238,57593,0.0002521,0.0,,,live
2026-10-09T03:37:13Z,0x519e5d8131627f8ed7408135231a41c11cc283fa,0x0501f8474442b012547016b04376bf5c315a9f7f6d0aefd825784cf12dffa38b,0.52,8.746e-06,16897,495,7,8746,8.746e-06,0.0,,,live
2026-10-09T03:37:13Z,0x51b8d12f83460a131e68568caba2c854bf24c5bb,0xd1092660c16ea3164a84ccf8d8654bbb5cc230ed4d65090fe4f4a3814f9782d6,0.86,2.609e-06,23507,22655,108,26099,2.609e-06,0.0,,,live
2026-10-09T03:37:13Z,0x5217d68768602edd8aa5cf0726830111a4dfc777,0x681d22371cd84d6c3146444c28315aff144d91c67babf42830314719326b9779,0.85,1.087e-05,16469,4566,23,10854,1.087e-05,0.0,,,live
2026-10-09T03:37:13Z,0x526c4c978c108ee9adc279a46bb27e1f766c0117,0xbd19b9d38d458c3d7bbea439b9f36db5305ae39ed20bcf61713d993e5f321682,0.91,2.566e-05,25670,6,6,25670,2.566e-05,0.0,,,live
2026-10-09T03:37:13Z,0x5272c9d80bcdb5bb00824f1d47abc8c11895b2de,0x9a53787f9a356da996c87681e2346271c9b8b034,0.69,1.543e-05,12300,276750,2354,14000,2.662e-05,42.0,,,live
2026-10-09T03:37:13Z,0x529f9944e0cde4ceea6b645e2da5f150f8b861b3,0xe95c0c33ca488407204d51ad909e4092535ce992d6effb8868fba93a4e237a85,1.5,,,,,,,,,,dead
2026-10-09T03:37:13Z,0x52b34bf0d52735e72d0c2c34ce48d3796bbb2120,0x0a93006a982e24a449f8eea65415ed438ca9a0ee2147e2ed9ddc9b2e321a3bc8,1.36,,,,,,,,,,dead
2026-10-09T03:37:13Z,0x52f3c44e5663f71bb9d6514a429b2af61f7b6777,0xf031b39adf58843213735ba5099a0a089502d04fbb9238f9b53418c180c9c99a,0.18,2.136e-05,22671,38670,146,21326,2.136e-05,0.0,,,live
2026-10-09T03:37:13Z,0x53c0d75b09a58764b5958e315c80f8c70a737ab3,0xf2995cfa03d3c388da7443188a893afa3210e6869a714d8c1860c5dd8995e334,0.46,1.187e-05,19717,2911,49,11880,1.187e-05,0.0,,,live
2026-10-09T03:37:13Z,0x53c4fdb88f6f39c59abeebfd1b3113c8e9f59777,0xa6159c222d611d93f6683acedb62b2f2478ab8cd9f102080607ffca6b625bdc1,0.05,3.151e-05,27534,49401,177,31458,3.151e-05,0.0,,,live
2026-10-09T03:37:13Z,0x53e5cfc7642e6dad89bc0a30e23f80f270d527cf,0xf555c03656d4ddc7812abc3924aaacd5df6e671e40179b543d15ec27c11d6c5f,1.38,,,,,,,,,,dead
2026-10-09T03:37:13Z,0x540771b3c440017b5e3351017f85efcb3eefc691,0x653f5e578f5ef00b2490b0d71862ed89fa6108824f521d802e25c3aa36915942,0.52,1.079e-05,21099,714,7,10800,1.079e-05,0.0,,,live
2026-10-09T03:37:13Z,0x540a572de82beabfebd43a7e6935d7735752ba80,0x742c6fd91e1645b1fa2019750d43f0fe7993fcfa,0.56,1.519e-05,7635,0,1,7635,1.519e-05,0.0,,,live
2026-10-09T03:37:13Z,0x5417eaece3885552e777fcf133254e641449ae73,0xa5646674f1481a4175be56a413514a0bee8ff70ffeb4d05cc13af6dffc95933e,1.43,4.111e-06,3950,9161,163,4111,3.176e-05,87.1,,,live
2026-10-09T03:37:13Z,0x544c15a58b4800c8521b632ad1d9fa60ae191777,0xf4791adfe92c0b03a66908e436bf0eaceeacc1042c84e6ec4e1766afcb408dca,0.39,2.346e-05,23558,47340,178,23419,2.346e-05,0.0,,,live
2026-10-09T03:37:13Z,0x5456436d8a3fa51cc7adf6eae7af41436440c777,0x86e6eb4e7b6981e3b0273d810122cf44c8b893dcc7762c7638ef103fe31396d0,0.85,2.393e-05,24433,54662,186,23889,2.393e-05,0.0,,,live
2026-10-09T03:37:13Z,0x5467992ff0f370c57bce01486fe185af174af165,0xc0629f3ef21c5ae1c9fba03a764f7fb0def3dc8014a5ec8b0eaffa1895e93ce1,1.36,,,,,,,,,,dead
2026-10-09T03:37:13Z,0x546d092a484d3da772a427de6f42242e17553777,0x9a54d6f80ed4ccb91a6f29b1e2af6847f5a77a1c5fbec1fbd7dedda3f9a6e7ec,0.27,7.53e-06,13447,1867,11,7516,7.53e-06,0.0,,,live
2026-10-09T03:37:13Z,0x54eb00cae3a54cab940440f284b3b40224751606,0x2b12f1eeeac79566f8f999ab24f2b12dad043e10d3cc4747ca1e4c74db2cc701,0.51,9.734e-06,18929,494,7,9734,9.734e-06,0.0,,,live
2026-10-09T03:37:13Z,0x5596f73efe42d4f643f78fa076be6e7ed76e7777,0x5ad4c80257e9a1122f97a66239ab711d763b0d8274d230676f15bb2842e8d007,0.18,0.0002594,53246,60861,235,59269,0.0002594,0.0,,,live
2026-10-09T03:37:13Z,0x55af24323df37b5071e11231a0687f179a3a18ce,0x8eff15795590193256cde66c41e6f47ba46d132da8d8647442bec2bd3b230961,0.06,0.0187,5986,0,1,7483,0.0187,0.0,,,live
2026-10-09T03:37:13Z,0x55c5a554ddbe7813880c44afb9df45d86af02fd6,0x58de4a286753676467215da717d1e385014eb3d081873c22d0519d7e24dca0e3,0.69,0.000272,140761,650175,1538,272034,0.000272,0.0,,,live
2026-10-09T03:37:13Z,0x56585f78d31286d09053dc35ebee06046045088a,0x63392359aa82d5cd4cc00b68fd1ea6835b8c70b6647bca47969708e6a870223a,0.69,2.919e-05,30671,29957,253,29194,2.919e-05,0.0,,,live
2026-10-09T03:37:13Z,0x5660c4200431f61d4f4088e9a4312c8ee830fee1,0x8e905a9a62b1bdb998a518d487b9f234afc713e779249ff3c7d71db75cc3912b,1.44,,,,,,,,,,dead
2026-10-09T03:37:13Z,0x568cf945606d80d600b4b9f1e0afbcdfda41773f,0x3eddea0eda359e737f93f611db28b94e11baaef25c5f1509786ae45699b94c3f,0.87,2.654e-05,26533,1375190,2921,26541,0.0003557,92.5,,,live
2026-10-09T03:37:13Z,0x56d81d1bd49d0c41f3bc16136a835ad3148efd37,0x90cf215e9e95114409fa5ade342a4f4f0f319d552141abcdde8945b2d9a09e65,0.69,0.0002712,42759,73560,194,61951,0.0002712,0.0,,,live
2026-10-09T03:37:13Z,0x5726246d94adcf6f360033ac656060c7fae6d15c,0x9a7c498663e2086037e34e28dc7bbcc8b7a6819f67b8808615afb2ba075c5d88,1.38,,,,,,,,,,dead
2026-10-09T03:37:13Z,0x57287d8a7ee6072aeed6fab945153c2ef516ecd7,0x9c936181a62217b4b1185710619e6a6142d8a86c,0.55,1.52e-05,7640,0,1,7640,1.52e-05,0.0,,,live
2026-10-09T03:37:13Z,0x576e116779f4cdbb42c6b5555c05b322f2ece777,0x458c67f2d0d917a46edf156fccb2f7fc25669756f89ccb0e9682b596cbe013d5,0.53,2.127e-05,22858,52516,192,21238,2.127e-05,0.0,,,live
2026-10-09T03:37:13Z,0x578bbff94f7543fc5202544a0db7160237aa1e18,0x57a45eafc34e36724a9766143cedb7a367aac19f318e2bfa43ad3d9aeb25850f,0.43,1.992e-05,19924,1437,15,19922,2.003e-05,0.5,,,live
2026-10-09T03:37:13Z,0x57b74083ebc32d8c94a1466d1f47e04a18c10b0c,0x3186cea45ba58c02f45afb8ddc8fc23bab1e1c3246b9ecb816deb3554a60fcb9,0.68,0.0002438,40432,74348,235,55692,0.0002438,0.0,,,live
2026-10-09T03:37:13Z,0x57f8793780fcb53e5689e26924d98874a6209468,0x5c636cccb28865a50c9a9a17e11101e418f97febd6ba805d8f7dca2288c3d7ff,0.53,1.261e-05,24735,678,7,12619,1.261e-05,0.0,,,live
2026-10-09T03:37:13Z,0x58c1b824fb712d457692d501fd22b8530ee61e18,0xc0d53dc7dae7f411adb773d2bbcfbd2a9f3bfb519db5a2635a9295341c8b6040,0.99,1.999e-05,19991,23,12,19991,1.999e-05,0.0,,,live
2026-10-09T03:37:13Z,0x58cd0369db08dc9a1c7f8055b1e09c4bec18d68d,0x5d38a18485502da0e3419512a47ad87d4621301eaa59baf412b8f9216846fbab,0.41,0.0002145,36988,69012,183,49002,0.0002145,0.0,,,live
2026-10-09T03:37:13Z,0x592b2661428b820e8dd8d86ccbabcb970ba97777,0xd3c5cefac190796271c4a8b954dee1bc4faccb7aa3151c4f4a478328e0a6b358,0.21,2.528e-05,24657,64026,191,25233,2.528e-05,0.0,,,live
2026-10-09T03:37:13Z,0x5947077a9dba7011e2be36c3074a57a3c428b043,0xa9841c38f25cf64d455bd284766db81de4ff4a76fbff4ef28a19e3011cbc5a02,0.34,0.0002339,39013,73474,206,53431,0.0002339,0.0,,,live
2026-10-09T03:37:13Z,0x599a100e7cc4419e30a67b20dad6a5f98adbead7,0xb2eca971385e37dee166ca8354ad147cb93378914f24eda21f6f4d695195eeea,0.35,3.806e-05,36578,10809,40,38061,3.806e-05,0.0,,,live
2026-10-09T03:37:13Z,0x5a0be9e475bd2b854bf5b27584e988288a3d1777,0x46718ee7167d686735fee60a6fb1e993a6272ff0c255925cadcadf2299643d04,1.36,,,,,,,,,,dead
2026-10-09T03:37:13Z,0x5a21441036e19ff71bb689e6ea01ce12fc9ae031,0x54b883700b21fa8386dcfd707aa12786375b567b8a4b87f674538a324987c61d,0.32,0.0003105,45027,99559,224,70927,0.0003105,0.0,,,live
2026-10-09T03:37:13Z,0x5a4c26a5ab5b11325a220d67abc5f56c35255d95,0x4146fea8e2052afef19415d06406bb449b9a945765b0ff9680aa0cb5dcda540c,0.19,0.00022,37977,73714,233,50264,0.00022,0.0,,,live
2026-10-09T03:37:13Z,0x5a757586ab14b5b7deb17df5abc5d3f69544d317,0xb98b1b93f9c48e9c4eeaa5b9bd0d5b17b174dc22dbeaf271f24b60a22074594c,0.23,3.531e-06,32405,29033,138,35310,3.531e-06,0.0,,,live
2026-10-09T03:37:13Z,0x5a7c0af79ae062f7b480df73a2b9ce28fa1ee0c2,0x2949816339d7ab1caffdea7eaab94fa9c72c0cf459142d46ac4b234d4d0d502d,0.1,9.787e-05,25316,18567,78,22354,9.787e-05,0.0,,,live
2026-10-09T03:37:13Z,0x5a8ae3281a08998d3cfa4e096e23a480e44b7777,0x894d9b116a733eda3b2dc97be88159a30b66fef8d1666b480578848dcef178e7,0.19,0.0002283,49934,61090,236,52165,0.0002283,0.0,,,live
2026-10-09T03:37:13Z,0x5a9b152bc6834d3262af6b674bfd6f840646e38f,0x7eeca668d9d4d565e3b6c07fc888c67184c6aa07ee7f80f5df92f5138e912161,0.95,4.482e-05,42153,16467,59,44823,4.482e-05,0.0,,,live
2026-10-09T03:37:13Z,0x5aa10a96e72eda2d5753acc5a23711095d203a84,0xc84646ac78c8eb60ca82fea7dadb4671a6a776d27dbbed1bf5bb9c49e68e6056,0.17,0.0002885,43491,99689,237,65892,0.0002885,0.0,,,live
2026-10-09T03:37:13Z,0x5ade37a5cb6ceb365e660ed7e662687f95717777,0x49ddbd93831d72d7023037b4d472dd6d5bb888d02555f97223380f054c9b6eac,1.35,,,,,,,,,,dead
2026-10-09T03:37:13Z,0x5af7a206728e75511c6f5a17e20065d06e2d0777,0x5b99b6fb763a02d4b645b445ff06fdb35471e589663453ded494934d1d873c59,0.05,2.045e-05,22188,47010,155,20417,2.045e-05,0.0,,,live
2026-10-09T03:37:13Z,0x5b5bc897bc158e910ea24917e407f6bc6859e32a,0xd360f45b5d1f218849bb5197f8a900dfa830b869,0.57,1.509e-05,7584,0,1,7584,1.509e-05,0.0,,,live
2026-10-09T03:37:13Z,0x5b5db01e4d2440d326561606ea3c3a6719b26c6b,0xcd376c6a2e115ea9b381855e4a7062f4f568307ecf60e4d4307da2d683b2dbf5,0.91,3.607e-05,15657,129,3,8240,3.607e-05,0.0,,,live
2026-10-09T03:37:13Z,0x5b7a10882fc6a197b9c18f177980a0db26542c73,0xaafbbc28d49503c9197e28b1dac5da4267a36ae75c5a342c974654ab76656f84,0.07,1.99e-05,18651,3742,24,19905,1.99e-05,0.0,,,live
2026-10-09T03:37:13Z,0x5b952795573140f857941a1c82e650f0b66e426c,0x7102e66d134a3a4cf6e0225a2e25a505f991e8c2933eb40987952d175396b7db,0.35,0.000363,48543,108024,245,82925,0.000363,0.0,,,live
2026-10-09T03:37:13Z,0x5bf8739217b45647c6ee4877cbd1c15cf2ec6386,0xa99570bf84c230a3299dd914a73d8787a01172a7ac7efea51e2c023b6264283f,0.67,0.000307,45409,97072,225,70139,0.000307,0.0,,,live
2026-10-09T03:37:13Z,0x5c213a686315f2a87a45837b5bc6186f448f3a7c,0x00b1fded6ad024731dad26109f4b56b7bb66ab7a,0.05,1.335e-12,0,33908,43,,3.06e-05,100.0,,,dead
2026-10-09T03:37:13Z,0x5c31ca29ad6ffd51aaca14ecc73f5cb52e021e18,0x409f5b28fa522c9e4725a72ebc4fde742d419df12c4ff2a1e76fd4792687b7ea,0.47,2.011e-05,20117,6,6,20117,2.011e-05,0.0,,,live
2026-10-09T03:37:13Z,0x5c4f2061543cdea76883dbb5e98abd443c481e18,0x28b64ccc7a9fcce9e8ab13acec6b4ecd9360f32b4665a1981dd061bff6e13bfb,0.11,2.006e-05,20064,10,3,20064,2.006e-05,0.0,,,live
2026-10-09T03:37:13Z,0x5c5f167fca9ce6f4c357b15a427b08034446bf51,0x22314bdbd5284a9e2dbd0d17d2a4b649cd3ff725,0.05,4.67e-05,7247,49112,403,15565,4.67e-05,0.0,,,live
2026-10-09T03:37:13Z,0x5c80d9939811862c00be37f4840d1e597dac0a56,0xcde16c88db70da1163398de55037a4390bb225e4,0.51,8.075e-06,8913,28982,137,8076,8.075e-06,0.0,,,live
2026-10-09T03:37:13Z,0x5c9580293fc1106d28f66c5721397896611710e5,0x859098061cc11cefcc02ac8e0f1a8a706192cddc5bb4adbbb8df9d24227a2d82,0.84,5.603e-06,35693,56381,240,56039,5.603e-06,0.0,,,live
2026-10-09T03:37:13Z,0x5ca1777114aa3bc2b898909fbac3417c5b4d6777,0xc603f4fb30e409a55e0b770ffbd416dd039c3ca6455db647f85939491fcfec5a,0.06,1.682e-05,20127,11739,47,16794,1.682e-05,0.0,,,live
2026-10-09T03:37:13Z,0x5ca930e3012095eacced615ee7b5f111aa063b45,0xfef6f1af268a8c97b86678ea6da8f3f6d9bc562902240e0cd67237d65cb8b113,1.02,6.218e-06,6218,119,12,6218,6.454e-06,3.7,,,live
2026-10-09T03:37:13Z,0x5cbed27e7cd34ed6eaafa2b7a7d1405ab98704c4,0xaa18ed04f00da2021a5c9e2291e078287c7a608412957a47213f5fa06d795547,0.97,6.427e-06,6428,1780,24,6428,7.18e-06,10.5,,,live
2026-10-09T03:37:13Z,0x5cc26eeb997bee043317e348d16b3a7d393d6788,0x9bcc4a154f4a266f17fd77374ed2a986070e6032a04cc67e9bb311b7225a5c40,1.07,2.018e-07,18335,547250,1154,20189,3.844e-06,94.8,,,live
2026-10-09T03:37:13Z,0x5cf0deddfe017968e6f506c339b39bb80e537777,0x7d903306d6dc8593592d8cd541fa7d61e6c4a4abc59e11b7b40a2c2430b785f0,0.96,0.0002047,48078,49870,200,46789,0.0002047,0.0,,,live
2026-10-09T03:37:13Z,0x5d0122a01cb1baff38b234b0e5a13f2e590d3777,0x6e2235dd4838f5d931ba8af018f5385ddced87752a6e5b348bda54aadeb96180,0.85,1.253e-05,17682,8545,35,12506,1.253e-05,0.0,,,live
2026-10-09T03:37:13Z,0x5d2e64b55792d972b99de0cbe92e1bc932a8057b,0x4d5739034565f9a7fc65d4d38f77e7b4ddb5950435d6842c9e5bc6151f80aa7f,0.43,1.413e-05,24746,3063,49,14131,1.413e-05,0.0,,,live
2026-10-09T03:37:13Z,0x5d6ca2ef84b2a55f46e44297980ca10038fbd247,0xdbc33e0446e98f82534a616fe6b4f268a5961a7807b6177faf7ac83bb6ccc72a,0.26,4.057e-06,5177,90586,1304,4058,1.068e-05,62.0,,,live
2026-10-09T03:37:13Z,0x5d84ed5a14492e0fd0e3ea4a9265988ed728543e,0xdd62d60448e0c63efbaa97b3aadde4bc4dd1ae317107d4685e8227c409e98221,0.34,3.767e-06,38491,29957,145,37677,3.767e-06,0.0,,,live
2026-10-09T03:37:13Z,0x5d98467c57b14f59b3540bca799c8101a2086b3f,0x02047db207e4212a5652fd9a0c32c4bb1cd89789,1.4,,,,,,,,,,dead
2026-10-09T03:37:13Z,0x5e438eb0fc792f9561b0c03ab53b130662bb7777,0xf183b6a02c0057e4fd2c6bd07c83711c5640d35e4e6418d3f5882fcac77bfb1d,0.86,0.0002335,51391,59526,232,53360,0.0002335,0.0,,,live
2026-10-09T03:37:13Z,0x5e7397dedf42ad1c44cac5873678a13ff8fbc777,0xacc9bc91c050b5259b0f20e248f72515931146a579d9811ecc71d20ba1501577,1.38,,,,,,,,,,dead
2026-10-09T03:37:13Z,0x5e8dde998511c81eafce4eaf455d58c9ee5d90d1,0xd6c6cd94f064aef0a2c6389c80fe0445192d9fb8,0.4,4.947e-06,4947,4349,58,4947,5.059e-06,2.2,,,live
2026-10-09T03:37:13Z,0x5f05e89cccbd7945d265e9f67ef705d45c597777,0xe5977d902e25c8dcd39c7871bea8decc48a10f17900103826ddf04c355d3352f,0.61,7.204e-05,28359,2315,12,16462,7.204e-05,0.0,,,live
2026-10-09T03:37:13Z,0x5f521b97284e0da55dcc3babbe0ecd9e36c44539,0x8162b0e937d68ae42673ad454144554d2b80f42b,2.79,1.44e-05,7156,2,2,7156,1.747e-05,17.6,2,False,live
2026-10-09T03:37:13Z,0x5f547b7385273f4a1ee77395f805f03a6d6c7974,0xe432994f04f30c408d4108f28939a256c3136927c27534018db4dada0fb4adae,1.46,,,,,,,,,,dead
2026-10-09T03:37:13Z,0x5f624427176fb8235d60b2894704015f4d503fad,0x254d5b9e2db66089af7daef8b6228bb28a05c4691004a886faa66cc4e359bce2,0.31,7.473e-06,7474,791,11,7474,7.855e-06,4.9,,,live
2026-10-09T03:37:13Z,0x5f8c9dabca67ce9a8e819f8598eaff3d46991857,0x7a19d8b5a27e8798473c050aa5224f36a5e85b00e325f82a0346aebf0bd56f36,0.32,7.117e-06,45897,41394,226,71178,7.117e-06,0.0,,,live
2026-10-09T03:37:13Z,0x5fc54b6cbc5ccd9b112ddff3326caeeaba33d168,0xd305b67870ce3a11165ecc92c5d024abb1702aa692fefa3559f4687cf57c4cbd,1.13,0.99,99005033,13380,81,990050225,1.006,1.6,,,live
2026-10-09T03:37:13Z,0x5fc591225f1f20c08c3c59fe25826f6a36e1d168,0x4f9e304f38dcc45982636733d51342469b1b8d93e55ad9a7323f4ab675015e8c,1.22,1.01,101004966,178,4,1010049662,1.01,0.0,,,live
2026-10-09T03:37:13Z,0x5fc7eddf3e4628856b31f5bd7acf153340511e18,0x77840ff6b8d10ffff8d0da422059fe5c14977e2413b6a2f3ad8325f58d36379e,1.44,1.956e-05,19572,1,3,19568,2.01e-05,2.7,,,live
2026-10-09T03:37:13Z,0x5fcbdf8254f43ddca05e8b3f515a7d34d93f94cc,0x843322e35961c344bad16e04dde419fff82eb58ee04180a86b841b6bb43942cd,2.15,3.545e-06,5499,95,14,3439,6.56186e-05,94.6,1,False,live
2026-10-09T03:37:13Z,0x60059c15d8c6e7d41768dd8395f53d09e8ca0777,0x6b34f1c71afdadf93249ccce55ab2996bd80f059155b7815ace2aa41a8159dc1,0.9,7.144e-06,13350,2189,8,7130,7.144e-06,0.0,,,live
2026-10-09T03:37:13Z,0x608e61fdf031b9e527c4ba7d037f91a83cf64c5e,0x846ea31278ff5ab66076545e75b29b22926436588712831e332216a572285b74,0.92,0.0002804,43674,102750,224,64061,0.0002804,0.0,,,live
2026-10-09T03:37:13Z,0x60b5d0c127cd65eedac2d073273e6dbd959e61b6,0x9669d451b50be1dbd006aa8f3acc8ba155f5c67492ca2844a694ddc8f57f113c,0.42,0.0001149,81173,260157,662,114905,0.0001149,0.0,,,live
2026-10-09T03:37:13Z,0x60baf1527b4c19e355194aac013c03f5de97f777,0xf607fe23d0ec007950e11a598983d5501eb5ffa543b833a9a396e4dcc45f95a7,0.23,7.826e-06,13728,1606,8,7812,7.826e-06,0.0,,,live
2026-10-09T03:37:13Z,0x611fcb014e463b58b073dc2a2ca57bcb5d0a7777,0x68b03fb8edfd29165e420d46a7c616ca01d7169f0e91a4ac78436146f6a179fd,0.76,0.0002476,52938,65108,235,56580,0.0002476,0.0,,,live
2026-10-09T03:37:13Z,0x612283649435710963cbc5dd39c3885864767777,0x36d3e4eab58d6be5cc34d8b36d08541715d02cef40cece8d3d9057c95cfb366a,0.36,0.0002103,47684,56319,227,48071,0.0002103,0.0,,,live
2026-10-09T03:37:13Z,0x614f458c0a0de70ec7fc84380440e422465a5ca0,0xe1b8dc17bf8edd1be1f0e78d20c2e4ffe5ab8479,0.16,1.231e-05,10992,2156,22,12312,1.292e-05,4.7,,,live
2026-10-09T03:37:13Z,0x61aa951c77083e6b269a09029da4396a135cd98f,0x9d48c59cbc2ee0ca6306f58164d4607bfa18dcbb5d34be0498e55e8422e30b40,0.96,0.0002509,41301,75422,231,57311,0.0002509,0.0,,,live
2026-10-09T03:37:13Z,0x62117ba482f63e99376f1ad4f92adabfd6017777,0xffd0cf68c692137e22470caadbbe77d3563f699bdae2b9b6d871f70fa1ff379c,0.87,0.0002502,53234,68732,217,57181,0.0002502,0.0,,,live
2026-10-09T03:37:13Z,0x62568a935aae4051607eae4d1497f89b26f71777,0xe0be9e10b58228556f37e6a003f36a9490252d14a5953dbdc30cc1edd6e5fdd6,0.27,1.994e-05,21888,35297,124,19905,1.994e-05,0.0,,,live
2026-10-09T03:37:13Z,0x6266df0f8aa8ed531e4f291e1344dfcf3c2ca1a4,0x85e38b78a2af9ffa368a107887598f024e4d288b6d8ff1cf791efc28c9e58676,0.77,0.0003615,49534,111971,235,82585,0.0003615,0.0,,,live
2026-10-09T03:37:13Z,0x628b879c2684e8e8fe3490260450500eda838556,0x9d27eede6fb563ad70a359e1afbccd0abbcc1e4348f9a11c94d8f61fa631cd2b,0.64,0.0003902,51145,113732,233,89120,0.0003902,0.0,,,live
2026-10-09T03:37:13Z,0x62e6e533d3ad2634d12eed6f631e22b2cf7d4777,0x6cb2ac8fbd29852556e2df8289465d0bfa9054d4b1ab2214b23b2d88a3ea2c6d,0.86,1.996e-05,22309,26725,100,19924,1.996e-05,0.0,,,live
2026-10-09T03:37:13Z,0x6304cba108dce7660c58d67f56d75515ba22d777,0xdeab40f4ba867a5953ffe806498c46a01603770bc4d786b7d35d6efd7af75559,0.22,1.155e-05,16677,8584,40,11531,1.155e-05,0.0,,,live
2026-10-09T03:37:13Z,0x63378fe3b04bf7625a1ba1e6f68b329d8f817777,0xcf498fafedddc76e7d2ce68ee8ede83c1d1f89f333f6f90989a9c87c8fef91cd,0.8,0.0002236,50283,63306,234,51105,0.0002236,0.0,,,live
2026-10-09T03:37:13Z,0x63758166e7f36f2e68a15ef2a1d8a6d44de42efd,0xb7a5a496940cccadd7e7e8a2ba307555f1ee8e6581a4b671b08d2694178d087c,0.71,1.76e-05,15112,25148,246,17607,4.104e-05,57.1,,,live
2026-10-09T03:37:13Z,0x63c12667638f2ae6fc6ae09b43d98ec84a8586ea,0x0d023852c8ca6599d25446b8f78c61c17105e26af5c9761607e26326e78f5f2c,17.17,989.3,338032,50143,318,6516687,2791.43,64.6,,,live
2026-10-09T03:37:13Z,0x63c4171bf8003ce127fe4c6ff6ec248d4a13d608,0xf8facf2d96f1345dc3fc7cc8cb4942a3278e9c816e467f52719a5f4aa1c717f7,0.22,1.415e-06,23666,2269,42,14154,1.415e-06,0.0,,,live
2026-10-09T03:37:13Z,0x63c639888582d7a550f734c00b0949715d852205,0x8bbb30ea29e4d52d7fd52d78e7ecc3accef450d1d5166051bf8ead5bf3afb60f,0.44,1.359e-05,23155,3167,51,13599,1.359e-05,0.0,,,live
2026-10-09T03:37:13Z,0x63e75634b83df9ef98bfbfcb8a39173369837540,0xcbd646121eb7934f98816735ebaf3f5625fbf3b0265d363029c273c4b1d48fe9,0.72,0.000227,39228,58670,159,51857,0.000227,0.0,,,live
2026-10-09T03:37:13Z,0x63fe11730a977a6e1638109a9f2821cefcef390c,0x66e66caf2fe368188f4d3c2a8770b6cf1adfdd66abd992698d2e2eed7bd125a7,1.15,3.009e-06,5060,4908,122,3010,2.3e-05,86.9,,,live
2026-10-09T03:37:13Z,0x64148c0f28902ae9401077019aeb6b017587d547,0x4951177f820db7bbb81331543f443cb15c4f09090faa200273aa73df126f8692,0.48,6.081e-06,6082,2378,13,6082,6.24e-06,2.5,,,live
2026-10-09T03:37:13Z,0x648432c651c199462fafa997629a400835dca777,0x0fe8089ddf188d3f6c6747682d246c825f20bab2900257e92fc92c828874c6a8,0.31,2.31e-05,23539,53534,188,23065,2.31e-05,0.0,,,live
2026-10-09T03:37:13Z,0x64877c3da8f0ec25ee273a3b84d2e34975d0ca16,0x1a58e013da7c7a1788e098314d955901ebc77beaef9e1441f52173e856431a09,1.35,0.975,17765,99128,886,32503,4.55,78.6,,,live
2026-10-09T03:37:13Z,0x64de4965ddd715fb011cebd727b1458fc820bd34,0xec9c9795607894cc5a42a49ea5ad0aaff5688d17870c02cbb74b01accca73c1f,0.52,5.183e-06,5183,2519,12,5183,5.183e-06,0.0,,,live
2026-10-09T03:37:13Z,0x6524d6a14f1c54e651bbab6b357cf569668d0806,0xae1f64a77e89dcc2a32be4c948bb11a611d76223f77f3a1b37859bdaa5a9efeb,0.98,6.709e-05,53718,257793,652,67091,6.709e-05,0.0,,,live
2026-10-09T03:37:13Z,0x654a06912289629b4cd269b8ae697843be7086ac,0x0f1778abc87a7e883336756e5014eb07e4b079a5,0.56,1.519e-05,7635,0,1,7635,1.519e-05,0.0,,,live
2026-10-09T03:37:13Z,0x657bc2b091aef9c81e4d223ba7b65f9e7185e777,0x0168404bb70145dfbd7ed2ee23838d993eb7494e1704cf5ea10b2cb999684ffc,1.4,,,,,,,,,,dead
2026-10-09T03:37:13Z,0x658fc08bfdc806531df79f9ab8c3735456a9f0ef,0xd5eb1d2154694fd5bdfbe3e99c09aede296c9806934ba046d3cb18c5dbb0ce5c,0.31,0.0001319,29367,45934,172,30147,0.0001319,0.0,,,live
2026-10-09T03:37:13Z,0x65a574944d7242176f2d55db46c8003a8eaa7777,0xcfd727c50da8b1e1089ecefe28a3d29912fd84317dc0d5e084b112fa91602da1,0.16,7.394e-05,28432,4531,23,16896,7.394e-05,0.0,,,live
2026-10-09T03:37:13Z,0x6606c8101ff31b67f2007f41464d7b1736277777,0xbd5114aacefb34e72fabf0e8202c5cdae1ad58c57ca302ad3d81d56476d80075,0.92,0.0002651,54847,65215,235,60580,0.0002651,0.0,,,live
2026-10-09T03:37:13Z,0x660ccabe9198f64f30ba3d1672eeff79ee30c631,0x5e94e6e8630e3c990d1dffa727e5ed27b699ba385297ba4ccb9dd9a390edceec,1.34,,,,,,,,,,dead
2026-10-09T03:37:13Z,0x66a844fcbf4705dbde3c97394d5a4c9822e8f35b,0xc24358e11113cb53b2de3971028e3bb0e47991c3af8e5e10aab517a15b9f4a18,0.94,5.814e-05,22274,207826,2538,54353,8.402e-05,30.8,,,live
2026-10-09T03:37:13Z,0x66d22e477944be57c7fd2e98f1d7dca2a763a238,0x5e59113280df1bf3d132ed33cfe631ad249ac6ada9775bd3784532f1a808ac9c,0.52,1.246e-05,24214,579,7,12463,1.246e-05,0.0,,,live
2026-10-09T03:37:13Z,0x671b10853db92f7fabf11f84301c9607d2ac1e18,0xf37ecdfe982c042526d055a722aa8e272ad6b95cee56a492892b42ee1b3a846f,0.2,2.108e-05,21077,3343,48,21085,2.108e-05,0.0,,,live
2026-10-09T03:37:13Z,0x672b70521b77265dac15b48267282fd629468777,0x1115ce26e4d91821d1a709f7b81903ca345975ce16282025d1db8374bcc2c829,0.95,2.04e-05,22533,53855,187,20367,2.04e-05,0.0,,,live
2026-10-09T03:37:13Z,0x676fabd78a46b9e3db81d9c623727e2a75877777,0xded649433d518fa0eaef2944c15a7e146d7b2f77277577c739ee2c170bbe3e02,0.97,7.063e-05,28243,4708,24,16138,7.063e-05,0.0,,,live
2026-10-09T03:37:13Z,0x67c51c928d5d8383f3a58fc591a4e6f6463949ed,0x77d31f9362c1c9cbe18d091dabe7568ed8316fd27d2469ea11e41cbc9d3912c0,26.75,0.0002373,23740216,1431984,181,99849172,0.00026885,11.7,,,live
2026-10-09T03:37:13Z,0x67c9b7f4269e29daa0c7ab3d9f0307e681c955f5,0xc258757640498d2106fa6a13ff46a505b50774f2cb1a8685173b48abf7725081,1.34,,,,,,,,,,dead
2026-10-09T03:37:13Z,0x68075d4b89b459effd31e74515c19f1d6ea771c3,0x0df87ec9a9f47c14e0581180293472eda2c01564b21bbaa891b3f072759b6b67,0.58,6.314e-06,6315,5320,31,6315,6.314e-06,0.0,,,live
2026-10-09T03:37:13Z,0x68becc6f4938262b39d137357dd1a3c598281e18,0x8c813c836aefc224bf4d7387cb25e0acff07e5ecfea8e9e82402602524c165f1,0.95,1.987e-05,19874,20,6,19874,1.989e-05,0.1,,,live
2026-10-09T03:37:13Z,0x690620801b7d4993638924e1ee2bd53e69e41e18,0x8574880d2798846a75624b0f8f48440dffe7e435caf43013c920ff077e0b6e59,0.75,1.998e-05,19986,10,9,19986,2.006e-05,0.4,,,live
2026-10-09T03:37:13Z,0x69066104c208e6fa66f3a432551a20be7443f507,0xde4df4ca497182bdce0a2385ef01f4a45bc5d6e12daaa6c46890ecc048a5a3ec,1.53,2.611e-06,4718,102,9,2611,7.771e-06,66.4,,,live
2026-10-09T03:37:13Z,0x691cf4d66bc40ad06ae9cde874a54d2cddce5777,0xbda12e448b1a46bf38c0d7ffd3bd3a34ae00811aa2fecead2f61756b42e1b9cc,0.8,2.327e-05,24084,51889,187,23231,2.327e-05,0.0,,,live
2026-10-09T03:37:13Z,0x6933a6240fe5a54d53ce065fd440561d23957777,0xe92741c49bfc32cc16e653e0d8855699c2729b45c94a2fcc1f5ea76dab0d3fbf,0.96,0.0002263,50655,56858,228,51727,0.0002263,0.0,,,live
2026-10-09T03:37:13Z,0x69344e5bfb42d19174d8a335601e8c1c288ef35b,0xe5cd7cc4d13374f8e7b94979d5efd0341ce45fc6427020ff72d574c635eb3cac,0.67,1.01e-07,10105,3917216,11871,10106,2.255e-06,95.5,,,live
2026-10-09T03:37:13Z,0x6946659d5510c9ef1ed54af8c2540c2044f354b1,0x484ff275a7685ffabd5c689dc4015ddeed38a366745c2be7bca917749eaf5673,1.44,,,,,,,,,,dead
2026-10-09T03:37:13Z,0x6946cc56aa804db4a1f891583efb8a4d8002faac,0x601d5227be714cabfae1c8fb00707ca54ed0ece25c31ae3d8f5d8257ef188fa9,1.6,6.506e-06,6535,11731,214,6507,1.959e-05,66.8,,,live
2026-10-09T03:37:13Z,0x6987208517acf09614a10ca9526089d4762a1e18,0xc905fb142dc0d09af28e620c6a0dbc7a7ec9a8d84a40faae73922aad01417d8c,0.58,1.991e-05,19913,692,6,19912,2.069e-05,3.8,,,live
2026-10-09T03:37:13Z,0x69f045c79e398b78a8310e21ef5bc287ed3d47d0,0x899e5f516c9442df1325564ce3cd99a73551295779316b6165fe285496822519,2.15,2.695e-06,4787,19,5,2696,2.532e-05,89.4,1,False,live
2026-10-09T03:37:13Z,0x6a289508b27eb310188f9e5ea21a0233dd671e18,0xb5a00dda09d7c60f0c0038c433a474de9fe9b094381ce6fdd1c2c011741ecfc5,1.42,1.892e-05,18931,1,3,18928,2.015e-05,6.1,,,live
2026-10-09T03:37:13Z,0x6a6a57d1e94eb586c5b505a1c81434bda3d6ed97,0x104b7921a26f5b6f63068475ff20634c46f8df8a0eda01b04ac5696e4ba849f3,8.58,0.01402,1406445,664516,88,14029785,0.0223196,37.2,4,False,live
2026-10-09T03:37:13Z,0x6b3331bf6134febd5444831c49d83782eb201adb,0x408c6774843d12baec0863c132a7a21142d8cae48a012b3f2ed131d3a3711fb1,0.83,0.0003052,45578,81917,241,69718,0.0003052,0.0,,,live
2026-10-09T03:37:13Z,0x6b476cce6f655410bcb3fe90d388b95731098777,0x34d102e75c10e1fb91289aa48e352500ead5ff5553d138a09729ed541672fcba,0.04,1.735e-05,20428,28042,88,17316,1.735e-05,0.0,,,live
2026-10-09T03:37:13Z,0x6b5765f3f9d955555f7da581b3bfd98cb06647d7,0xa2f54e61931c57ce47bba56f575ba59cc2bbfebad9682f4e1ba27036cfa232aa,0.48,6.107e-06,6108,1525,11,6108,6.107e-06,0.0,,,live
2026-10-09T03:37:13Z,0x6b580880263a581592b2df04a3c71aa38aae497d,0x7f993827295949b0439cf523b8615dd2c71cdae30e386bb4ef7d3e66c02cf939,0.55,2.524e-05,25249,273755,326,25249,2.536e-05,0.5,,,live
2026-10-09T03:37:13Z,0x6b7a6bb23f96d175442e0a26518fbc8caad9561d,0xd86e2ddd5251b49c4cc7d34d2d1a8f70cc4373bd99295df251111b9b9cc8eeee,0.14,6.306e-06,6331,66340,2644,6306,3.288e-05,80.8,,,live
2026-10-09T03:37:13Z,0x6bedacab9a1a620e6fb6d9b42536fed1181b198b,0x9304584b3b1bd43ca41112599cb58ace025e7bf4,1.39,,,,,,,,,,dead
2026-10-09T03:37:13Z,0x6bf3a3feaf4b952b24c75be301fa203cc94bc777,0xd3cfee17eb6161ced901adcfb88d6ede415f3757ebb338246a1468794adb8e79,0.64,1.749e-05,20761,34076,131,17458,1.749e-05,0.0,,,live
2026-10-09T03:37:13Z,0x6c4982bf2e7484f8f8c45b90f654f2c21b4f71b2,0xbee880d9aa13e5fa06466c076cfd9bee40c056eb7cbfec842837e231ba73ec78,1.42,,,,,,,,,,dead
2026-10-09T03:37:13Z,0x6c4f7472deaba2d2fd37a090a757f456eca8c154,0xf903f70ede0b6775ebeb6815ea5edef220903ee0c5795d04508a27bb7e49d1f5,1.39,,,,,,,,,,dead
2026-10-09T03:37:13Z,0x6c78fcc4f84fe7c240d957d6a688ee1d11127777,0xd85c7eb563352b6123044d80d9c7affd172a9d0348b53aa2f29f6e991c4cc3fc,0.32,0.0002169,48592,56911,225,49561,0.0002169,0.0,,,live
2026-10-09T03:37:13Z,0x6ca34e63f0f2adefb6369381d26bc6627cac4e6c,0x7a2968084788de6993a45f6eafb331a2b9da611b380b174e6f987c60f6ea0f56,0.46,6.073e-06,6074,0,1,6074,6.073e-06,0.0,,,live
2026-10-09T03:37:13Z,0x6cb4ef2424e5c7bbd361a4cfdc9e6644a83aa8f6,0x27351e3edeff5cfa74a92c4c828a44e2ab6ddc378cee1f09101ce3ed76719cce,0.72,0.0002588,41871,88178,241,59112,0.0002588,0.0,,,live
2026-10-09T03:37:13Z,0x6cdd0d895022afb8e42d707c92f534d0ddd7f777,0x853d0964e50c0928f4fe5a63bc10e0236f4f63a08ac27a8a281d2b4af19fb80a,0.97,1.241e-05,17569,19389,74,12394,1.241e-05,0.0,,,live
2026-10-09T03:37:13Z,0x6d33e391c56fb0ff5da5ad6be0a2b065945b7777,0xe5dbe6c88868c594e2f13608ed2a595a46b8cea5a735c10296653516719e13ad,0.67,0.0002188,49493,57974,224,49994,0.0002188,0.0,,,live
2026-10-09T03:37:13Z,0x6d4f8916d923be4625940ba13791a166c13a5ba3,0x9673771cf5a97c77f2fdbc51495403eecd32930ddc449b01250d55d012e47376,0.1,1.02e-07,8681,1434,50,10209,1.02e-07,0.0,,,live
2026-10-09T03:37:13Z,0x6d5e48bdfc293def3834b34729163681f521305d,0x2a374c1a112b16f2f943ba8a763c5091298598ba03f5153fccc44613282c3a54,0.82,0.0003699,50129,99735,230,84493,0.0003699,0.0,,,live
2026-10-09T03:37:13Z,0x6d900825b3be5da55f8169443c0fa252dcc72617,0xf577d081a825b31fbfa98e34f9558b32a6710a2d467a487de86cbe25584729b9,1.51,,,,,,,,,,dead
2026-10-09T03:37:13Z,0x6d9a3e67049fd78eeea6cf25e228cb163208e777,0x992e9c2cee204d01a618d58bf5a7105f5acfb06c1e5c274c58026d0c57f7e39e,0.98,1.652e-05,20288,29179,112,16488,1.652e-05,0.0,,,live
2026-10-09T03:37:13Z,0x6e078d408a44015d09c72409bf70b9f329797777,0x09d6f7df783379b21fd33c6208ca85f079af25961d77c198f4eea35279561373,0.84,0.0002402,52231,64725,230,54903,0.0002402,0.0,,,live
2026-10-09T03:37:13Z,0x6e07f85fa7ebf6f5cae4d828f044c3e6374f10d8,0xc37b4650a417242acc2a4411407eaff9103bf8c8978050cd7c79bba2875df09c,0.71,0.0004794,128322,5155260,10944,479433,0.0006743,28.9,,,live
2026-10-09T03:37:13Z,0x6e130c7b3d2876fefea2855a74237c3285da98c1,0x95c0612478e959ae4ecaea140ed6d6c269a8015687311a0f235148f79814659d,0.35,6.132e-06,6133,30,3,6133,6.132e-06,0.0,,,live
2026-10-09T03:37:13Z,0x6e160d61b8687c8eece355e7d082779547e07777,0xd07e43b0e76fdfcfecdce581c3ce511576c053164c038799d27018913a4e4c1f,0.08,0.0002373,50993,64995,236,54232,0.0002373,0.0,,,live
2026-10-09T03:37:13Z,0x6e293aae216fd7d4ba146a32d53745a87ad09c30,0x32a4b900047e7e50100d8667b7bca78d34e614cfc08f6d8f4ff6865195053295,0.57,2.486e-05,24866,778779,2009,24866,0.0001511,83.5,,,live
2026-10-09T03:37:13Z,0x6e48a501186a91896f9b797e83119420a7d27777,0x10c563f7bcd3da93de4f48eee5aad382cbeb25b7e41142d5c5ddbe2c55dfb76b,0.88,2.361e-05,24251,43552,162,23573,2.361e-05,0.0,,,live
2026-10-09T03:37:13Z,0x6e7544c1b1fb4e5e1b815ae1a23bd18f9a41aa12,0xaef1ef70a01341de132a385a68ea32f7027791be635de57b2a09b2fb492d8447,0.23,0.0001536,31750,35417,116,35088,0.0001536,0.0,,,live
2026-10-09T03:37:13Z,0x6e845db4ead67ed04fb3519f69e4c4c617ef67b2,0xaa716d1aaf22a055c2d31a1253f1dcccc28f151f,0.08,2.915e-13,0,5815,13,,1.596e-05,100.0,,,dead
2026-10-09T03:37:13Z,0x6ea9cd660470358c1712b0553bfa76774db5ac4a,0xbdf06568fbb4c200c5992e65c67183d616f89ee69cf15364d33e6cef81916a40,0.76,3.998e-05,16466,2113,12,9132,3.998e-05,0.0,,,live
2026-10-09T03:37:13Z,0x6ecd7a45582145c52faaf31e93d7082fdc95d777,0xaaa68aa074120eb4ce192b3797734f8b3aa58cd82d54460e72193474408fa621,0.88,2.419e-05,24498,51235,179,24143,2.419e-05,0.0,,,live
2026-10-09T03:37:13Z,0x6effbf4438140222b8a6e7bd0dc3245206946fce,0x7c01efade09995658699ed3c0519628af562bc2823032abd4aed7556c85018e5,3.38,6.607e-05,23749,39133,450,65419,0.000955575,93.1,3,False,live
2026-10-09T03:37:13Z,0x6f4fd4dd91896a71d2c79fae6ff7e8b19d253d34,0x61a0d40ab85e2bc0ab1289d87033c6f97b6e1573,1.43,,,,,,,,,,dead
2026-10-09T03:37:13Z,0x6f653576baac2d63d66609d9017654e0d0742de4,0x48bfc2d4f2af50e2a43831603c7ce8928fc028e79ba5c373669471f6825bb9df,1.03,6.436e-06,6436,13,3,6436,6.473e-06,0.6,,,live
2026-10-09T03:37:13Z,0x6f7843c06720522982bfe0fe4c9c618a1248e276,0xde6338044ef1a72a8d5ec0e9f21d2179d766ffd1f52e78603b40f3979061ed9f,0.85,6.403e-06,47994,43441,226,64034,6.403e-06,0.0,,,live
2026-10-09T03:37:13Z,0x6ff51d16f84221ecdfb0c3aa74b729370fced777,0x6775587703db43d1f3bdc867f7a32e87e2f8ac282cea6603947094fe0e89a76c,0.94,1.621e-05,20082,15248,59,16181,1.621e-05,0.0,,,live
2026-10-09T03:37:13Z,0x70087c3b47c67ca7b9aa6af2a03fb364ca5a6cb8,0x97f630c1f950811dccb48ad81ee57231da4d4ac4faa1719356b83e74ce2963eb,1.38,,,,,,,,,,dead
2026-10-09T03:37:13Z,0x70264dab0d1584f3627424be178d5a9c2a1cfee1,0xd7422ac56d9552299291770e3561d8b40b7d34807a3cc2740c67014e7a1f2adf,0.11,1.017e-05,10180,19,6,10180,1.017e-05,0.0,,,live
2026-10-09T03:37:13Z,0x7042254a821c390bc733c186181255b35f207777,0xae65c4997d99fb899bebaed3bc9e26cdef8f6c6daf233644561f69c9d7a5456b,0.91,6.166e-05,26433,386,2,14091,6.166e-05,0.0,,,live
2026-10-09T03:37:13Z,0x7075531527b014a94a1284e09dbcb2d7dc482777,0xf7a59de55f10ed9bbb31fba2114afb08a5a522331adf90128bc947896b95f7e9,0.06,2.58e-05,24942,39806,144,25757,2.58e-05,0.0,,,live
2026-10-09T03:37:13Z,0x7082276f276e03efab82ce876f95255dac0d1ba8,0x29532c008483a52d05d8eafa575ea8b41c28b50f104dd9219c56c06d7c9dd812,0.64,0.0001797,34718,49242,172,41054,0.0001797,0.0,,,live
2026-10-09T03:37:13Z,0x70b756b2caf65a7fcf60c9faeff138e19c691721,0xddce654d2f471566f8e97f979f072ed4d5cbc6449f7748f3e38037ff76f9bde4,0.32,4.094e-05,38894,37479,80,40947,4.094e-05,0.0,,,live
2026-10-09T03:37:13Z,0x70f64d555e5077ec51c9ebe5867362c6c2b0e3bf,0xadf3539bd4e87ece51376c5f6602ca2c4f25d400,0.37,3.889e-05,19593,7568,24,38893,3.889e-05,0.0,,,live
2026-10-09T03:37:13Z,0x7143a00b24faf845dc7decf5ccfd2cc5ea9c7f7c,0x6dca94afe306d3615e92f3507d5cd37d6de3dd356441fa7fd8ad1f433e640598,1.4,,,,,,,,,,dead
2026-10-09T03:37:13Z,0x717d38587504b79e2e888c860bd1569c0d5984af,0x8da021f34c2f2a95696c4fd842b0cd0cc4e18468,2.46,2.897e-06,2882,576,22,2898,0.01924,100.0,1,False,live
2026-10-09T03:37:13Z,0x71cd05fef0c0029d1c4ab9c539050990c3974ba9,0x5aebf1c3e6b52bce318ee45e9e244d422a17676f6054f568485a99cc2afc3da0,0.56,7.859e-06,47274,46619,229,78593,7.859e-06,0.0,,,live
2026-10-09T03:37:13Z,0x71ce4b2cfc0aa966ae3f35fb5df752fba6543777,0xb609a152ee2170278f813c90323bac89c4680c125ae220e35f6f6bee36055083,0.47,1.724e-05,20185,38001,147,17213,1.724e-05,0.0,,,live
2026-10-09T03:37:13Z,0x71d2ff6261d5368cfbdd01b82a0746807999acc9,0xb80e1412b7a07bebf2a635169cb41886f823e950b7fc4b286c2b0118a28234f3,1.39,,,,,,,,,,dead
2026-10-09T03:37:13Z,0x71e90ac4da3fa0bf129d3d49a290bd9d9d085755,0x0843e8aefb01ef1b44ec91181897249628b011c74b01dfc601bad2d38aa5351e,0.36,7.277e-05,59922,28201,83,72778,7.277e-05,0.0,,,live
2026-10-09T03:37:13Z,0x71f8b06fcbf081ac3808f2b8fcdf0cb1fd2b7777,0xa91d07035fb66b38867451be020c73b5161e9738e4ed50b0dfb34a4ab6de237f,0.46,9.048e-05,31103,15364,64,20673,9.048e-05,0.0,,,live
2026-10-09T03:37:13Z,0x7240b7baa4f985784c1152086829da541f18f777,0x5abeb3358ca7aa8067dac3edf1727496706a16d5a6fe453243cfb93f08e0814d,1.43,,,,,,,,,,dead
2026-10-09T03:37:13Z,0x72558c6d7964611e96e3f65a96002e32f0a3b89a,0x4eb607be1146d8a9eef1546cd5e48d9abf8e20b6ed817fb58717c59fec33974f,0.47,4.276e-05,40183,87892,143,42769,4.276e-05,0.0,,,live
2026-10-09T03:37:13Z,0x72d1a06d5689434a05c2b348c31518dd62b8f777,0x912de25e05b8025fefc2ee0c23e61c7d823416ff0a99af8b408a43d98129adc3,0.68,2.072e-05,22590,35040,138,20685,2.072e-05,0.0,,,live
2026-10-09T03:37:13Z,0x72e5fde226b90399ad44cc99a8f90c21d43b7777,0x055187ec5e1b6b3eddb26780f2fe3f0459022a6061074a523fbff992ac1d597b,0.07,2.198e-05,23021,19107,70,21943,2.198e-05,0.0,,,live
2026-10-09T03:37:13Z,0x734f4faf519a4e255ad7717f369a70f4918efc29,0x58b32dd12f09a7f8d4ffda53b4d76f42b83af70ad5a335a5bd2a64ce0d20c476,0.17,0.000498,7471,0,1,7471,0.000498,0.0,,,live
2026-10-09T03:37:13Z,0x73799c6280328cb219c09bb96ed68b13dd5240f8,0x2795ca42132706df44b87c403107de2727b99fd67890eea3b04693810a824bce,0.83,5.694e-05,38120,13934,54,56946,5.694e-05,0.0,,,live
2026-10-09T03:37:13Z,0x737ea86e89cc249aeda569a42d2f0da2f6fef777,0x6c915168e67321374981a267558b8e87008fd4d438b14ecd63730c3561fdab5e,1.47,,,,,,,,,,dead
2026-10-09T03:37:13Z,0x73a9804048c1245781e65b9fc89b9e77738144ba,0x4fd7653bd32dd254939f147b46dcd66f3ee65d973371cfe1eea2b93cc49216cc,0.86,6.449e-06,6449,1289,10,6449,6.449e-06,0.0,,,live
2026-10-09T03:37:13Z,0x7422f86d11c2f3c8b99fdcfa1d49058323640f70,0x9c1654306f29dedc644e1e90ef35c6c1d272ead179a8063de99e54355ce691d3,0.76,4.773e-06,191422,12874462,15747,477333,1.759e-05,72.9,,,live
2026-10-09T03:37:13Z,0x743e96bce2de953637c3070c3790018f9bfc1e18,0x76c8f2fad35249b50f0d8889fd721c231afdc22f1b16ea2e2eebdaf47343dcff,0.43,1.998e-05,19986,3,6,19986,1.998e-05,0.0,,,live
2026-10-09T03:37:13Z,0x744816b6f63c47339c6e80a6766df1db686bbba3,0x02a71b747f1b0e78425ec3592a89dee07c63030f90aff3e75d013cbd6da08997,0.51,1.014e-07,8640,9382,164,10143,1.114e-07,9.0,,,live
2026-10-09T03:37:13Z,0x74bd6a07b3e11374f8dfa18a16e188b3c0213834,0x4cb954136de71e5ebb4402824498e11d09b2df42f14ae53fb14c7c6472386ec5,0.12,0.0002283,38700,79207,240,52144,0.0002283,0.0,,,live
2026-10-09T03:37:13Z,0x74e631e10d7b039d4f12fe503263787e9970951e,0xbc3902718150de28f0bf1deee6d30dc46342aa913a70adb742445c40fc741364,0.47,1.082e-05,17999,2983,51,10822,1.082e-05,0.0,,,live
2026-10-09T03:37:13Z,0x74fcd68a918e1579e2de67894d93de463343a31e,0x43eaf355194e3946c4a6df7947ceaff6fc7d0622c6867f60b95eca0f73229b20,0.05,0.0003242,46131,103027,237,74068,0.0003242,0.0,,,live
2026-10-09T03:37:13Z,0x752486ea6bc08713d46c5be44a5249703c9d7777,0xe1854e3ad73fcf2441fde0d454fd7ed3275e2af7f169e49e76aa88c89e40f373,0.16,0.0002739,54684,68756,235,62588,0.0002739,0.0,,,live
2026-10-09T03:37:13Z,0x753569c0a5fd72a9e0a433b7e91309f096200a40,0x13fe32afd7391f1bbaef157c80d1578624d158b262c5f13b2390abb131a857f4,1.4,,,,,,,,,,dead
2026-10-09T03:37:13Z,0x759c8f52e76386ebc4eb376dee516a2babb025d1,0x39a0185dadb20e3d93df38a13abb2a7f271d8a603341584f1bac1f2117cbe153,1.35,,,,,,,,,,dead
2026-10-09T03:37:13Z,0x75cdeaaf2b6e1e3793af744f2b7518b841637777,0xa7c1332755f1588b566928156be20d0c785822f05ff091d02a739e28c12fe37d,0.92,0.000257,53989,59166,227,58735,0.000257,0.0,,,live
2026-10-09T03:37:13Z,0x75f2a37539220a83ca2ea5b470815e284fd17777,0xac1d9faf3d733f1e770fa91241c27655142298282a2453fb6a8b60417e75d0fc,0.9,0.0002164,49551,62608,233,49450,0.0002164,0.0,,,live
2026-10-09T03:37:13Z,0x75fe472bf9e2e8bd208d898e5f99a9e1613aad97,0xc891fea9173a34d2556cf05075109f6057a4e5360989f4abf11e956784067027,0.47,0.0002103,36821,51648,181,48049,0.0002103,0.0,,,live
2026-10-09T03:37:13Z,0x764d7c9e08196195613371dffa69ffbc5f54e065,0x87f22b7353e6a369da147f2a77d0f07167e7d07386826afd8482f52855c9f5e2,0.45,1.326e-05,22542,2970,49,13263,1.326e-05,0.0,,,live
2026-10-09T03:37:13Z,0x765a6c0f077c60705d2cf7637e06e1d2243c7782,0xb603af66095810932fa2ab81a77512b5b4d9d676920f1d4b9fb05861301a4b88,2.06,2.64e-06,4182,52,5,2640,2.206e-05,88.0,1,False,live
2026-10-09T03:37:13Z,0x7686e21ca4ddef294ef662edb82ac0acafd07bb5,0xa29e1c6416b48797662cb9be66f9cd6a4d80694a7978c81e485abd0017467b73,0.05,0.0001542,31815,48158,179,35236,0.0001542,0.0,,,live
2026-10-09T03:37:13Z,0x76d7d3ca9af530b798b98bfeb2fb63fe3b01d5d3,0x3bad19a39bdcd41df2f5190542a009c2a66365f7ec63dc6288be46c58833a58a,0.69,0.0002992,44809,83383,235,68343,0.0002992,0.0,,,live
2026-10-09T03:37:13Z,0x76d957d07075c90b58dc2475f49087a862cb4315,0x710df98fd828a0b4ab8fb9840b855fbbc7127ee3,1.21,1.926e-07,13897,20841,145,19264,2.12409e-07,9.3,,,live
2026-10-09T03:37:13Z,0x76e4e64696096bfd728f1830b3ed62f5dd3c85f7,0xc468cbd213772d2a46b6f61ce36c4c42734f74c5e6beb03d03573178685634ba,0.17,0.0003504,47936,115960,232,80034,0.0003504,0.0,,,live
2026-10-09T03:37:13Z,0x76eb2f64217b3763f47b4a14c039f8b94e921e18,0xca061ec61f0a01e7f3b05f16746707db97c9131a400a8447d0c8332eaeab0a8f,0.2,2.102e-05,21021,1817,57,21029,2.102e-05,0.0,,,live
2026-10-09T03:37:13Z,0x771e3e41813761315b87ba5a17f3ac00c4c8d341,0xd7b199a6871848c46d699234c2aa37fd537cf485f953ea84ab311711541e8f43,0.45,1.433e-05,24626,2948,49,14335,1.433e-05,0.0,,,live
2026-10-09T03:37:13Z,0x773735fd6e534e948356edec44cee2a795661d04,0x9e9cae3192586ed4a69d027215aa1bb7c95f909c33b48afd4eb9b47d7477c4a4,0.44,4.179e-05,16338,1579,6,9546,4.179e-05,0.0,,,live
2026-10-09T03:37:13Z,0x773dd49846374ac551933515f60e88faf4f733c9,0xaf938933cd3ab6ed2c5794c98ddc35fdf90d91fc81307dfaf12459e3dc7ddaee,0.08,0.000322,45994,100194,236,73551,0.000322,0.0,,,live
2026-10-09T03:37:13Z,0x777704f29e4959eb83adfb6851404c34f0f1b36a,0xb21ba6f80be337a59f0fc882dce0fe6dcc56041327b73866dfeaeec21a418cf8,0.38,5.216e-05,18336,4241,16,11913,5.216e-05,0.0,,,live
2026-10-09T03:37:13Z,0x77913810f4a423342b075cfc2f6dc9162f9d2735,0x5dda48a146e2bb58ae03b66736c86f7381f1e69ccc1b230eb3904cc37de12d6c,0.86,0.0002508,41248,73393,228,57293,0.0002508,0.0,,,live
2026-10-09T03:37:13Z,0x77c6d5a89a0440992bec05c0866e0ec630bfb09e,0x8230c86ff53a22953d47bb5c99e361cccb49677d84d72ca8ba00f5ae71390897,1.36,,,,,,,,,,dead
2026-10-09T03:37:13Z,0x782e7f9cddad9eb79e2c98bbe8f0ba21b0aa63aa,0x44ad39be34da319c699b7bf74ae5594d19bed0de8528f4f1cb9875f98ab5f9ed,0.52,9.594e-06,18455,706,7,9594,9.594e-06,0.0,,,live
2026-10-09T03:37:13Z,0x7839a86230e84236bcee88e7de0dcc80ff451e18,0xf0035cfce878a1998933e9b10e33c89519304166bdbd56628bc833256516d398,0.25,2.001e-05,20018,3426,33,20015,2.25e-05,11.1,,,live
2026-10-09T03:37:13Z,0x78426118b19fc6031e595719d43b5f9bf7137777,0xb147839c3b1192325c09a2bc3bc6610c18dc4ccf2f00321d9149d70bd15d9230,0.85,0.0001694,43818,55780,208,38710,0.0001694,0.0,,,live
2026-10-09T03:37:13Z,0x785650a35682e2851177dbe6ef545876383208aa,0x0bbb22fd13e2f9f23f7985b030a0543f765b8f71b1424ae9fb42bf3f29be03e2,1.56,1.369e-05,0,0,17,277,0.0006263,97.8,,,dead
2026-10-09T03:37:13Z,0x78ea8484bf65eb98a89971716387b22823db994d,0x1f090fc3d9d756c475e19af14850273508fafb6d22acfb265ed39d17812ce80e,0.81,2.152e-06,19230,7869,58,21525,2.152e-06,0.0,,,live
2026-10-09T03:37:13Z,0x78ee206d9f80a7e44d71d0e22cc4e60a49631e18,0xa87e3d4a90298f59a4ba835ed42640d524503745a603a651187aba98ac3f8c78,0.97,1.987e-05,19875,201,12,19875,1.992e-05,0.3,,,live
2026-10-09T03:37:13Z,0x78f6172a45ea80bc33f4403f57b9e51f7706bba3,0xbc67a4d8ee23fa6122ba2714a7193d41a0f468178066e3a2365987ceeefc4ba6,1.08,9.571e-08,8136,1,5,9571,1.014e-07,5.6,,,live
2026-10-09T03:37:13Z,0x790edc4db7ed0605bf28749fb8e257b3d0e2e112,0x9f98e8d6b33f7d43e8cd130fba271616d4a6973702c839e55cdaafd4ae91917d,0.48,6.126e-06,6127,1561,10,6127,6.126e-06,0.0,,,live
2026-10-09T03:37:13Z,0x790f3fa8c75c18c160a47825a1f9313e89910896,0x04fe85bad6114c8ae62a1fee561d2e7e4eaba8306382c8d889e29092a3f1aed6,0.58,2.628e-05,26272,521,5,26282,2.628e-05,0.0,,,live
2026-10-09T03:37:13Z,0x7930079caaf4687d314156240380077bd4c13ee4,0xd638b0edc197ed9aa447530663a916ea60783d384607f13b1353678b03404292,0.69,2.546e-05,25467,2,3,25467,2.546e-05,0.0,,,live
2026-10-09T03:37:13Z,0x79bf943c1456ad4169c6acfa1e66dab3f0e61983,0x38e62ba82225fc56f9b74cff1ee66d4d350c369454362dd3622b8c4d9e15ca2d,0.84,6.438e-06,6438,1290,10,6438,6.443e-06,0.1,,,live
2026-10-09T03:37:13Z,0x79c8ce95ae5ef8b96b0e7223bb02ad8904408a5a,0xdee453f8b1a066f77a3cb7e5f36891e8c4f8c04cc7a2ceb0c86c5adba1afa028,1.44,,,,,,,,,,dead
2026-10-09T03:37:13Z,0x7a05481251ea04fdd0982c57d20b20f3d1827777,0x92a88bf6be19d893f8ebd4a3358c01cacee691501c41c9aef3807b6909a10d64,0.93,0.0002284,50903,59980,234,52198,0.0002284,0.0,,,live
2026-10-09T03:37:13Z,0x7a373e4dc79c1b2373f02024d48be838dff26777,0xd00f935a339212a3e8f7efc500cb4362cbb9aa5d9dabef99dfedb0c7854819fe,0.34,1.913e-05,21344,37478,138,19096,1.913e-05,0.0,,,live
2026-10-09T03:37:13Z,0x7a375fadfddf1a8fcfe2572b290b23e09ecabad7,0xd9f8e641fc0bc0e46def14860e023116e0d02beb4a7a69129255df31adaa5154,0.35,9.042e-05,69619,42592,179,90429,9.042e-05,0.0,,,live
2026-10-09T03:37:13Z,0x7a449e319d39e24e0781d226f26b8da73837b777,0x20d0d83b0f2ad685f3306995de506b4d223d09ebbeed4e8d2661c44462fe0c73,0.35,2.503e-05,24420,47272,181,24990,2.503e-05,0.0,,,live
2026-10-09T03:37:13Z,0x7a53cd4f9bf5274c6b4812847fe4272020e39269,0x5d4d2b274cb11c7f2798bc4ba26dd7e25a22ad90d08dee117cc4bff0b5d8c852,0.75,6.219e-05,20545,11468,35,14204,6.219e-05,0.0,,,live
2026-10-09T03:37:13Z,0x7a64d72c0b9519f35d14044c8a4113c7f8023e3c,0xb71e4f73c72a646b46b0079a048a3217d8d52f2ca210c2bcbd019c3637513df3,0.94,0.0003332,47550,85501,241,76114,0.0003332,0.0,,,live
2026-10-09T03:37:13Z,0x7a85e2ee2bb994d83f85f73d56b19ebdc23bb178,0x39609205fdefe66f439aca0eb85c0beb8426796c,0.14,1.199e-12,0,28202,25,,2.582e-05,100.0,,,dead
2026-10-09T03:37:13Z,0x7aae2a88c57dba20456ae52e2c60537b54438777,0x46379698b5131213e03ed356b0b2a4df612729c92ba71b36e9931c334a54dde9,0.84,2.576e-05,25373,53524,185,25717,2.576e-05,0.0,,,live
2026-10-09T03:37:13Z,0x7ab0f0634d5adcfa54d0ec7a028a567a27498777,0x356ee2d29b9af68f1cd35622a6081eacd9fba479c515efa2dab8cac0b93a01f4,0.99,2.666e-05,25775,58048,189,26612,2.666e-05,0.0,,,live
2026-10-09T03:37:13Z,0x7ae9ba1f764fcf03974f51af3b102c37dce80468,0xfc97f276356d2e822973cadc33776be54045bfd1b35f49318121648251936d25,1.03,6.965e-06,7013,2132,41,6965,8.691e-06,19.9,,,live
2026-10-09T03:37:13Z,0x7af5925f1e1e23eda11cefbd3badf6b9c7ab17d7,0xedfe4df0b4d328217756e903392224684cc237e8f2a666fdb5f23ece08c1eb66,0.94,0.0001382,86032,305482,884,138283,0.0001382,0.0,,,live
2026-10-09T03:37:13Z,0x7b2ef9e1b4e86c031ec138ecfed625dc71533e85,0x7626fc09334bcfe52d19a67f324cee42c2a90cf3,0.9,0.0002816,225320,3,3,281650,0.0002816,0.0,,,live
2026-10-09T03:37:13Z,0x7b3e2cc2cf2669300a664aad8208544b9278baac,0x647e9b4632864b88ae6e76827e810eb869ba36207e3d77fadeb79b4cd088cff7,0.44,9.945e-06,9945,0,5,9945,9.945e-06,0.0,,,live
2026-10-09T03:37:13Z,0x7b788a68d78798fc841d1501af551e71d25eb2a7,0x87e0f8b63c534b22d16e82779de425c00ebcf84d,0.6,2.518e-06,2530,1068799,3272,2519,0.0006476,99.6,,,live
2026-10-09T03:37:13Z,0x7bff609f79e59f8c0ee4d4718c88054c8ccc2886,0x3578dda368a0e8f16e4b8c46f84120c7fa17d8d6ec9f139949be6cc6237dc6ce,0.83,6.445e-06,6445,0,1,6445,6.445e-06,0.0,,,live
2026-10-09T03:37:13Z,0x7c0cbb3c0427b8a709da3cc63836064cb60d982e,0x23ee6f5b1c3ad46dce92995126f68b6711974b35ee606ac81add3cc381474a78,1.35,,,,,,,,,,dead
2026-10-09T03:37:13Z,0x7c1e255e47808be732555789bfcbdfda3bf1e876,0xa5ef1287e441eec50ae61cc00d5715c0a2d4ab76191e85c89b0d7656ee68a7e2,0.89,1.296e-06,12966,63,6,12966,1.296e-06,0.0,,,live
2026-10-09T03:37:13Z,0x7c9723aa51fe002e90536adcec64832d3bb260c7,0x0f0ad77c60aa397ad77a9d0eb0c55989c5c7625511439d7765ccf6f97e99c2dd,0.47,0.0002684,41595,80272,200,61316,0.0002684,0.0,,,live
2026-10-09T03:37:13Z,0x7cc1c25a8c64cbd5defaa865fc6632d4d0534fcb,0x40b05b055c513f1ffe16f9bbb3b36e4229a1a68a08acadc94f19a4b2dc248802,0.26,7.457e-06,6712,0,1,7457,7.457e-06,0.0,,,live
2026-10-09T03:37:13Z,0x7cd1aa57e7e73d53b4d4b49370c96066cf4f1634,0xb281e514c0c143634338e803edcdd7974ab9ef724dc215360bd3763622fb5a80,0.09,1.168e-05,357622,5044840,4798,1168615,1.168e-05,0.0,,,live
2026-10-09T03:37:13Z,0x7cedbc738d37f6acb211bfaea69ce9660af9d70e,0xf67449d6f06e3463b506aef14ee2e7181d8fddfc,1.39,1.495e-05,7507,92,33,7506,1.528e-05,2.2,,,live
2026-10-09T03:37:13Z,0x7d516c9a73a4be0f041554519d6fa1419a97ba7a,0x8e5354f0f7a3e02a4438af8605c3e9a8fab45004,1.3,0.0002266,60302,233558,1433,226614,0.002579,91.2,,,live
2026-10-09T03:37:13Z,0x7d5eb4ee66943fc90d0e71d2b40aeb5b6faca1c6,0xba727009cbec8b9eeb67bb74947c0e6a8c004f0e,1.44,1.489e-05,7474,4,4,7473,1.549e-05,3.9,,,live
2026-10-09T03:37:13Z,0x7d853baaee079769bb7a61b1f43f5f29cc3f6865,0xc877ac1e52382d5286dbb96030067f9264d307d7a20b26401e6392884b23f077,0.26,2.622e-05,26200,725,5,26222,2.622e-05,0.0,,,live
2026-10-09T03:37:13Z,0x7d9c7df39a2fdca5c835f6b079893296c484d68f,0x7362187db8d0e9b2779a1b9771aec5a53ea6c048,2.15,1.447e-05,7213,4,4,7212,1.522e-05,4.9,2,False,live
2026-10-09T03:37:13Z,0x7db8d4fc6de4c62493099ec727d00f9ddf2c3b01,0x30a7f0c04d1602919c96ff86ba644abf97b3b1125ab9bd6b3c5a6e64ffe637c0,0.18,3.339e-05,56303,9127,46,25,3.339e-05,0.0,,,live
2026-10-09T03:37:13Z,0x7db9d85151ff4a440f69bf4576fd33eefb7e5eb5,0x8e1799d782889fd939b504a98a1164065b4413c9abe485ab101358807f511f2e,0.6,2.582e-05,25819,264,3,25822,2.582e-05,0.0,,,live
2026-10-09T03:37:13Z,0x7dd1e2b6aa21b0b2501edfd6d1bbac772aaa7777,0x4d6bd2fc847f867993d96fa52741f76ffbee3d8d92b4a0d92e82adadb6cf3159,0.17,5.804e-05,25186,888,5,13262,5.804e-05,0.0,,,live
2026-10-09T03:37:13Z,0x7de46ff21689031d26b3917e6fa57eeca886b718,0xae8381caac5a9f7a033dc27868fec480b535c10f52f84ede3e657eb176bf7783,0.75,4.376e-05,17236,2801,11,9997,4.376e-05,0.0,,,live
2026-10-09T03:37:13Z,0x7e1f5fe1158d6824c3c5a3bd1b8b3fccdeb5b68d,0x4c5b68d3ca0eda54d3109f37688bf8c9da0ba0e4eaa8fe0a9dafb1f02c8334a4,1.38,,,,,,,,,,dead
2026-10-09T03:37:13Z,0x7e2c37f6f37c20a01907f5a634b925c85c0d2fb9,0x265909afc69f4d1383c5bedfaa64143df9f452f29274140a71bd689339650f95,0.15,0.0001361,116412,129669,783,136131,0.0001361,0.0,,,live
2026-10-09T03:37:13Z,0x7e3d746e6418381e3fcef1f635c5fad48b0715e3,0xc9982362135dbabe1614dfa52a530494e618ec0758b0b923eafbbdeb37c3004a,0.41,2.409e-05,24100,6,3,24100,2.409e-05,0.0,,,live
2026-10-09T03:37:13Z,0x7eae894a7edd1dca0370bf96ebff7a83e25faed0,0xc870ed79cdff23a3811d908a867c9a47b4dd3c070dace4daca9d90897492f477,0.89,6.668e-06,45241,55666,235,66689,6.668e-06,0.0,,,live
2026-10-09T03:37:13Z,0x7ec55bfc4ca9c3127157e4a6d3e583a812d2ad33,0x1f803c03069fc93891a0acc6a79a09c1d62ccb15ead8e4d209c6bc4740622042,0.2,8.591e-06,8557,42451,807,8583,1.403e-05,38.8,,,live
2026-10-09T03:37:13Z,0x7edb5b0cdd78abe20daea7c3e612403da7f2adc0,0x11d23b8876f63e0ad46486fd8b8629bc63723963faf7430f92cd907237795488,0.87,5.662e-06,45098,70931,258,56626,5.662e-06,0.0,,,live
2026-10-09T03:37:13Z,0x7eebda046d451bc7a7d12491eff72a861aa8136e,0xd8a01cde92d5072bf981614b2592e01640b8c962,0.58,0.01677,408900,9677518,14854,16772945,0.01677,0.0,,,live
2026-10-09T03:37:13Z,0x7f0f0fb9897512247231fd7debaa8c18bf0c7777,0x7b9e0028c533dd20d454a621a51acb8a9f363c4c13020cd43dec7f9f372bfdcb,0.12,0.0002481,52094,58476,236,56687,0.0002481,0.0,,,live
2026-10-09T03:37:13Z,0x7f2c9bc2e57f5a18e402a3a44171e2d6f8f41e18,0xd111e08e3dabd29a3d3a7f482686005484fef3f1c03e985d56a2cccad860f785,0.57,1.99e-05,19907,1,3,19907,1.99e-05,0.0,,,live
2026-10-09T03:37:13Z,0x7f2d8c24d7aef7aa01abe26ad1335c9814059777,0xb38d391f3cc475981ff4be7dd632ea4f21dff7aa8d72eddbd0e2f14feb2704b9,0.55,1.255e-05,17561,10461,40,12528,1.255e-05,0.0,,,live
2026-10-09T03:37:13Z,0x7f3713d6e93b4a5eb00c4e8a44bb16ef58504777,0x25a2db89ed594e407ecf09b07ebb9dacda0209c752d09d4928f1b08a203bb52d,0.3,2.383e-05,23889,56398,196,23787,2.383e-05,0.0,,,live
2026-10-09T03:37:13Z,0x7f916fd0b6f15c9af4d9de34696e6f031d6a7777,0x370b7cdd585faf6803cecfb5fc6771b1cde3c2dfba0d54161d8e3922b7715cf9,0.43,0.0001217,36030,25055,113,27826,0.0001217,0.0,,,live
2026-10-09T03:37:13Z,0x7fcbb2462eb852b173832ceadab2d68976984376,0x9ee4f5aa2317fdc0b2b19e5f496a8e13287e3c21253fbb9401e2a9abdcc3a65a,0.09,0.0003421,47355,97231,224,78144,0.0003421,0.0,,,live
2026-10-09T03:37:13Z,0x805bb07130eb534135538297ad603cf2624dcb5f,0x27bf5db26d6161bb446f5129e72bcda38c0a9ab0fdcb51b6e12ee9185804390e,0.58,0.0001828,34886,50310,137,41756,0.0001828,0.0,,,live
2026-10-09T03:37:13Z,0x807524599f552dd0ad01da5d2ac59d7278057777,0x229d8eebcd27e66fb5f6e8f846bf958a8be94af728d95b4d67e62a4503ddea24,0.87,0.0002484,52987,62362,224,56773,0.0002484,0.0,,,live
2026-10-09T03:37:13Z,0x80873dc611174093f1de95dce8698283017c2654,0xf17c2274f2bc1216f215186041d09c9af1e5fd7d7fbeab447987ae7db2019694,1.43,,,,,,,,,,dead
2026-10-09T03:37:13Z,0x80877fe12ede96f807422d5d4ee4f4c47cebc8ff,0x26dd43b1be6b08ee36562e6c3ed807bb4b6f526f12413a693c788116e151eeb6,6.59,0.001735,107071,109073,365,1701203,0.002236,22.4,6,True,live
2026-10-09T03:37:13Z,0x80984275fbef7167ce8eebdc1d97e5e75bae8777,0xa0a72996f84c0b69afb448720544f0c48fb711acf66e63cee117581aea7350d8,0.22,2.32e-05,23606,60821,190,23155,2.32e-05,0.0,,,live
2026-10-09T03:37:13Z,0x80ac9ccbe2fe82c7f351f784780118d880fc7777,0x46dde1af6a469deb44fd6d7be1d07f47bb66831c96941638701605eea1366385,0.21,0.0001206,36297,19516,80,27578,0.0001206,0.0,,,live
2026-10-09T03:37:13Z,0x80c058720dd029af7c65b12b92f1975749cde777,0xa9add6cd31d2fa7bc6646da622d9fe5d5505c458d66f41d6ad1a2c3bc874ca9a,1.44,,,,,,,,,,dead
2026-10-09T03:37:13Z,0x810781ecf92ad9d33a09dc763a6507057afee777,0x14b7e636f2207b33d1648ccff645ece4632bc29556ef034f7657d5c7d2046367,0.83,2.026e-05,22501,37447,138,20227,2.026e-05,0.0,,,live
2026-10-09T03:37:13Z,0x8148b71eee1a2aff561e7aef7abfac892112eae8,0x18102342fca00af226095ad1b079655738569f3d,0.85,3.734e-05,462682,24,5,37346000,3.738e-05,0.1,,,live
2026-10-09T03:37:13Z,0x8199b96ec6e397a3e9b0d5114f1e6e8aa99a184b,0x7a1952381eec2b2ce6573ef76db2e373504d087da55c8772e5382b566b30a4db,0.64,1.268e-06,12685,0,1,12685,1.268e-06,0.0,,,live
2026-10-09T03:37:13Z,0x81e3dc1098e4b5087923dbd3abba4122163a1e18,0xd4778654d28e32052a84a82d5da0e6cbfeda8f38f26dd84fb0e0ffdafcb3a361,0.63,1.984e-05,19842,3,9,19842,2.007e-05,1.1,,,live
2026-10-09T03:37:13Z,0x81f077c0369cd733bd5baeca2ea5945895519edc,0x9a3492c5112c79ba3af6abc2d70f1d3e6b7683ec656d5060d624eaa59ad779eb,1.4,,,,,,,,,,dead
2026-10-09T03:37:13Z,0x828404435bc688e3fdc3408ce54f3ce7b99b04df,0xd152cadf302f1bf2b856f0dd909da6cbc0abd3ec6a1354f03a8e0b79f43bfee9,1.4,,,,,,,,,,dead
2026-10-09T03:37:13Z,0x828ecb134a45b9a5eefb55d7155c58c045a0007f,0xcdf281c2a061661e1f6d76d2239e76a1173b3f7f,2.64,0.000497,372798,0,10,497064,0.0005445,8.7,3,False,live
2026-10-09T03:37:13Z,0x82e60896958cdae0a30de7358f59c6910f5c9ba3,0x8ccb7a8cb4b7c45a972c52ff57a93f2ec7c89181804585123fb08e0ffb5fd672,1.47,,,,,,,,,,dead
2026-10-09T03:37:13Z,0x83627a96c86772bf3880df14009d70ba529a2777,0x1f42c25d7af5dc5c217048114fd0a1f355bf92cff9b2edb0fd328a5fe537dee7,0.8,1.2e-05,17289,6998,29,11979,1.2e-05,0.0,,,live
2026-10-09T03:37:13Z,0x8362a43b52efe03140438c0f66d1c6b14922b994,0xa1cac4b83c609697570029d631340f589be955cd32f837884ab2c7a5461a05f3,0.18,0.0003695,49221,111175,237,84414,0.0003695,0.0,,,live
2026-10-09T03:37:13Z,0x836a156fb3b2307a499912797def8204469c1c2c,0x5c1799e6290a93e71686e42996e4f3d905e8aae8fbd398f151c1f23989c69d52,0.91,3.357e-05,33047,4340,34,33572,3.357e-05,0.0,,,live
2026-10-09T03:37:13Z,0x838c1fec3f13d8960ce7dd47f2745c4bec4da79d,0xb481c09ef424b276a77f86c61b2c7e6cbd7a8ac9,0.15,7.608e-13,0,22279,103,,1.515e-05,100.0,,,dead
2026-10-09T03:37:13Z,0x83a49b808f8d5e02cb2931cd2352988f498e5ba3,0x541bedd98337d22c46ff8196494f14e7d9922ddedf07b74df44c7020487e5fdf,21.48,6.488e-06,107961,48981,596,648800,0.000146975,95.6,,,live
2026-10-09T03:37:13Z,0x8449c1973d1096c05878cebb633690946c307777,0xfd8ad13e53de94e2341f58ba4ef9e7dd5895a234fa7b88f702a26219f19980d5,0.19,0.0002358,50762,59705,229,53881,0.0002358,0.0,,,live
2026-10-09T03:37:13Z,0x8474b542820f76b090bf58592febbc622a7200b2,0xe69ff1aa3b12ffd951e54ec81223510d8865f799248e51f93c37c639e9be4f3a,2.75,7.414e-06,7954,8274,228,7163,0.0001045,92.9,2,False,live
2026-10-09T03:37:13Z,0x8475d9df4cfa4e9d494fb9a80c0a7103040a8511,0x269397e5f7ca2ef981fa83bbc07b900bf5db00a9695513f1182277355fd09a24,0.44,6.637e-05,55907,25681,38,66376,6.637e-05,0.0,,,live
2026-10-09T03:37:13Z,0x8497dd9984c7fe1c9929fa4b5d2c8b3f68bf950c,0xae9e56c20ed97556c51c54cbbad8ef4d8a44c960f226d85b11d08eedc3716de8,0.69,6.4e-06,6400,5358,31,6400,6.4e-06,0.0,,,live
2026-10-09T03:37:13Z,0x84d14ec82a63e15a81a3ed872e536a2c96561733,0xf683fd7bfdebe833f0d6110e105c9daa3da22a53274385204c142b25412c6d92,0.5,2.47e-05,24701,225192,637,24702,7.435e-05,66.8,,,live
2026-10-09T03:37:13Z,0x85a20218c1d96c8c587db46415c6f1c28c20976c,0x144702b54725a10790820c57822e726b8f8bdada,0.53,3.529e-05,5510,37196,168,3530,7.458e-05,52.7,,,live
2026-10-09T03:37:13Z,0x85bfdf443e587fca908c2f52bda4ef0b2c7d7777,0xe0b9e79c474ac65ba8f1b5d00c0b6f7119e7a525cda53332ae7f9c5de4315152,0.75,1.915e-05,21858,35753,135,19120,1.915e-05,0.0,,,live
2026-10-09T03:37:13Z,0x86194d0a7b8fcf086f70272c0cb5e00a42854f43,0xc0cde8a3bfe432d53c1ac94eb392a43dc6da4423f8ccd95e8feb46cb1da9df92,0.83,2.573e-05,25733,2,4,25733,2.573e-05,0.0,,,live
2026-10-09T03:37:13Z,0x86371b75f8ad5594cd0d7bd2a1578f0a1d8a6777,0xe2f51edaf0ffc9d423ebaf963bc3680b10a8c6706d0afe97ee38dab6688dfd79,0.44,2.745e-05,25365,46805,162,27402,2.745e-05,0.0,,,live
2026-10-09T03:37:13Z,0x8640a3de0fbd2222ecdbf85fbe519666b01eb6a5,0x7c402885cdc3d6730399173c0e796963cfdb70178044b4bcc3f62ea0cdb5fd80,0.1,5.707e-05,50410,31365,69,57072,5.707e-05,0.0,,,live
2026-10-09T03:37:13Z,0x864140198b67d4480ed6c874234950994bbef4ba,0x9130f9019f4fb6d3a46d315d2551cae4fff0cc77c7222a046228865a9c96f6fb,1.34,,,,,,,,,,dead
2026-10-09T03:37:13Z,0x8645517c3f243ba20a28865e85aae7c28abac777,0x488cc4c683b2c652ff94cf00da4fbeda4abd0b10c563c015aa9c8ee3c607a92d,0.06,7.084e-06,13068,497,5,7071,7.084e-06,0.0,,,live
2026-10-09T03:37:13Z,0x8648e353644bdfc91815e23b783ff9a4e2abeb8d,0x7fe2bfe4cb3d08d6214a6f0d6d84a0ba66af6374e5125e4dba7ab887d32ed8ab,0.6,0.0002239,38800,69471,221,51157,0.0002239,0.0,,,live
2026-10-09T03:37:13Z,0x86e63d3dd6e6b29a9a75376a188430df6120d2ce,0x4325f3dfbf398fe247f36aea615a681d731638349380fc609968b2a16b48241f,0.28,6.442e-06,43713,52258,227,64421,6.442e-06,0.0,,,live
2026-10-09T03:37:13Z,0x86f4160990e6d397be2aeabfb9183acfd911bcf2,0xa17326036b47dc4b605039620b51a032eb7da23a7cc3980b0c80ede943d42bb7,0.43,0.0002829,42533,82058,230,64630,0.0002829,0.0,,,live
2026-10-09T03:37:13Z,0x8739a21dbdb98900925b0ac8f6b8b7797763b039,0xc6be2197d31821f556cf79e6fb69d54b99277554,0.43,6.217e-05,1,134000,1090,20723,9.005e-05,31.0,,,dead
2026-10-09T03:37:13Z,0x8766fefe02678c4e27ca04cdf6383a24598c1e18,0x5df667a07df57c23a42f517fc9362cecafe1186fe0e361a8897b8183f53671f9,0.94,2.003e-05,20034,99,6,20034,2.003e-05,0.0,,,live
2026-10-09T03:37:13Z,0x87708fac80f23e053ea812d108d3d1d6fc7e5527,0xeda1d73e65d812b20d0dbdf948955392c72f8cc19ac645b5159e8a963a3a8cd4,1.42,,,,,,,,,,dead
2026-10-09T03:37:13Z,0x8797e53db6e750fbe89089f1c51c0c01aa9c7777,0xd189fb7dab540a66c51a72f33c08d2aee130461d73b8310261d89b3bd2a42ec3,0.21,0.0002608,53390,74218,240,59606,0.0002608,0.0,,,live
2026-10-09T03:37:13Z,0x87cf5aa1b50c766686404e25186c5106d4a29347,0x9f64edf53a7b66b8bde90b60a38bf306a33a6b440301c6c71f64590e310740e3,0.44,1.186e-05,20070,3194,49,11863,1.186e-05,0.0,,,live
2026-10-09T03:37:13Z,0x883a9bf5719acb9a6c6f51b3008d358436ef7777,0x23ca17e2c4dfeb3d7e11c048948d6984bc786eef04261de57be48882a5ae1919,0.35,0.0002161,48357,48869,205,49385,0.0002161,0.0,,,live
2026-10-09T03:37:13Z,0x883ebf74cb104772b245a4dcb5637cd32816c9b1,0xd52cd8075d05c197c63998ceaa2655ee115f4e20679b19eb0f8e3281abe64135,0.26,9.317e-07,6709,0,1,7454,9.317e-07,0.0,,,live
2026-10-09T03:37:13Z,0x88864f453a944a1362fa093881d9a37b124cf970,0x4ba8edc848b8b3ec7a084c6aa9ceff6a32b08b2c1e07b149d43e5ca7584edd15,0.95,6.784e-06,6848,118902,753,6785,1.924e-05,64.7,,,live
2026-10-09T03:37:13Z,0x88c412414e8b79bee55677dd1e359cc9ad6769ca,0x52cdfccaa70b949ea100e1860a4294c984e885d7721c99cd729c4a817d3eef55,1.57,5.844e-06,5842,224,9,5843,6.209e-06,5.9,,,live
2026-10-09T03:37:13Z,0x88cabe56a342e0797fff8c7ffc5346b5c310744f,0x8b2f080987d5068c302cd92bf8736b1ae301476829dc9cdb48c522fbc10698a8,0.81,6.596e-06,6725,566702,2044,6596,0.0002073,96.8,,,live
2026-10-09T03:37:13Z,0x89252e9fe804c86c2bb234e0932d0eb7ce517a35,0x737bfa935f775a95ba55fad5b9c55ad7220fbec72d6faef685426593b535bb36,0.47,6.063e-05,19768,7118,25,13849,6.063e-05,0.0,,,live
2026-10-09T03:37:13Z,0x89698f62ffae673b29d71b4dd883506d6a4c7777,0x6043b2be4ce57c6ab2601382eb55de0388fcf983f1e2a3ec1371fbf6e4beeccb,1.44,,,,,,,,,,dead
2026-10-09T03:37:13Z,0x89704d1c253bf2df85ecbec873f7775f7d1a7ba3,0x86db93bb22e926bb29d87f5d967daf5e57f45284d0365cccf6866f38b1aec54c,1.54,1.076e-07,9205,32,2,10761,1.171e-07,8.1,,,live
2026-10-09T03:37:13Z,0x897d151787ca84994ac8df68500f17e587794796,0x6e7fdabe9b3ddbe1d6e2b3585163fe56662edd2255a71151dd2d02ff87fc495f,3.17,0.0001339,33814,109518,1198,129977,0.0002069,35.3,5,False,live
2026-10-09T03:37:13Z,0x8993e114433eecb3ced80de362c2e9a350f179e7,0xe91dcbe22b46e867b8aa469cabb566fae3756f3e,0.98,1.506e-05,7559,278,172,7558,1.512e-05,0.4,,,live
2026-10-09T03:37:13Z,0x8993fa9ca3b746adf43d1e9e768176810a9b6480,0x31f32dce8634f45602c781861fea46b68c0021f8ab601eb24e970588d2096926,0.72,2.261e-05,32071,23370,253,22614,2.261e-05,0.0,,,live
2026-10-09T03:37:13Z,0x899c171b808e14d724f8a03f14cb1cb051dad37a,0x909a6cb4e7db4d2fa78df95c377795d88c6a2ed7a4569fec3f702776f68ab275,1.14,6.216e-06,6216,119,12,6216,6.46e-06,3.8,,,live
2026-10-09T03:37:13Z,0x89b76dcdda801f2e456765742c64950eb2a0c93c,0x8f6f9a474cbaa1b6b7cab7efa61073f08cc0dc9768214f65fa66a158208fd115,3.34,0.0006957,77052,456959,2659,684189,0.0006957,0.0,6,True,live
2026-10-09T03:37:13Z,0x89e36b59f2b11e60a0f8c5d41545cbeae80f7777,0x4e30d1db79d9e6441c358cfab979802cf8e226cc3985867cc68b0ccdbbf05fba,0.55,0.0002532,53188,58906,221,57858,0.0002532,0.0,,,live
2026-10-09T03:37:13Z,0x8a6d6072b1e57ce1878f66147f28a24957de6777,0xf7cdc146ddf4d82ab56b8f24fa2a967045e93dfc482f5bb562a8ae0ffce8ddd0,0.69,7.259e-06,13410,501,4,7245,7.259e-06,0.0,,,live
2026-10-09T03:37:13Z,0x8aa8e741c27bb7f4fdc390ed047be3b906f9aba3,0x282a377c1fbdcd5362c9ffaab2a0a3b2ff7e5afcc24318cfa2881ff4695d545b,0.23,1.077e-07,9214,3341,34,10774,1.085e-07,0.7,,,live
2026-10-09T03:37:13Z,0x8aaee1fc3ec2c9bd69a7bbeb5f6a72b67dbe2110,0x7abf00d852bdddb4fe9c741d1116e190589b80538e7bb98d168969ddb189a4cf,0.1,0.0002955,43994,100397,233,67508,0.0002955,0.0,,,live
2026-10-09T03:37:13Z,0x8ad983bf2b6acd59556050185c1db86d3e731e18,0x3767adde0d122372247b1191752771b3236fa51beff5ef03dc159ae1317f156d,0.22,1.558e-05,15595,8875,192,15581,1.656e-05,5.9,,,live
2026-10-09T03:37:13Z,0x8adda1b56227240940de83449d902e2f98c93161,0x76a48d9a0a42c20037076fbcfcac2c01a9ea4a613443e5a4d433fc4f28a62184,0.21,0.0003104,45105,84222,244,70905,0.0003104,0.0,,,live
2026-10-09T03:37:13Z,0x8b07e181a1ede63589ad9e351caa22fdc426aa47,0x1ef95c2c1e53c01b05484e714f0722d7769ec3ef3d380233e38d1ead578a92d2,0.81,9.539e-05,25453,25797,86,21788,9.539e-05,0.0,,,live
2026-10-09T03:37:13Z,0x8b1cfb4c73d645a2f70d992f5b8b1a41f8584a70,0xdfa93fb4a34fd3d614b494cdbb67aa5683346ce572bc8362f8a6a8afc71dddcc,0.38,8.786e-05,23798,20623,62,20068,8.786e-05,0.0,,,live
2026-10-09T03:37:13Z,0x8b39ae74e2a69b8433c388890152a116b51aeeaa,0x16f42d571a0caa1dba95792da5c6b13c1662656fe9854656be7a360e50b0c8be,2.63,7.185e-06,7103,441,8,7185,1.01e-05,28.9,2,False,live
2026-10-09T03:37:13Z,0x8b835b7e4fb7dca4abceeab613d39d0a392ef2dd,0x16ed940f882e82034711ed5d6b12066c138edb989045b27575d5dd031db4f612,0.94,1.237e-05,10272,795900,7703,12379,0.0001406,91.2,,,live
2026-10-09T03:37:13Z,0x8b9362d5b679613b743b28ca9375d9857c5b47c6,0xb748739925de9702cab4869d2ecd620fd33faa12cdf1e899b67ada9216ed35fa,0.43,4.139e-05,39064,42718,250,41394,4.139e-05,0.0,,,live
2026-10-09T03:37:13Z,0x8c087ef926416438448c82bfb058ebf3c284543b,0x5b3dffc76ad73d068098b9639b6d4ed63df9b0c4b6f6c8366c32b8b5dc5bf464,0.91,3.944e-05,16372,490,3,9009,3.944e-05,0.0,,,live
2026-10-09T03:37:13Z,0x8c658ad172e02fac1aa7c2a1541bdc206edc448b,0xe8dea07b03dafa4df275417be82f06efdb2d38923e5219d54e0b1da284a15db1,0.2,1.47e-06,14179,2987,52,14704,1.47e-06,0.0,,,live
2026-10-09T03:37:13Z,0x8c9abe4042c66cb1e107fd8bb25516a2ca59f2f3,0x7f2d17fad9f6e2b7ccb491008996b50cdc855ad6388a65109b6d95a3680bed38,1.4,,,,,,,,,,dead
2026-10-09T03:37:13Z,0x8cbd09479cf83db16bbc27f09c99aa637eda6777,0xafc9e04fe3cd751aff4db7cba0cbd3798604f64c146f7264068dd3b17c5c237f,0.39,1.86e-05,20931,33191,121,18573,1.86e-05,0.0,,,live
2026-10-09T03:37:13Z,0x8cbd1b14ef9cf5e71bc0bf3cff3c6c35a41ae3c3,0xd98126c37694c4d627a9973a5edbe09e725b82504f6b351dde2299b2d5bd236d,0.78,6.412e-06,6412,0,6,6412,6.412e-06,0.0,,,live
2026-10-09T03:37:13Z,0x8d16c5f413c7b0a675010429a93d6cef6acd0fb3,0xdc6788f010bf35bcffadd1f917cb5faa7ad577f8,0.85,5.297e-06,5298,21,3,5298,5.297e-06,0.0,,,live
2026-10-09T03:37:13Z,0x8e29b1d3911384085b390b91e9a161003e943107,0x88401f06d718ce2d8e32a62b8694449f18248b400d75c62fc0602379a94d6cb4,0.92,7.712e-07,15419,3,2,7712,7.712e-07,0.0,,,live
2026-10-09T03:37:13Z,0x8e41fd25e85e624560fa50ff9f117a02cd30b8b3,0x7608c38ea8cc2082b043e886185979942cdeb58e,4.51,4.874e-06,4477,686,33,4874,0.0452,100.0,1,False,live
2026-10-09T03:37:13Z,0x8eafb1ad565eb1aa62f876d031608e93e40ed703,0x82801ba0a95474df4553cbdba11fe91e088da3eb59050c7a2d08c3ff05f4edb3,0.22,2.139e-05,32335,20193,256,21394,2.139e-05,0.0,,,live
2026-10-09T03:37:13Z,0x8ee296707a535b2adab2b3d3a57f30af87da4ab7,0xe091fae1a016cef56534bc6fc00dae99e500b52fd6e26abd3f22b5cbc3db1eae,0.2,2.497e-05,28836,27282,253,24977,2.497e-05,0.0,,,live
2026-10-09T03:37:13Z,0x8f218f0897f65639f5eda33bb19742f2f95aecb8,0x7fe7fcbbfab73cd681b25502100891dc6fa05e075ac34d5ab4862227dd863ab7,0.48,6.081e-06,6082,2373,11,6082,6.248e-06,2.7,,,live
2026-10-09T03:37:13Z,0x8f31227a375803d55a2452cf4b4a4e6744a19777,0x0b7293d988a5e8338032f44843f9a767e93049d90d5c00c9bb8caef395a45b78,0.22,1.088e-05,16167,6508,23,10859,1.088e-05,0.0,,,live
2026-10-09T03:37:13Z,0x8f62064ce072be770939253d9138553601082cd3,0x598b786d7a30002a4f3d0a6f4dade0e7dd15f8579b6cad93f0d45d9542f19b8b,0.96,0.0003834,50952,112109,240,87586,0.0003834,0.0,,,live
2026-10-09T03:37:13Z,0x8f8d87c8eeae43ab3464a8b566cec9ace4254ba3,0xed386e059a47be31dface22b85ae9b2d4206b9360acdab9f6d4e360f319fec52,0.48,1.014e-07,8626,2,5,10148,1.014e-07,0.0,,,live
2026-10-09T03:37:13Z,0x8fb1fb02faf9af6679dfcb81a39162430023ff53,0xfabbb1e07d922173a36d8532a641fb72150708537fa05c9261cfa03b24667b88,0.85,0.0002273,39309,75266,239,51921,0.0002273,0.0,,,live
2026-10-09T03:37:13Z,0x8feac32c54d685761d324cfd57a74d3326e7ab20,0xc018d525e0e2d2376017e36014e465142fc64a93e24f76e1c244a5ef48bff95f,0.28,0.0003023,44489,88725,222,69053,0.0003023,0.0,,,live
2026-10-09T03:37:13Z,0x901d17984fa05bffdb2ffdb1b11d0264f8b9f938,0xa7d9d4eabba112861799f01d8a660463a6b562ae199371ff4a27c6a009b0aa5f,0.53,0.0001233,85870,108288,302,123335,0.0001233,0.0,,,live
2026-10-09T03:37:13Z,0x90bca1c0ddc0a1794261417b8463e52eb1ad1777,0xbb43f6ae16e087f36cf62009f15f404841080541e13e972766a91f4536ce9b2c,0.77,2.692e-05,25874,54470,166,26869,2.692e-05,0.0,,,live
2026-10-09T03:37:13Z,0x9109e97fe65a03da7a6923e5a36f8ebecf57c415,0xa51d38070d4841b371e4a3023f2157131d12f77e587e9480fd6c721364baf840,0.97,6.053e-06,40965,54472,235,60537,6.053e-06,0.0,,,live
2026-10-09T03:37:13Z,0x91190add04a5b7edead115f0ef05614627c2a9cb,0x1dada0944e6a1ad3bf04c0c39dea5e6e3776bc08,1.11,0.01726,416506,23870032,71005,17264466,0.01726,0.0,,,live
2026-10-09T03:37:13Z,0x911b2a0ada4dce3e945588120fea3a52c3d17777,0x67e213a87809a2e572353339e03d7f396f7bfc02811ee0d78f4efc86075c68fb,0.88,0.0002447,52524,56555,227,55913,0.0002447,0.0,,,live
2026-10-09T03:37:13Z,0x911c1b41b57ed9b5d3dcfe4061a1e3b622bcd52e,0x3b0fa3ebda8641d94494fca38c878806b583a61eda44d37d1e837a8d39fba9b4,0.27,9.305e-05,71202,82418,340,93059,9.305e-05,0.0,,,live
2026-10-09T03:37:13Z,0x9137a428bdd7d7076afeac7095bd9661004adba3,0xc61a5c9debbf42128764fdb5dcdff32c9a266a1ef1024be90088cfb73c31d43e,0.22,1.014e-07,8622,0,3,10144,1.014e-07,0.0,,,live
2026-10-09T03:37:13Z,0x914d617e6936d283cab76e94b2b533b9c3327ba3,0x98efef2da105295c17fb0f2c17bd53197dd6a08120af8d87107a9f0823573824,0.7,1.004e-07,10049,1,3,10049,1.004e-07,0.0,,,live
2026-10-09T03:37:13Z,0x916231803f61896565ee23e96d57c3691c79c93a,0x042926821326772f1d412574135f151571553587392e45ab251021baa3c15a9d,0.83,6.397e-06,6397,1285,8,6397,6.451e-06,0.8,,,live
2026-10-09T03:37:13Z,0x9171dfe47be8d3dd8d8aef5e1a45c0ae992dd753,0xd68f2bedf6bf9f92a37bef6ba86369bb04cc6a8e28f9f8ccc90d28ffeff69460,0.3,3.879e-05,15926,1273,6,8861,3.879e-05,0.0,,,live
2026-10-09T03:37:13Z,0x91a2dae9699f0b82540b5886b0d8759c22820ba3,0x40a433930370f6cdf0a78debc2c6dd599c23bd428c0d67dd8b5373e4f101557f,22.91,2.144e-05,520258,86757,903,2144304,0.000473364,95.5,,,live
2026-10-09T03:37:13Z,0x91e5b8fc4fb8d7a0f5a1b0a2ce57878ec0a3ddf5,0xae8f0ed00b3816e0817d61ad832b5f78b4d146b79c788fae8d500ba731d5cc2e,0.09,0.000168,33145,52083,188,38385,0.000168,0.0,,,live
2026-10-09T03:37:13Z,0x9221fe921bae78350857205e4afc427ad0647777,0x4ba961c2d10b93065b5eda5cef4baf609c18a7999f5a378eb269ff9d6a2615d3,0.16,0.0001267,37221,23501,101,28966,0.0001267,0.0,,,live
2026-10-09T03:37:13Z,0x922ea58103348ac1b04005b41a82053e7dc81e18,0xc1d8d6c53fd02f7b6477c7b74d5f229dddc6cc407e70ce6b3885caf0073e0ffa,0.55,1.984e-05,19851,3916,57,19844,2.118e-05,6.3,,,live
2026-10-09T03:37:13Z,0x923eefeb7884dbd4c96945ecce0068d9ddd5f777,0xe5b8852bb1f07b08e0308c52dfcee9b090ec86601209c8a8e27c01d085145d87,0.85,1.482e-05,19230,13314,51,14798,1.482e-05,0.0,,,live
2026-10-09T03:37:13Z,0x924f24982cd3252393b0fc40385af963556d2777,0x94938999ce362a5172b92c85ec2574f7fd45b6d3a5fa2ef4b3344f20ad237ef3,0.34,2.908e-05,26349,61738,196,29023,2.908e-05,0.0,,,live
2026-10-09T03:37:13Z,0x927b50e4ce03671d5a505922750edcc9cb734ad4,0x10f2a61a3cb3f8f4ddc2c1bd57dacd4fb38f794333a6110044af81d86d416a4c,1.92,4.898e-06,6449,2001,65,4743,8.932e-05,94.5,,,live
2026-10-09T03:37:13Z,0x92cc31b2a75ec7921142956ee38ea315383f1cc0,0x4fa7168c927f87fb92ba17c29a9546a65269630281d5ab6100efcac9d581769b,1.44,,,,,,,,,,dead
2026-10-09T03:37:13Z,0x9302b4eb596ede184295b7aea62a326f9f84d077,0xbf638e62769ec294b2ef8b93486f0ce2c33fd06aaae0bab949f5a10fe8b0e4cf,0.33,5.492e-05,48966,1171607,1888,54925,0.0007703,92.9,,,live
2026-10-09T03:37:13Z,0x9349ac32fe9421ab0286b56560471d2bb28df2dd,0xc7a148215c133d16ff875c8c378c8888c8e52b06d3d260a3814d5cfb2982e7b8,0.93,1.044e-07,10445,5772540,9685,10448,2.566e-06,95.9,,,live
2026-10-09T03:37:13Z,0x93decf72d6c11cea1a409f66d89b5933d11cc422,0xf7863b00b59d51af4883b809b992f13f35677b1b8d36b92e7708bd30a1827b11,0.32,0.0002183,37754,64361,227,49865,0.0002183,0.0,,,live
2026-10-09T03:37:13Z,0x93ded6f2804dea043e19132a4f5bccec9ea95921,0xea2bb6de9dd4ce3a2a8ea88dc3efa162d5ceec0390c820dc0767115bf70c8fb3,1.03,6.444e-06,6445,9,3,6445,6.493e-06,0.8,,,live
2026-10-09T03:37:13Z,0x9430fb9161ca68bf3803c9aa5531a02075ed5777,0xb73e7dc4e6828353dfb4d436e72d7a11a0559baf210b88b1491e9a96ebb3704e,0.7,6.247e-06,12442,13,4,6235,6.247e-06,0.0,,,live
2026-10-09T03:37:13Z,0x945b54f2a985599ee30ba9021f712bafc179287d,0xaaf9f85ba7fbc7f085eafba0a4b66ae827de51b9a865cc996ece43ee7472139f,0.91,0.0003761,50547,117541,227,85916,0.0003761,0.0,,,live
2026-10-09T03:37:13Z,0x94cad93fa30adaa8f8086ac878a8563e32316c4d,0x0beac31eb6438ff5ad269ff370f6483ec31f9682d5f92821835764439c3b3b33,1.17,5.415e-06,210988,3613953,4512,541585,5.423e-06,0.1,,,live
2026-10-09T03:37:13Z,0x94d91f80555d752b4e8336b899dea0e810c37777,0x5acda3146639a33e51fab97a42590db1cbdb8aaa75667fe55ae941cfe06c8ad8,0.77,0.0002303,51046,67450,231,52620,0.0002303,0.0,,,live
2026-10-09T03:37:13Z,0x94f4553b582d4925a432768d340eefca23d80854,0xf77dedf6799eeeb12816fe43e12a63ad7c03bf91507e99c1d715515ea5155b05,0.46,1.354e-05,9541,73570,1249,13544,2.066e-05,34.5,,,live
2026-10-09T03:37:13Z,0x953e66a93d73ec124c48a5fd21b61d4377e01e18,0x5676e99c6d437e59838e345cc67c428f06190932b74b064b4cf6871c3357332a,1.44,2.014e-05,20145,229,9,20144,2.014e-05,0.0,,,live
2026-10-09T03:37:13Z,0x9559ad1155f08796f3e16fd7973430bee2220777,0x7028b08e7f9070604ca6c23229439fb17cf7dbe0b9e3ad584f3e73d0ccc8b623,0.96,1.897e-05,21738,20706,86,18933,1.897e-05,0.0,,,live
2026-10-09T03:37:13Z,0x956768c646f0be851ee21dc2e33fa7812ad87777,0xfea7cb043f392f65125a28cf31ead382a0121bd3a2d5f8ceedde58478b0cf6a8,0.64,0.0002718,55120,61473,233,62106,0.0002718,0.0,,,live
2026-10-09T03:37:13Z,0x9585595d7664434a3fefad3700f970fe4b6ba777,0xa1fb38462c25ac7d2a178044b9bcbb15b408d16e8bd4379c80466504fbf9186d,0.93,7.47e-06,13643,1679,8,7456,7.47e-06,0.0,,,live
2026-10-09T03:37:13Z,0x95ada39788df6f51d707a17adcc64a5ddd047777,0x667dc82899874961356d264035f126025525e00f0e9c4a92fd32de6de49f774b,0.78,0.0002119,48931,52549,190,48420,0.0002119,0.0,,,live
2026-10-09T03:37:13Z,0x95d7a3b9435d332d9c94ce14c9218848dbe51a86,0xa97453ebdfdcf62e7e9ae47747e402b3712e06171d0d23e96aa06d1601be8052,0.52,2.583e-05,25828,357,6,25833,2.583e-05,0.0,,,live
2026-10-09T03:37:13Z,0x95e99e76ff7009a5eb4d6b1ccdee488a11655777,0x4d8bb82207d79d2f0483cbef9d3b9538ed1af1c34b586fbd5a8bc5156b802b49,0.33,2.56e-05,24742,44287,149,25552,2.56e-05,0.0,,,live
2026-10-09T03:37:13Z,0x96003d7d4f6b8d7466ce423fcecc916f7f901c90,0xf8195d1f494bef04945bb382411240ef8cfd9dc6ac23696208666d2ffea28e52,1.32,0.000119,31849,198014,1479,114920,0.000271734,56.2,,,live
2026-10-09T03:37:13Z,0x967418ed55562b18a468e50d3d68e979dbe41e18,0x05e81b106a2c7fedade7b3b377eedcee1cf8761943dbd6f9da79ad5632ad6864,0.27,1.982e-05,19823,19,6,19823,1.982e-05,0.0,,,live
2026-10-09T03:37:13Z,0x96b8a20c72a32191b0cab3c98580388fac67a61f,0x92eb50b05179464bcfba72a6f506e95508cf06a98ff8534b449bab8e9ddd8df8,0.21,0.0003709,49305,117055,241,84722,0.0003709,0.0,,,live
2026-10-09T03:37:13Z,0x96c943d7ba2223998da5b12d652f6140aaed0bbc,0x796dbb7b27cebbdbb45938087f1ce9c37b657e53c06c6cdf483ca9a01b679653,0.51,9.749e-06,18916,595,7,9749,9.749e-06,0.0,,,live
2026-10-09T03:37:13Z,0x9716e2daac243e9534597404fcc189b259062332,0x026989a3b5c88d2f1b9769f92779e280178bc49628b4894f577516500541f3f1,0.45,0.0001489,30894,48598,153,34021,0.0001489,0.0,,,live
2026-10-09T03:37:13Z,0x9749995471328b61440e6ff9c55736d81aac0352,0x5d6d393fcd777a9fccd10c61bf9acbc4eabdd4a05fc3e48a77b615b720bfc558,0.83,2.573e-05,25739,5,6,25739,2.573e-05,0.0,,,live
2026-10-09T03:37:13Z,0x976923a8cfc8bf7f133202c17f2088b5e53ddf51,0xf5672e8de3faa80171dd8b0ada7cf5f1051cc27e36560527470e28928cffba5b,0.87,2.563e-05,25635,4,4,25635,2.563e-05,0.0,,,live
2026-10-09T03:37:13Z,0x97775e2c9a0bbb6977b5a60d3c78192c85847a83,0x63cf13f242c73dbcca2299c7f908c26903f61ae19c24dbe740e2dbe02622ad8e,0.23,7.137e-07,61140,6718503,5958,71372,1.179e-05,93.9,,,live
2026-10-09T03:37:13Z,0x977bbdbd3bc8c8e0435af7677d10f87fc7dc44df,0x3e0ab77a4ac64339aab8edb35e16f18d620ab2b2325d0c5b342eb1fd593b6401,0.47,6.078e-06,6079,733,7,6079,6.243e-06,2.6,,,live
2026-10-09T03:37:13Z,0x97853dbf432af19381a95887c2dae081ddb4be8a,0x100a1cf33d6f100e1bf489fcb52b8f3d74a0e44bd3324de8079a25fbc2de2c36,0.55,0.0001344,91357,111316,339,134471,0.0001344,0.0,,,live
2026-10-09T03:37:13Z,0x9789cdb9ccea1d257157aeb35fb032b65b6b599f,0x76122020e8d07a313a6145c2c9f54ec6a1a8d78c7951797187a39676169fc5fd,1.4,,,,,,,,,,dead
2026-10-09T03:37:13Z,0x97c568b3f8527b43505e4323268c32d8f2a58619,0xcc60a6b70c4056d483e172b89fdd9c6c2a2fb6bdda76c7c4bae047ce35c73bc5,0.31,2.466e-05,24670,4,4,24670,2.466e-05,0.0,,,live
2026-10-09T03:37:13Z,0x97c932eac456d27a763bd8558b386e0db519f710,0x63d0350b271515eb6593c402f7db7d5519c8d317cda1c0a262bda6341469920a,1.44,,,,,,,,,,dead
2026-10-09T03:37:13Z,0x97d762e08b1647959f63d5ca86de362955ff6777,0xa2b7b59e5e9060deff96db2c255ce0754f92972e1c58ffe761ecdc07498c61c8,0.72,1.673e-05,20376,16279,82,16702,1.673e-05,0.0,,,live
2026-10-09T03:37:13Z,0x982c10ff5bd43a93124e651aa51279dfe9ecac8e,0x0f695c71450f9c1413513574187ae46fa3d65912e10d210f9218c6012fad3180,1.43,,,,,,,,,,dead
2026-10-09T03:37:13Z,0x98afddc10df36ff6301e302af21e87d620562777,0x88b0c607f5b59efb6e43ae87d64a357b2ea80ee3db66bb5e643b2089f41416d1,0.17,8.967e-06,14686,3618,15,8950,8.967e-06,0.0,,,live
2026-10-09T03:37:13Z,0x98b4c868febd49f7d30b643fc9f5e669bd63d7da,0x4460fb3e2465eeeb750e11262b39ef79431531812b88350424b0683a99f714f4,0.18,6.191e-06,42893,36629,203,61916,6.191e-06,0.0,,,live
2026-10-09T03:37:13Z,0x98bfc1429619a9e08d960d88d02c562437af15bd,0x207d2b796f35623f5f8020aced8501f6c81e14f839720a36ccd2f8095a716743,0.87,6.461e-06,6474,8585,106,6462,6.461e-06,0.0,,,live
2026-10-09T03:37:13Z,0x99842220e3ea49bcc7f5705344fdf8aa4c9cb8c7,0x353d5f1a3e5ae29238b190fce3c2c4509fcf8a77ab52fcc48fb1a94304039ec9,0.6,3.134e-05,31028,2844,4,31346,3.134e-05,0.0,,,live
2026-10-09T03:37:13Z,0x99ef0b630eda86ccdcfd0fcf3e13278173657777,0x94f617c178a441d3dce26e820b7b968177d0e6dd32e1d38ff5318bcf5e802888,0.38,0.0001748,43370,49971,205,39946,0.0001748,0.0,,,live
2026-10-09T03:37:13Z,0x99f01bc4173c70dcf4f966327c28300c5546c1f5,0x932cda797904d1820e33a40f7b4b6364ab0a7bfa629e439a844821f25372cdc0,0.22,1.934e-06,25902,4956,66,19348,1.934e-06,0.0,,,live
2026-10-09T03:37:13Z,0x9ad56c5f95208be3c6feb7da5accb48ec1873f5c,0x6e80dcd7861decd6c5defa302df444ef92653274ccd7223b2c1d6b692cf3eb9f,3.34,1.006,19125133,5545,8,50301072,1.01092,0.5,3,False,live
2026-10-09T03:37:13Z,0x9b022ed6ee6366c3dda5cb5eb2f415d59f5e1e18,0xecaa73e2e4cf4dc4cca513cb762e1199558eb204d5d7c2c0d9e98bc43ccdd2a5,1.7,,,,,,,,,,dead
2026-10-09T03:37:13Z,0x9b41fece6b06d389787b7c6bc08ef78b7684ccae,0x909ea5358c2e7c739a0d30efba93668bc5a53eb4951bd23cebf4e52e2dbc4a38,0.82,7.89e-06,49288,43769,221,78907,7.89e-06,0.0,,,live
2026-10-09T03:37:13Z,0x9b457df8d01eac59d6714a5221404bdab2461e18,0x2d57df5643a5ac355d8d29ff435dd75cc1eb8afc063565112a63140be1e52f0b,2.26,2.096e-05,21390,4,6,20969,2.553e-05,17.9,2,False,live
2026-10-09T03:37:13Z,0x9b7e256acfbb3c1dd6f30c7e0442f98ee088c04c,0x4bcbddae9303a30f838949db47b90e4b294bf161042ac23183e0aa7bc38ae3db,0.33,0.0002438,39849,88951,222,55700,0.0002438,0.0,,,live
2026-10-09T03:37:13Z,0x9bc55b0a691355c4fb075b472dbd2cf9f434af68,0x2f1654878f2aec2004426d5445ee7d00e6c39d599122a254f9140c85eb469329,0.71,2.213e-05,33336,19755,253,22134,2.213e-05,0.0,,,live
2026-10-09T03:37:13Z,0x9bd66322b77c5c29c987d1ea44edc340d7044777,0x005e004c3ad051c9dbaab0ec66b7c7844cfde87d2053660f5ac3894d9f0e3712,0.82,1.349e-05,18349,11521,46,13469,1.349e-05,0.0,,,live
2026-10-09T03:37:13Z,0x9c0ce4f966ec0668d51ab07b46d54ae655cc64cb,0x4a1a63e2a42c3fd94eef684162793ede82decbb1962af4b6ccb629284097066b,1.42,,,,,,,,,,dead
2026-10-09T03:37:13Z,0x9c8ab1fa12ea7b6dcb923a4f412d5a4f66e035bb,0xf8e7c21d4c79b5c078496d2493179ccb19ce30a68f2ceded46a9f35d25472fb7,0.64,7.609e-07,15220,0,1,7610,7.609e-07,0.0,,,live
2026-10-09T03:37:13Z,0x9c99f548492ffb774165e72c359c5e55c5fdba6a,0x11a663a69bb89a8b2e2a10d57f523fb6a6cadf730c6e30c954d8acdc0535f941,0.83,3.786e-05,16060,1226,5,8649,3.786e-05,0.0,,,live
2026-10-09T03:37:13Z,0x9cedb3560ad1e1a6ae8a9e5d45503794f063c777,0xa65614401dc61791b3110731a02307dbd855eaf0cc7968c08f8ef986ae971e53,1.33,,,,,,,,,,dead
2026-10-09T03:37:13Z,0x9cfa229bc844db3ba0b6edd620f3079b3780fa4e,0xdf40b729506fb50f3bfa7884bc91bd2513d9e554d9cf33a8a3fee525cc161bd2,0.89,0.0003737,50356,110172,235,85351,0.0003737,0.0,,,live
2026-10-09T03:37:13Z,0x9d2d7ad541168a032b0100dc2aa0b0cf9cf8434c,0xcb8af26b8e7820d170677ae299aebd01b00df2f3d6e65e0db165033011217269,0.06,0.0003548,48278,111988,237,81043,0.0003548,0.0,,,live
2026-10-09T03:37:13Z,0x9d64d7d62e2b1c81973599598690799b55d8123c,0x1f06ee088b77681233e713f000f9348942049e15929e9a86141bd8c1d4116bc3,0.71,0.0003035,45321,94756,221,69324,0.0003035,0.0,,,live
2026-10-09T03:37:13Z,0x9d997be0ad07d9decada9d44184e54ee5c899777,0xd243ae717bb60a685de2bd708255d23304f100b25427030613981399743c4a35,0.51,2.099e-05,22418,39177,159,20954,2.099e-05,0.0,,,live
2026-10-09T03:37:13Z,0x9da2b9d75a70d9cbca6a10a8ecb5a199d3946313,0xf408c8359fc60c0fb77814e9dfea81ea3baced334ba86ce0232a0672c4a9aa57,0.52,1.254e-05,24663,709,7,12547,1.254e-05,0.0,,,live
2026-10-09T03:37:13Z,0x9dade398fbe832441b471343e073d6ebae137777,0xa1a56c89509c82ee43179a9a095818871401854b74c4a8a5cbede8ca648d51e1,0.47,0.0002353,50287,57152,216,53771,0.0002353,0.0,,,live
2026-10-09T03:37:13Z,0x9db1cb7aedb377fa285b60f2c1fa91ff61325ba3,0x4dd6ee85298363c12384cbb4e33ddc3fae70e1d20677bcbf54f01d63e4301a72,0.83,1.004e-07,10051,511,10,10050,1.013e-07,0.9,,,live
2026-10-09T03:37:13Z,0x9dc34fba0f9c85305ed8d879864852f586790152,0x17dd50477b79900eee338e643769a7324a6180cceab7f2f13087cc12cbb1ceef,0.92,6.39e-06,47921,41909,224,63903,6.39e-06,0.0,,,live
2026-10-09T03:37:13Z,0x9de8a21877c3aa06ab8d0a2f1f97b93bd7587807,0x3e89a2c8032ea1d26cb218ad9a43ef5415fc4b79,0.32,9.947e-06,9947,431,8,9947,9.947e-06,0.0,,,live
2026-10-09T03:37:13Z,0x9e9a3ddbd47b110c8cea0253eb2ead13dee384ac,0xd2390640ee53b4b25fb6cca1fbf32e8605960e9811243f79a4d7b28e739176d0,1.44,,,,,,,,,,dead
2026-10-09T03:37:13Z,0x9ed770506cfec859beac63be0eb348aa599be777,0x00569da1b2708b634286ee2e55f130584e2cc7e501a4148e5ff0cc3a6c2e6f68,0.17,2.32e-05,23629,61401,187,23158,2.32e-05,0.0,,,live
2026-10-09T03:37:13Z,0x9f4b9b596d435e41cd111496e91d80441c0a8777,0xb37153d8800339f5f2735b3d605f04f1de0d57dafd7d4c9ac9627cba15e1565f,0.95,2.166e-05,23211,36500,134,21627,2.166e-05,0.0,,,live
2026-10-09T03:37:13Z,0x9f4ba41f91a59a34e17ee8c9eb3a51363b11abd5,0xd23635812197b00b0ea0fd0e36021740c7951fb34ff1ca79260052b47e9769bc,21.51,0.0009832,91572,118069,572,926789,0.001145,14.1,,,live
2026-10-09T03:37:13Z,0x9f51e8e686e731b54b0e9c40f1a9e2b23b523777,0x223306a051ae7d26ffc2ceb48d3f9bf000f3806a7f8921902c6f996013d90331,0.81,2.261e-05,23730,48807,182,22568,2.261e-05,0.0,,,live
2026-10-09T03:37:13Z,0x9f548b3547d37d48024cedb5b7945b85d96d1e18,0x1ae8a2ab7322d04015e3b04c74142c244952e7d1771143ad9ae5867246c5a819,0.09,1.998e-05,19986,15,6,19986,1.998e-05,0.0,,,live
2026-10-09T03:37:13Z,0x9f5dd3182ff70f8fecd486ea64ecb7bd5efd7ba3,0xb4c932fd89eab84c5d4c65427fbac9abf5612feadedc3397245cb816511a6ce3,0.46,1.333e-07,11477,22986,440,13337,2.112e-07,36.9,,,live
2026-10-09T03:37:13Z,0x9fe203a4ad406b4cd5eb4351ab78d7b2bccc9e26,0x668681690b4ac81e7ac5f5afff3055d41a51b3b4e86c754db8775538ce0d9bf1,0.35,7.359e-05,60435,38756,108,73597,7.359e-05,0.0,,,live
2026-10-09T03:37:13Z,0x9fe755988773c764084980d10e8c3eb8d0e5a923,0xa3d2c501c57377d5ef951f01c4b46c74c9db69271be26127695714661db17a2a,0.94,0.0003063,45603,101054,237,69958,0.0003063,0.0,,,live
2026-10-09T03:37:13Z,0xa000341a3f3f317ca4b0e0e4bd978dcbc949a075,0x48d6c5edda9de7bdcf179b9bacd1b8665cf7f94aae5b065ee2d8c43255b7555c,0.21,0.0001787,34195,46272,162,40821,0.0001787,0.0,,,live
2026-10-09T03:37:13Z,0xa055e12aeb9dd158db59c48306d0f3e25ddf7777,0x196e440d443072d693ec7a2dbb34724ffe18e570600331cfca6125c071c14042,0.69,0.0002167,49248,51064,219,49531,0.0002167,0.0,,,live
2026-10-09T03:37:13Z,0xa0723b496f407c74ef3ae7d7fc84397a8301784d,0xdabeaa5e139d264d61d8408017abb39dc31d2fa247788e0a892bf711e52ef459,0.99,0.0003252,46993,113157,239,74279,0.0003252,0.0,,,live
2026-10-09T03:37:13Z,0xa07f1926ba15f4eb34e269f1accd176e32dcd039,0x14ca8e9b72b52adfd15ade79fb5e518acca3fa79880f69e631e2a9d20c18a4ba,1.57,3e-06,5050,174,9,3000,5.076e-06,40.9,,,live
2026-10-09T03:37:13Z,0xa0eee8bd86b919bacdd1f7ee4e113c85f4cefb2d,0x3aef77828025f4f718a5fae464e81c3bc115b0d0,0.83,1.509e-05,7575,0,1,7575,1.509e-05,0.0,,,live
2026-10-09T03:37:13Z,0xa1489668ecbc3f7508ac04f3aee45484cbf5ab38,0x1bb66dc679b1078098f65f5212bddfaa68692ce9e4b9e0c7f94b17163dad2f14,0.63,0.0002496,40912,77634,215,57013,0.0002496,0.0,,,live
2026-10-09T03:37:13Z,0xa14a8fa01624e78eec7924652e854d56e4328653,0xce64e52f4544b755a8ca29d880dd2a702fbe7c3ce7fc353ae77cf37eb908a36e,0.6,0.0002161,122454,634860,1570,216193,0.0002161,0.0,,,live
2026-10-09T03:37:13Z,0xa14d7cb6424f7296f02a4eff86a5c15614c07777,0xdfc2ef5e66484b6cfb52f92ffdfe3e31d95c8361eafcd5cfc22fdb61c27c53c4,0.08,0.0002368,50929,52682,211,54108,0.0002368,0.0,,,live
2026-10-09T03:37:13Z,0xa20baf0c1176cccab01c1db0a9c53a822cb418b4,0xfd4bb24be8b03e82781d74bc202a24fc35aff58fcbbfeca1203298fbfc01e882,1.58,0.129,15000081,3127,39,129070697,0.1291,0.1,,,live
2026-10-09T03:37:13Z,0xa2142045c39a4ab00e63d03b651d018c43d4d8b7,0x915c1873bcea8423be798e7562d9657fac807ed6,0.84,5.297e-06,5298,15,2,5298,5.297e-06,0.0,,,live
2026-10-09T03:37:13Z,0xa240d8f777ba1fb19e6713f527b0a2876ae77777,0x9d49b7bd45e2ff0bcb21d024bfc585517c25db7b478e994a37de7efe5829cf50,0.63,0.0002133,48836,60191,221,48740,0.0002133,0.0,,,live
2026-10-09T03:37:13Z,0xa2bf65b243421eb24ad6795b163f696aa1ae1e18,0x8ebeb5b10104d171c9b38ec742456e27ae4f34c797ecf0b7a7c1944604a8d62c,0.51,1.991e-05,19914,2,6,19914,1.991e-05,0.0,,,live
2026-10-09T03:37:13Z,0xa31376ce65f9a225dda2a6186027b008be037777,0x0ec3dc5d706b6040c35ef2a5d75902799bfcddc2ae4444288d82f892b563e2b2,0.97,0.0002526,53393,64489,220,57732,0.0002526,0.0,,,live
2026-10-09T03:37:13Z,0xa35456584ad50e2885c63668cfa8318183f1095e,0x5878b1b9388b2aac8a52d2b3cec5610d3adceda3,0.68,4.537e-06,4543,6808,50,4538,6.052e-06,25.0,,,live
2026-10-09T03:37:13Z,0xa3659f6ea2da35bb9155821ad09083e7a27d7ba3,0x514b80312dd6e189041e6df728934203e117562017404d54077c8e4c014a6e7b,0.59,1.007e-07,10076,18,35,10076,1.029e-07,2.1,,,live
2026-10-09T03:37:13Z,0xa3794e2721727331df2371d9c20283d4cb401e18,0xd2e66cf2c9740ae7442eec4ad7628eacf22a6449297eeb757a60f9852e562c80,0.61,2.008e-05,20086,5,6,20086,2.008e-05,0.0,,,live
2026-10-09T03:37:13Z,0xa3b1d2be58e49a9aa3ff1efcdfcd9588ff1dcf3c,0x1a512113e967ca20927f84229795df96a91dc5262ac051c538c92f073f9872ff,1.35,,,,,,,,,,dead
2026-10-09T03:37:13Z,0xa3ca3f42a3d4d21cbe6926db2242daeec1331e18,0xaf8400d87bf01f1358380e369f8737b8dd817b8493e3e4af129e1950477803c2,0.51,2.009e-05,20101,2086,42,20097,2.105e-05,4.6,,,live
2026-10-09T03:37:13Z,0xa3fc008c71e53daf2b194d3639ebd38e5f5e6ba3,0x0efa3306e54cd245f163fc0ea4f0e5ffdeadd41fe4e30bc6f7af0753476f9dcb,0.41,1.123e-07,11305,2147,65,11236,1.144e-07,1.8,,,live
2026-10-09T03:37:13Z,0xa4317ad0627a2bf21f4e065a6cbf6326434e249a,0x38ebf8daff5195122d17639d412526bb2d31759b3b6b76a6176666c3a07ac19a,0.19,5.912e-06,39784,43962,369,59122,5.912e-06,0.0,,,live
2026-10-09T03:37:13Z,0xa44930652990b9ca033679bfef951d8fb1321ba3,0x2b669eda5eeb08737fd04fc178b8b4bf796d24c219bd938432a64b6a9fb9298d,2.45,2.283e-07,19335,2,2,22836,2.703e-07,15.5,2,False,live
2026-10-09T03:37:13Z,0xa45a9ad563cb2cff61abb765d44dc68ab0bca777,0x4ed5ee3ca04d3a82d9bfef9ab03cf7d5007af455ba72aad502e816605314307a,0.96,1.946e-05,22038,52670,184,19432,1.946e-05,0.0,,,live
2026-10-09T03:37:13Z,0xa463ffab50c4a7113f2992d695df8c9bec2c7b9a,0x36932f1f0ab9ceb1a05957769ee1b301240b86acdb420c6e9b42b3d6d5ca4718,0.58,0.0003545,48617,160560,216,80975,0.0003545,0.0,,,live
2026-10-09T03:37:13Z,0xa4769dad9d3e0396c652d5f6cd4885a8648ad6d2,0x8da900b6e43db6ebc05b97e1fe525abb962029478e2b0647907a8302bbdd1f6d,0.86,0.0001392,64374,100558,492,139218,0.0001392,0.0,,,live
2026-10-09T03:37:13Z,0xa49a8ab21cddd2d5d89949c90aac535dee2d83a9,0x8dca7e694580f22de354347a5f4efb79ce20dddf723879d29dc3008c3ad6cd0e,0.63,3.796e-06,7585,0,1,3797,3.796e-06,0.0,,,live
2026-10-09T03:37:13Z,0xa4ed602f4bd38d3f25a1d99141f0aecbe7d349d8,0x36a57705bb9113f8baa64873f5fcea95a563425839b9bc57d12a15d0e3bfe48d,1.4,,,,,,,,,,dead
2026-10-09T03:37:13Z,0xa5c8cc9fbe4b41b383edb70348d28dd287c63e18,0xddc30709002e268d820bda2b6f8b59675e7e9b2f42c3bc5c80caa123f77336f3,4.44,5.296e-05,21254,16454,1358,47672,0.000175272,69.8,3,False,live
2026-10-09T03:37:13Z,0xa5fa9708408b289fc47e75ea8c5b3a01b6d90a61,0xc11dbd8af3918129b541c72be9222cfeccd3d5d38dfb62f6371839cb600d837e,0.86,6.455e-06,6456,1293,12,6456,6.455e-06,0.0,,,live
2026-10-09T03:37:13Z,0xa605ca8cf479cbfdceb2852676a4a4cebdaecfa7,0x5231187506ff4e67b449fdfddc195994717803fd2b990824c736664dcbd16845,0.81,8.646e-06,50136,47991,246,86464,8.646e-06,0.0,,,live
2026-10-09T03:37:13Z,0xa677e74829fc053cea3ca679b902f54f27ccfeff,0xd1ca6bcbed9405b7327763ee2dbb2db12ecd62f79c30511dcf722bb67185222c,0.47,1.132e-05,18833,3184,51,11329,1.132e-05,0.0,,,live
2026-10-09T03:37:13Z,0xa6e0a8549a662850349fab86d1a95d5ee1387777,0xbe93ba237a28fbd1ff013e6249fa200075d1ef2930131da52dab5519d50f1538,0.33,0.0001724,43272,46875,192,39406,0.0001724,0.0,,,live
2026-10-09T03:37:13Z,0xa6ebc21c1c22d07c03b06dfea8da28136778cba3,0x56b1cd4927ec35bb9580334050f99e0a7a033051148e7e9aadffa9437b441579,0.16,1.041e-07,8866,582,10,10411,1.041e-07,0.0,,,live
2026-10-09T03:37:13Z,0xa7354cb59fd28d626c07222e5f405442325ef1dc,0xa7544608a428179b24cf46e460e870cd2771bd14ddbd32ae4df57a557bab38f6,0.71,0.0002121,37894,73577,224,48465,0.0002121,0.0,,,live
2026-10-09T03:37:13Z,0xa74f62386bdac20b9beb63b0751a03576dbf63ad,0x58f7287b1f0a37e9700f104b852bdf80dc23a0d227dceaea75adc6988b681f6f,0.32,2.846e-05,533885,19423881,17140,2846565,3.301e-05,13.8,,,live
2026-10-09T03:37:13Z,0xa77d95351ad20e62810acc6ea3242f1bf7767cee,0x511f424f34b19a4f619d178637f6d969309c1567c044d3a78ac91cc670a5e404,0.3,9.858e-06,7394,0,1,9858,9.858e-06,0.0,,,live
2026-10-09T03:37:13Z,0xa7a19965859ce0ad17bcce424a932e6f2d601777,0x47eb92475934dbb843c39731c55e8b185d9b54dace27950cc2a9f9810e0fd139,0.17,1.533e-05,19212,7605,31,15309,1.533e-05,0.0,,,live
2026-10-09T03:37:13Z,0xa7d1b6812d9b8d6eb938deaca6ba98b8c2d57777,0xf82c457a5101772736a811808147b6c272b7b5a7f1dc99a7884cd2a94c8f94d1,0.16,0.0001162,35645,16138,68,26557,0.0001162,0.0,,,live
2026-10-09T03:37:13Z,0xa8028d022e8f96eef5b19a7cc4079d4e6c2ce4f9,0x20a796740354429fe2216fdb0f20dff96225dc32a40fe0d795124d3bfa9c3949,1.39,,,,,,,,,,dead
2026-10-09T03:37:13Z,0xa80a7fa58f1c9536303e86098c2fe465ff06b880,0xb079e0509ea69704e0f84e5b5a332b80f1300e10b04ef71218e63713da2deb8a,0.44,0.000175,33433,60049,216,39977,0.000175,0.0,,,live
2026-10-09T03:37:13Z,0xa8228714411f4decca8ac3d6eb63aa00890fd716,0xe15f51bbb5ea74e0b9c0762702a8dfcddacd5cdc495de72bdb1531b53288f53b,0.83,0.0001058,78599,112028,226,105852,0.0001058,0.0,,,live
2026-10-09T03:37:13Z,0xa82ff488c066045b17eec7ebddee6b5a9f633777,0xbe1c685568ef9c534c4da18e2c0a293461992bbc460e22ec77c16afe84fe768f,0.43,1.799e-05,20564,23157,99,17960,1.799e-05,0.0,,,live
2026-10-09T03:37:13Z,0xa859501407518a5778ccfd227771a37b876197c8,0x2f1b331ecad04f7981f9b7693d925e697572310d024f71d1053ed62573fef8ff,1.33,,,,,,,,,,dead
2026-10-09T03:37:13Z,0xa86a61a859b8a215116cbccfacb1ea52a5333455,0x8b40f71aae77ffbe30430541c374cd2ae9a3a0439bed7d9582063a7502d1ef33,2.47,3.083e-05,16212,20419,276,30836,8.082e-05,61.9,2,False,live
2026-10-09T03:37:13Z,0xa871e7e03d4bdeba3b4615d1dde6927227cce777,0xdd023c4d6fac8f04e4587b1edb02f92754d70aa8f4b2dc0b7e7bd400592c0f16,0.15,1.258e-05,17398,14124,48,12564,1.258e-05,0.0,,,live
2026-10-09T03:37:13Z,0xa8936b7148efda48226de8c06706c8f7b0f85c98,0xd42db345a4bd4df194902102fddc4edbb46f6b63c805cd242b359884d3e86e88,17.36,1.937e-05,12853,1107,36,18619,0.000157768,87.7,,,live
2026-10-09T03:37:13Z,0xa8c227861c1f85ab3dc0763c7477149c8202d777,0xb69dfbb8514df5b7ca1873f7b23860aa772e1194ff019646cd252baf750819b3,0.58,1.793e-05,20967,15931,67,17902,1.793e-05,0.0,,,live
2026-10-09T03:37:13Z,0xa8d73d638cc242180478f5173af56d1af5d17777,0x830badad1a76a8d99e57739f1ffb01fd4c97f5ee26f16f1718be7646047289b2,0.35,0.0002561,52644,60787,239,58516,0.0002561,0.0,,,live
2026-10-09T03:37:13Z,0xa9b3f4eb708a152cad7998fbf3dee79cdcaf6777,0x655bb7eed982a08df4ef559d938346e2adf9a45eb452ea0bd4fcc06aa75588a3,0.37,2.187e-05,22780,56490,188,21829,2.187e-05,0.0,,,live
2026-10-09T03:37:13Z,0xa9db6d3fb987257767b7227b7df5fad099004571,0xc1a9ee78142fe666e8586351ed3c6d35eb92f38428716261536a4d9d44d61448,2.13,0.3689,14544428,138105208,199,368987003,0.3826,3.6,5,False,live
2026-10-09T03:37:13Z,0xa9e0d2d3ee1145c304ed09ea7122421e98f6bf50,0x762aad2c3aa3440846ecf8d8260fff96de0fa649,0.15,6.715e-05,7,278480,782,67154,6.715e-05,0.0,,,dead
2026-10-09T03:37:13Z,0xa9e1e489f4dbc78df2da56bb2071b5a0d80b6777,0xcf8f94bf2a87d5e2d06486d178e0ba40765d1a15b3adfc54c1ff7e04cf3a414b,0.79,1.766e-05,20968,26713,113,17631,1.766e-05,0.0,,,live
2026-10-09T03:37:13Z,0xaa07a0e9209e16ac99708c3ec70159c6ef3128a3,0xea9f200e13055b82f175f44f592c4c13dd8c9d9320a66487d3c5cd90d68550ef,18.85,0.04304,734432,1808675,2408,40897048,0.123459,65.1,,,live
2026-10-09T03:37:13Z,0xaa07f927b255756e947eafb2778db2c3fc9a28a3,0xb9a25b92a05ff018a6a684304a60067acb5c537ed38635049792ffaf26111f41,2.16,0.05014,14295948,28421725,310,47633301,0.05207,3.7,6,True,live
2026-10-09T03:37:13Z,0xaa08e4d7c9ad9a8a7b84293caaa9d8eaf7842bcc,0x8aca105817d21865ccdf04b2ee76c76ebe209219985400a7227cc09289a4f7ad,0.39,2.435e-05,24358,45382,128,24358,2.435e-05,0.0,,,live
2026-10-09T03:37:13Z,0xaa5751ff3fb61e613993b2eb4eab1fce017081fc,0x2f509c6e2675a1a7945902c64ba4aefaef32b2fbf34245f12078a1d0573db170,14.41,0.0006937,77483,340255,1445,681965,0.00316245,78.1,,,live
2026-10-09T03:37:13Z,0xaa649224ce105f543d8da216dbc460704748f777,0x76171653b2e38a9b62c8e7862fbdec6ff8ea04e32c127353e4aaccecfc402f43,0.38,2.271e-05,23192,54396,178,22672,2.271e-05,0.0,,,live
2026-10-09T03:37:13Z,0xaac5df89005108b822ce8ac31ac1bf1ee4a6eda0,0x967d7232ffce1d5cd919b164bd30b2ac62db4b66227878b5b27bc326b0560e33,0.51,1.17e-05,22673,576,7,11701,1.17e-05,0.0,,,live
2026-10-09T03:37:13Z,0xab1914500f3177d0a56cfe5323fde1b6ee5c8777,0xd654641e04edb0e094b55b41ae3cc16f57b94118dfa6da9524aa5f5a4416f902,0.26,1.534e-05,19193,21704,73,15314,1.534e-05,0.0,,,live
2026-10-09T03:37:13Z,0xab2a8ec408056d13fbcee6cef6b80018fbb54051,0x8aa1081d2401e1c0dc2a966a871179443adb81b381d1f70d6f035c38c8149310,1.38,,,,,,,,,,dead
2026-10-09T03:37:13Z,0xab49110a7ef71d0dfc386008da8f0f7ce6cb6b9f,0xd3bb3d3a4c3e607eae451133d05aba6bd0cc9717236842de95db2a5714b9e2cd,0.44,7.26e-05,21532,15795,74,16582,7.26e-05,0.0,,,live
2026-10-09T03:37:13Z,0xaba49169eb59b2d18542c8921f5932984f4d7573,0x71e3b6bb138942bf28dfaabad1305160588e97d20118d01e77d53ef2166956b1,0.83,1.41e-05,13807,1794,17,14107,1.41e-05,0.0,,,live
2026-10-09T03:37:13Z,0xabb921947387b23e72a8561c657a1d0924a3d0fa,0x97fb8805173b53ffe5be2622db925623504d93c77d847cbaddb6ef8c68d41b68,0.16,3.428e-06,28207,22399,132,34281,3.428e-06,0.0,,,live
2026-10-09T03:37:13Z,0xabeb34e635f0f0fad631ead3c6cd8b027c6835ac,0xe34bc1e471201fbb4ae79c67a57b6acea013d7024174d532ba0bf9e7cf1f97db,0.97,0.0003659,49760,116122,223,83574,0.0003659,0.0,,,live
2026-10-09T03:37:13Z,0xac86901efa8ea8b7bee1a3b16af15f9784a50095,0x708137f2ecff30d61c512a60544e9f63e471a00017b33cceacfc7b0e1638336c,0.63,6.409e-06,6435,34980,1160,6409,6.409e-06,0.0,,,live
2026-10-09T03:37:13Z,0xac95d8509a2e4687b64de689e3055052352bb5dc,0x565fcddae258ba5cfc6df9eb6ab27f8df4746c50581e192759581bca611ef922,0.94,0.0003752,50459,127753,234,85714,0.0003752,0.0,,,live
2026-10-09T03:37:13Z,0xac9a9bef8855ea2979231fc34045448806ec5f0f,0x01785992617fb1615bd5f0a30f5a4ce0eb539b6c3fb87c96afc4cb3fbfbc17b8,0.75,4.953e-05,18327,2894,11,11313,4.953e-05,0.0,,,live
2026-10-09T03:37:13Z,0xacd24da36c97c89633ab4167eacadf56e29ac777,0xb4b1b902a9f23048b0370d2993aedf698f10a6b551efef3c2678a4ff1401f84f,0.67,2.41e-05,24371,53523,186,24059,2.41e-05,0.0,,,live
2026-10-09T03:37:13Z,0xacfa8c07025e9a5d59b8ef7323c68b4fa874c213,0x5f62b5c0cb348b14a6e3da73cffcae6bc45d76f9671d208d8605de9fbf6e5097,0.1,0.0002119,37253,65697,220,48406,0.0002119,0.0,,,live
2026-10-09T03:37:13Z,0xad08ca120f5bf91c6988494c1d0ac9a562d1b62a,0xda52dbb41999e3003648742eb207a136615c3bbb,0.56,1.519e-05,7635,0,1,7635,1.519e-05,0.0,,,live
2026-10-09T03:37:13Z,0xadd6031766a4d1d9315c4f4da49f3da36c621442,0xf26c3ba2b7fa2fb25f479ea983c01b6c84891ebb39974cd62346f58d582cabfb,0.07,0.0002949,44019,93684,228,67369,0.0002949,0.0,,,live
2026-10-09T03:37:13Z,0xaddbf3b2bbefba3fbc12280f8319777168552988,0x828002f0bc758cd071b97b0b39cbcae2677c44cc,0.09,7.868e-13,0,22950,99,,1.411e-05,100.0,,,dead
2026-10-09T03:37:13Z,0xadfefd9334772993e1dfa7391c60da5e1ec27777,0xd3f8ce7ba0f40d00b224c87ed9b806ba70def5bd299e73c06c364c0ccde3e134,1.38,,,,,,,,,,dead
2026-10-09T03:37:13Z,0xae5bb596f0ec52937297f543117092d38561504a,0x8545f657416a385c73174d406b87439e8dd2d5b1eb5aa28205b2aa7890ecd09c,0.58,3.594e-06,29282,25624,164,35948,3.594e-06,0.0,,,live
2026-10-09T03:37:13Z,0xae66cd32be001de12bbbca39cfdc7a2e097f7c98,0xfd6496b4ef1fae3521b808fe2c8f6c4ae00aa583b08852829172f7e83e7bb460,0.51,8.607e-06,16710,712,7,8608,8.607e-06,0.0,,,live
2026-10-09T03:37:13Z,0xae835fc8cbbe61f67b4080b40c4b5b35bddb5995,0xaf34bef9d92201bb033716be1b622b2c36dd5a0f62d753cb42bc841516ac1630,1.4,,,,,,,,,,dead
2026-10-09T03:37:13Z,0xaec89a4a32047418638d666bb8bf9274a7677777,0x39c4128dd81f04461fee312ccc86048bfa7ba81c9dcb01f65d4b84e05101847c,0.91,1.917e-05,21863,51178,178,19140,1.917e-05,0.0,,,live
2026-10-09T03:37:13Z,0xaf06bc52ad3d0e3093e47563841b4355d2798ba3,0x4fdbaaffce97b16720949c71fb081e17260fac9b7ac56bf8aefdf178b5e30df9,0.58,1.015e-07,8631,263,15,10153,1.015e-07,0.0,,,live
2026-10-09T03:37:13Z,0xaf089685237efdd6dd6619fe9893f8551b657777,0xe014b0952f17b7cab24bfdc3414de5a7e9dc76529ff0c7b9a5b97b5aee6c23c6,0.38,1.787e-05,20567,18746,71,17840,1.787e-05,0.0,,,live
2026-10-09T03:37:13Z,0xafa3464944569569802669538e7312a3e2190131,0x9c7b19e520b84e3838e7a332cc655b23df0ec00b4d38d17634fa7e47507dcb2a,1.5,,,,,,,,,,dead
2026-10-09T03:37:13Z,0xb020e4fd65502eb4766fb86a720aef714b433f96,0xf5cfe971a06c7f918d450b25c1c153063434ee678df4bb9e75e1439d580e38e8,1.4,,,,,,,,,,dead
2026-10-09T03:37:13Z,0xb02e8f92aa97dd90285af017db27792369ebd02f,0x440b93e8d58de6575e321f90d6ade177a98d6f81,1.73,0.002446,1117265,9217,75,2446498,0.002446,0.0,,,live
2026-10-09T03:37:13Z,0xb05a24a45d242e78f15b1a72c7e44f3f1d34f1ba,0x66fa7f534fd7a4ec28df51b4ea08866493ab95a2,0.61,3.354e-06,3321,12703258,27627,3355,0.01199,100.0,,,live
2026-10-09T03:37:13Z,0xb0e5b81b7828c6643b9a387dca54fc91a16282b4,0x93eb7f7ccc88ba870c0ce70a0a9239f634903dedcc540f747de1594911f59684,0.89,1.181e-06,22038,745,12,11811,1.181e-06,0.0,,,live
2026-10-09T03:37:13Z,0xb10e359bd403d5b1a6aa250f6dcf7fb07686c972,0x48b07961081a4ddcad63eeaf66293e10c8854469,1.67,2.728e-06,2723,1410,682,2728,0.01313,100.0,,,live
2026-10-09T03:37:13Z,0xb12247c68cba7267d7ca477f06e97294df5fed46,0x2e3acf04cf640a0e24fc3de951accd781fc5485cc585fc48ce987f12bc29d33f,0.34,0.0002371,39278,70946,227,54159,0.0002371,0.0,,,live
2026-10-09T03:37:13Z,0xb18a4bcf9018bedb1fcb90ed80f87087151c09f4,0x206211d456a3a9dbe45e13507aac5131ace9c716,2.65,2.756e-06,2749,116,3,2757,0.01692,100.0,1,False,live
2026-10-09T03:37:13Z,0xb18f5680d9eb78c29d09937d0257cb8c9f1a8777,0x1365582bb223428724b9d0988e0cd3ce588a79dd14b8a74b3d7c0d04f9fa8c88,0.83,2.285e-05,23895,55905,182,22812,2.285e-05,0.0,,,live
2026-10-09T03:37:13Z,0xb1e78ef17a2574ba045190ef70c3dca542bc7026,0x51697dc9c342281d3a182c5db7ac8158e9791979e99409d84363e17cf1d2b3e3,0.32,1.005e-05,10059,0,2,10059,1.005e-05,0.0,,,live
2026-10-09T03:37:13Z,0xb215b692c01358174084e933348451cf894ec0a8,0x56752de4f54efdd29b6be4ffe37bf0a529c5327bd49f1e02ba271a6a411acdff,0.51,7.454e-07,14908,0,1,7454,7.454e-07,0.0,,,live
2026-10-09T03:37:13Z,0xb21fb45e9dfd9fb7cb515ea3398a1921e0e00869,0x32c07861df652b1f17984aef323641407eb36a75c935764a92fabdc1e8f59c97,0.9,1.773e-06,17288,3330,53,17733,1.773e-06,0.0,,,live
2026-10-09T03:37:13Z,0xb250ba7aa5af6d5089ccf216653170329fbba678,0xa893925bd028d153800b1a86329d311d75d7582812a120883dac9c1617ef0e19,0.79,6.657e-06,45244,56156,235,66579,6.657e-06,0.0,,,live
2026-10-09T03:37:13Z,0xb27f886903f9001b9f759711727646373d742ba3,0xc02578829887e699bda3607843e1e99f45f6a037e4f16ace4f931c31f8337647,1.43,1.495e-07,12954,1,3,14953,1.495e-07,0.0,,,live
2026-10-09T03:37:13Z,0xb2ffdf9c635335d560627188216203f41a9b0155,0x48b18a8098f1f0013d9ff381cfecdfe9cf2d4420,0.18,6.689e-13,0,22382,89,,1.378e-05,100.0,,,dead
2026-10-09T03:37:13Z,0xb363202df533f79ecfe0be6f1e0781e43343eb5c,0x0fd838bbcf76031be6c770cf4e55f9a97b55bbf3,2.44,6.172e-06,5773,4527,59,6172,2.183e-05,71.7,2,False,live
2026-10-09T03:37:13Z,0xb37b7b4a7fbee9b218e8dc6f060cc11b08ef7777,0xf2c845106bd98cfbd17561eeab4aabe8585c9a9729b86b4131b988857a4fe6e2,0.09,0.0001633,42192,37486,165,37318,0.0001633,0.0,,,live
2026-10-09T03:37:13Z,0xb3e2289595af192c1ac481a2962f070d14920777,0x7bd8d13cedc38f08c37ba21f3b6db4dcd1ad662be51fca99847fbb7ffc19cd3a,0.47,8.083e-06,13782,2369,14,8068,8.083e-06,0.0,,,live
2026-10-09T03:37:13Z,0xb43d4a8ed56a48cf937874db05f0261959c9fc97,0xf91431980930f5d69cfecc017ed31406f6906b3a8115210d779c4028fc66ea77,0.93,2.567e-05,25679,1169533,3075,25679,0.000135,81.0,,,live
2026-10-09T03:37:13Z,0xb45c3bba26f940e92d1e7bb6e3f80ce0fb0c7777,0xeeec0c4165852c5c06b6c4d59ab527e1f9542ab1a6264376fd3d84fbd173ffbe,0.56,0.0002323,50945,61142,232,53079,0.0002323,0.0,,,live
2026-10-09T03:37:13Z,0xb473abc4629ae3038bb3a57e4e88f0ee6488fbe6,0x32844dc23b391625681006739043da5a0ae4e459c95b260a934133a278582742,0.92,0.0003413,48195,73508,242,77963,0.0003413,0.0,,,live
2026-10-09T03:37:13Z,0xb47c6bf935b19068dc3bf9b81146b8187cbca688,0xc9e4c5458260bdebbc9a2881b4f48fdc74b6e3416b728f20fd5a63f47f065c4e,1.52,,,,,,,,,,dead
2026-10-09T03:37:13Z,0xb484b1216beaca0a9093de83be11f22b83ae26e7,0xc70c5e094e7ad752e7f0a220fdbd23817d4e57d8a6763bdb0f85e489b2ed6b5f,1.7,0.0002876,250068,439579,2525,4387,0.0002876,0.0,,,live
2026-10-09T03:37:13Z,0xb489068e1d48cda3e4c9a5f1ff526aa7fc9496d7,0x510ca40b4dc915a45b07d9c8f5fb501b62d0124a98a554b3efaaefbe7f6ca53a,0.43,7.28e-05,24925,309086,3672,70764,0.0001135,35.9,,,live
2026-10-09T03:37:13Z,0xb4a1b8928fdfbfb93115be52af7253bfa4a69153,0x5d2f934f6d80a8aa8acf9ea589ad8102bda51e968390162e854769548ec42e02,0.38,7.067e-05,58626,34482,103,70674,7.067e-05,0.0,,,live
2026-10-09T03:37:13Z,0xb4b14b87d89bdc9c56dd349d9694a3e91bc75376,0xf1e6d6c29ae8979f8c20871db6c0eed4c6215a2bf0674225d7eb2a3cfce6289a,0.25,0.0003447,47510,103497,211,78744,0.0003447,0.0,,,live
2026-10-09T03:37:13Z,0xb4ba324b667f50b0ed181eb1d3bf5bea7f4e4777,0xf8b7a3e190b27580dfb4cc8991bcaac928e1bce0fc974f69cec46071fefcb755,0.59,1.219e-05,17331,19968,77,12173,1.219e-05,0.0,,,live
2026-10-09T03:37:13Z,0xb4ebf16f805c3e307242728c1aa3c1ee07e965f7,0xe1d7af709494705b7326e61093b992ed239a94f0737ff2f572dca0c4fddaba9d,6.4,6.717e-06,7568,659,50,5161,0.000598759,98.9,1,False,live
2026-10-09T03:37:13Z,0xb50c0ca60ae52b553418f8f295385eac2e392777,0x0a9504c89511b7860ac7c5beeea9587c413d8420292634fe85d842a2f0be8c5f,0.22,2.015e-05,22029,35804,122,20120,2.015e-05,0.0,,,live
2026-10-09T03:37:13Z,0xb513fa5ff7964b315079fd7a6170caacd39ea5ce,0x2425f82630405a7875361638971b8d9cd604eb8c,0.57,0.000277,249322,4,3,277024,0.000277,0.0,,,live
2026-10-09T03:37:13Z,0xb51658e7fda3f70a44751c0c23b1bd3630207777,0x73d23fd4b1f72ad8dd1cedf6de249feabc8290dc3e2e656a75ee6b4b4e1281f9,0.68,0.000261,54025,62341,222,59657,0.000261,0.0,,,live
2026-10-09T03:37:13Z,0xb548e693ba9c1a1c09f616203357b562cae7e152,0x8521fde883c3c90e5dbf0caa400c397f4b71aa35b6dcff0fe1bba7f6946d2a09,0.31,0.0001275,87606,237558,706,127574,0.0001275,0.0,,,live
2026-10-09T03:37:13Z,0xb56c086e2dcb4675616bc77c4675955987489777,0xe3efc1b852bd3dfa5ba4ee8045f1fe979ccb033a1d5cff4f23005848b5148771,0.6,1.197e-05,17152,16472,65,11952,1.197e-05,0.0,,,live
2026-10-09T03:37:13Z,0xb57e36afdee72e50d937abe5739b10fe66777777,0xfe2602e4720a97bb52488cf9a908123e9e0120230dc32452761bebbf8193865e,0.07,0.000213,48306,57491,230,48678,0.000213,0.0,,,live
2026-10-09T03:37:13Z,0xb58c8dc3d9c1014dae2c98affd7cb74bb2ec2118,0xcbafe43c6490370401e59f110dfdf13897f9c9f30e85b9f6f3402d8d84a097a5,0.68,1.834e-05,25880,10768,99,18348,1.834e-05,0.0,,,live
2026-10-09T03:37:13Z,0xb5a3f2e32c391c760386866564c332780ded0882,0x3baa2daf87c84619f2abb24815d5052fbc7aca5f,1.34,1.488e-05,7468,18,18,7467,1.512e-05,1.6,,,live
2026-10-09T03:37:13Z,0xb5bf0616d4bf9ab6dfbe1eb23c5ffbf136f61e18,0x039f96d357d0d8d2ad3fc2be4497b432500542dab1f1af1370219008deb39046,1.25,2.106e-05,21120,848,39,21052,2.572e-05,18.1,,,live
2026-10-09T03:37:13Z,0xb5e0d2d63bd60e669553d3e95cb917a6b1199258,0x870f3f426782400d290f106fdb75f1362cf610fc2cdb01f46d8448437e2d93e1,0.87,0.0003018,45229,113979,230,68944,0.0003018,0.0,,,live
2026-10-09T03:37:13Z,0xb5fd5cd3159a4cf0f8e78416dbbf53b280507a1e,0x70f55acc95a78832a28960fc9a540c54bf649bc7615ee73f07d2f4df6424288a,0.08,9.869e-05,25459,19162,84,22541,9.869e-05,0.0,,,live
2026-10-09T03:37:13Z,0xb6bb09aaa195e96fda7c382159eef7f4a0a759de,0x5c299be1eeab533b4912236b203145d5614e1ac1e877630f427abecd4f5915fc,0.9,0.0003145,46262,75100,233,71839,0.0003145,0.0,,,live
2026-10-09T03:37:13Z,0xb6c35778eb4919d1758e42d5145877261ca454b5,0xecc346b10e076f7d9b69dca025aacd754b540249d5236fb3e349a87d55334384,0.1,7.698e-06,7413,1196,1,7698,7.698e-06,0.0,,,live
2026-10-09T03:37:13Z,0xb6c9e7a367d16766fed5fd50dbe80cb86a369777,0xfe6233b6448dcda271e22e27427b2be2cc159f2641ad2ab7492432a42b7fb7a8,0.09,3.086e-05,27212,50236,171,30809,3.086e-05,0.0,,,live
2026-10-09T03:37:13Z,0xb6de92915a4cc24ba4714640eb3162c066173bcb,0x9ce5291fd2e35ea436040e3a669a3f2e5b794433bd4cd31463209d1acb4173ef,0.18,2.179e-05,2,0,4,21792,3.29e-05,33.8,,,dead
2026-10-09T03:37:13Z,0xb70c9adb2281eee879c7cbaee0fd0059a2f866bb,0x56b9ad9f42359d2a9321c55bef17ca95627bdf6f,1.4,,,,,,,,,,dead
2026-10-09T03:37:13Z,0xb71b7221763923879adb3e9a35379eb133fe2777,0x071cf2a4e5c8bcc05232963ca9c3d1ed647be26e509d39d10da1b5b1ebca755c,0.6,2.267e-05,23648,50485,190,22630,2.267e-05,0.0,,,live
2026-10-09T03:37:13Z,0xb76cb608f898a90a0e20dbf730a3ceb40f51d789,0x5aa0165c3fe33a0d10bf69394abf2d7ad4356b7c,0.56,1.006e-05,10161,2326457,15508,10061,0.0006982,98.6,,,live
2026-10-09T03:37:13Z,0xb8120ac7444953e7f3b30ed7356045f2c5d10777,0x7531c0fd8de9cca766288f7629af8f017691b8e9d5e7052b19c97f2907dd9e85,1.39,,,,,,,,,,dead
2026-10-09T03:37:13Z,0xb884b0a89ff0d0deba98ccd09749cc2b4ce21690,0x1843ac2a92a91d031c74d54ec41dc23c268dbc530295791c84ad31bf8c8b65c8,0.26,0.0003392,47149,125528,230,77492,0.0003392,0.0,,,live
2026-10-09T03:37:13Z,0xb898f3b307ad2641172856a624eb3f4af0f1ff28,0x5bd6f3b0d591b3a46ae5b43364192f946b433240419dd29eb9e9f1ea54ae4e07,0.13,0.000298,126638,954674,2871,298091,0.000298,0.0,,,live
2026-10-09T03:37:13Z,0xb8aad220341ed8d9558d4aea2d96a677813dcccc,0xf9559fc80edbbe2a7f069509339756ed14feaa682db9c6e8b12b841c65019ca1,23.84,9.131e-06,9403,4,2,9132,0.00116173,99.2,,,live
2026-10-09T03:37:13Z,0xb8ad1bc415cf11851e819635efd8c0c4f9ab9062,0xac603cb9dbc5752f48629f70b059bccfd809d0a76ba789782bcb7ee3f00cb5dd,0.07,0.1881,4725170,301,8,15731171,0.1881,0.0,,,live
2026-10-09T03:37:13Z,0xb8c02eeba19dfc72ca404d745a86700259375777,0xbf89d19660fc10c387d2a11640defeba45db0e9fc1fb1b80b39046961dce5537,1.43,,,,,,,,,,dead
2026-10-09T03:37:13Z,0xb9466d4ae61e91b034e48464b073f3a19410f99b,0x1b42b4e53c81c6854816ee18cae9cb83b0c4552c222e8e4ec19cbd83156fd5ff,0.36,0.0003023,44271,89486,222,69062,0.0003023,0.0,,,live
2026-10-09T03:37:13Z,0xb9546521525ae19b84946f33636c4fba8bb42253,0x9edbae35c0a00d43bbf6ed51384550270bc8f47448cd991ce04c9d2acf07dfbb,0.07,0.0002466,40260,72475,217,56343,0.0002466,0.0,,,live
2026-10-09T03:37:13Z,0xb97e28c9822c38c07257db848dc000379d3537be,0xd5ac40786ae5387ef38cc0e18040ece4aaf78522ec0eed1ae05d39d4504bd1c0,0.2,0.0002205,37994,75113,242,50378,0.0002205,0.0,,,live
2026-10-09T03:37:13Z,0xb9959022a1780a32ac33df562f341fc4f2d81e18,0xe1aa4e843478302e8860a61060f0a977ba9ff1e495101bab5f770f9118e87aea,0.07,2.042e-05,20418,769,21,20420,2.042e-05,0.0,,,live
2026-10-09T03:37:13Z,0xb9aa5ce695c64cf6e0daf635145b555a44d6657f,0x623c6a7a67b9e3bb56372fe7a26e69de477685988794c173b4cd96222cb01b02,0.21,0.0002588,41156,71567,183,59131,0.0002588,0.0,,,live
2026-10-09T03:37:13Z,0xb9c7f170ee98ff6c332ce83d17dc14869daa1e18,0x6d05a6be7b5c851957cfcb487017d217a5ea8567f1e2bc1b7de05a2302c330fd,0.99,2.006e-05,20061,15,3,20061,2.006e-05,0.0,,,live
2026-10-09T03:37:13Z,0xb9f08449482bd31d458b53fc5a3154ac453a8777,0xedbac90e0ea55391b08216424a2e4350188776e1e68f1753968a51b25614538f,0.1,1.124e-05,16433,6405,27,11219,1.124e-05,0.0,,,live
2026-10-09T03:37:13Z,0xba1a2d9783ebe2b76493c5c12eb9813a0e062843,0x6e8a6a1af8ec53f3f09c7303e5403558dee42d0a,6.45,7.785e-06,6314,282,180,7785,0.0517375,100.0,1,False,live
2026-10-09T03:37:13Z,0xba6263f3e9ff4d7d6438317be7ee98d9f2c3c45b,0xb5e14b901f9a767946ab66562c2856f7f1c618f6,1.55,3.684e-10,1,1723030,2646,,0.003582,100.0,,,dead
2026-10-09T03:37:13Z,0xba9074b7ba87c189922e14f9b6b232674c417777,0x2668bd9ce452cb526331bf832050a3d8d1eca2f5da9f90efbc55b9b83886d040,0.83,0.0002445,52687,60257,232,55876,0.0002445,0.0,,,live
2026-10-09T03:37:13Z,0xbaa7357f5df150e3b20f739418cfc13b0757e914,0x794914a1ce45d70970584d2301d41c22b5d67403edade730065374a7ff4fc349,0.6,2.527e-05,25270,2,4,25270,2.527e-05,0.0,,,live
2026-10-09T03:37:13Z,0xbab2014d948e01966a0917b242a332d7ff707777,0x1b434f9a7a14e60333e08de722c82da0ed3b8efc6f90ed691de59c7bf6c6623c,0.72,0.0002662,54835,59418,235,60830,0.0002662,0.0,,,live
2026-10-09T03:37:13Z,0xbad2206521c8cc5a2399993ba1078f78c3751e18,0xbc71bb75e4dc2f9f9fe6b6a9b09a30685c81f1d7d26ddce3aed0ac8b29c09dae,1.42,,,,,,,,,,dead
2026-10-09T03:37:13Z,0xbaffa3654abbfec949ea5b5ddfd52baa229391f6,0xc96e18a76184a21ccbb92053c1134897e061099c4fdd2b991a93036a96b17590,0.98,0.0001866,35592,71873,220,42638,0.0001866,0.0,,,live
2026-10-09T03:37:13Z,0xbb3f961ec2b164a3ca9816b261ea70fc7dc0e777,0x1266971d7e7259c1f206db88dd06099459bb9e5642dd3330bfe9b67555f2aaf9,0.57,2.035e-05,22317,38311,140,20319,2.035e-05,0.0,,,live
2026-10-09T03:37:13Z,0xbbbad08970fa054764f8cc6906067c627d62a76c,0x69c812475f8da3717d4c725539ce44e4b047f3eba5f389a3b21d6b8596d1a1e3,0.3,0.0003066,44748,100150,226,70044,0.0003066,0.0,,,live
2026-10-09T03:37:13Z,0xbbf4153663af9847c3c12a3e3149da346419d777,0xde928a437d6fefe368e8f289b811d17fd466b2bc17b24134e44757d2183927f3,0.25,2.643e-05,25202,54697,184,26386,2.643e-05,0.0,,,live
2026-10-09T03:37:13Z,0xbbf87f3a7a78f5fcfc556226b4d92189b0d9c36d,0x870deb73a22152d5689ce40f286f557e4663a9728633d0a22af754c49a81fbfd,0.47,0.0001683,32833,62868,169,38448,0.0001683,0.0,,,live
2026-10-09T03:37:13Z,0xbc0cfe031053a946969344629906e024932fd897,0x80d28f703eab20954bf9280d6b425f9b9336ecf7d159ab9abdfd05b776b8bdbe,0.6,0.0003173,46144,101730,232,72472,0.0003173,0.0,,,live
2026-10-09T03:37:13Z,0xbc2283d12b1f2f46c1613ae672e95c55b69ca414,0xdd086a556aa997e79d16cde88a6fcda21f615737df3d331ca1af74642e99dc09,0.58,0.0003823,77713,611226,3072,382389,0.0005829,34.4,,,live
2026-10-09T03:37:13Z,0xbc26f937236fd86b184de8fda681562d27f77777,0x60d1850ca4661b791b54c06fb5a7ac92bc1636b6592067412e7719096962c36a,0.05,0.0002213,49212,62593,231,50574,0.0002213,0.0,,,live
2026-10-09T03:37:13Z,0xbc547173516c4eef067fe3c267766372a511bba3,0x975ab56c142b35d8839614951f04a69d23fe8ceb39f4631989bfe8b3576d95c2,0.79,1.005e-07,10058,16,5,10058,1.005e-07,0.0,,,live
2026-10-09T03:37:13Z,0xbc6828ef379a01dbbb4303b3b25ba424e1096777,0x951546d7fba143e4f97e01b953a2ea8ded2b00a88606496ddda6c94b8a490c18,0.11,9.411e-06,15056,4053,15,9394,9.411e-06,0.0,,,live
2026-10-09T03:37:13Z,0xbc8f6c10ea3640ccd349c9d0babb54aefa2aa0ab,0x74bec620d97fdfc3590c720c26a27736c3a9fac3af49571492664bacaacd3270,0.29,8.391e-06,8457,173605,2596,8392,2.801e-05,70.0,,,live
2026-10-09T03:37:13Z,0xbcc78a7656601416078b7c1c3af238de9309eaea,0xc7e9f031a990e8c937d121e79f45a17bf3654118cb197c558718a77ac6aadca9,0.37,0.0003581,48119,117180,238,81789,0.0003581,0.0,,,live
2026-10-09T03:37:13Z,0xbdc00f2b4bf0afa7dfc8fe698b9fd4e38abbc546,0xde8f19fe85e7612b5d086da99b8caff600a2cd165e0e13aa485d39c08eadaa97,3.57,1.163e-05,8767,4081,42,11638,0.000295075,96.1,1,False,live
2026-10-09T03:37:13Z,0xbde1ee8d3a691b8c41dc6a2f2ad3b6dbf7b85bae,0x47a06c005dd5c0e616b2a2164c7879984277ba9f9964bdd4e1b6c8821c830d40,1.02,6.484e-06,6510,26,4,6484,6.545e-06,0.9,,,live
2026-10-09T03:37:13Z,0xbdf7dfd4f185d1a01ca2367131d33fd68345be6f,0x44b0c8200ded29e4e6c253a719fdca01cd7b9d2d5e0db889b0faa5d125b9fcf3,0.22,2.899e-06,23421,17123,106,28993,2.899e-06,0.0,,,live
2026-10-09T03:37:13Z,0xbe6bf48879e52db8256125beadb985a22050b44e,0xc7544bdf8c2e12371944e24ce30a4a41bab6b66e,0.79,1.502e-05,7538,4,5,7538,1.502e-05,0.0,,,live
2026-10-09T03:37:13Z,0xbeb77d1bd23c5845b27f14e9c8ee82f9842d7777,0xcaeb2c431e57dafbb5dda587e4a48f3057b191ca395a216d0698fc35016aed6d,0.21,9.381e-05,31990,12161,46,21435,9.381e-05,0.0,,,live
2026-10-09T03:37:13Z,0xbed8af9acb093cf2ebb9363cbe84d00f01303777,0x001fcc4d8cc447b69774ddbdd60d2bcb439afb560d76c9e3fe6231ff5cd18523,0.63,2.126e-05,22873,39037,155,21221,2.126e-05,0.0,,,live
2026-10-09T03:37:13Z,0xbedbaa1e2f4856c3b1028aae643d44290dbad777,0x31f71482c4048cfaf25a4a23fe2df023258b981d65c4bda0f5eeabfa1420c529,0.32,2.565e-05,24758,55381,185,25605,2.565e-05,0.0,,,live
2026-10-09T03:37:13Z,0xbf26b670281ecd28260d86244fab151d32df788b,0x82945c6538d3617d95c470abd2c485122392d02713d7f769bb5095c1fd2e50c7,1.57,2.729e-06,4816,193,12,2729,4.525e-06,39.7,,,live
2026-10-09T03:37:13Z,0xbf7747140600cc0d409ed983ef1294071da37777,0x8bfec57fa3743905deb28bb5fdd7a14b457ae1dd491eb8386503d78b87bd6d4c,0.37,0.0002152,48173,57565,233,49181,0.0002152,0.0,,,live
2026-10-09T03:37:13Z,0xbfa5204305209f0ec73ea4c230108bed5c80fd8f,0xca04a1e3cd58fa1a31169015d135316a769cb06c06328dcf2990ae5e061f3ada,0.9,4.561e-06,6479,2104,32,4561,4.561e-06,0.0,,,live
2026-10-09T03:37:13Z,0xbfdac6235dbe77c0cd6edb01c810c7da858c6c41,0x93d8dbc572068e01ebf1128d5de3e4703792a2b51be7e6ac101458900709440b,2.27,0.0003734,56428,31678,90,331289,0.0003931,5.0,4,False,live
2026-10-09T03:37:13Z,0xc0245bf7ad03000fe73dcb24b96dd0e4f526d005,0x86e75d979c1b17e12acf93eaceac9ad85c216f14a5e9b971a948001339dc2115,0.45,1.249e-05,21075,2923,49,12491,1.249e-05,0.0,,,live
2026-10-09T03:37:13Z,0xc04b1d420709bcc08dcfe55fa8343c782092b777,0xf10b6aaee7f887878d21c805de603a276c67b0e072e42c4798a6ca2905138975,0.87,1.891e-05,21700,50049,167,18880,1.891e-05,0.0,,,live
2026-10-09T03:37:13Z,0xc072f46666dba9ded7dee50a8ffe6403d504f007,0x3e8271f4d767ebd4bbc4a7a7f1dfd19d095c037819a18e2204892aa49dcf58b2,0.11,7.716e-06,7431,1199,1,7717,7.716e-06,0.0,,,live
2026-10-09T03:37:13Z,0xc0812a13ee633712a5a521def4f05fa504cd0777,0xc4ae18fc440ade1191542c780ac5df8459243329b71a6653edb90d839de0b677,0.84,2.642e-05,25692,49617,166,26372,2.642e-05,0.0,,,live
2026-10-09T03:37:13Z,0xc0c7d2548ae0194c184bc3eee91ba7340d89a07a,0xfa4a9798a9fdf3229b474aa9e0c951c8eeb6f13c431fb3b9d5128b79d7e705ee,0.83,0.0003547,49134,118146,235,81024,0.0003547,0.0,,,live
2026-10-09T03:37:13Z,0xc10a8fe2c5abcd0f98478f7ec84e1a5c51cd0142,0xae5a0fa31b9b9e0ed23f7193444a90892832d69eb850ae04e610e2f6d0e2d266,0.63,0.0003746,98318,2003966,7268,374690,0.0003746,0.0,,,live
2026-10-09T03:37:13Z,0xc11bfe9d3ccde5d5bb83d0fdc421f873bd482ab4,0x34cb848a85217c9553b44788ccf9ee2488f728dd960848b6fb44cb930de9f6c9,0.18,2.679e-05,15112,49864,710,25237,6.178e-05,56.6,,,live
2026-10-09T03:37:13Z,0xc1206b211be282670cb4b804f7131fa7dac47777,0x4627e09040b7be13a2224c279695f5f96691a8d9c2637d847dce77f97bb885e3,0.25,0.0002577,53045,58111,216,58895,0.0002577,0.0,,,live
2026-10-09T03:37:13Z,0xc132df3f78a5114d68f73e09b6b2d8902f7772c7,0xf9c5d7f6ae487a42611bff07273f8eba49ed8e4c1ec6dc169ada9962c31d391e,1.36,,,,,,,,,,dead
2026-10-09T03:37:13Z,0xc17ce6cb7b9918314f0373638b31a11a26806ea2,0x1dda5c8b61bf2796572248a1ba0cc2a6fadc7f20c4b50cb1575226245e1585b4,1.35,,,,,,,,,,dead
2026-10-09T03:37:13Z,0xc1a03afecb92107aa67d2c069ab2670c1ff48ded,0x9e923af80948301172d4fd64132e0f498edd923a,0.2,0.0003079,30798,11,4,30798,0.0003079,0.0,,,live
2026-10-09T03:37:13Z,0xc1a097d5eb16adef0c2c03bcbbc1d4ef297c3138,0x6be35b6fedeb76da013c6d03457f3e52a36fd63d,0.25,0.0003083,30837,5,2,30837,0.0003083,0.0,,,live
2026-10-09T03:37:13Z,0xc1b70458d13a91e902464f5c18d955010791bc6e,0xc392f45553c77db1f275c6490f8f18ccdddf9259c64c76fb55d5e79a31f82718,0.89,7.715e-07,15427,3,2,7716,7.715e-07,0.0,,,live
2026-10-09T03:37:13Z,0xc1c13b912cc8d14d15f38a07a4ea5cfd16888848,0xd83d32e8551cbc8eddd2cc0ddb56f8f18254b852284f5ec1c883e83b70079075,0.51,0.0003247,46216,85820,180,74165,0.0003247,0.0,,,live
2026-10-09T03:37:13Z,0xc20ec1b6fcb273253cc6ad9bf9f7ab6afd03167c,0xe29ed493b00399e47899193b6be12eeeb7719133711c9a4f8276ca7c44537de5,0.05,0.0002724,42261,76767,231,62232,0.0002724,0.0,,,live
2026-10-09T03:37:13Z,0xc25d36262741c1bd62f75bb92da024554ad3a827,0x0e919265ab4d633aa0e37a9295aab5aa43ae897be69f493911118a2741b88c79,1.42,,,,,,,,,,dead
2026-10-09T03:37:13Z,0xc281345798bdaf2a55705a2134a81e1de4873b62,0x3baf92398131d64e5613ad03e68d65de74bd99f0,0.38,4.806e-06,4815,6770,57,4807,5.958e-06,19.3,,,live
2026-10-09T03:37:13Z,0xc2933cb916bb163efa30ab3b156057d17c3d4ee0,0x950da61149a6684eee4db6339fa10e72e51a6e1e4be41fbc8813fee0d07bfeb3,1.53,,,,,,,,,,dead
2026-10-09T03:37:13Z,0xc2c03c5c01531c513d9de2f81caecb2ea2491e18,0xb63253bc831a4ebfbe51fa8c8fcdad726e8d60231af6dfe5f9d56d4b06e375f0,0.07,1.999e-05,19997,0,6,19997,1.999e-05,0.0,,,live
2026-10-09T03:37:13Z,0xc318d9e1b9ae4b245cc3824ab0204e075258dc53,0x6e3e9818f024ec09949754f832d9aeb209abc954b470430af0a65da2732c17c9,0.55,0.0003795,50429,90917,226,86688,0.0003795,0.0,,,live
2026-10-09T03:37:13Z,0xc319024f52527af660133e5f7e77975ca5d2e26e,0xd2c06447ad2a3eabaa6d1cb033cde8705652f66aad932e85e0e77d08a8668b80,1.4,,,,,,,,,,dead
2026-10-09T03:37:13Z,0xc32ab2e562ade6fba6d3d1e3960d49b0957ef645,0x1955fc17390d27deb491a59749c315a934cfc222797fc99bdc1f7725a98de330,8.02,5.438e-05,21531,33416,432,48309,0.000771627,93.0,3,False,live
2026-10-09T03:37:13Z,0xc34cbbe7d2a71f5dfa4d3a5285ac21b6852e2c4f,0x272fffe279504949ac893b746bcd06791ee65827b0eae9d0db72021dcae2be79,0.68,2.361e-05,33656,22617,251,23617,2.361e-05,0.0,,,live
2026-10-09T03:37:13Z,0xc368aa50a3944cb442b303e59d2b0426392807af,0x07d2a22a03bcac9d56905044a0ec5e51104f572d757f8e75b1ee31481fffa105,0.92,2.574e-05,25746,6,7,25746,2.574e-05,0.0,,,live
2026-10-09T03:37:13Z,0xc38c332012a9116dcade0c7f43b5d3c71799a9f8,0xb4b0dfeaa2e2a838f0f7a304f005ebe32390d4ef,3.18,3.021e-06,2995,389,35,3021,0.02089,100.0,1,False,live
2026-10-09T03:37:13Z,0xc3b3d759293fbed4352d1036e8f70595ea21ce8b,0xeb819213cd952af269c49d83fd5c34bec9d3ddd7730ef06b9923543f4dd709d0,0.23,0.001168,6732,0,1,7480,0.001168,0.0,,,live
2026-10-09T03:37:13Z,0xc3c647888708194f5889acd5064dc805290f80e8,0x28122e385014dabc279d36b149f2e2174de8e072,2.22,1.445e-05,7202,12,10,7201,1.523e-05,5.1,2,False,live
2026-10-09T03:37:13Z,0xc3f40ab7a3b7025fa544895d7af5164572cc7a4f,0xcc7f76f8cd45e899ea8ac975143ce67e6640df5870ae6f93ef4e3694e6a9a20a,0.37,1.53e-05,11423,55192,1178,15149,1.53e-05,0.0,,,live
2026-10-09T03:37:13Z,0xc46a812b77993b80b385338bcd39c9f25d4bac0f,0x4b017217ac8309af596d06f0d4892beb405d5020,1.75,1.475e-05,7375,121,15,7374,1.712e-05,13.8,,,live
2026-10-09T03:37:13Z,0xc49ed891de7df657eb09849daa48b44ebec2285f,0xeec98ffadc29cd1e5e232cc13f4803ea9cd6d74cc3f508b1661483b170303eab,0.87,2.044e-05,13291,48227,531,20447,5.188e-05,60.6,,,live
2026-10-09T03:37:13Z,0xc4d82967db799ad75a6a29ba0b666cdac53f0e3d,0x3ac16c279c2d5e6698e3fd3142d4217690b2351169734ed0de0da2bd726c4217,0.08,6.312e-06,6350,111626,4220,6312,6.312e-06,0.0,,,live
2026-10-09T03:37:13Z,0xc4ebc1c5f4140b8217376cb759a9c522c864cb97,0xfe08003de9430c83d5f2a3707d86aeac26461e11f691cfe924202efa832ae807,1.51,7.334e-05,957807,4469102,4102,7334135,7.334e-05,0.0,,,live
2026-10-09T03:37:13Z,0xc4fa94eee1895336d3200122b41505b4e9c87d10,0xd13660d2347d9517fce7418d4c276cce11601229318caf2e4f89590960b01b90,0.87,2.563e-05,25633,4,3,25633,2.563e-05,0.0,,,live
2026-10-09T03:37:13Z,0xc5054afcf1b76911e542aa33901ed0c928881e18,0x8c9bf564a888dd928fb524d5dc1cd8dc9a7e4ae83829d4d0c4293ff3f9899988,1.46,,,,,,,,,,dead
2026-10-09T03:37:13Z,0xc506c44e275db2dca1c40d918763f90a804b2777,0x48b74de0e4e6a68e44f2ac0a5db5567a05c0eafa7289bc4c4a4d35dbb041171a,0.69,7.413e-06,13546,574,4,7399,7.413e-06,0.0,,,live
2026-10-09T03:37:13Z,0xc527e864f165ec931f2223968605f37b77681272,0x7e280f510ab4bb74d00bd71356314d15af20330e,2.02,0.00625,5625724,0,7,6250804,0.006618,5.6,3,False,live
2026-10-09T03:37:13Z,0xc5617b2a6b46906d0bcb9af557be8246d126f890,0xd1a648200f344dc3736092473e7982c5a0fd7f038f8ae2d8ef28bc4b84fe5f27,0.52,0.0001021,75889,94811,244,102101,0.0001021,0.0,,,live
2026-10-09T03:37:13Z,0xc5848af1b7e9f87dd7c6c6d83554b7913719cb56,0xd5ad966d35da3c9f75b05210312afabf7798d48099a8db0102e1a77c6c3a7c33,0.16,0.0001446,30790,41152,146,33026,0.0001446,0.0,,,live
2026-10-09T03:37:13Z,0xc59229f7f832f0ba330d5f94934046e730127777,0xeaac35393e001c9d0d823b57959151a5790cfc40d903f2fe78de59e4dddd8048,0.3,0.0001408,39177,30997,124,32186,0.0001408,0.0,,,live
2026-10-09T03:37:13Z,0xc5970f57d861a01e96369c1585e5165d655b7777,0x7a2d36e0c0b2898bc3e5c297f209ad9aa8d59c8c89d6ba7756548006364ff32e,0.51,0.0001987,46686,53645,205,45408,0.0001987,0.0,,,live
2026-10-09T03:37:13Z,0xc5eed6757e793ae1ab8afa91c74b3f659d619777,0x73a85b599c4d7b7b39a7f952315a5194483fea3709dd77e3b9037d7a7767bada,0.41,1.696e-05,19922,49598,187,16929,1.696e-05,0.0,,,live
2026-10-09T03:37:13Z,0xc60beb77c5fbaa40b14e7aaf90d5c4b34e8ab006,0x9d7863a45cf66868249d482a63f9501293bea6c5ed2e2ea9bddab4f5567dfb72,2.14,0.004992,1503585,24808648,2489,4992217,0.005185,3.7,6,True,live
2026-10-09T03:37:13Z,0xc67140d33f63ae1110f7ec472446537c3df7f7a9,0x67e892598f637d980904ced5013833fcda8f81dfb5ba738b0d43df5b67432920,0.1,9.516e-05,72259,71540,234,95165,9.516e-05,0.0,,,live
2026-10-09T03:37:13Z,0xc677954b65913a9e4d3c0f9cdf5ddd572c591e18,0x1ba918d4656cc064be9ded9c44e7dc5de1c9171237ceccad9f48c11afeff0a2a,1.52,,,,,,,,,,dead
2026-10-09T03:37:13Z,0xc69ac353b3442c2c8cdf0d12bb187c766ed4f181,0xe3a377dadb61025083506fc9aa38c495a08746321622533b64c96c07deb9ecfb,0.45,0.0001381,29754,48378,197,31556,0.0001381,0.0,,,live
2026-10-09T03:37:13Z,0xc6a1f65d61341d6e977eed699fc1ad2ecd9be379,0xfebd212d75514f8df8f5ec229e39dd400bbb29617c297da7745fe2b8f2a86fe1,0.52,7.541e-07,15084,0,1,7542,7.541e-07,0.0,,,live
2026-10-09T03:37:13Z,0xc74d2f73ee11fb10a2e75b245a6ff8c111389777,0x66e56b4de2231222453c03b2cb505223fd9607a316c276458a843a7fac093cd2,0.88,1.834e-05,21347,24216,95,18307,1.834e-05,0.0,,,live
2026-10-09T03:37:13Z,0xc7520b875d60b9da25d54930e5b7822790b7e0cd,0xf017a91c73c54ff12f64f6a1ce99d1a78f62509e3fdf5f71803c392d89706643,0.67,0.0002389,40051,71546,229,54565,0.0002389,0.0,,,live
2026-10-09T03:37:13Z,0xc752db4574f8d2457ff3fc9216473e8ce4e3de06,0x0bb98267b0d045531c9fde35114ff3751b3e8fa169979151dc88ebf14f3d6106,0.61,2.574e-05,25740,237,6,25742,2.574e-05,0.0,,,live
2026-10-09T03:37:13Z,0xc775577c7e911b723404e04e5f1310645759a97a,0xe1a25e70fc6e8f2ba2fa097e39a237f052d134dd4c50c6a3e59c7f78d854642f,0.52,0.0001146,81073,687363,1727,114618,0.0001192,3.9,,,live
2026-10-09T03:37:13Z,0xc77c8fa9e6a9954348f2ffe115d2cf566ee5358d,0x3d6385fa39a601e509795f596a01b47a47e93e89330675c792c2a936be164535,2.71,0.0002914,212486,114636,895,7553,0.0002914,0.0,6,True,live
2026-10-09T03:37:13Z,0xc7b4a832ac0e7594d034bddb97e4bedd314bdba3,0x1422ff94a5b2fccc81764b1210d1452ef49ff3a087bda446b8e8052477605c96,0.47,1.013e-07,8618,29,8,10138,1.013e-07,0.0,,,live
2026-10-09T03:37:13Z,0xc7c9b68cb305235c26ef73a1a2a4be7e49601e18,0xd9ed205ca25808526a638a8cf71404541d495098f417fb2aec7285fec76740ef,1.42,,,,,,,,,,dead
2026-10-09T03:37:13Z,0xc7e88554172a39cf1fc5cf16ac871405622c86a9,0x871b39279394b68b6d1ffd2ee2ea2da3e42b5735c9bc7fcff6bfe25415f32192,0.98,0.0001572,32645,47131,172,35912,0.0001572,0.0,,,live
2026-10-09T03:37:13Z,0xc80933069d21f6a06517ae727c8ab437a48189f5,0x4b02b84a23c4e74284f2f76026a304204d140c1d94ec368a25c7d136994b0d3a,0.9,2.31e-06,28818,12418,243,23100,2.31e-06,0.0,,,live
2026-10-09T03:37:13Z,0xc8695b43c91196a9ea82b8a04d3d3029a6c87777,0x12461eed5e69f071f5d6412a76fe063b8a7ff95699f494cdfd013aff33bdd82b,0.26,0.0002513,52397,59599,236,57421,0.0002513,0.0,,,live
2026-10-09T03:37:13Z,0xc8c11449b26055f69d296ec3100f4d5742792ded,0xb585aaff301592c6bd7129ba375be8730f20f034558bb83b3d7290ede3738a1c,0.4,2.872e-06,24774,12937,116,28726,2.872e-06,0.0,,,live
2026-10-09T03:37:13Z,0xc8d9192a06e5e9814f0eed28d8a13226bf28fba3,0x93a60c2f4f2bcf83ee4d4a156770bb3317237bb8324f723a4baf89f1e224312e,0.6,1.02e-07,8680,753,13,10210,1.02e-07,0.0,,,live
2026-10-09T03:37:13Z,0xc907766c92da3aecd0e0bc033191abba167497c8,0xa1a61c0ba77caf0ca99c61b6fc82faebe3805a7c5ea86be21105dfc3e0d334e1,0.95,0.0003815,50861,106148,237,87141,0.0003815,0.0,,,live
2026-10-09T03:37:13Z,0xc9d024b62598e070da072489d8c785cba6349777,0x7f5cb314fbe7813eb5a938c4bcd875e7d541338f340bf569d92a8c6aa509652e,0.91,2.095e-05,22877,49328,175,20919,2.095e-05,0.0,,,live
2026-10-09T03:37:13Z,0xc9d52e211f205ad3cb42ea4949e340fc864627a3,0x96dc29ab3e585b1ca36ac073476d16727e1b8874d65ff1ce8ac5a8736ade86d4,0.3,5.657e-06,35255,70000,256,56577,5.657e-06,0.0,,,live
2026-10-09T03:37:13Z,0xca27e90ef05a29cffb7d00308c236c2aeacc1250,0xe4fd2e39b83110f2eab0b3fa950ea4ce7bb40951ef7742907a567d87533a6a69,0.16,3.348e-05,60418,6165,28,33485,3.348e-05,0.0,,,live
2026-10-09T03:37:13Z,0xcabe0f0123fed2d0a58c612bd9b4536b7c011aac,0x64a49987b9653060cdece2e792f8639c0d7177c4382c46af380b979173139a8a,0.4,1.005e-05,10052,4,7,10052,1.005e-05,0.0,,,live
2026-10-09T03:37:13Z,0xcadd0bfde08a7df80d2dd0ff5a692ed830815251,0x5a5713060259bce89e7cc9ba201ae399ccc5eaa555703d70cb7c763950f9a977,0.78,5.817e-06,45706,68520,254,58180,5.817e-06,0.0,,,live
2026-10-09T03:37:13Z,0xcb3e51f4f03ec4fb8217cc94fea1a75a8ace802f,0x0935f63371a18f9f4358f6fe416efbd71a4a3bb35512277daefa38219572316e,0.52,8.588e-06,16717,722,7,8589,8.588e-06,0.0,,,live
2026-10-09T03:37:13Z,0xcb5d3e10f55bb96857768fddc5972354438fd4ff,0x3185d2c924709411a23d9f6d2aba9fe9ef262cec911162a5fcc165e8dc5cf476,0.33,0.0002447,39918,76150,236,55891,0.0002447,0.0,,,live
2026-10-09T03:37:13Z,0xcb6cbb14c2eb983fff0c0ec7f3785bcc2d1066d1,0x9bc0a6b1a0a8314bcc10e08f73b0a4996ea4f1118313e8129cdeb44eb299dbe2,0.8,0.0002093,37708,55822,183,47818,0.0002093,0.0,,,live
2026-10-09T03:37:13Z,0xcb7134f645dd1d3c8e841754b18e6efe93a2bba3,0xa02d196b6a8117fe3391f6d7760b79e7a6fac519368ddde2dbdf5f657f63ef8a,0.57,1.006e-07,8552,310,42,10060,1.21e-07,16.9,,,live
2026-10-09T03:37:13Z,0xcbf12d7275dbe48de73720657dadcb52c3487777,0x2b75d51ad829f62dfe850ef0fa8f9ae805d5d1208d3ec23e634c0e6b49688238,0.77,0.0001056,34552,15973,66,24141,0.0001056,0.0,,,live
2026-10-09T03:37:13Z,0xcbfb73134b1b504c4c98db16096dc032ae300777,0x30213908a7203cc259a49f4eb791a0d6185a233651ab1d2d3c5b4d33076dd4c9,0.26,2.232e-05,23166,57293,187,22278,2.232e-05,0.0,,,live
2026-10-09T03:37:13Z,0xcc2b768141c664cadff00025babb2f173298a6ec,0x9ff93b6d23b913744f5b84a532954689ec13e138f5a67f7a3f2cc9c087f60765,1.39,,,,,,,,,,dead
2026-10-09T03:37:13Z,0xcc499849b6f7e98a9112a0dbfe8780dcc5a21aff,0x0487972953cec9a9718d21245e3cb06073804820125c451fb55f0a755cd0de8f,0.26,1.456e-05,13363,14812,138,14567,1.456e-05,0.0,,,live
2026-10-09T03:37:13Z,0xcc534ebcbe1622bd3ad5c7c230e8e0e295d738ff,0x845f8e63a5e21aac7957c1e488faec71aea99c6259386c904d18bd3c11a7f9b4,0.48,1.466e-06,22337,3678,31,14670,1.466e-06,0.0,,,live
2026-10-09T03:37:13Z,0xcc693dccc7846de209a0f9e26cbf8d3f249fe3d3,0x2b2af35897b9048936c0afb683c98854d58c63e082d1c08f240dc78512c9ec9c,0.82,0.0002306,39582,82512,230,52679,0.0002306,0.0,,,live
2026-10-09T03:37:13Z,0xcc7f20ff3b5ea5bc0125fabf9f32a83ceab4e737,0x51eb57cd7148b610ed726a80dfd3d3372825580a915e24fa6b1cb9b547f18db4,1.67,6.528e-06,6567,196,2,6528,3.156e-05,79.3,,,live
2026-10-09T03:37:13Z,0xcc83c1146a8a67a13786b57ad64a545e38444267,0xe06a6416705525460804969e65445d272bef00ac34825078483726aa86fd50ec,1.34,,,,,,,,,,dead
2026-10-09T03:37:13Z,0xccd744706afe142100ff53e780071341ac447b0c,0x267574a1d18f25197f335091b87e7947f8da2875ee0c0f5e5163c527fd3939d5,0.48,6.081e-06,6081,1948,19,6081,6.262e-06,2.9,,,live
2026-10-09T03:37:13Z,0xcd6009cdb5ae9da5d1fdc3b03f8361442f78f432,0xc93154041a6520ae4c2677fcd3579da30b5d7e5c5082cab1173047b3d2b03319,0.72,6.63e-05,56801,15601,32,66306,6.63e-05,0.0,,,live
2026-10-09T03:37:13Z,0xcdae63d95d6dd4f89f6e508c77bd4388b4e5c8ab,0x4674f978aab6c373c1634a6729771d9bd6b97bbf25fdfa70d601a81a339f6974,10.52,0.0003682,56063,14558,128,368224,0.0007324,49.7,,,live
2026-10-09T03:37:13Z,0xcdecc94f432c8277f4fb8ebeae337b75a201a4a8,0x3345f0e340c076009bc64465e4f1b47a36b631d8f1ace09fc0fcfaad14fc2a6d,0.79,0.0003561,49100,122853,228,81344,0.0003561,0.0,,,live
2026-10-09T03:37:13Z,0xce015516ab6fae49a3a14a41d82c9fbe8bec1e18,0x66cd39ea71cedd3475ce33e8901c34b2b8f193809f862fea9ab02fb5d4a30b6b,1.5,2.072e-05,20744,2,6,20721,2.072e-05,0.0,,,live
2026-10-09T03:37:13Z,0xce1091e4388b3a41a1450449d92ae31429048a26,0xe091c4da69f39727498d5bc4dc2a2fa2dee49e883d2bb2fd9b6b064cec9802a1,0.9,6.45e-06,6476,52835,4037,6451,6.488e-06,0.6,,,live
2026-10-09T03:37:13Z,0xce17da32c5c8bd2d57a8780ca14ea1d55652cce9,0x452425293a0d0ce190c35cc5cd3e5b98ac38c22266096d491a55525cafed72f9,0.31,6.547e-05,83357,60006,485,65477,6.547e-05,0.0,,,live
2026-10-09T03:37:13Z,0xce44c902377f36a3c946df7427d8e6874c8f4707,0xda2d58d75b69665fb54489e538d6fcf38116e5454362911144acfbd959e14989,0.15,6.834e-06,45064,30026,171,68350,6.834e-06,0.0,,,live
2026-10-09T03:37:13Z,0xce8cfbd3776d8f6920757d3bb0d56a89bdf01e18,0x07b03352aac5406d1f5d19310a0d3c40d963f3d6cc27b83bc5beb4a62fc40b36,2.14,0.1058,15001502,49500773,80,104875843,0.1059,0.1,5,False,live
2026-10-09T03:37:13Z,0xceff90de2030746af0865a2beda184d66e8bab54,0x838fca776012323f2a34e0f8922df68f1db03260c28703d9e2d3f99e8cb07641,1.02,6.434e-06,6435,9,3,6435,6.454e-06,0.3,,,live
2026-10-09T03:37:13Z,0xcf309a2053a0b35fbcdafab8763b06e1eab98777,0xfe32833cf39e35c781edada72e9a6c7ef0de97bde1447b501604c7ed226ba928,1.35,,,,,,,,,,dead
2026-10-09T03:37:13Z,0xcf36fc5189ce644383713446d538ce8beaa51733,0x66a681a5d6f558bb3bce7f7ff602f852f231ccdfb24d748e33c70315cb3c9d8a,0.11,5.13e-05,18349,3719,13,11717,5.13e-05,0.0,,,live
2026-10-09T03:37:13Z,0xcf5141eb8ec3c06b81dea74015e61f35247c3777,0x9be786eee099b5e0b155faedf323817bbad61811b38c0a544b1e577d421c1436,0.19,2.502e-05,24531,53265,181,24974,2.502e-05,0.0,,,live
2026-10-09T03:37:13Z,0xcfc388a8bdd0eb4d23a9cbb7738b1eacf2dc9c41,0x952ef726d711e9d00bc259a45111313e23ef228c25b15ed83fa86dd2423e79e8,1.38,,,,,,,,,,dead
2026-10-09T03:37:13Z,0xcfd81cc9ea15c404f0ef7f4265ff2fe4b9c01777,0x95262c6f78e0ac97ea6b5ee8e2aa6a1b37036dc5143d2cbcf3c6590876264890,0.31,2.134e-05,22620,37440,130,21298,2.134e-05,0.0,,,live
2026-10-09T03:37:13Z,0xd009cb138c3d703f8b085d664cec512e2898b75f,0xcdca406a8e232b8a459ff30f17733edaf3d4b9f1794fddc0b7fa28d89d6af3ea,0.69,0.0001498,149849,1131,5,149849,0.0001794,16.5,,,live
2026-10-09T03:37:13Z,0xd060f448de7bccb6e54b0cb8d5bc871c8d339eec,0x95d01aaeb884e62fda3d1f9b0b88f570c98cc7d8738195d83e3506db73513fd2,2.13,224.95,4864939,88411157,378,16197068,233.37,3.6,6,True,live
2026-10-09T03:37:13Z,0xd0c8ec6a8c6218d215c014e5f9862caebf1be6f9,0x9fd0b0e0150859c0c62300bcf7c6e47b4b2ca063fe51b310b06a82c9dfe6ca2c,1.38,,,,,,,,,,dead
2026-10-09T03:37:13Z,0xd10b904c089f4d68e8ac19ef959bf3473f6880da,0xb84c9fe573a3e2b62d74fcfb45716da4a39b883231d804524d015d6255e5a289,1.44,,,,,,,,,,dead
2026-10-09T03:37:13Z,0xd1216b17622a96e86d428e6a8e1292f8eb279777,0x1bec02db7e8a7516f4127d3977f95923fdfb29299a84b462b42ddf2ed889495a,0.44,2.193e-05,22703,51897,185,21887,2.193e-05,0.0,,,live
2026-10-09T03:37:13Z,0xd14b971de156b0c265e3105c6ebd96612cbe7777,0x79503a2e308d1e41e566c1c0c5350f451aad0ba535325a774ab1b4a2dd695f6c,0.94,0.0002437,52507,62853,235,55685,0.0002437,0.0,,,live
2026-10-09T03:37:13Z,0xd15d4c15d077184dcac8bf7c6e99e0284d9f5777,0x57aedf620e1b03e8c81a9ddc615090c6bf85c1ca41639764de3f1b4e91da208b,0.61,2.234e-05,23418,53222,186,22301,2.234e-05,0.0,,,live
2026-10-09T03:37:13Z,0xd15fdcaaa13be1fcb0453e54f112c0296e7e0b6f,0xd7fde6cf8178881b1454e95452a476038bc475d3c6da6db8478c7a776dc20f39,0.6,6.356e-06,6357,27,19,6357,6.356e-06,0.0,,,live
2026-10-09T03:37:13Z,0xd1706e80bd1dc29ab8994e9318386c4687872739,0x3a66f2f4542eb4de42b06dd1822b4106adc04311ae7c704bd6dc633828904efa,0.55,1.119e-05,9772,477161,5516,11004,0.0001308,91.4,,,live
2026-10-09T03:37:13Z,0xd1977d8a104b61f12553a33a724db810617be355,0xdec4934516e726a0d722dc93a411ad9eedc32d176b01cdb64f9a75bd7032a215,0.47,1.323e-05,22545,3190,51,13234,1.323e-05,0.0,,,live
2026-10-09T03:37:13Z,0xd21f247316c5465657d7b98adf97eff4835b4777,0x74b755425d0a92db8021cbcebf7e921a9136fef9eed58259dd942b508329ae78,0.81,1.791e-05,21119,33113,120,17876,1.791e-05,0.0,,,live
2026-10-09T03:37:13Z,0xd22974221a4a02f69a6b19350ca69d86c9aa0183,0x81672a0f8d475b62c11ebe073feaa81e66837caed366ec67b1b5b05c5711c1e6,1.39,,,,,,,,,,dead
2026-10-09T03:37:13Z,0xd252fbad2e5946ad4540810339a7d8a8dc12be0c,0x68efdfa0e16f8f638bca83861b94dc30d8014cf9c7fcb82720e33f0618eadf7a,2.68,1.176e-05,10015,5270,103,11761,3.832e-05,69.3,2,False,live
2026-10-09T03:37:13Z,0xd27761b74356d22d05bf943218e11fc3c72a9062,0x5ed8bd5749b699ef06cbcfc68f5c031c5ac65d7e10e80330d1b38ae74b3636f0,0.78,0.0002823,43741,100542,231,64490,0.0002823,0.0,,,live
2026-10-09T03:37:13Z,0xd2cfd27401045b625df0dc7180c83962081e906f,0x18ece5785b00af3654f752f96d96dfc7fc434fc2bdc637ee93293d37c428edae,1.32,2.659e-06,4753,107,6,2659,4.738e-06,43.9,,,live
2026-10-09T03:37:13Z,0xd2dfdd4ff0441cc691c57ceb8ad683d1f9ce2e97,0xe8c0cde20c02f8687ea4e30acca9c0ff36e64be601e78112a3bc5d125f51f4cf,0.44,1.449e-05,25106,3099,49,14495,1.449e-05,0.0,,,live
2026-10-09T03:37:13Z,0xd302c8cb6f51104e7d6f2c1f717490e284029777,0x2eb87252ce9ccefd763bd425dd02ac7aa39dfa308dd6284d1900bbc6060d46e9,0.76,2.339e-05,24139,49021,189,23351,2.339e-05,0.0,,,live
2026-10-09T03:37:13Z,0xd31d0de6faa404f205a32bce7ee30953e5a2050b,0xcf447542eedf52d5de4c6b448ab4dacbe83ef22317efecfe801479ad7f63dba6,1.14,0.0001639,3,0,2,3748,0.0001639,0.0,,,dead
2026-10-09T03:37:13Z,0xd3e8d7b7cee639c67075cf0fab76f72130e1229d,0xfcee3779f50212fbf9311d4a95dd363ad3c0ebc2c8df9acef5938ce40c1eddf0,1.39,,,,,,,,,,dead
2026-10-09T03:37:13Z,0xd4006d0e0cb68fbdf4cd7717ec9ded0298da7777,0xdc28b37cb823186cb5d4ccbb433f241e85e5fc081b360c8900319db897528acc,0.6,0.0001604,42370,43663,135,36661,0.0001604,0.0,,,live
2026-10-09T03:37:13Z,0xd421141b9d6afa274572a747e9a3fdd24ba8c400,0x88401f04a9af8326ccd642d64192442875d8378f7f5b324ac2449c481831ff9b,0.49,0.0009603,90525,597858,6390,931087,0.0009603,0.0,,,live
2026-10-09T03:37:13Z,0xd4692e457caefa3aa9125eb0812d0ea94ad87d8f,0x2f62a5a10faf731c79505b5086da9e83fb40bb4f13c60da5fc033b72c767d781,0.7,2.203e-05,32746,22334,252,22035,2.203e-05,0.0,,,live
2026-10-09T03:37:13Z,0xd46ceca1a541c4c65504e89b61d2e1fffa177099,0x911e5630be6b37bee89e1309b3255870385a25cd0d492926b997785eeb68e10e,0.81,0.0002749,43194,94777,200,62792,0.0002749,0.0,,,live
2026-10-09T03:37:13Z,0xd471d071f4bd405da94f5b5e74a6265d05f4dc59,0x424ab2b28c7c43479aeb1b2d1269901d3c0d3963f1ecda00b4c391b5c49ebca9,0.2,5.647e-06,47296,65056,254,56472,5.647e-06,0.0,,,live
2026-10-09T03:37:13Z,0xd4af0556dac5b7c3e012cad69837c235e9cf9777,0x8a54c4e766f6af587202b0bf5619b27705da9df4d84c05bb1001dffa0b429d8d,0.16,2.072e-05,22328,40234,140,20683,2.072e-05,0.0,,,live
2026-10-09T03:37:13Z,0xd4c410b7da9e900bb08ddf01a4539541bcc1cedd,0x3889ab00bd4bc48a09379fb3790af4d80e0118a7049c4bc50d9fafaf31c70bd8,0.7,2.633e-05,557088,10889247,8774,2633108,2.633e-05,0.0,,,live
2026-10-09T03:37:13Z,0xd50f69a0b7dfbaaace56dd5a31972c9ccf719777,0xc976224b0c739f6418b8edb1a3b1fb3aae7b58504bf29d63823ddf333397857a,1.35,,,,,,,,,,dead
2026-10-09T03:37:13Z,0xd5437e58d669fb504077dad80d48a5b58bff119b,0x500809cfbd4647347c296b343dea51fc0eb508b79d53b378668548a5d500ecf3,0.83,0.0002212,38807,71903,237,50525,0.0002212,0.0,,,live
2026-10-09T03:37:13Z,0xd556311a336765427dba264829427ac4e80ec6cb,0x4070ff54aed32c3fd18a78b4c6ff93afd809b372332eaf1e26c8e4f0be3ed4e8,1.71,0.0003574,59650,835714,4823,357430,0.0003574,0.0,,,live
2026-10-09T03:37:13Z,0xd5931a3f727a95339237a6886ecafa303b1f4c76,0xa07910c7e431da9e846400a1fedb0bec235ce1f5248d860b02de91bbc0685775,0.51,0.0003685,48944,60942,172,84171,0.0003685,0.0,,,live
2026-10-09T03:37:13Z,0xd5caeb75aa0cbc76f0caa2c2114c0af5bb3b956b,0xc583987eef391014763ebb7e830caa07fadecd8c2c7692a8b3fa486fd3e38b79,1.73,6.073e-06,6023,198,13,6074,1.139e-05,46.7,,,live
2026-10-09T03:37:13Z,0xd6adce5eac5f40d29e2101436c38cf1cee8f4856,0x5b6ef724a65ec58ce6da26a182287eda016d7e59,1.18,82.46,184548,411749,3151,210321,83.36,1.1,,,live
2026-10-09T03:37:13Z,0xd7073115dafab6dbfb587b53dd261bed0ec6dba3,0xe3564bdabb96b86e06cec5f7b1a3a9251b968685705fda7bb3f2868d35099645,1.05,1.057e-07,10573,492046,1968,10575,2.569e-06,95.9,,,live
2026-10-09T03:37:13Z,0xd7a712f3b8c574c87b1b2bd1682431093c49dc1c,0x73cede53c18964172f0252bf5b65f7d41c5b55039c753fd69d0abe7373227484,2.75,1.946e-05,17515,553,5,19461,8.189e-05,76.2,1,False,live
2026-10-09T03:37:13Z,0xd7f984bacc0e01c180d48e3c3d5166f039347777,0x3f18ba9424ef96d8af155e9dd5bf31ffec4f3ca1f71105d853344726e8ab5efc,0.1,0.0001829,44650,46632,188,41792,0.0001829,0.0,,,live
2026-10-09T03:37:13Z,0xd8098154e30f9f4ee5a411d294f65fe2d6e01e18,0x5e93fd83f5bf4bad44cae933df2ef602311ec56f6d71a1bf1c3fb8bdf7fbe062,0.05,0.04019,12062949,208,7,40190435,0.04019,0.0,,,live
2026-10-09T03:37:13Z,0xd83a3349eaa10021cb5cd936a97a671ca024cdac,0xb080d96f9549c7289714cb79c680f33c49ecc1b603ecbea739160579a512e29e,0.88,0.0002204,38609,71388,233,50355,0.0002248,2.0,,,live
2026-10-09T03:37:13Z,0xd858e4c0d7008a5d7406ef7cd9432246ace14d7b,0x310346a8b2e4cda2ce4ab4244c7edecba88a0f15,1.42,,,,,,,,,,dead
2026-10-09T03:37:13Z,0xd85e07bf11747f6e86d1daeb3be7ad3e42b860e9,0x6ee7004a8c69d7bc4826140d87e0af0f9c092ee005eac4ac322c7cad9f0796ac,0.35,6.045e-06,221488,6910308,9283,604540,7.45e-06,18.9,,,live
2026-10-09T03:37:13Z,0xd86ba7b77578576dedfefadab63866b67e3f94a5,0x0d7a07c2a1f01fd0fade47c569320eab8c486d68deeaaf57856530b4959916db,1.56,2.882e-05,15687,16058,261,28503,4.757e-05,39.4,,,live
2026-10-09T03:37:13Z,0xd8b261dc2929409e2322cf95308e97e972603721,0x7987f0480db1651595c54c3752683586e422ce63e6d58e893a95e8665243e8b6,0.83,6.693e-05,42186,21676,102,66934,6.693e-05,0.0,,,live
2026-10-09T03:37:13Z,0xd8e6da44ed61bad390d8cbd69df724f53693ff5c,0xe09494eff84979f694cd91dc71642bf8086ba45ed0e13410c0ffb7e5390dcc1f,2.4,0.01564,4701013,9704815,324,15648677,0.01624,3.7,6,True,live
2026-10-09T03:37:13Z,0xd95118876b56ef6e4e14601f8d25f37aa42f1e18,0x0558cc36ee7a3d2bf315582a3f1f76112d7d1f14be896a51a82209994fa47e65,0.27,1.964e-05,19649,1517,60,19646,1.964e-05,0.0,,,live
2026-10-09T03:37:13Z,0xd95b59e6c9d0fdd5f84dc1bdb6abe9f7904b05ba,0x44ff5d842500f6f8b7ef7d5ca8e9f6f796cb54d5f2d39008dbce8d39886f6351,0.7,0.0002509,41158,69342,238,57311,0.0002509,0.0,,,live
2026-10-09T03:37:13Z,0xda3fc7193567516c2907ddb1a00bf583c7682b31,0x1fce79f47c6ad26855ff1ee36fd63d6274e8e08c,0.68,9.232e-06,9233,3991,46,9233,9.365e-06,1.4,,,live
2026-10-09T03:37:13Z,0xda4297160bb172fccc622d3d24cd9a1b16d7ae03,0xce34edaf894c45a694edb89a3e20e7cc12babfd980b6d1924b088a152e7277f1,0.4,0.00024,39149,68395,235,54819,0.00024,0.0,,,live
2026-10-09T03:37:13Z,0xdb575a47b27119c0afcaa8f8e09a065ea0c61e18,0xd2436b05e974bd8602273ab4c5aa427f8643b95cbbb338e59a3717be5d12c74d,0.16,1.983e-05,19832,7,12,19832,1.983e-05,0.0,,,live
2026-10-09T03:37:13Z,0xdba6da93228ef6fd0f54317b61c6f5efcdd44af8,0xdfdb5f59f12e5e27779986945a94d741d40f22cd3468e172ae67a15b93667df3,0.38,0.0001012,74990,43098,152,101265,0.0001012,0.0,,,live
2026-10-09T03:37:13Z,0xdbb7e6808cdbbcb68a00eb21d98b3016afdb6777,0xa953d4ad91e30ea452d9f950499053c3160f92cc037186b3078022ed6d96d25a,0.44,1.65e-05,19657,13071,54,16476,1.65e-05,0.0,,,live
2026-10-09T03:37:13Z,0xdbeb37ecf272d5a51f007740768e86b794dd3227,0x13c47b1562602df5b27b07ab814d2d146afc11c607d0cd6554f5c7b49fde17de,0.83,2.566e-05,25665,360154,861,25665,2.566e-05,0.0,,,live
2026-10-09T03:37:13Z,0xdc1235e942a05c3b50a2879df69a2865d86e1e18,0xf02b4ae766157436baffc91eb829aadbfdc6b020714b4962e2dc24dc3bd6fbc9,2.61,8.164e-05,62775,14800,789,81194,0.000296,72.4,3,False,live
2026-10-09T03:37:13Z,0xdc2a7b3537b45e7817d49a0c1322158e1b3d445c,0xd14ad2ee4761ffbd89de0e1e05117afb0c5bcc67,0.15,6.717e-13,0,36073,29,,2.464e-05,100.0,,,dead
2026-10-09T03:37:13Z,0xdc453b1405cfe25e2afba8e7f4272b0a00437777,0x16684607c92e1a59302763400cc1641c8f9dbe7e,1.4,0.001016,105886,662677,2500,1011454,0.00106,4.2,,,live
2026-10-09T03:37:13Z,0xdca50850432abf65f913508b428c979c9f6a7777,0x027d4b3367e92fe3e4947c5c025db24c928ffe72de01ce3fad854c44e8b55eb0,0.27,0.0002357,50717,61517,223,53870,0.0002357,0.0,,,live
2026-10-09T03:37:13Z,0xdd7b92782be7fc9861278ba57d46c4217b697777,0x1f1a31a81339b19c73409753f01eb0c0cc058f4e4b9848c193e57036ba83ede7,0.3,6.294e-05,26195,1868,10,14383,6.294e-05,0.0,,,live
2026-10-09T03:37:13Z,0xdda034385c3a69fcb1c286c48e2bc07b30296ba3,0x8e96dccae298ccdac7f40e2af2093e1c30d75c0863ca4aa04ffc4269fb480799,0.44,1.072e-07,9158,2235,62,10727,1.099e-07,2.5,,,live
2026-10-09T03:37:13Z,0xdea617cd6e3429655a9613341c05d888e29aafd4,0x56b325c99b88ec23462d1fc806eb009b5524b613688ca072462848c00b6ed223,0.51,1.235e-05,24003,638,8,12351,1.235e-05,0.0,,,live
2026-10-09T03:37:13Z,0xdeafe2484ef0927ff0ae650cbc6bce95db27e9a2,0x31d356b475e7f89e1d35a1f0d0fc3685e4bfc9624cb2221148d72e2064478ee6,0.58,2.578e-05,25782,276,3,25785,2.578e-05,0.0,,,live
2026-10-09T03:37:13Z,0xdf1d1051547183a2de66ab5904e97c194c06a20b,0xd7b7741ba3191d0a7fc416a71c887d6091d8f5c70260735e558c5294199ddd03,0.31,1.005e-05,10049,336,12,10049,1.026e-05,2.0,,,live
2026-10-09T03:37:13Z,0xdf206d229cb4e725c3e0a0473dc7c1b2940bebb6,0xa56ead1fa4bc01acb581f983ab81b23a055f5d4a5e38ce44ff5c8c527ee4b24f,1.89,4.834e-07,5158,10,6,2686,5.054e-07,4.4,,,live
2026-10-09T03:37:13Z,0xdf3ee4b45d0d09b93215d67f634293a4214dc777,0x8f3f3fa25952cdc1159930a09e93dd5997a34c54b1ba07df66aac54eaca68739,0.18,2.454e-05,24288,63987,191,24496,2.454e-05,0.0,,,live
2026-10-09T03:37:13Z,0xdf527da264cf879965de7cec01f42c3d68a7f04b,0x8c4a772bf57d12198c886be8cb53a99d3ee06fa0a1510e231f5f5bc2994c5872,0.27,6.921e-06,6577,1225,10,6921,6.921e-06,0.0,,,live
2026-10-09T03:37:13Z,0xdf6cccec1c1faa7a2e8a829c7bdbc61912c78777,0x701d430edf3e313b98e56736e59e4344b2756df455b2a37d80e933edc3503075,0.68,2.085e-05,22652,41789,171,20816,2.085e-05,0.0,,,live
2026-10-09T03:37:13Z,0xdfc15c9d64cb7d02908a6b37fc84f5afb1087777,0x55bf04f57b820b934e812d9510bb3cd46fb851380429e32b3a005b457048fba8,0.57,0.0002323,50857,58225,232,53096,0.0002323,0.0,,,live
2026-10-09T03:37:13Z,0xe009f32c594e6ead6d45f7b7f4ee37d2ee2fc777,0x6a5ed84b4d5d63e847b79259c53c1601370e455e8a0e6892362c152c393c6a01,0.36,2.159e-05,22662,48496,174,21550,2.159e-05,0.0,,,live
2026-10-09T03:37:13Z,0xe02a99e08ba6f2679feec7f84f3d2a6887dd6777,0x033a17da57ed8cbff80798dfcf2830ed534cfe6b6f9661ba1c3b0ced012ee5e8,0.18,2.762e-05,25778,53769,179,27571,2.762e-05,0.0,,,live
2026-10-09T03:37:13Z,0xe0eb784c99420120ffdd528c0c4c6ecacb117777,0xb8345bec69b5aded27e8f46f6f312d185f6d17e96004493b22ba9a6589f01bc7,0.92,1.928e-05,21939,57990,189,19251,1.928e-05,0.0,,,live
2026-10-09T03:37:13Z,0xe108b735a52365fb4150f6dc48a235b09f2d7777,0x190343bbb68effb97c3df67d7007bb6fa4e1f2279424b1ce69dce36b0168870f,0.98,0.0002122,48976,59219,217,48498,0.0002122,0.0,,,live
2026-10-09T03:37:13Z,0xe1243842e091f073841fc1ac9527ea7e64f168bd,0x5e16357a83d5ee8b900ae9c902dfbc829e71b5e9aee99af9215b5a9a42a93dc5,2.16,0.007658,2303550,18023592,1186,7658513,0.007952,3.7,6,True,live
2026-10-09T03:37:13Z,0xe13d47f19e0347701aa6fe3bf59fc43d244725d8,0x3acf4c8945eb28f521381625b9c2ce4fc07840008ab3ba62a2b37c30339e4366,0.09,8.373e-05,131293,64010,353,83732,8.373e-05,0.0,,,live
2026-10-09T03:37:13Z,0xe155dabc7d280d282aee451ee160fd16f0b83baa,0x70c0d163e3f32c7356950f77f3ceba792f50df80828370dca0e403670dca082a,1.38,,,,,,,,,,dead
2026-10-09T03:37:13Z,0xe172386459f7b425cce7c6fa0dba4fad1cd6cebd,0xb40b36cbe7370eb1c8eea7df963c210b42e3903b,0.38,9.802e-06,9815,1391,9,9802,1.127e-05,13.0,,,live
2026-10-09T03:37:13Z,0xe1a4944e7f5b2551c06a3b13037eed7544347777,0x2f11820d37b45697797777f1ffa19267c9cc501d33ba4cc23366bab467360d1a,1.43,,,,,,,,,,dead
2026-10-09T03:37:13Z,0xe1bc16b4bfd86845eba77c9820d99159d2e04777,0xc4b8d2061f73b03e5c14521191c38f6f9845aa7ba76c01bcdcf69f77ec78441a,0.51,5.856e-05,37373,41596,155,58445,5.856e-05,0.0,,,live
2026-10-09T03:37:13Z,0xe24e030badc794aa0c571d3ff2541a925fabff6f,0x3d4f6c09fd8a8275a25f8fb5a239c5fd30e4d3cc,0.99,1.509e-05,7573,0,1,7573,1.509e-05,0.0,,,live
2026-10-09T03:37:13Z,0xe25043e33b016cdc25424b97e290d671356b8777,0x5977923ad5af1d3c40ab5d6dcafba2f30c1df52fafdc8935475c83bd1fe97946,0.56,1.55e-05,19511,17619,70,15476,1.55e-05,0.0,,,live
2026-10-09T03:37:13Z,0xe27c14c90f970053fe3c401b4b065597be6a3b65,0x6d5a6005f92eb914ebd59af71d2ae200fe052693bd94f8c04ab2bd345a8db240,0.61,7.29e-06,47092,42722,230,72904,7.29e-06,0.0,,,live
2026-10-09T03:37:13Z,0xe281ee791fb318a7ed4dfbf5b7ce0e6331f5f887,0xd606c63cf10b76674ab0a752b7d361140b49feedd02e5ce608c628feebacc6d1,0.69,6.359e-06,6359,1,3,6359,6.389e-06,0.5,,,live
2026-10-09T03:37:13Z,0xe2b4229d9ed6e09eacfe8dbc073354aa8d420777,0xb5105b444392ca0874f63f344b8bbda4e899544768a1438c56bcc1896bec6bfe,0.79,2.241e-05,23594,52965,183,22368,2.241e-05,0.0,,,live
2026-10-09T03:37:13Z,0xe2db601e6ba2bdb5bb3aabc5e8f29a4a9042fefc,0xb9d792e5753e0aa31a46b1e8bb99fc7f213d13a2d8e01239810b7cd79bb5458a,0.6,0.0001685,105184,282833,783,168582,0.0001685,0.0,,,live
2026-10-09T03:37:13Z,0xe30bbfb66a39ba20a883c8e4dfa3d8e843e64acc,0x0b80ef673cd54c94f3eb9d03c51d5b0efecc517c,1.34,,,,,,,,,,dead
2026-10-09T03:37:13Z,0xe317f80dead79103a65844a8fdecf147ed21bfc7,0x623c8fac34786cde89f9dd8ec073710a2fa594fc599a50c0f01318608d524e55,0.47,6.458e-06,6573,282187,2268,6459,6.458e-06,0.0,,,live
2026-10-09T03:37:13Z,0xe36e06ca66fb55d6568a16ffe4760178f51f4590,0xd4244cabae594943508877a9d17868f3a6cf390d8dce93ca3e4c1f69435e7737,3.35,3.167e-06,5191,13,6,3168,6.109e-05,94.8,1,False,live
2026-10-09T03:37:13Z,0xe395f3490780c6ea4bf593441d58d442adcf39ee,0x43bbe9b38dba0ceec4f3b8c1f5d8e8680e4891902de1c172a7fcab7cf6caefdf,0.98,1.025e-06,20507,5,3,10253,1.025e-06,0.0,,,live
2026-10-09T03:37:13Z,0xe3a2f45e5109934339f9224afb1d1abf8ab91e18,0xb24121ae521f3654aa2e645d06616c3d98bb15215c2db14ca8ccf6ad2b4d95f8,0.49,4.753e-05,43034,1393599,23348,47539,0.0002245,78.8,,,live
2026-10-09T03:37:13Z,0xe47f1f6ea00131a7f603f89e348e8d426d7c4958,0x36bbbe6e47efb602cdf9e0523e5d0bb3cae8b5ded18a8bcace0e73a22d18e254,0.23,0.0002462,40195,76792,237,56249,0.0002462,0.0,,,live
2026-10-09T03:37:13Z,0xe4882bd199ef490aca5f8178a1f68526e0ccdd52,0x779efa7bf28e0f2e9934bfed7515c447586c2469d5354903ffae4b31b5a2cf01,0.8,0.0003022,45268,96932,234,69034,0.0003022,0.0,,,live
2026-10-09T03:37:13Z,0xe4e8aa009c7ece78c25af8518a40c6dfce42aba3,0xa9168f51b7d88be55c1820a8861a54776fa5e9144c0483a90b0422f6fb0080df,2.15,1.094e-07,9343,1,2,10941,1.904e-07,42.5,2,False,live
2026-10-09T03:37:13Z,0xe506a186c676374155d2adba50c0d10a03231709,0xee47e9ad3ec9af5a11ba5b4a6b687e6a7637d9c39c3b86a457bea23cea72f07b,0.39,4.804e-05,44014,43489,101,48050,4.804e-05,0.0,,,live
2026-10-09T03:37:13Z,0xe53640f09b08baf7663e16bdac8f0c7658327983,0xa961fd7f38d9e5e26e35ca62a7cd2e32c95ce15cad55601294cf0a0ec36d079c,0.46,6.101e-05,93254,28492,243,513,6.101e-05,0.0,,,live
2026-10-09T03:37:13Z,0xe59d493540a5b467fda09299a62c64c97db28972,0x8e3beb6b5dc8b66f67e86dc47bb095a259bf294d66165c35897163c9e08e4ecb,4.54,0.04897,4901757,10435151,522,48971453,0.0503164,2.7,6,True,live
2026-10-09T03:37:13Z,0xe59e9702bbc44140f3869399fb0429ceba0e6899,0x47efb7db3ee3d4dbfaa08e769827eef457276069238ed55e05176471eb0c30e3,0.38,0.00036,48203,124934,230,82243,0.00036,0.0,,,live
2026-10-09T03:37:13Z,0xe5a3cf478400535317a57ac1c73d0a54c9a4cbbc,0x055648f247c0b9f2ba4bdc183f0dbb1bf49fa2ff,0.95,1.501e-05,7536,0,1,7536,1.501e-05,0.0,,,live
2026-10-09T03:37:13Z,0xe5cd5c76680bad7599873cb3047815cd4ed0fa8d,0x97bf96fd7f3b720e9fc09339054861ae4cbf4ad9e4a208b6b885720dbcc60f21,0.23,8.739e-05,27019,28904,329,81278,8.739e-05,0.0,,,live
2026-10-09T03:37:13Z,0xe5d84616bef841e14e9c26cf1bba942ea954a710,0x5cb488c012244204bac07590e68c17b059f8a8daa7afd2badb96a8e08ae583fe,0.6,5.409e-06,34757,75541,264,54100,5.409e-06,0.0,,,live
2026-10-09T03:37:13Z,0xe5eef9110216cad711dc012b41817b6a34e2fad0,0x145b21b0b5c64b48172b67d590605eeed00e36147abeff1307ab9469c276ff21,0.48,6.094e-06,6095,1451,3,6095,6.094e-06,0.0,,,live
2026-10-09T03:37:13Z,0xe5ef9f6402f272b9adc06f3a2b615d994e172a31,0x83dbc6ba6e77a31ac9584e5910d6a4d7d468a989508f48d93eb5809cba780432,0.37,7.522e-05,61331,96202,300,75227,7.522e-05,0.0,,,live
2026-10-09T03:37:13Z,0xe6eb0393582dc296da616eb5c3df69055b17bd79,0xf93f78de9fc10d3c2f914f5d9cd748b6c2ee9041e2773fa7c592d9796e4def1f,0.63,6.292e-06,6330,49027,344,6292,9.438e-06,33.3,,,live
2026-10-09T03:37:13Z,0xe7351f69ad3f3817bea118b0b96b5523ab0d2efc,0x94ecc2e88e5bc23514654a19842ee090225fb9f8aacd0589f343832be5d6c86c,0.7,0.0003529,48817,114489,235,80623,0.0003529,0.0,,,live
2026-10-09T03:37:13Z,0xe73e841daea71089af9834e824ef72aa94942777,0xf681c2877b5c056c3960e3eaa6fb36e4cb3765ee8a466c365232097e092ff265,0.94,2.475e-05,24827,42863,176,24710,2.475e-05,0.0,,,live
2026-10-09T03:37:13Z,0xe74c01452b613887d6bb190048353514a1cde25d,0xdce68df484da609876b185eec6bbb00ff35f27b2b401491cce8dcc7d450bf4ad,0.27,0.0003002,44326,109610,222,68581,0.0003002,0.0,,,live
2026-10-09T03:37:13Z,0xe7ee56c2571054cf3863fe74d030b1194e71e5e4,0x47c7ea1843de91389b2b4abcf0bc75ecab5b9025,0.19,0.0002333,19,787524,2594,233380,0.0002451,4.8,,,dead
2026-10-09T03:37:13Z,0xe83f096e6c7a5c3936e2d943fff2146cc7db7777,0xa0bfd3211fec49cca3701ec60642f4469919aa23a0cb083c756d7fe5984127ed,0.32,0.0001621,41957,36521,157,37048,0.0001621,0.0,,,live
2026-10-09T03:37:13Z,0xe8620ea83ce79a09c6a091f2bfee456740fbc777,0x59069e56d029bb360641162ed6b898223690656ffc92f30de45191a3f21a96d8,0.93,2.169e-05,23264,17591,81,21654,2.169e-05,0.0,,,live
2026-10-09T03:37:13Z,0xe8822226b3ef5c6b1e671fb5c097e687b6411777,0xf6523a2818e38363d35b1a7a40fa5c526317268e5a4ae3f4269f27d556616504,0.95,1.973e-05,22144,49012,182,19701,1.973e-05,0.0,,,live
2026-10-09T03:37:13Z,0xe8e6ee86ecd4c3a0a4af1498c241e64558f6584a,0x4fa1fb1b91f597bfe91d701592ca1e48b5b23413e1facdc8e459828df0950adf,0.84,0.0003189,46606,84799,236,72858,0.0003189,0.0,,,live
2026-10-09T03:37:13Z,0xe91c8af24ee8ac5426937fa90724c7f1a9b11f57,0xc39f1e951c023de946843596591204ca9d6055418e926a163b79e5e5b48a5e49,0.64,1.008e-07,10080,2061567,6609,10083,1.458e-06,93.1,,,live
2026-10-09T03:37:13Z,0xe99dd198e590a70ce52eb71bb824abd9640fbedf,0xbd609a951e1dca697a87712e18f56c8e01d2a7820dc51b719de6d9e4607e9231,0.31,6.657e-06,47976,27644,155,66572,6.657e-06,0.0,,,live
2026-10-09T03:37:13Z,0xe99f4ca442ddd43790115a7f93dd13eb5030fa70,0xeaad2aec593d918ec3e701249ac7b1aa94c9a17f58162f35f813d1d8c3a7abae,0.34,4.984e-05,45423,51929,136,49844,4.984e-05,0.0,,,live
2026-10-09T03:37:13Z,0xe9ffa2e3af72d9f11131295a7bebf7bff8caa270,0x197248c777ad2efba73dc7db3a56a5f276c7c42fbf6602a768fd085c8393dbcb,0.67,2.54,1905367,24,7,2540489,2.54,0.0,,,live
2026-10-09T03:37:13Z,0xea372e9b702cfd3021d71b11927fe4538a9e8a4f,0x95ae02bf8573ec26c08db7de9f997620873d8e624c7cf2d46c17476ccf96b3b8,1.65,5.443e-06,5422,277,11,5444,2.69e-05,79.8,,,live
2026-10-09T03:37:13Z,0xea692512b6feaeb30533275f88b8a2d4dba97777,0x516814b771f57bac08166d796ee1147e492775664e15e4f71ae3f471f9631129,0.16,1.235e-06,53149,2396665,6613,123510,1.235e-06,0.0,,,live
2026-10-09T03:37:13Z,0xea899e1c32edf686198929f582a5ea6585b9b777,0x1ac9bc3bd8b88982abdd1cc3e78bf277620170466051449a8816a5d1b7990919,0.86,2.408e-05,24481,46507,176,24033,2.408e-05,0.0,,,live
2026-10-09T03:37:13Z,0xeaddb87385144e99615539833ab71af0a04d0777,0x7d378c87df62a341860c63c4ef77d859cab28708b7495195c9a33a7d5e6e0f77,0.82,2.111e-05,22939,39299,158,21073,2.111e-05,0.0,,,live
2026-10-09T03:37:13Z,0xeb07867f2208c0110a35a9ba2ff32cbf4856874b,0xdc6279da7578076aedf733f86cbf017f9f53ed27a16c2b736449feebdfbeac4c,1.75,0.0007662,555739,0,3,761819,0.000804,4.7,,,live
2026-10-09T03:37:13Z,0xeb4b32afaa31837c029796e7413ee0afcaec2447,0x686a3b57be6dde778981adc97ecd2bce6f4f449697b38ccaf3be591797c762d6,0.63,6.346e-06,6346,25,2,6346,6.346e-06,0.0,,,live
2026-10-09T03:37:13Z,0xeb5e4f655eee663a01419bec7dd74b5ee45b5f67,0xd3d50aad859119bfe773db3e81066363d25e3514fc87785d190db7cb41a6f350,1.32,7.717e-05,30449,58714,756,71548,8.675e-05,11.0,,,live
2026-10-09T03:37:13Z,0xeb5f51d0921be89a75c0acc94770a6ad584004ab,0x6d1ab3bf9894a292e3a163602b971b67506423e6a454dc2bf3236faa2e0a7d75,0.52,0.0002595,41559,78485,235,59276,0.0002595,0.0,,,live
2026-10-09T03:37:13Z,0xeb72730086812cbe418f6036578e8a72248c2244,0x16ef892190b94eaba7020f1a8587fcd5276d6b51,0.57,0.0115,338078,9092828,15429,11503418,0.01247,7.8,,,live
2026-10-09T03:37:13Z,0xec1c688bbc09d02e3010785b079ff90a884535e3,0x71a2b9644a1339eb218d273f0097aafe9e3034e1b30087f1b591b25c803bcaf1,0.59,0.0001075,78820,188191,510,107558,0.0001075,0.0,,,live
2026-10-09T03:37:13Z,0xec5df80ea82c953986b8a07875d9cdea57ac6edb,0x9b248cd01c21ea7c349834d6d384c9a9277d1bbd6333445f0b1f6cfdc3aaedfc,0.52,9.87e-06,19062,509,7,9871,9.87e-06,0.0,,,live
2026-10-09T03:37:13Z,0xec7668f00f9440ca21c624ba0dbc2a9ad66ad641,0x6aab46968e0e5c5d01a96e106ef013cb49461574462008aeebc576ee1c7427c2,0.91,6.464e-06,6477,21282,1302,6465,6.464e-06,0.0,,,live
2026-10-09T03:37:13Z,0xec8d19cc7155f813395d603a85777ed432dca777,0xfa8baac808798872878dd426faeed562d8476b268648f42b31fd710647b77b5b,1.35,,,,,,,,,,dead
2026-10-09T03:37:13Z,0xec8f2bf33a72f43285462ce4c42ce458eff3f2ec,0x98f0afe8409b63cdff0c4ad3ee9c3e5557afad48e63d0ecde8b9e7b3f919e884,0.69,6.404e-06,6404,5402,32,6404,6.404e-06,0.0,,,live
2026-10-09T03:37:13Z,0xecad5a1f26a7d96375c60061fc9e45d012cf1310,0xc7f9193899101f182416abe7f4149553d7e7b5411ba7128cddf8c0f24db9c1c6,0.44,1.193e-05,19722,3348,49,11935,1.193e-05,0.0,,,live
2026-10-09T03:37:13Z,0xecfb830f3a141c2e4494783fb9b3892d3bb73e9c,0x345d91819b5376d3a9c15c3da0ae7615ea6a698bd2e1aadeb0be8b5f9f8ac535,0.68,0.0002865,43827,104852,237,65437,0.0002865,0.0,,,live
2026-10-09T03:37:13Z,0xed6a7780ae828f39b5066b25e111a8860f8d6777,0x7e28124a4020f1476fa55b7c2d4267c022294e57de14b562366e6f2bd80c9eb3,0.28,2.359e-05,23806,54404,179,23547,2.359e-05,0.0,,,live
2026-10-09T03:37:13Z,0xed7ae967249dced760a7876ed710a09b804cfdc0,0x9a240042e2a7a25cb20ad827e56a0f002d17b9f2650a90df1b4488bca3f0528f,0.26,0.0002528,40689,71593,234,57756,0.0002528,0.0,,,live
2026-10-09T03:37:13Z,0xeda6a10703acf9442a9bd55130d7d95ceb35d74a,0xbb8cbbed770c4b74d828f6658cde9d7134311d36a6cc8e3911a2574b94e6ac19,0.19,0.0002561,40972,95546,232,58502,0.0002561,0.0,,,live
2026-10-09T03:37:13Z,0xedb6b2a5cb28696fd573cf484f3e9ca3a34787bf,0x4eabddbf53f1c690731b2429f10967cbd11a8c177374b184ddb455964305d7b2,2.83,,,,,,,,,,dead
2026-10-09T03:37:13Z,0xedbf91223639800bcd5756815caf908df3b890be,0xff7b3bd2db34d9ed8160e6dedf1d448777abaa1fa6fc8a31144930a1a656fd92,19.34,0.004325,529520,149007,412,4325680,0.0141943,69.5,,,live
2026-10-09T03:37:13Z,0xedd94803775ba64160ebbedb74f3ded5dec84777,0x818493e81c3764e62c4ae79737d76ec5d69cc8fc4b2c329c9398e38293601730,0.23,2.259e-05,23320,23029,78,22546,2.259e-05,0.0,,,live
2026-10-09T03:37:13Z,0xee049979960d5e42b389b941ec45790ca7b6e1f7,0x92a4f531f82e1440d6e349bbc2ed42ba389e013f,4.61,2.784e-06,2776,11274,1681,2785,0.03389,100.0,3,False,live
2026-10-09T03:37:13Z,0xee381f6d201cef3e6ab09a5aae6852732f3dd64f,0x34d0cdfcd97b368e4418b028d72d4dafd7aba32e495a74e83fd4aa57547399b4,0.69,2.378e-05,32700,17647,184,23782,2.378e-05,0.0,,,live
2026-10-09T03:37:13Z,0xee56db1db261e61b292ff1729da587341040c904,0x8d516d01ad054277930e90f4cd5c3cb276d1b3494a1f6fc983d1544a07f3af7d,0.25,0.0001331,90106,131419,328,133132,0.0001331,0.0,,,live
2026-10-09T03:37:13Z,0xee7f84bdd44aa441744cf932761a04edea2060e4,0x4ba7e42574065aab585edffdb01c3682171ce9be4d53a8a553fd6923402ab800,0.8,0.0003814,50897,104331,228,87120,0.0003814,0.0,,,live
2026-10-09T03:37:13Z,0xee823714d239622081daf3fd66b60d44b669156f,0x3f4907d55fb8539ba966c16579d9eaa6ddbf3af9ea398e6c7fbe2fbe996d2997,0.55,5.54e-05,49590,12139,32,55408,5.54e-05,0.0,,,live
2026-10-09T03:37:13Z,0xeef14429e7757f625cfcec459b264eaa4ac48829,0xde45b9565cdb55c6e19641e6e46ea3f9543a16bba20bc0d09c9598d9b7f5f05e,0.57,0.0003664,49460,105721,221,83699,0.0003664,0.0,,,live
2026-10-09T03:37:13Z,0xefbbb0f3984d551369309e694f5448d559dd0777,0x50ef2c24dbb7b9d589d5c02e1ece26e29305c1609abdfccc9fe262a70b7d4851,0.32,1.863e-05,21120,15775,67,18602,1.863e-05,0.0,,,live
2026-10-09T03:37:13Z,0xefd8bd9c471fc73141dbdbf2aa575364469682eb,0x4de7d3727ee8f9dda401a04bf9d1471167bfb632cc13ad04205e579f65bd9036,0.34,6.39e-05,54676,31837,77,63902,6.39e-05,0.0,,,live
2026-10-09T03:37:13Z,0xeff3a5fa1bf824c70bb269db81711160cb7b6b39,0xef6c54f78e0516d2a189466c31218f2d1637d246178672ca481a9205b8004221,1.65,0.007936,7679899,10357286,3544,7936726,0.01052,24.6,,,live
2026-10-09T03:37:13Z,0xf015f53d3e1ec085626013e0141ad86fab66d73b,0x10d97f58f729bac61f1afbabc93abe124c9c7903066020ab2ed91b30bf97f333,0.52,1.3e-05,25472,717,9,13000,1.3e-05,0.0,,,live
2026-10-09T03:37:13Z,0xf03c9aceacaea60649c114434d3220c6d8e07777,0x140ebf38e656a973d246fe80811d7e49a653be451505257bf21554cfb94842a9,0.82,2.345e-05,24202,59187,188,23410,2.345e-05,0.0,,,live
2026-10-09T03:37:13Z,0xf061e156706f4610ec222b2f0b7520e479b90c51,0xe1ec8c2285c162457fd5d2a6f1eacd447d2f46279a203517d7b175d9f90e3f3d,0.48,0.0002082,165144,1615943,3579,208218,0.0002082,0.0,,,live
2026-10-09T03:37:13Z,0xf0ba98e904056f5e1b7685c96bb9294ff8fa7777,0xe9736b1cbfaaaaf037ee278007852f8b3ea5813165c1c7b7cd591e35c3be8c03,0.61,6.582e-05,27106,2335,13,15039,6.582e-05,0.0,,,live
2026-10-09T03:37:13Z,0xf0eabbdf31d05581df583f9d3510fabc8baeda8f,0x5a110379302c7bfdd7a709148c2a9394bb8b3ae8233b4c00d8fea878501639f3,0.55,0.0001757,114841,4484787,9786,175731,0.0001757,0.0,,,live
2026-10-09T03:37:13Z,0xf0f140c67d0e3f5bb0e0a19d739ca12c60972d80,0x3602802de7cccde06493706410c2eac7408d2189,1.05,2.482e-05,23584,1,8,24825,2.587e-05,4.1,,,live
2026-10-09T03:37:13Z,0xf11d821e3c603597ea348020b675e584c748f777,0x2d98081409a954822570e3b8e0749337b26404bc6b06ac8c5d62433ad0dbdcab,0.08,2.117e-05,22563,30032,118,21136,2.118e-05,0.0,,,live
2026-10-09T03:37:13Z,0xf13f2d9f443dc218582f7e8762a2f9afb5a61e18,0x7f830e84df1efb6acbf6ed3974dcbd95a02c60c0d9b917c936bcd309f01e5b33,2.43,1.899e-05,19004,3,3,18991,2.441e-05,22.2,2,False,live
2026-10-09T03:37:13Z,0xf145412eb6c16a0aa0a37dd39972d4d59d402dbf,0x6a9d4833dee3b8c28b24140377ceaad65a378854f812228c01a3af14978acdda,0.39,0.0002544,40501,64370,226,58126,0.0002544,0.0,,,live
2026-10-09T03:37:13Z,0xf1cc0a4feed884a4490a1d8db943c0a92bd83347,0x6856985ac2710f328b35c23a5aa0f142209b638b610946a4bcf08d2800ea8058,0.52,3.107e-05,16275,112473,1261,31077,4.784e-05,35.1,,,live
2026-10-09T03:37:13Z,0xf1d908c1b6096da76562c65e42588d53efde23c0,0x131524a3dbfbe5b3d5b48264bc7cb6d7c483a975c705ac0172a7092a73da428c,0.12,0.0003111,45182,98647,233,71073,0.0003111,0.0,,,live
2026-10-09T03:37:13Z,0xf22264c7bf0794092b02c0da2f246ae40c351e18,0xd7cc890c71cab199bcb2f25ba593ac709703ecc0a1f255491814fdd834225b93,0.22,1.927e-05,19280,288,12,19280,1.927e-05,0.0,,,live
2026-10-09T03:37:13Z,0xf22469ee6ceb1dde87ed9a9dc3f568d184567777,0xa075c3ad772e68b38b34f7d9044660362ed36864c2071c45c3ddf682d01ec2c2,0.4,0.0002315,49698,60395,233,52915,0.0002315,0.0,,,live
2026-10-09T03:37:13Z,0xf2374d49e9a6d73d24dd927a7e2275a659038f26,0x09c09a671a0d3cd31e64fbae16492facfa737fb9fb6544b997da29ed44ac838e,1.44,,,,,,,,,,dead
2026-10-09T03:37:13Z,0xf26d245f23bd8691bcec3ef723c082268595e777,0x2852473a3313260c695ec820d02117b725f3eab563b76192d8106c6e9440603f,0.23,2.201e-05,23024,56032,175,21971,2.201e-05,0.0,,,live
2026-10-09T03:37:13Z,0xf26eed0a27ce30e733420d7827b0fbdce59c9777,0x1a17128c5f47280c7fce8c877e4a63c2a3a466db3aaf33d819919b2f41ff305f,0.25,6.833e-06,12809,391,5,6821,6.833e-06,0.0,,,live
2026-10-09T03:37:13Z,0xf2d87244003e741a746749d58346e857cf2b1777,0x8357b1f65b32650955b8a24bf7b0aaf0ddd8a25d3bb1c12cf6ec6ace6dd10182,0.55,2.221e-05,23359,34520,139,22171,2.221e-05,0.0,,,live
2026-10-09T03:37:13Z,0xf2ed998ad59acf9434b2f08fd9516fda682dedb7,0x2e51792ec4fb7d7f540cb399d5c2331a7ae69c9e45388826f8ba169068801bce,0.84,2.569e-05,25696,5,5,25696,2.569e-05,0.0,,,live
2026-10-09T03:37:13Z,0xf30af3df83e072a228b6cb9ef81e14dd85e792b8,0xca717880f78f54b7ebb4024e5b5d1dccff55688f4efc43ff31dce1d4de048d1f,0.48,6.052e-06,6052,1609,18,6052,6.111e-06,1.0,,,live
2026-10-09T03:37:13Z,0xf30eaec0f333d0afac16c145162a2ba8c72bf092,0x7142f23f29cae5238b2cc3295acb47d5f3df56be,0.09,2.379e-05,11,873496,2313,23794,0.0002187,89.1,,,dead
2026-10-09T03:37:13Z,0xf3159c8ede0ab4b7ea49668879c429e98f2c7777,0xe3ab280dd7f882f30f8d072211f1c869892244ba109f7f760103fadd9a598041,0.8,0.000242,52348,61984,232,55295,0.000242,0.0,,,live
2026-10-09T03:37:13Z,0xf37ee643406b74386bf4c47f877ec57972daf777,0x787b36a4ca85e37b48a6f143c568abe3821584c6b848adee0b266d9d2a23c839,0.12,2.825e-05,26079,52295,189,28198,2.825e-05,0.0,,,live
2026-10-09T03:37:13Z,0xf3a31bbe475d4757e1841292e34c5467d6810158,0xa71f1216457e113e423edb77c264cd7a32d6bdaf3b9e0d220686aa6c284284a4,1.42,,,,,,,,,,dead
2026-10-09T03:37:13Z,0xf3a4920a27a4550c1a2f1691571dc34906384142,0x62bc2ec028355163dbc1d857b9213db0cacad3e8be3f6c1a38084e598a88537d,1.44,,,,,,,,,,dead
2026-10-09T03:37:13Z,0xf3ad3e9af6a47200e0fc9c4335b60ff671a3f15f,0x57646b9f9342c94c3bb550910e27dd4cf6ebf84343e4c46a14bfe47a4c5f3ffa,0.15,0.0003216,45918,93915,228,73472,0.0003216,0.0,,,live
2026-10-09T03:37:13Z,0xf3f40e3a500c65469495dc798c95f187663a0ad5,0x9d953bc9ef09f5aed07c74ec087f2a29f15ba2f710dbd51ec05ab6f609c1b729,0.46,7.148e-05,21453,13563,57,16326,7.148e-05,0.0,,,live
2026-10-09T03:37:13Z,0xf46018a9655aae4ea3634d15d8154806ca807777,0xbc09e3d6d561852bbdb97607fd8aba63d7a1a0ed23b17a67b6b4df84a1ecfa9c,0.81,0.0002437,52520,63203,229,55698,0.0002437,0.0,,,live
2026-10-09T03:37:13Z,0xf471ea2f7b91c2398c03086d0b351d69ccd17777,0xf553f6f746b80b3a9d9de4f056cf3b1bfccb248f23946594586a25d146beb655,0.7,0.0002362,51564,63472,239,53972,0.0002362,0.0,,,live
2026-10-09T03:37:13Z,0xf4a530f2c6f9935170eebcfa50b8718dd11e144c,0x8a1da8dff01db290f501dd8591a9bd659917f851,0.88,3.506e-06,3567,85655,4994,3507,4.799e-05,92.7,,,live
2026-10-09T03:37:13Z,0xf4c9b8c14fa4f1549a314201beca25944526927f,0xa7bb57c87c7956589684ed78650afc1d08f7eca950e80cc206f6f455c28ae22a,0.51,0.0003517,47813,49483,180,80327,0.0003517,0.0,,,live
2026-10-09T03:37:13Z,0xf5106b5ee97931c54459adeaefbcc6899de82838,0x9187d66e6d7c99ba42f13c8c62291c0cc82990a2a39da33ec7879221e2e1c8f2,0.77,3.688e-05,8086,107679,833,12294,4.74e-05,22.2,,,live
2026-10-09T03:37:13Z,0xf53160ab6331d156fd543e774599eda35644b3d2,0x2b799ca6b3dd53bf4e9fd9f5a97196d853fb561ba06f673cb8c5e99928c5c0ac,1.46,3.08e-06,5114,665,42,3081,2.455e-05,87.5,,,live
2026-10-09T03:37:13Z,0xf571e29c1fb6fe41469e5998ddfdb418f96c07d4,0x629fe1a5979a56500021340917942bff169f706c64d9058464b3ccafabd8af81,1.39,,,,,,,,,,dead
2026-10-09T03:37:13Z,0xf595ceb6ddc4289cc05af4a6e6f9d1180c3fdcf6,0xb6c6b809b0206814cb48a69a806eed5f3ae438d84e3386de635b730ada827ac0,0.5,9.858e-07,9858,0,1,9858,9.858e-07,0.0,,,live
2026-10-09T03:37:13Z,0xf61fb9a75ee5ae05ebc2b412dd43bfada2e5bba3,0x053f2f24f04094a7c1c9ad1bd4f6deb150d6bf1cde335b7aeae9a3f91214eef7,0.41,1.009e-07,10098,333,5,10096,1.009e-07,0.0,,,live
2026-10-09T03:37:13Z,0xf62592423f039e63cb069e860e4d4d04e7d2a777,0x999f8dc54e5d0bf65569f45e3ac36ea016124e2f23fa032f7fcd2d991dfae59a,0.2,1.872e-05,21214,19030,66,18685,1.872e-05,0.0,,,live
2026-10-09T03:37:13Z,0xf684402aa79c0bdc0dbb876d3f9e789964acbb8f,0x6ece9f021632e5826f93ece48611a7ba705868c05d7375469ee851b76d954d55,0.33,5.75e-05,50640,33709,118,57502,5.75e-05,0.0,,,live
2026-10-09T03:37:13Z,0xf6b7e81c6e3e6d94fb9d2aabf9dc3bca98286799,0xb54faf36cbb92e63d1dbe44f2985ec43f1c7f665ae2178727a9a4f6d9e5c7f09,0.91,0.0001333,83615,8497483,18322,133365,0.0006626,79.9,,,live
2026-10-09T03:37:13Z,0xf6e94e5c93789d91e4a9040ada6a0619f8a32e28,0xe95f3c88ff443edba91488d58a8b876c3913df30a9419881d8f78cbe3da30a2f,0.53,1.231e-05,24076,695,7,12319,1.231e-05,0.0,,,live
2026-10-09T03:37:13Z,0xf748b9f7dc65efac9db50b015b65b460938c93f4,0xbf6a0ef40865c4533518ebfa75d3a58fb048540a3402b4767044c020e613e4d0,0.56,6.356e-06,6356,5296,30,6356,6.356e-06,0.0,,,live
2026-10-09T03:37:13Z,0xf74ded59877cce5c19e8f164c94f61be300d2044,0x8ec244a465d4ae7c2da51982e3490dec24d8dbe4274c8e150386700c4316a443,0.38,3.097e-06,34759,12563,112,30979,3.097e-06,0.0,,,live
2026-10-09T03:37:13Z,0xf7614e25a6d7cd4f851f09138c72562270eba114,0xb166f963cbfdf47b4cb451ccaed97c89eca2b1ccd0145560209eae7b75304f64,0.63,4.21e-06,6051,1303,28,4211,4.21e-06,0.0,,,live
2026-10-09T03:37:13Z,0xf782bbefee77c7cd5f362755bfd179ab93e70009,0xb2e6b3a4d45fdbfa27f8cecec97ecb38b03fec2f1be83f1c223f05e4ca3b30ba,0.38,4.53e-05,19663,80093,1115,45309,4.53e-05,0.0,,,live
2026-10-09T03:37:13Z,0xf7962bf4802c23803d19720ba69787fd85cd7ba3,0xc6a7a95f757e2060fbec7d75b376b3693877833a5bb30c4f2ff9a93c6f596aaf,1.55,,,,,,,,,,dead
2026-10-09T03:37:13Z,0xf87aaf5eab18debdb2e9cf7f8097de833c671777,0x262a82f32cea4444f05c18feaf5f0419b41d2b1b1b74b9818bff1a3636fa0c60,0.78,2.762e-05,26209,46446,180,27572,2.762e-05,0.0,,,live
2026-10-09T03:37:13Z,0xf89c9acd150aeb234dc5e10a7fa5e29c92e53777,0xf39b65d70ef1f86b496b5fd49b32051ec4e657eddbd158c1329e9f7ab7427512,1.35,,,,,,,,,,dead
2026-10-09T03:37:13Z,0xf8b0d6401d11f5ae736b6aa7633462845957e99a,0xffdf18856d5ee19b6651ac9f41957afbe821adc23fb7f7d661bd6eba9a66bc50,0.7,2.388e-05,28841,30508,254,23881,2.388e-05,0.0,,,live
2026-10-09T03:37:13Z,0xf8b2f446df1231c0584a5dfb3b0373fb1dec4de8,0x2ed86aeb34d51f3b502d4701929778b2dfda312a56118498dbea0c7ba48696e1,0.92,6.22e-06,6233,15133,430,6220,6.484e-06,4.1,,,live
2026-10-09T03:37:13Z,0xf8e7c17f4b74e0ba6506476b6ebdcedd0d5a7777,0x36370fa12e3ae0a0fa7bd596490695b66ab0647415c8880115702e2fe9ef008d,1.44,,,,,,,,,,dead
2026-10-09T03:37:13Z,0xf8fef142f7ab1af3a4125c57377dda7eaa07e049,0xbdcc9004fa82baf38128622979c162c8c077eb3a6fdaaf1ea7ae33a7bc38b489,1.39,,,,,,,,,,dead
2026-10-09T03:37:13Z,0xf904734d297d8d79c0fe8e16241040ed57342777,0x459e93f286159639956c5af2392eae6b7344e460f729510837f23bafb891957e,0.57,2.64e-05,25434,48958,182,26357,2.64e-05,0.0,,,live
2026-10-09T03:37:13Z,0xf9568a804c10189b64fde9e94e05b03699687777,0x847bf0af32931ac8ef6e14a85c70ff4331384663006edadb1d9145ed366a2808,1.4,,,,,,,,,,dead
2026-10-09T03:37:13Z,0xf981098c2bc9388a72acad4de37f6d79121dba78,0x519559b1e3772658cf58c78a6b2fce9f4214fde36ae1166a7e9872afc5b528eb,0.16,7.356e-05,21941,13195,56,16803,7.356e-05,0.0,,,live
2026-10-09T03:37:13Z,0xf9d0c71e3bfed34b718c4120fee5018a6fcaf69d,0xdc4cbeb5f376f2afa656ec1e72091fffab6014d6df2b9dcd56c69b188290603e,0.36,7.212e-05,59564,26624,110,72129,7.212e-05,0.0,,,live
2026-10-09T03:37:13Z,0xf9d5790fd1e7dd5e21629f1c30ee01f92a7fa69a,0xadc57c0da1d5d94bbcec6633bedd71a69097c0b54d919a075b8c1faa436c18cd,0.77,4.941e-06,33119,54002,380,49417,4.941e-06,0.0,,,live
2026-10-09T03:37:13Z,0xfa31d04462746aaa24bc7e5626403e09e4b106ec,0x432733840e61898919abd6850d94e2a708621d82fa84656cea0db33142f610a3,17.79,0.0006611,78690,99102,559,661155,0.00357691,81.5,,,live
2026-10-09T03:37:13Z,0xfab17263d7505a3be48232af2c8016753ad9f777,0xe8e905bc34f4dd30ae8bf129b3ee23a69977ddc76cd279782104df3bce426d05,0.97,2.974e-05,27178,52021,187,29690,2.974e-05,0.0,,,live
2026-10-09T03:37:13Z,0xfac91145f1316cb21590a35824ed881833ddce10,0xd6e6a791e3a8b3caeb8a9dd866e0c1ec0113e07519234d622de5c3525f677313,0.4,0.0002692,41503,72593,233,61505,0.0002692,0.0,,,live
2026-10-09T03:37:13Z,0xfb003b5d1ca8a576bf0a6d130830d560a897d277,0x74b780525e084fe7629f8a81560ca7345afd26256fee49d407ba3666be55b67d,0.27,0.0002581,41097,90412,231,58953,0.0002581,0.0,,,live
2026-10-09T03:37:13Z,0xfb2bb4bfb97a796abfae750113086b83173b0dcc,0xb20f215e6b55ed39bc2376bc4d7fc4eabb2943fad0e0e3456a69869e1d4ce53a,0.33,0.0006355,89239,446442,2958,635565,0.001266,49.8,,,live
2026-10-09T03:37:13Z,0xfb69d2dac4f3c6912fcfa6f33b29a8fe5aea1e18,0x866089ee65bfa2c13956fdca71bdc3a7877f8a5f7c61655cf92763e44d30e229,0.19,2.003e-05,20031,111,9,20031,2.003e-05,0.0,,,live
2026-10-09T03:37:13Z,0xfb91e383f04d3a831869565dab034daeb7351e18,0x9f061d30d0334db7824be8fdec575cbfb75439c4f61cf6b4bd94451ed37f2f8b,0.94,1.985e-05,19852,6,18,19852,2.097e-05,5.3,,,live
2026-10-09T03:37:13Z,0xfbe171e37a491efcf84bafa7dda52b91658a1e18,0x90977740dc147f5b79ee67a2ea6069b744fe1acb7fac62568f17c51f24e95d56,0.25,2.001e-05,20023,4471,70,20020,2.252e-05,11.1,,,live
2026-10-09T03:37:13Z,0xfcb30d6984a7653caaa573b415a218a15584fba3,0xd90aba21627fc7cad5892d4c0e130bb1d4030692ceead9e362e982c5928656e3,0.6,1.021e-07,10219,1464,20,10215,1.021e-07,0.0,,,live
2026-10-09T03:37:13Z,0xfcde13f42f498a7b1df43f87dfaf4f7cf38262c5,0xe2fb6ee38faa2b358fc117c6c7ef33ac2710b6ad8864ffc41cd836c7aecb9d01,0.92,0.0002895,44372,73907,232,66124,0.0002895,0.0,,,live
2026-10-09T03:37:13Z,0xfd18739ef726dea9230e043ca2567dc019726597,0x5721aa98c48c898b32ca6aac3b1d3fcb32a487d5a40e0bb5b014e63cc462ac2e,0.38,6.163e-05,19932,7957,37,14077,6.163e-05,0.0,,,live
2026-10-09T03:37:13Z,0xfd1c28ef54856dc02f8ef7de71805ea7bf111077,0xd8d58f53445b4af5081f8396307b9febbdbd01fc86018943aecda6f58c113678,2.39,2.713e-06,4325,185,9,2714,3.672e-05,92.6,1,False,live
2026-10-09T03:37:13Z,0xfd865b3c0386204694783ff73f2f32ac655f9fe1,0x71a4eface664a272f2bffa6b9500904d8d1de0ca9f5ccea8d34ff0fa4ba1b4af,0.2,2.671e-05,29961,27725,255,26715,2.671e-05,0.0,,,live
2026-10-09T03:37:13Z,0xfdc5754d112ec8702809f19c81ff9f55be70c400,0x75f935c85b5c605531df0c0b0ed1768f4dad87b2bc90711c850f2bed6bfcee45,0.45,1.006e-07,10063,3024315,7057,10064,3.633e-06,97.2,,,live
2026-10-09T03:37:13Z,0xff2436d4859b1d55d99eb777f0cabd3e2b5fe479,0x448d3c5917d7938b5238370351c33fc7ba440bfef64e997dcca50842cf4019c7,0.72,5.524e-06,35318,76005,262,55241,5.524e-06,0.0,,,live
2026-10-09T03:37:13Z,0xff4378aff57882a6dca648fc485fe3a28dda6f81,0x823e586de00f5b998335afe0520a0ecd42557bee2758f7b6431e837ac72fbc63,1.43,,,,,,,,,,dead
2026-10-09T03:37:13Z,0xff4c3278e735fa52b1012b06748407d26e047f18,0x5560b76440e9b6660ab6ca8c7ae1941c92abffcf,4.19,,,,,,,,,,dead
2026-10-09T03:37:13Z,0xff70f45054076b4aad17adc3a5ba027e3d8132ba,0xec6399f7cacc26a1854d15c3a7bd92aa52b3d775,0.76,0.0002738,246465,5,4,273850,0.0002815,2.7,,,live
2026-10-09T03:37:13Z,0x6b92b9cd3bacb6321467a7b68d1b995721bc5fe7,0x7a34f156b264da441d9bb74101c7de7287ec968047348b444c8bd34213a0e07c,0.0,3.073e-05,57719,1921,7,30731,3.073e-05,0.0,,,live
2026-10-09T03:37:13Z,0xadfb164b5db92fb2f721719261c431185a49344f,0x6ac7d898a3c0c773af2005f2130e9f8cbeb836337d1f22b3f72791e1088b2dfe,0.04,0.000101,25833,114576,1700,101046,0.000101,0.0,,,live
2026-10-09T03:37:13Z,0xda49424d50e67a4015de19a15868d874931b5af2,0x241974303db5fcd409aac39d939f75f09910bde085961358dc5807181e005ea9,10.57,3.254e-06,5267,1296,115,3189,0.000132032,97.5,,,live
2026-10-09T03:37:13Z,0x56997210588d9da3f49223b5300a636524f88777,0xf4ccb50e4a630563dd3522f6016f203049e617bfc79dd203c07ac3b5e7beafef,0.0,1.831e-05,21041,45513,155,18278,1.831e-05,0.0,,,live
2026-10-09T03:37:13Z,0xa151a6931dbba856b2c4337d26ff8b40518582af,0x8c95eb7333f2db553175f00851ba6ce20d531a61,0.0,1.844e-05,235028,17727,12,138342,1.844e-05,0.0,,,live
2026-10-09T03:37:13Z,0xeab720cf7411741f8eda245fab62cd08fa81a777,0x3d321d8b34e22e0020017ae825cd70058c76a4de64ca1c25642df44f248dfedc,0.0,2.072e-05,22370,30286,108,20681,2.072e-05,0.0,,,live
2026-10-09T03:37:13Z,0x3a20cea3e3d59a7da43853fc6c6f40d67e0c61af,0x9ddacccd44927fe3fdfbeec6d8c95495eaeac7cf220dbc6361fb61e9d97e65bb,0.0,7.036e-06,45861,27858,155,70367,7.036e-06,0.0,,,live
2026-10-09T03:37:13Z,0x7cc90fb363286875f9cfc47eaa1f1a8241d03f3f,0x6a9e713f1dc2c0cf415614430efce83293bcb8e34e4c307f6c4b9cb62ad29e63,0.0,2.922e-05,56556,1110,4,29224,2.922e-05,0.0,,,live
2026-10-09T03:37:13Z,0x9361a13e89f1486cf347b56192aa3e52352837c7,0x76df843039eceea53b7052f5a81c1c56637c5b8acf8ce4324acec28fe2d90233,0.01,1.275e-06,12756,177,11,12759,1.275e-06,0.0,,,live
2026-10-09T03:37:13Z,0xaf9bd801af7170c5ddec647a5800f2585308e787,0x239d2ae79638e1955391cccf1831b3a81589e734,0.01,3.273e-05,16,29209,18,189848,3.273e-05,0.0,,,dead
2026-10-09T03:37:13Z,0x831d941dbbeba5e1067929daa25c1a9e7d758c77,0xc3b8566f90d089b9e35906eda84187398d01b13ce07bc8c3cd66c40395743507,0.01,0.0002522,40742,77657,236,57607,0.0002522,0.0,,,live
2026-10-09T03:37:13Z,0x31d23c4d03404f4fba1d97ed7d2239ad7afc7777,0xc61fc5b76f1682183eb5154e10effebd35cadba8d7737365e59d3c1cc09b3819,0.01,0.0002367,50964,57236,231,54083,0.0002367,0.0,,,live
2026-10-09T03:37:13Z,0x12e97bcf0fc21591d4762c49a23b89780d46e491,0x8e9e14c98bcc18e12846243b864ede4acbb836bc4ede815404d68f69445512a2,0.01,0.0003657,49060,103435,225,83533,0.0003657,0.0,,,live
2026-10-09T03:37:13Z,0x4118ccc56c02de7dfac1c583ebe41f5330f6ddb4,0xaad09a85cb2db39b4389140c57e081be85dc63bdd8fd5260fbda78eec4127348,0.01,4.063e-05,16357,1254,7,9280,4.063e-05,0.0,,,live
2026-10-09T03:37:13Z,0xfd85ca8397d2b8fc89de886c364dcfc141a76777,0x7c2b75225159ba1b4784fe718adc0b1d4bdcb21bc04e2e617f696b506faad085,0.01,3.256e-05,28063,36678,116,32502,3.256e-05,0.0,,,live
2026-10-09T03:37:13Z,0xc16a790066ee6363569193ebe62e2d8f0a3d9777,0x4846bbeccc1f2634d99dfdf6c61f9947f07f7be110c07481e9c6a88ca3947c34,0.01,2.166e-05,22888,56032,197,21620,2.166e-05,0.0,,,live
2026-10-09T03:37:13Z,0xaec38629cf26c7b2b888626a015e287aa6287777,0xa6c1c8685dcbb97988a6f5a87267c9ec9c1e4f0bef10a4b771d56da065d5f183,0.01,0.0002336,50667,63376,235,53378,0.0002336,0.0,,,live
2026-10-09T03:37:13Z,0x3a910b690f5e86812abc548fab155bf9e66c3b34,0xb42fe2fa53f7ab57a563d5a6dfd25e5f480e7242c078351020578fb66ca461ae,0.01,0.000268,42029,76535,240,61216,0.000268,0.0,,,live
2026-10-09T03:37:13Z,0x29632f2255fff06b4490957502d4f49e416a53ec,0x1c28c66b9470a0635a27c6407e7171f0d5d3aed05e9fa65b260e815a92e8fc6f,0.02,5.561e-06,47046,50164,370,55613,5.561e-06,0.0,,,live
2026-10-09T03:37:13Z,0x9d6607b7afca3bb32c55c49bb5a62f6a3037344f,0x57a94f4700eb6c236745cc3c04513bd41046a32f776e094feb786e2cc2b74636,0.02,4.197e-07,29702,2031771,3794,41974,4.306e-07,2.5,,,live
2026-10-09T03:37:13Z,0x39f7761168d109fdeb7a2456a20750463718f777,0xedbeb3681930cdf8f6ca2443027a265cab15719cd2310a6770c0841d8d56cf16,0.02,2.09e-05,22469,49279,177,20865,2.09e-05,0.0,,,live
2026-10-09T03:37:13Z,0xb227abc131a2e2c50f3e7d74d0b4331a33e07777,0xca37cfa319be5399ab83ba8092dc8bdc531f93aa926ab0769f4b7e5f69f17953,0.02,0.0002014,47011,60488,233,46018,0.0002014,0.0,,,live
2026-10-09T03:37:13Z,0xbe085eb6ab6a557fe50ee20eec85abb0a4311e8c,0x059c04a6965dbe740b742a68ef4e8ca0d4b543f460b0ed8750e4e27b9c284f7c,0.02,0.0002393,39690,71490,238,54672,0.0002393,0.0,,,live
2026-10-09T03:37:13Z,0x81de32043c7bc7b177cae9c10c981bea5d8396c8,0xeba24a35ac9a02e3e1e637b31672523d98e9121ca6ee68bf6926664521d1ff6c,0.02,0.0003577,48519,117258,237,81701,0.0003577,0.0,,,live
2026-10-09T03:37:13Z,0xe95284f8c7018707cb6165c34930d5dcaf2b6dae,0x7aa3a6e73c1c8e7fdfb98a16c0f9c2b954054677,0.02,0.0002246,93397,641568,1547,224644,0.0002246,0.0,,,live
2026-10-09T03:37:13Z,0xbf9cfd8cf42276aa516b900ae491f345f1708777,0x38339676f7ec69b0f1ec2730a735bda857f42a658766f11d553b770ab6f3b259,0.02,1.742e-05,20519,17925,66,17394,1.742e-05,0.0,,,live
2026-10-09T03:37:13Z,0x175657c6277c33c44f3ff48345692323ca1846f4,0xc843482006810da3fb4fea0f519bf748fcd214ef16a55ff22e1b4177515ad257,0.03,5.35e-05,58398,37427,117,53509,5.35e-05,0.0,,,live
2026-10-09T03:37:13Z,0xb88b4574a6dc9e2c0d386904e728c4cdc7346777,0x1f0acb214e0819bd416741a25a167635bb1569d5a661456239c09fbdc0981227,0.03,2.395e-05,24053,50584,180,23906,2.395e-05,0.0,,,live
2026-10-09T03:37:13Z,0xd47b3ec1aa0225c88e88ef0cbf4c54a1602f01e2,0xdeb21da48fdc14e63b4225dbeb8c8488f94f2737561e77f6d046428add53e191,0.03,0.000259,41293,77210,238,59164,0.000259,0.0,,,live
2026-10-09T03:37:13Z,0x8753c697664f8d7c97c35bafe2c5f4e0cd24c3e0,0x58d3c315f6747858bc043561766c716a4c677535d83a2e3cd85f95f7c4d81db8,0.03,0.0003172,45697,111854,238,72458,0.0003172,0.0,,,live
2026-10-09T03:37:13Z,0xc381685967a6027e8ac94db8b6814e74dd3cab20,0xc488445c5a441b8c9761b328266344c2a70da097e0c28a51ecc7e194b3bddd9f,0.03,6.347e-06,37736,70584,251,63470,6.347e-06,0.0,,,live
2026-10-09T03:37:13Z,0xe97390bd01e0dcff5b1081003306d113c5b0f777,0xa90ff55c94774a070e8ea73d4adc86d99781f18c4f4881dd23e39382cd1b5110,0.03,1.666e-05,20079,35110,122,16633,1.666e-05,0.0,,,live
2026-10-09T03:37:13Z,0xbd9fceaf34ce6fccf225cc17a17bf868924b2480,0xe01a372dde4a3fa344e22d84973e141409e2b7bcb33e8783e252339d7ef3f3f4,8.55,0.0006375,73756,150763,564,637540,0.000733939,13.1,6,True,live
2026-10-09T03:37:13Z,0x790c90c7c61d8894a9e242df58f39288f5043777,0x733bcb28399a77902db18cd46bbb4e8e79e77034dcbb7075c76aa51588791809,0.03,3.301e-05,28246,54661,191,32945,3.301e-05,0.0,,,live
2026-10-09T03:37:13Z,0xce250ff2c1913727b339f6fce4aad70959c835a8,0x9f070440d193ec7f6a77e067f67b786d06aa32882345252d67908b2c7eef096a,0.03,0.0003566,48471,137144,232,81467,0.0003566,0.0,,,live
2026-10-09T03:37:13Z,0xa1d4c4bbda2b97afaed319f11cf706069ba0c10c,0xa4b9e033cc8ec84ff3e148ad776f408fc7b18900b528ca5e41115c28408288be,0.03,5.986e-06,45667,25525,147,59868,5.986e-06,0.0,,,live
2026-10-09T03:37:13Z,0x1babe69a4ddbbca300edccc9071c01839dd53bf8,0x1b0a0e40cf62000279fe194da5324839bfb465c2486657bbbfcb2eda290f09f6,0.03,6.069e-05,19968,5715,20,13862,6.069e-05,0.0,,,live
2026-10-09T03:37:13Z,0x07367e4e3d7ccb1503d9e01b0d1226bd5a4a0777,0x926260660ad014ab887ea4e77d3f8ad9c1c71b8e687a2c62be58b9b2809e5580,0.04,2.648e-05,25268,46848,163,26433,2.648e-05,0.0,,,live
2026-10-09T03:37:13Z,0x086cca768bfbd05043e12c4ea161adb357281e18,0xa26c13436ce3b96b113932ea4045c04f73835077cb7dab4cf9a90c7596bb19bb,0.04,2.002e-05,20024,1,3,20024,2.002e-05,0.0,,,live
2026-10-09T03:37:13Z,0x7b9a8c9085786c4fa243790ad52208e08dccaa7b,0x0e3c626abd7e21b6bc7b50c86ae8aab696151a2f42f188916d73760e19d41f68,0.04,4.252e-06,35584,20210,122,42521,4.252e-06,0.0,,,live
2026-10-09T03:37:13Z,0x6da9ff20d7a2afb46c9329aa4d8c47c078267777,0xd85694ce7f89941672fbaa1cf3b091269436be36e87967f7c9300b9ff142c559,0.04,0.000253,52645,63191,234,57813,0.000253,0.0,,,live
2026-10-09T03:37:13Z,0x96e3a8100e5ba8bcc907d7b5d1bac7b53d11af02,0x6615a1460655c3d9007b62f25f3a7e71a154398f497b49708ceb5a9c671366d5,0.04,0.0002028,36504,72175,234,46328,0.0002028,0.0,,,live
2026-10-09T03:37:13Z,0xce24439f2d9c6a2289f741120fe202248b666666,0xa5d2fa75a050327b6a0e3a6020994fea5a9df413e0e031045399411e1616b2e3,20.87,0.9981,471976,2629710,7739,29943790,1.01693,1.9,,,live
