run_utc,token_address,pair_address,age_days,price_usd,liquidity_usd,volume_24h_usd,txns_24h,market_cap_usd,peak_price_usd,drawdown_pct,filters_passed,pass,status
2026-10-07T03:37:15Z,0x005cb5485279002c87d9eb5e8745798e31913028,0x08f1d61473934375150d248f9aa259cc4034c611f46745262ae11363aeac9347,0.47,0.0002791,44711,79735,235,63767,0.0002791,0.0,,,live
2026-10-07T03:37:15Z,0x00cc64df238a4f9b4f2bd2e6239b00497083f92f,0xe4473bfc0c6ef64359d3aec47a87a2e137973cc068d5b2d188d3ece836700c8a,0.3,2.278e-05,29113,21673,204,22780,2.278e-05,0.0,,,live
2026-10-07T03:37:15Z,0x011a239f25d51f8b905080c67e1cef85348ee777,0x5ab29ed1cfe6bd2fb18b383b3a1ad35fcc545374ff4d4c7e83d3509765d425e1,0.84,2.48e-05,25493,48632,181,24758,2.48e-05,0.0,,,live
2026-10-07T03:37:15Z,0x01a9fdf817c309d7cf7615fb36890b4ddebdd777,0x5cc216cf4cdb0c2ce24adfad0475983f0c5b4958c86d5042a33f6c0869f4f5af,0.65,1.278e-05,18364,10270,46,12763,1.278e-05,0.0,,,live
2026-10-07T03:37:15Z,0x01c662d8b4ff1dfb5adc94f6e926b6c4d93c7777,0xd489b6aa6496190debe20646fdab2e5a4767a7ba0a21b9125f8083c5fbdb32aa,0.66,0.0002526,55018,62109,234,57720,0.0002526,0.0,,,live
2026-10-07T03:37:15Z,0x01d2ba2781613096083b8c1372016b4833a41ee1,0x5c42c0bb47c04174f382ccb2b2a2ba42b1bb9a61289daa6f9a916812d6f498a3,0.31,1.915e-05,30771,15142,203,19158,1.915e-05,0.0,,,live
2026-10-07T03:37:15Z,0x028bbf1bd9ab64e9ac9735001493e86b4af911ae,0x97e7194c7d23f12af2849f01cac3eb92b35092562a90bc5b73a24e3244381ec9,0.4,9.757e-05,70100,180168,468,97573,9.821e-05,0.7,,,live
2026-10-07T03:37:15Z,0x033ee96aa0cc09d251a595c48f3fb3b601917777,0x27201239f5cc429a2e701f404955eba1deb82bfcb126a14d6defadb392837567,0.85,0.0002359,52999,56021,238,53907,0.0002359,0.0,,,live
2026-10-07T03:37:15Z,0x03accadc129d00769340fd17117d4879a2449a05,0x1f2d5b050dea665b15931cf29f2e48a1c11bbbcad8e7db8db259f2fc288c2da0,0.04,2.613e-05,26139,4,5,26139,2.613e-05,0.0,,,live
2026-10-07T03:37:15Z,0x0462cf95507ce947af96a76d07a01981ad31dc45,0xe32a3addff054a5302f1bf9da6a14b6a41fea6cbed2cd211916d321891d450a8,0.39,5.043e-06,5043,0,1,5043,5.043e-06,0.0,,,live
2026-10-07T03:37:15Z,0x04b2cb10d25380cb99e820718ff852902a07e696,0xd8af734d930ac12ea4f73a40a74638b769128d95605399ae6d1e5bda0bd0c3d1,0.59,2.415e-05,26697,19766,154,24159,2.415e-05,0.0,,,live
2026-10-07T03:37:15Z,0x04eb4413b0011c903bb3c425b0446fda01eb7960,0x91932338a5de979a5a11c78eab77257470d9b8f7d6c8aab59dcfed76e0638c6b,0.47,0.001554,151826,32209,139,233229,0.001554,0.0,,,live
2026-10-07T03:37:15Z,0x05212db457d2d31f0b4a63d2f9f705a4a2984777,0x78ca6caecf0f0f5e12c9d608f97906815405e0aa46b1af12fa34926dcd14a052,0.69,2.828e-05,27288,51435,189,28227,2.828e-05,0.0,,,live
2026-10-07T03:37:15Z,0x057d7a83f67cff7ac9f66984d2273558d57cdc99,0xfcb295ab11064057817c5f3d888ad27d93feb6b3238ab2ad85c56c1af782d859,0.05,2.68e-05,26800,336,6,26804,2.68e-05,0.0,,,live
2026-10-07T03:37:15Z,0x05f2b6a7ad477635ded6c1997a43420720deab6b,0xa29270a5f8b6a23ac9dccc69708085e31dd9d2f45974981d2548e463e20b3a7d,0.32,1.984e-05,28421,13686,153,19846,1.984e-05,0.0,,,live
2026-10-07T03:37:15Z,0x06024d89d907f4771ced0ceabe2135903d084796,0xed1e9bd7339cc7564278777a2b25785304b954053a5db92a9e4b17850d42a7dc,0.91,6.067e-07,44939,2142853,5628,60673,6.067e-07,0.0,,,live
2026-10-07T03:37:15Z,0x065ba6f19334ce12ca6ccaa7eb9eff844b546c64,0x8d2ec3128cd9db586e6d781aac1126fe79996999,0.73,2.496e-06,2504,9754,82,2496,1.21e-05,79.4,,,live
2026-10-07T03:37:15Z,0x06ba8f70f1ef18ac951ff6280c8b6a1e4e67f088,0xbccc81ce648a05edd5cd2b2cef784d84097142f9,0.76,2.488e-06,2521,4128,34,2489,7.342e-06,66.1,,,live
2026-10-07T03:37:15Z,0x0701a04ebc73882f5369e4a9ec76c2bef44c7777,0x099a9f9bbff8dced74117c2558a06a01097c5a0cde9039953f40e2c9e62686e8,0.26,0.0002165,50765,60258,234,49477,0.0002165,0.0,,,live
2026-10-07T03:37:15Z,0x073e0f008167dd3a589f57ca7d97948925cfcacc,0x4efb491b736d2a81abe4fb4ccfe5514ee9a263f6b8b35d407ccdce5a53ad69ac,0.26,0.0002107,38787,59977,142,48140,0.0002107,0.0,,,live
2026-10-07T03:37:15Z,0x0765e8f7b87b921f25573e16c1734dfb364f4777,0x5c00f16a8263537340ddeeb21cf13da2ace82814ee7ce724f3ca98920db79bdd,0.39,7.665e-06,14180,2159,9,7651,7.665e-06,0.0,,,live
2026-10-07T03:37:15Z,0x079b2a636ac4ef4094aeeb9784644d8f4ce99107,0xfa48d1ecf13d25b821f1d56adead83476dbba7962452e58d937cdaa1953a61b5,0.19,1.934e-05,30847,14358,203,19345,1.934e-05,0.0,,,live
2026-10-07T03:37:15Z,0x0830a9dd26a04e959657ab6788d45f5725590c32,0x5408ad4b4f1d5091b99953af963500a792f47bc3,18.79,0.001023,293149,22149,2759,37822897,0.00126957,19.4,,,live
2026-10-07T03:37:15Z,0x086f443aca0d70aee2a42fb836a21e1e529f5fe2,0xc6c289386884be3f5ee68cd45002d38e5403e71885aceb58cdba8ffa213ac386,0.1,6.868e-06,6896,68208,2436,6869,6.868e-06,0.0,,,live
2026-10-07T03:37:15Z,0x08fed35fb606d509faadfb7c1c0d45f3f7337777,0x30ccc3e20a28a58c15deca1aa7186086f2262532eb61c5a9e83bccf52a4098f6,0.08,0.000253,54799,61932,233,57807,0.000253,0.0,,,live
2026-10-07T03:37:15Z,0x090d6bbcaaffe6531e820a5f1cac47d281417777,0x303a296dbb11c64d2779c716d190b919ffca56d844bbb4bd2431ac31d84ef6e3,0.32,0.0002626,55866,61265,237,60004,0.0002626,0.0,,,live
2026-10-07T03:37:15Z,0x0918b633e47a4c52c469bc515339131e2edf6777,0x88d9acd42cd78d16cdacdaf1f457fe82da405778ee908a6d342e3da7330f83a3,0.77,2.271e-05,24469,52254,198,22674,2.271e-05,0.0,,,live
2026-10-07T03:37:15Z,0x092c2769ac60ac1b3df2865147630289cf577777,0xf2c636230724288409ab8a5d1247371d34c80f8fcee06b58873c5449113452f2,0.18,0.0001904,47618,51125,184,43506,0.0001904,0.0,,,live
2026-10-07T03:37:15Z,0x0951d744d012fa371917b5020512767e38741777,0x5f17bd1997e12df938026023697f3fbf01c542befcbaf6ae09ced06034007686,0.63,1.633e-05,20734,23491,88,16304,1.633e-05,0.0,,,live
2026-10-07T03:37:15Z,0x0a3b8bf2ff80c352cf68d7849c34d903b3ff16da,0x5f86777468e2bbeb30232e334b6b7e9aabfa75d4380d2ce43481ac166a4becd0,0.72,4.416e-05,42099,7489,23,44166,4.416e-05,0.0,,,live
2026-10-07T03:37:15Z,0x0a58de2594534f9f26af9de415140db0027897ad,0x98e85ae43f1fc88b2939ac103ce4e57f53b048aa38a8e17e05a2f06618f2db61,0.72,2.418e-05,25271,20647,151,24190,2.418e-05,0.0,,,live
2026-10-07T03:37:15Z,0x0a775dce89e47a67750a697580d8054f9e62eeaa,0x344db707b604cfe22f5c7405c29d88952b8effd6b23700a3dbcab7f244f111c7,0.67,6.496e-06,6490,7201,84,6496,9.134e-06,28.9,,,live
2026-10-07T03:37:15Z,0x0a8ac3f6de79dc2c497d85d67c2d29accdf53a83,0x5de7522f9db147f6769be1528703f821e50fea094baa477df66fcdb2871f02f2,0.07,0.0001266,29556,32572,120,28936,0.0001266,0.0,,,live
2026-10-07T03:37:15Z,0x0ad9c4b1e584deda68488a80d84f2d6616946c41,0xc2ac53d4aab207ae0d79dce5e6681daf03f8aeaccb39c0bd5ee7efdf5f18c7a7,0.26,9.032e-07,46593,1244659,5002,90326,1.297e-06,30.4,,,live
2026-10-07T03:37:15Z,0x0afc155ab1c777e28268f70d08889175870c7c1f,0x61c1aa34ccedb6f4998f234a8b0df7302bf18633680b3f823844adf57b8a1e51,0.3,0.0001526,101336,227298,651,152656,0.0001526,0.0,,,live
2026-10-07T03:37:15Z,0x0b001088b1dfb32d93297b2ffe3789be2de33ee0,0x35b6c415a6b2b8303f15cde12462ea327e3c12e8,0.75,1.508e-05,7492,1,2,7492,1.508e-05,0.0,,,live
2026-10-07T03:37:15Z,0x0b02b8ad2234d4c28d189a63c33c639e75e88614,0xa4636fc644bea76d57d8fc81753a141b0dd71a3b34562cdceb996c65453a5ebb,0.77,0.0003278,48546,88231,238,74880,0.0003278,0.0,,,live
2026-10-07T03:37:15Z,0x0b317a28a2cde0e3f070fe7d10b7751c22ee4777,0xffe8df371afc20cf08163abcaa17caf8996fbdcc6ba3f36433890e275e5f4bc8,0.76,2.033e-05,23111,44213,151,20298,2.033e-05,0.0,,,live
2026-10-07T03:37:15Z,0x0b43c68bc0837e5307a3d3c32fe88ee601d1d171,0x94d42f8a1cdb9debc3f365943e627c7aa10d6226795fe4d2ef5d401df66e51d6,0.64,7.497e-06,8190,214699,2840,7466,4.767e-05,84.3,,,live
2026-10-07T03:37:15Z,0x0b7c6c138dc75622f4200d157b13fb93e6bd94fa,0x5291cfd042d8a771a510534ee31090bc4f4dc72724871e8f321aecfd12332a9a,4.49,0.1169,11690834,13061832,585,116903589,0.167232,30.1,6,True,live
2026-10-07T03:37:15Z,0x0b7e826073d1e231a002b143fdc7d33aeef74201,0xee18a8f32c89f29cf3099cd4d081ce333b85596303842a85faf45429aabf6dd1,0.16,7.984e-05,127253,19147,95,191,7.984e-05,0.0,,,live
2026-10-07T03:37:15Z,0x0ba02c9c0fbb1db04d343480563c1054341d8a73,0xd888071ff680e52b2556e076f6b44ba65e9681fdc881fd35bb429956b44ebd9c,0.77,1.904e-05,9554,13401,139,19046,1.904e-05,0.0,,,live
2026-10-07T03:37:15Z,0x0bd2ed28ace77d5f17c384e55b543815fdacd4a5,0x4b404cc0d72a2f5be924c09b267f565f4d23b4489407f9f325c0d30a654d039e,0.85,0.0003064,46780,107378,239,70000,0.0003064,0.0,,,live
2026-10-07T03:37:15Z,0x0c200bb76884c32e700e3e25dd296ca59bd4f378,0xa20ea2ae4e2f81025b76e32210d541f342584d4e26abef5c06044095c3503a05,0.2,4.748e-06,45260,21777,135,47483,4.748e-06,0.0,,,live
2026-10-07T03:37:15Z,0x0c6144942bb7dd6aa9eb86f798575e58eb3f21bf,0x00d7f78a821b21e41d22dd6e798b70cf0d675f6fa4279d4e8e048811fd689993,0.39,4.567e-06,5492,38561,870,4567,1.5e-05,69.6,,,live
2026-10-07T03:37:15Z,0x0c61934b82e21ee5966e5d2e2dd0eacc40db046e,0x8d6e8d49ee00fe3a4f401ea7a15ff6fcb5fa9b3c0ce81c7ec937a0827d329193,0.12,0.0002397,41380,81948,179,54767,0.0002397,0.0,,,live
2026-10-07T03:37:15Z,0x0ca2f986c95d4b2d638a3561d1ee8fd33b0220d7,0x5f8dfdb5116ec4870aa6d9160828fb4643f462f82ec5c5155d693b5c15fecff7,0.16,0.000297,46058,89797,239,67848,0.000297,0.0,,,live
2026-10-07T03:37:15Z,0x0d8d6aef892e1645a498d07308f3a9a032a37777,0xf3142474124369994f422410c2b1c1776b0ee61be12166698a513ceeea57710b,0.1,0.0002003,48808,46271,186,45787,0.0002003,0.0,,,live
2026-10-07T03:37:15Z,0x0dac2eecc1e12b0d73040ade98e2015e2ad8313d,0x9ded0ff001f2311d64e28d453a7a2b1c78d452657183de329ae9e37151a37256,0.04,2.692e-05,26915,392,6,26921,2.692e-05,0.0,,,live
2026-10-07T03:37:15Z,0x0dc74e7437a7d6c246c55e8ac410795f50a43aac,0x6559b4c662abfc97524e5b22a716aa2b75c7d6fa046d5d789a6d1b441d58ea78,0.65,1.034e-05,10249,24868,607,10346,1.781e-05,41.9,,,live
2026-10-07T03:37:15Z,0x0dfb9a2c3ea97996b5fd0f3a071f8c308badfeb0,0x1d6e7a450effd7a27a8732a127239757598f1f7e,0.1,2.696e-06,7,549761,1541,2696,0.0002929,99.1,,,dead
2026-10-07T03:37:15Z,0x0e1e14776f28ae41ffdc3fcc280c2f47a3133be6,0x1a19e809f317e1c8ac841466bb08f9e23ed763f3,0.68,1.507e-05,7486,0,1,7486,1.507e-05,0.0,,,live
2026-10-07T03:37:15Z,0x0e833e5fe37df0e62d1129cce586788292af876c,0x5f5b3f362246fad624a5da435898d8bd998ce174fafa5c9ec371615059a0ba37,0.38,6.802e-05,22039,8244,30,15536,6.802e-05,0.0,,,live
2026-10-07T03:37:15Z,0x0ea88548965cd6e9ac02b33e8b65e69434fe7963,0x71613f6cbc60d3dd5b64afbfd328c1e57d81787a6bdee5364895e25736650223,0.58,6.021e-06,5921,2864,23,6021,6.489e-06,7.2,,,live
2026-10-07T03:37:15Z,0x0eb80135b2913da5b5d0a1e8e5b320e5dd0c7777,0x8e44b0841bab19ec909913520d29c1cb7beff54ed586865706f0a2e895dfb7eb,0.19,0.000249,54452,59840,233,56901,0.000249,0.0,,,live
2026-10-07T03:37:15Z,0x0eda64b90e24128e139519464516ab4086ca9793,0x1b89345ecb618a515b9d616bef963d766d93dc3faf102ffcccf446a10021548a,0.21,8.643e-06,46267,50550,233,86432,8.643e-06,0.0,,,live
2026-10-07T03:37:15Z,0x0fb4549dac381e245e0271ee256a5df4bbebc97a,0xb0bcdbb367d6d928850566cf24d81b7a7e3b062aab3cfd021995ee855f14cd7f,0.83,0.0001344,86242,318471,882,134461,0.0001344,0.0,,,live
2026-10-07T03:37:15Z,0x1043934db6a69665104d80eb147a05f5242dbf65,0x185282c23e0c15c3778a04d2db9311afca76c5742026264f5efa1c826f689645,0.25,1.189e-05,7800,0,1,8210,1.189e-05,0.0,,,live
2026-10-07T03:37:15Z,0x104e2d4596964059d8235431dd3f9681adc00c47,0xd6a835a27b22f376127eb40cdfd5ef2794eb1ad6,0.86,1.544e-05,7698,168,103,7696,1.544e-05,0.0,,,live
2026-10-07T03:37:15Z,0x109b383a42305dc48855b9b791c202002c6b391f,0xfae05f0de699abfb7541108b42be62bf10587d0732f7be1be260c28a9f235ce0,0.36,0.0003287,51207,950661,9504,320791,0.0003287,0.0,,,live
2026-10-07T03:37:15Z,0x10e06bdead0aed0874ac9e1b08dc751800bbd0e3,0xa28036a88c18b4f1930bc46e9ee4e1539975f03b3c818cb6146fabb3938fc343,0.85,0.0002866,45239,113520,240,65467,0.0002866,0.0,,,live
2026-10-07T03:37:15Z,0x113e0e3e8bfee666528e9d114d4139fa35e8f307,0x7aa1c1dde4d44df9fffedb1727a8938df77268005bb0b761f0d66e4cd17eeff3,0.39,1.138e-06,11373,316,17,11381,1.138e-06,0.0,,,live
2026-10-07T03:37:15Z,0x11cd26a1eb08c40acb5c8db9ef82eb731934c868,0xdb76ed40f8c6991ab194658e67b1cfe6d5406373c6259e0ec0b50a2301bc3e9f,0.39,0.0001958,37398,69318,228,44736,0.0001958,0.0,,,live
2026-10-07T03:37:15Z,0x11d95fb69f119d64402375d49d99d26fed85ab63,0xee43ef0b4215688e2f3c01ce4c0b61092b1fe7f95cbdf31554f7dc6c6ebb2893,0.84,8.103e-06,8053,18280,84,8103,8.103e-06,0.0,,,live
2026-10-07T03:37:15Z,0x11e2c395c2669c4b9241529dbc91d5c29c872777,0x7bfcc3c2cadeab23a349bc1dc9ee58824efe4c73e297b761fa014ea3ca82de3c,0.47,2.142e-05,23726,39669,143,21384,2.142e-05,0.0,,,live
2026-10-07T03:37:15Z,0x129aa40aee374be5c32e64b88fbf4d3769992c9f,0xa3577f3b0111a601f1f1d92f80e9dc15bd389ec54e6dc6aedc9b8e5daf210347,0.72,6.892e-06,6920,82279,2592,6893,6.893e-06,0.0,,,live
2026-10-07T03:37:15Z,0x12a45bcc82081ca0811ae294eb6fb2ac6394378b,0x8a62b34c0cd97fe330e619f38d66c464f041ec76b648365bd585533865497b1a,0.63,0.0002315,40758,77398,190,52881,0.0002315,0.0,,,live
2026-10-07T03:37:15Z,0x1320802f48da0f2c7a8a61a7ff28dfc5c5dd2c20,0x61187b19ef3f6bb52df3a6ff1c804aa6b618a751,0.77,1.507e-05,7487,0,1,7487,1.507e-05,0.0,,,live
2026-10-07T03:37:15Z,0x136ebb418554c72cde76925bf82de354f9b4b777,0xd71423ff6c6deebeeb8b49e02f9f93506ed5c0cef87ce4458f5bf5ab561bb22a,0.74,1.822e-05,21911,23548,94,18187,1.822e-05,0.0,,,live
2026-10-07T03:37:15Z,0x13765b6d105254cdcc6d3ebda3ae471c46b4d871,0x3a99f81ddbcada3a0957dc322fac32e5492dff7dfbc8f90e3e331f4dba4181a2,0.68,4.411e-05,42064,29197,79,44110,4.411e-05,0.0,,,live
2026-10-07T03:37:15Z,0x139dfa0598cb45d95024c382cdafb807ccea2d93,0xce9c6bf7fe104c10e6805f914750949a387d9b075169cd46bab1fc210b208c8b,0.64,0.0002614,43303,79809,232,59720,0.0002614,0.0,,,live
2026-10-07T03:37:15Z,0x13a0e12c215bc0669941da309c3bfbd5b32c4c1f,0x9c97a40cf7077e2aaec305206e0af1e4c32a795acc18815f5c77dd9eb09f0775,0.26,3.573e-06,36720,14967,91,35737,3.573e-06,0.0,,,live
2026-10-07T03:37:15Z,0x14010b9d21d131ace559e6078a954094f06bf281,0x2fe007f12a0b093245b9c86d43dffb07b5edb1d5cc5081e4bc38be0b25fabd61,0.66,0.0002351,41112,83153,240,53717,0.0002351,0.0,,,live
2026-10-07T03:37:15Z,0x14a4d8e57dba0ce1491c8664881d3b1c52ecf4dd,0xc551612d363e4ccfae68254d3de159baee18962ea8c5143e5d472b7c7f1a463b,0.23,1.769e-05,30437,12260,203,17693,1.769e-05,0.0,,,live
2026-10-07T03:37:15Z,0x14c9b228a3fb996bb65f10b0e985879a4db5f75a,0x7ac77cdaadd54da8636c93c03f7ba55b82619e5fbf9fe255dc6c23fd00fbbf42,0.22,0.0002517,42391,78393,221,57504,0.0002517,0.0,,,live
2026-10-07T03:37:15Z,0x15cfadf5a2d748c5e00e4f208a4353a88ef54fe8,0xc385eb5d15294a39bab807820dd09a8df92a05c3369d665e7e14ac2404cffd43,0.64,2.926e-05,23633,23070,156,29267,2.926e-05,0.0,,,live
2026-10-07T03:37:15Z,0x1636760a049bde1ca9c61f771b12ea4e9cc18313,0xee27f89a4be6f821b0e02e9a8117eaa7e49fd8e4,0.77,1.507e-05,7487,0,1,7487,1.507e-05,0.0,,,live
2026-10-07T03:37:15Z,0x16fba764d8faeaf8854d8fa5601f175bae727777,0xa0944e2b6b6ea82ba551979551f325dcbd1b20c71df9fd8fecc64e709e36187b,0.4,0.0002451,54052,64163,229,56010,0.0002451,0.0,,,live
2026-10-07T03:37:15Z,0x17fafdc610dd488962eca955355fee4d88367777,0xb0239fe26db18b97f81849c83492d14517746397e8b05c123fc94b3a026416e7,0.3,6.646e-05,28114,1675,7,15186,6.646e-05,0.0,,,live
2026-10-07T03:37:15Z,0x185cd86eb4038504d7a209c23f103c618be56d21,0xbf137d89bb3b42124a5c3df6b7e88398d7b5aa4e,0.12,1.837e-05,7,510926,2665,18376,6.803e-05,73.0,,,dead
2026-10-07T03:37:15Z,0x18d5d301b624b0d5be7d7f2bcca5bd443fbea6a7,0x4fad4b6c9078ee619335c374c2b353bdda0d2d620d5c4c5e82dc08a8400c851c,0.69,0.0001253,82606,321631,889,125361,0.0001253,0.0,,,live
2026-10-07T03:37:15Z,0x19e5ef6bc0c91b37992e3f8075fdafd5a105bbd2,0xa098b97a6e7f3ffc75e13d7a0755071b7083c60e,0.77,1.508e-05,7491,0,1,7491,1.508e-05,0.0,,,live
2026-10-07T03:37:15Z,0x1a18dc0fa085889f2f9622ba153e4d01b1c7720e,0x4c93d2f713dce5a5a76ab5cf8cbf34938760c821baa7ff284096763bf063c5dc,0.77,0.000336,49150,109807,234,76754,0.000336,0.0,,,live
2026-10-07T03:37:15Z,0x1b8b0f3bb8dcf74c246255b06ebaabf89c0a0912,0x8b1fde32a7ba14ae96443524d29610477074284d2ef559867d9a7787094d937f,0.1,0.0003019,46391,93805,231,68960,0.0003019,0.0,,,live
2026-10-07T03:37:15Z,0x1bc74b6f421ad2ea05c388a917e7b9d5e95e17f1,0x9a76c6f51a4ec7e718215ce6f5b20aa92db2fc86d1aea90ba40c9851837124cf,0.66,2.366e-05,24144,20593,155,23665,2.366e-05,0.0,,,live
2026-10-07T03:37:15Z,0x1c251277a357ce8b7ec3cc0fb5c16574de971e18,0xf785ce38904f9a9b3a79fb84b5d5272602e8c9ab313b4aedf32acd1ac05a496e,0.38,2e-05,20029,10820,177,20010,2.273e-05,12.0,,,live
2026-10-07T03:37:15Z,0x1c57261a6a4606c059dc5b43e1556c3d25bfc6b3,0xa63034ef7e02b607ad3dd2ec3e3ede11f7a329869bfd3e94a64b7d249d366dd0,0.38,9.334e-05,6571,0,1,8214,9.334e-05,0.0,,,live
2026-10-07T03:37:15Z,0x1c7fb1fead5d138643dfb040fa3005faacc7a037,0xd61cd46b6d008e79f85c2da77e28fc129fceba617598c7105cd33c833af9bf78,1.35,,,,,,,,,,dead
2026-10-07T03:37:15Z,0x1cc88bb7c1f3e3c8bd5f488a870547c268927cd4,0x192ee1b37e4a200869ef2b04ea34bfd205c18f22c5ca7ef4caa1cb9b0cedb104,0.68,0.005449,5449,5,3,5449,0.005453,0.1,,,live
2026-10-07T03:37:15Z,0x1d02daaf7617a3470bac5a6fd93afa2f5e037777,0x6c4e2cbc727c384c41297f98997d634b3f257662a8fd85f914c48d0ceadd9af0,0.46,0.0002276,52072,52443,222,52018,0.0002276,0.0,,,live
2026-10-07T03:37:15Z,0x1d563cb4f00fcbb9adc5f04d65b9fac2c0c5faab,0xd89eb2a1854dbb7abc019129c608ce6edeb3519933f9f35d676e775a3251fd5e,0.2,0.0002795,44665,82003,240,63837,0.0002795,0.0,,,live
2026-10-07T03:37:15Z,0x1d8c35a4a932f837ab0dc14442d2f30228bf7777,0xc168914e70d896501b578d7bfea6842c9955ba6d12f3aaa637e1a64e16a046fb,0.56,0.0001843,47017,44075,183,42130,0.0001843,0.0,,,live
2026-10-07T03:37:15Z,0x1dab0825b5f75417fbb74e7cef4f77a032c281b4,0x4c83b0256a83ef8e80cc9d99a104112ef16890f2b31c92ec5ecafd91306d182a,0.72,1.704e-05,12658,12847,143,17047,1.704e-05,0.0,,,live
2026-10-07T03:37:15Z,0x1e356e7d505625ccc9857be5d53162d0666fb8e8,0x662d05edc410fb72494ef4eaeabbe1df5119650072229734fdc6e339f90e27c0,0.63,2.805e-05,26332,20692,155,28059,2.805e-05,0.0,,,live
2026-10-07T03:37:15Z,0x1ec25a196c49dd3445f1fcc53c37c513af92839c,0xa6caf95634d4bcffdfb535eec889c9c928ff13d5,0.2,2.7e-06,3,2464590,3476,2700,0.001019,99.7,,,dead
2026-10-07T03:37:15Z,0x1f269f5f4cfb0b8ed2ad844e9b6b123c76e51715,0x6adf1b6147cbceb360a636476d53616a8ca1da7e,0.13,3.825e-13,0,38640,34,,1.972e-05,100.0,,,dead
2026-10-07T03:37:15Z,0x1f64955249569cf83bb1cb5b92031119517b7777,0xbbcca95bf7857a27305ba360b63a342322fb0d047aaf6dc9cbf4e4f738c165df,0.34,0.0002719,56797,59270,234,62126,0.0002719,0.0,,,live
2026-10-07T03:37:15Z,0x1fda3afcbe03fcb026c603fdf033d9dbc2bc3814,0x8dff7d4d0c70b67acef6715b3976899c9caf1d71eb4f0167a0a4378353f2f10b,0.1,0.0002892,45410,88915,188,66074,0.0002892,0.0,,,live
2026-10-07T03:37:15Z,0x208d7cbf82f9456b2e274fb1540aca2ea19cd777,0x72d3ccf123120df9010da0094e7fd126adfca72a1d665a99dc2dafc5965a21b7,0.68,9.195e-06,15575,3503,18,9177,9.195e-06,0.0,,,live
2026-10-07T03:37:15Z,0x20fa2b698e5849a14f1a6c7c68a6a64affd161e2,0xb154edc0ec09e631536e721dfdee957ee97aa367d4905814108b7bd45ce7723f,0.74,0.0003051,46808,105176,235,69699,0.0003051,0.0,,,live
2026-10-07T03:37:15Z,0x2156afa4644c4d0adcd6522d7f1f600a594fbd56,0x676f6f2cc729f6fcd967b02a585f15f2bd565600,0.08,1.528e-13,0,15950,62,,1.953e-05,100.0,,,dead
2026-10-07T03:37:15Z,0x216c9aafab802f91ff67fb14bb77cc811c8da840,0x959799319da86e8b82bea41ff3be92119f11c14a311a357a49a39bd0f5998bff,0.38,1.99,19914,2,1,19914,1.99,0.0,,,live
2026-10-07T03:37:15Z,0x2226a8c9ddfcf3d90675220cbfe35807599e1e18,0xd07891b10586e4767f13f1b39f4e130a40740bf79f0d1ffd5aad258ca33600bd,0.17,1.999e-05,19997,3,3,19997,1.999e-05,0.0,,,live
2026-10-07T03:37:15Z,0x224a794031d54e49b46919ade2c55ff255dfdd97,0x3939ce55ec4e0ff8df9aa6469a795c793da06d55,1.16,0.01806,434266,8681245,16804,18069486,0.01903,5.1,,,live
2026-10-07T03:37:15Z,0x22a68ae074150397c42d968ec050cd1ff3501a51,0xb5e9ffb179c2fe9b9bb8737ea0b128b933069770,0.47,0.0005391,377390,7,8,539129,0.0005409,0.3,,,live
2026-10-07T03:37:15Z,0x22eb9f1c5385ed74257da42d8021916c2d837135,0xe85a8f60ad2b0b7e97b745bac661671223100ea6089fe8ff0e93ba7d6894bdea,19.38,3.402e-05,20835,41782,437,34024,0.00471535,99.3,,,live
2026-10-07T03:37:15Z,0x235c6d8072e8e00ca41ade176bf5dbd465386620,0xb02aa37acd879bc6b9bd512ac2e278491db43ad2aba653d6835c280832ee173c,0.71,1.608e-05,11246,13074,139,16087,1.608e-05,0.0,,,live
2026-10-07T03:37:15Z,0x23792e7c82f106d46f9d3edac14d052bd3d57e2f,0xd8a686930b98ef0ea5bf3abf82e29a768310f9fc,0.84,1.528e-05,7617,0,1,7617,1.528e-05,0.0,,,live
2026-10-07T03:37:15Z,0x23a039dbc288aa132c074c74ba4fdd0766637777,0x82e864c6a81b2c2ca695e5a0d6cd5db7ae7250e3bd33d7798aa49e3bba0fb445,0.12,0.0002487,54414,57676,235,56842,0.0002487,0.0,,,live
2026-10-07T03:37:15Z,0x244741379648953cc3f368a896c57a08e929a6b4,0x49801297d66c8549720df26395566ab32265c294,0.47,8.008e-05,6,249367,1787,26693,8.008e-05,0.0,,,dead
2026-10-07T03:37:15Z,0x24ca3b3994ef49480321c453a25473c88a1ad613,0x0e8245fc2feff58074005f4dfbaf6d120e4662b627dce53a41a975214529dcf1,0.55,3.646e-05,26293,29472,120,36465,3.646e-05,0.0,,,live
2026-10-07T03:37:15Z,0x24fb42c7bd15e43a5472677a122fea71f4aac777,0xd0bf9f4fa9d8d482ced73622215c4df2ec45824b38f2ae0a9771d2e414123999,0.43,2.119e-05,23554,44917,166,21154,2.119e-05,0.0,,,live
2026-10-07T03:37:15Z,0x2565b392953916c6957a51f095a7e5dbc8d37777,0xd04884568e9ac61a5a4c24bdd3b99aeaac93bcb0b2ceded6b36427379be6d9ba,0.24,0.0001992,48721,55822,232,45529,0.0001992,0.0,,,live
2026-10-07T03:37:15Z,0x2578666b7f4ba11149027771a420fff0ee12eb35,0x876b35b6207042890f159c96efc6a9b4a6689a6e91070583215bccba771a8acb,0.19,0.0001952,37339,52280,170,44592,0.0001952,0.0,,,live
2026-10-07T03:37:15Z,0x257b59b02f15783173a6642d423e7da8482747d0,0xc0e56138b89dc9f00433acd557b00a2e79be4f484259144391a933d7d645c555,0.15,1.407e-06,57952,3217382,8900,140729,2.388e-06,41.1,,,live
2026-10-07T03:37:15Z,0x2594588bb7039d52137b0925080fad59113bbbbd,0xa772b141dccdd70473bb22ecc9271397825dce2b,0.23,1.523e-05,7592,0,1,7592,1.523e-05,0.0,,,live
2026-10-07T03:37:15Z,0x25e1d362db8596d04b3aa19aace89a8043407777,0xa22dc78cefa17452e55d7b347b853b6c60d7b00e91fbb0cdc3c1969f95afbf08,0.83,0.0002305,52493,51527,222,52679,0.0002305,0.0,,,live
2026-10-07T03:37:15Z,0x270c659da2d785ac6ae8b35b9a460294c9da11fd,0xb9a846feeff4e8d364f66ddc78c2f94b7d4e845ea638b61f74852a6fb6c00cd5,0.83,0.0003758,51906,104949,237,85847,0.0003758,0.0,,,live
2026-10-07T03:37:15Z,0x27559137bb5b9ef4baed7416448a3879ccf2c7e2,0x192ec25647ad3dd47402ea1a49fb0fe0047fa2877f2c99cf37eb4863b8120853,0.38,6.761e-06,6761,0,3,6761,6.763e-06,0.0,,,live
2026-10-07T03:37:15Z,0x2790408d05730e0414060d9f5f365bdd98627777,0xf25c1741ad92dbaff7c6a238d2411c72bae4ee5b311d8a829b19a33a4fe3b6bc,0.15,0.0002523,54783,60313,234,57647,0.0002523,0.0,,,live
2026-10-07T03:37:15Z,0x279c66c59204f3d07c49b81b9c742ea8cd210eed,0x0a1ab4be1d08558351850f4d972927c6d227a36197a47255dae2d49c969e0b63,0.47,6.783e-06,6783,540,3,6783,6.783e-06,0.0,,,live
2026-10-07T03:37:15Z,0x27c014f440890a5c7d62e4f722b25abe72cea535,0x78ab383c2dfc179bcd0ac9099649be91fc66f8a0,0.13,4.146e-13,0,39311,35,,2.884e-05,100.0,,,dead
2026-10-07T03:37:15Z,0x27cc558c914cc4b3f24082579f9f35f8660e61ae,0xe050e61ab8ce3b7ae45024b6afdc05258a6b191c2a64954f2f85a684c62b9625,0.19,2.043e-05,33004,11744,203,20436,2.043e-05,0.0,,,live
2026-10-07T03:37:15Z,0x2822fe73b4ce40400a402f0841cc161aeaf4b05e,0x74b0e0cdf522112b30b93e74d36b60e32186267d2358acb6cbf9cb8ebbf1e87d,0.65,2.749e-05,25989,21696,153,27492,2.749e-05,0.0,,,live
2026-10-07T03:37:15Z,0x2874608eb6c8499cbb8dce5490dead74338a6472,0xad50729d7df727bf57566d44ad04bc3afdf6bc45e4ac1a21c7bd94d6813f697f,1.19,2.413e-06,2414,1,4,2414,0.0006456,99.6,,,live
2026-10-07T03:37:15Z,0x28a3c41b06a8231ea154f1d051ed28f197926183,0xe8c9e9611d1d8e5c70b766a0eec47ba2fbd8fa4e8d4baf92459d1862657fb6e0,0.21,2.598e-06,28990,9774,68,25983,2.598e-06,0.0,,,live
2026-10-07T03:37:15Z,0x2991b3644fe604cb48fb3522c0aa5575e5894ee9,0x6eb0fbd36e6314c12ea26a2c3708e73035565096d0ffd1be5dfd999373247435,1.35,,,,,,,,,,dead
2026-10-07T03:37:15Z,0x2a1dcb384ad4d83ae190d160bcef489f7c469ba3,0x9683ff5d9da4613a58c4e2fab407030b3cce4774963a9853497b39a86db28a91,0.42,1.015e-07,8638,4264,69,10152,1.015e-07,0.0,,,live
2026-10-07T03:37:15Z,0x2a472636bdbe71e95714898a8a1373918b5dc777,0xc59b6fbfe150ecdec63becc5e34389a8f5a3ac037048fe62773860a60f660a9e,0.39,7.939e-06,14431,2237,9,7924,7.939e-06,0.0,,,live
2026-10-07T03:37:15Z,0x2b185417efa24b3fffcf83cdfb83973a8a8cb96b,0x9379a72d90c418800829c4772803247cd7df3e2b03cecb8285ac43c18eeb6a6e,0.12,0.0003169,47563,90354,243,72386,0.0003169,0.0,,,live
2026-10-07T03:37:15Z,0x2b2b21371f55bf698a395984fdaca6379f5fdc91,0xcab75e638043f91228287ff182eb1393575ee698a46f19ad24415d9dd6ec2ebe,0.15,0.0002192,39554,77479,233,50086,0.0002192,0.0,,,live
2026-10-07T03:37:15Z,0x2b71d57c67eccdeea1284b259c322ebf3c674600,0x51435e8d0ebb74b7d0b36cfb1ce8e66f047fa99f6d9a03ef7d684262ae7f04e2,0.27,2.181e-05,27495,19464,203,21818,2.181e-05,0.0,,,live
2026-10-07T03:37:15Z,0x2c48fe4d0e857ea19584c45f662260d7f4588a54,0xeb1d4b1cbee1b3d3848a897549b6197d3926ba0ba0b605386c1dc1d8e9f77206,0.7,0.0001611,105070,2238883,4185,161161,0.0006565,75.5,,,live
2026-10-07T03:37:15Z,0x2c4f66e3892ae1261a0699fb20051fed8749ceff,0xf480b7114047946ddac237a51266ee838f1861e1f4da61106bdd7dccba8cce49,0.21,0.0003689,51318,115155,234,84270,0.0003689,0.0,,,live
2026-10-07T03:37:15Z,0x2c936f73a08a997051216b2009747e30e6df64e1,0x311a9c1fcf6baa9d66c98a9bed6d244747e3cdf793a9937fa34e9670029ec3ef,0.42,7.21e-05,61229,3110651,6124,72106,0.0007331,90.2,,,live
2026-10-07T03:37:15Z,0x2caf693f29504c87b8c90cbe7d6dddf0e1a6e04f,0x78d314cf639c7cf06660815a5bda34cc9a978c01f1f7b28c397635b41530c088,0.83,2.909e-05,16131,204176,2509,28754,0.0001248,76.7,,,live
2026-10-07T03:37:15Z,0x2d183b132d5ebb7caed519d54fdf8057f8f8b07b,0x1e8daa4feb1c7f61bddfef56f4b3986d37597d93153b4a5883dd525c3170e781,0.72,2.952e-05,28199,21089,153,29527,2.952e-05,0.0,,,live
2026-10-07T03:37:15Z,0x2d1bc65e7f04ad6021e21abcba7e7980ae13d2ef,0xa8ccb9f00654ddab1bb44394a4c2e31b71debd56ec651ef741d7e5194c569997,0.38,1.742e-06,16549,5113,67,17430,1.742e-06,0.0,,,live
2026-10-07T03:37:15Z,0x2d79f9c2af3b0c3f34f57963200d002eca49f770,0x58dba9ae28e4d3e1f802c52cf30b3c5ee41c9e75207d124bd2b8c9d7b23d142d,0.32,5.493e-06,5493,19,3,5493,5.493e-06,0.0,,,live
2026-10-07T03:37:15Z,0x2d8feb4191d089d15da87a1ded361498e1ee7777,0x6268c50e9cfcc159abf8ca96cfda94220015193d2920e8de2e2445971171cd68,0.2,0.0001987,48642,50655,203,45420,0.0001987,0.0,,,live
2026-10-07T03:37:15Z,0x2e85b42683d74f358d2b8db45f5c940c0c601933,0x285028c011cf0da504945d8ce568923569edcc5d37e0846c911fb2355bbdc3dc,0.07,0.0002052,38208,68127,170,46877,0.0002052,0.0,,,live
2026-10-07T03:37:15Z,0x2ea345e8dec21daae68eade0421404ca1311c815,0x62e51458ef87ae244e464590d6d0d5b748c9baae09ddbc6fa6cf75e280549282,0.18,0.0002877,45325,79772,240,65715,0.0002877,0.0,,,live
2026-10-07T03:37:15Z,0x2ee329fa10de28aeb41c33b28a31dc2f115b56df,0xdea30ef2163595fc17129e275bd854ebf5e4e3cb,0.07,0.000186,81845,1076589,3561,186060,0.0004804,61.3,,,live
2026-10-07T03:37:15Z,0x2fbd2ce682731f3ef65b7a1770421beabb4fc281,0xabf1dcaf0bd834bb728b7a15d9213ce0794c7f9ac470a00520bf57f828810699,0.27,3.898e-05,644042,17961365,14631,3898699,3.898e-05,0.0,,,live
2026-10-07T03:37:15Z,0x30d498b1ebce596de859246702af21afbc35d335,0x9ec0a6b773db86d48b930acc44fa647cfea0daf63ad8e0702244e65eb08509ab,0.23,2.081e-05,29725,19156,203,20819,2.081e-05,0.0,,,live
2026-10-07T03:37:15Z,0x30e170019e652809296dfe41a7a6f6c3faa8caa8,0xf4d672f7e86fd97575448b862ce7552435438953411cd476b87d78b3dc8535dc,0.83,0.0002653,43581,83193,194,60615,0.0002653,0.0,,,live
2026-10-07T03:37:15Z,0x317b102560c4d40d7dca5a530205c046ed7e7777,0xce3ed83eae495214fdf4bdbf15394c6e249f5448f80a8e7cdd281827a7bc8797,0.3,6.468e-05,27736,1479,6,14780,6.468e-05,0.0,,,live
2026-10-07T03:37:15Z,0x31dd69e8c8679853ee598203b4eb4d22d2dd798c,0xeb53519638bb920c783ca966083de4b8aa8ac7df2f55a782c0c6bc000e1c29e4,0.56,1.85e-05,14149,13354,146,18502,1.85e-05,0.0,,,live
2026-10-07T03:37:15Z,0x32026e20d442005afe1445c29089c84f0d121e18,0x3df570bef9cfc561420bf89419505d9bdb264b46eaa83eae5d215673b236d99f,0.23,2.535e-05,25054,4121,105,25359,2.54e-05,0.2,,,live
2026-10-07T03:37:15Z,0x32471bfdab657568f265332c1bb45612742a1fdd,0xb7d6b970f721ec2913f857c7037bcf56b0a52c473b0981c1e482cb9e20f220e2,0.11,5.37e-05,77764,27467,130,53708,5.37e-05,0.0,,,live
2026-10-07T03:37:15Z,0x3249d9c648787f07b83235bd2dceb4ee71521e18,0x146b1a1c3c519065cff4eb744a1f3ca9766f26db373192ac74f3cc614a805590,0.69,1.999e-05,19994,320,18,19993,1.999e-05,0.0,,,live
2026-10-07T03:37:15Z,0x33065e7152383aa6779bd2d4ac7df19f6daf706c,0x3bc950af401202f5b7e52fc512b1dc3f0d9c016c7f53e0717e548ae81264d71c,0.48,0.0002133,39085,78912,237,48717,0.0002133,0.0,,,live
2026-10-07T03:37:15Z,0x338a004a9817f7ea12b487bc6ef1407ebb522777,0x1bfe9b4431171936628994c37abdd7618de2d00340c87d54cf5b83245323a9ec,0.75,9.839e-06,16063,2394,12,9820,9.839e-06,0.0,,,live
2026-10-07T03:37:15Z,0x345cafd23c27676002d7f614cc6fa57be92eced0,0xd52df6a1383ac17dda54d8008706d906356ddbfa,0.72,1.213e-05,2,1645139,5690,12135,0.0002341,94.8,,,dead
2026-10-07T03:37:15Z,0x349575cfb373d6f629737f8557ea0620ff57f777,0xaf013765b606bf5bc7d49dfe1009f0e4d68f2b5d97e3cb1212d0f2da1c71a1c3,0.64,1.98e-05,22848,48808,165,19765,1.98e-05,0.0,,,live
2026-10-07T03:37:15Z,0x349b20b260a61371e69eb4b5ab421be92d673cbc,0x2cdfa5c0cc45847ba3006e6e1e4ebaa2c1135b3829897cf47445e4354b520fde,0.55,8.947e-06,13207,1733,17,8948,8.947e-06,0.0,,,live
2026-10-07T03:37:15Z,0x34e8fa2192e9b996d41acb44bfa14b35fb767777,0x23a1a6a08ecea8442ffa090e1d93bbd7499832464a9cdda0827a71e8f580d02d,0.85,0.0001926,47896,50149,217,44028,0.0001926,0.0,,,live
2026-10-07T03:37:15Z,0x3501e8ea2c0bc2dcce8d6b1a540336bf252c1e18,0xa29c6c8ead833e22cb4111546b6a19bd0511fc11392828803b85a7454bba6a70,0.38,2.016e-05,20216,27497,516,20168,2.018e-05,0.1,,,live
2026-10-07T03:37:15Z,0x352c4144755c9dab534a212608a720a22366e288,0xf1e9538159d68c9039dd84593b27e1dffe56be7cff6997f5ddef6321394ca8af,0.47,7.054e-05,60310,22603,67,70544,7.054e-05,0.0,,,live
2026-10-07T03:37:15Z,0x359e683a318835abb123761624ece2894f280dad,0x3db78a0b3260b14e6df5b8b3832559a701b0676989ff25eda0da0a8e8075257c,0.3,1.929e-05,31784,12700,204,19294,1.929e-05,0.0,,,live
2026-10-07T03:37:15Z,0x369dfc595d9215ef984f7f521ef09c85adb15ee3,0x46540a2e4b27ff778f8ec6648616660472945fc6,1.73,6.631e-05,44793,775513,3942,66319,0.0002058,67.8,,,live
2026-10-07T03:37:15Z,0x36a946f9ac8f19c5180a82f0b206247591ef2501,0xaa5f6b07817035ec0e2c0fdd30ad012751e686e540e116faefc921dc53e29134,0.44,0.0003849,52402,110798,241,87920,0.0003849,0.0,,,live
2026-10-07T03:37:15Z,0x36c4223d1e397719b8f149fceefc91a825ba6777,0x537bd96e753511a311891d0efcfdc1e545f04ff19dc0ae2be3dec815b134cf0d,0.46,1.396e-05,19132,31522,116,13937,1.396e-05,0.0,,,live
2026-10-07T03:37:15Z,0x36e9a6eb5d7bc01c3c4f3a81947851f1063481c4,0x310382854f532c290369aa9ba17d23c751261898a5c6005faa5e3d45f3e1fd17,0.52,7.458e-07,11746,1249,8,7459,7.458e-07,0.0,,,live
2026-10-07T03:37:15Z,0x36ffb73a2ddf873ae21e93c7dfe8a665c1907777,0xbffe1a087ddc12da642d616715eda541cd1e1eb3fa6f5d12a7b958f62524ef35,1.35,,,,,,,,,,dead
2026-10-07T03:37:15Z,0x37976986e7eaee89b2b4b62d6c800d52fa186c75,0xd12f36a01245553e3d01fc321812a0c577311d4abf6bf621e3dd98819dcf31b1,0.27,8.591e-06,13616,1413,12,8592,8.591e-06,0.0,,,live
2026-10-07T03:37:15Z,0x379cf22d56bc3e8d85b5989f2fe63651c7a2b1ea,0x90bbdec66e68e270e322dad5845597625b7e5c4fe0493d0c66b405725d71ab27,0.55,1.882e-05,12158,12338,135,18827,1.882e-05,0.0,,,live
2026-10-07T03:37:15Z,0x380e2fd262ed1a05ad4b5d7047e0cfd994554777,0x057deb405d82c2c05a8864539fe205234afa1275854f221007bddd4e439a6e2f,0.38,1.97e-05,22719,33595,122,19664,1.97e-05,0.0,,,live
2026-10-07T03:37:15Z,0x381266d7743a24002e8b4536f70eed3fe02bf777,0xe5fd1ba862a81da9c96309ae647cd4f2442da344982daccee8667b9cb3f7af6b,0.83,2.528e-05,25769,56108,197,25237,2.528e-05,0.0,,,live
2026-10-07T03:37:15Z,0x3816407b02572f12411d288a0cf77040f6167ab3,0xb66f95f42735258d61d67acf96aefb2145e8948b4788cf1f97e43d20983a449a,0.77,0.0001625,34189,50328,156,37127,0.0001625,0.0,,,live
2026-10-07T03:37:15Z,0x388c5958f22b02f4583c37bfb39e9219bfe043a6,0x995d69d57165fea517f253ab04b62df4a9449bd9a5b15ddee8c32c08a467aa86,0.7,2.529e-05,11009,12645,138,25296,2.529e-05,0.0,,,live
2026-10-07T03:37:15Z,0x38ab3b35694c6c752415995c8ef17a2b4ae1d32a,0x01b052c567cc02aea38493b8f8d5ea8e4b44505ff8248a67ef68919d3666ec38,0.43,9.932e-05,76526,93428,346,99328,9.932e-05,0.0,,,live
2026-10-07T03:37:15Z,0x3971bb3ccef619b64367840bbf5593afa5cf7777,0xa93cb5f4ed6cc74d3b1d585a0c7029b979ff0cddd218a291734fff6c0b43cb21,0.68,0.0002264,52088,61587,237,51747,0.0002264,0.0,,,live
2026-10-07T03:37:15Z,0x39b1259efe080762518c7d1ba37a11c2fe1a7777,0x97293140cf53bed8f8ba6e52610d07669d9a3972c2a278981c73b13ecb0f9003,0.12,0.0001729,45376,39761,174,39527,0.0001729,0.0,,,live
2026-10-07T03:37:15Z,0x3b9a3c1f040298359bc681e4e714e12bd8760259,0xf225d9209a7d71bf4544ee6a6684be4e0a22e29f,0.77,1.507e-05,7487,1,3,7487,1.507e-05,0.0,,,live
2026-10-07T03:37:15Z,0x3ba500f1ababbcf0f0247d06d1c56fd7e6c4c09d,0xf49ee5b66c4e7163026e5d25e6a1f93cff46dca4d3752f712d181d9392c1d567,28.36,0.002489,135654,530419,4275,2395765,0.0090823,72.6,,,live
2026-10-07T03:37:15Z,0x3c6f2c1ee0c63436e8bc8fd0f95a537202884733,0x9adb9f974af2af3f7bb121b1b7493574155b5faf8a88d668252b0bd6f529a2c4,0.1,0.0002662,43509,75540,241,60809,0.0002662,0.0,,,live
2026-10-07T03:37:15Z,0x3d6c947340219c84ea47af53d33115818a2027c4,0x7118a2bfae139a4d8c37e0db8d611d63b1ed493b,0.86,1.529e-05,7619,0,1,7619,1.529e-05,0.0,,,live
2026-10-07T03:37:15Z,0x3d7b3b42b86f0a5a9ea0b35211b2bf340ad188e7,0x42ecdfb790b258a927ef34d16dea1d7059bf8eef,0.34,1.743e-05,15626,1712011,5501,17435,0.0001549,88.7,,,live
2026-10-07T03:37:15Z,0x3e2a54ca8872c9d86a10c9b97a192ba0ed96cd01,0xb0cc63eb45ee0ac96d34e603f55d9327c4bb8cd4c1fd6e44a5385cca39f419a7,0.21,8.442e-06,13493,1356,13,8443,8.442e-06,0.0,,,live
2026-10-07T03:37:15Z,0x3e6df3615c34a6d0cbcc8dd76fa06fabbfa43c30,0xd418a407d773945b5af1b0c225366053e5664bf674dc53e572ce16d944a18850,0.47,9.947e-05,76511,1197757,2940,99470,9.947e-05,0.0,,,live
2026-10-07T03:37:15Z,0x3e841a4d9f8903b2d1e932d0ec294eab595955fd,0xf37d38ad4c9c24a9a244e95bd40a04c709c4a0e23ef49212e3a7be152e3bc600,0.51,5.697e-05,20267,6115,24,13013,5.697e-05,0.0,,,live
2026-10-07T03:37:15Z,0x3f3d2e0aaa37a8d6913c8ec40e407e01211d8db1,0x6c375b54e764f1b516f46416c0acdd88d893ce38eea3e4e677da4759bb025a0c,0.65,2.95e-05,23349,23284,152,29506,2.95e-05,0.0,,,live
2026-10-07T03:37:15Z,0x3f4548a617556ad77ba6ddc0b23f1e0f1294c822,0xffa05fd9a1b4b5c02a8642c43d3be85cc0149836db069caf3680040f6f54ec53,0.77,1.904e-05,7866,11892,122,19045,1.904e-05,0.0,,,live
2026-10-07T03:37:15Z,0x3fcc31eb367add12320bfbdf97e8a15be8917777,0xcfedcc8e3f615bfe22c1c469c5be6a3ee62a38db4f3ef69898adfdd6ae1d0789,0.75,0.0002341,52840,54580,207,53506,0.0002341,0.0,,,live
2026-10-07T03:37:15Z,0x3fdc3d4271c5f038e4e6b47117cc8da88934ae2f,0x4a8b2f300b6404cfac72f8ec1c83684b184be50063aea90b07902b27d66b1cd5,0.39,7.029e-06,47701,53157,384,70296,7.029e-06,0.0,,,live
2026-10-07T03:37:15Z,0x40d7241826c3f0db2f295797ef99fe6fd0622777,0xdbffed0da714e9bb70a1d2c72cf56a9decd0cb56a89f8ba9615791d6acbd2f9d,0.72,9.762e-06,16038,6637,25,9744,9.762e-06,0.0,,,live
2026-10-07T03:37:15Z,0x416d0c4b431cfa33b4a4974e3dfc9f5089137148,0x81af43b4a865633cd16c9758569cdb5846c54caf,10.24,51.61,112137,32971,163,86092,1308.59,96.1,,,live
2026-10-07T03:37:15Z,0x417f59241229468d99cc37ed75e7c79435066825,0xf00739cb6d58f11c6898a9b4ed78c29bcee9f15f,0.64,1.505e-05,7479,0,1,7479,1.505e-05,0.0,,,live
2026-10-07T03:37:15Z,0x42f904d836624014e10746cf98ec95df93597777,0x0620bbacd66d5eb181f93a66b1b2c3f729966b45018664fc265e1887ecdecdf9,0.33,0.0002019,48967,44353,193,46141,0.0002019,0.0,,,live
2026-10-07T03:37:15Z,0x42ff69794d627340c1a52ce513f261ded9b92a82,0x00e2794663a27edcede12c06e7805ff9cf35acf9,0.76,1.508e-05,7493,0,1,7493,1.508e-05,0.0,,,live
2026-10-07T03:37:15Z,0x434f1b957f069385244628c38498a85db6e75777,0xc638dd0b794ebd6c1938e38d63f7cc2bb48605e1627ae2db53ffd18aba1ed65b,0.85,1.92e-05,22433,22449,83,19170,1.92e-05,0.0,,,live
2026-10-07T03:37:15Z,0x4370d6ad97c715573260db0dfb362b113d3e88d8,0xd586af03ce061c8998ca43804bd4cde610682be45b767a4f6bfd2153de5772e6,0.24,8.319e-06,13395,1306,13,,8.319e-06,0.0,,,live
2026-10-07T03:37:15Z,0x43b6a048f7d29d4b1dff2732fdeba7aa10197777,0xb58ad275b1af94e685331c8200ef4573803c999c545a475764db327b59b8e993,0.69,0.0002287,52343,62270,232,52275,0.0002287,0.0,,,live
2026-10-07T03:37:15Z,0x44137c3c861be51819ea2fe1b7406e815ec8f7c0,0xa141e81dbeb856bfb72a766e0616c8a4faeb2af25f10925ab87e8503d6d1db62,0.47,1.982e-06,18324,5957,77,19828,1.982e-06,0.0,,,live
2026-10-07T03:37:15Z,0x443d685cf26fd79b4116f8883b13dbf184d58c01,0xb8aaad695023fb5fdb30e22b89cd9ba9d5fdc5e89f004798f73937090de55b69,0.22,0.0003402,49276,128149,234,77701,0.0003402,0.0,,,live
2026-10-07T03:37:15Z,0x447ca404eb0d5c34c8506cbe1c48445031aae7f0,0x4e501dc26f568b6c97dd4946a746911e75f4f2ab,0.05,3.067e-05,24540,2,2,30675,3.067e-05,0.0,,,live
2026-10-07T03:37:15Z,0x44bd7f46f71a8c1691f0fbdd5feea5916f4f7bee,0xae2b8300e072aeb64752c2605f9fba0e9df7b43055cef72506a96607a1e07f5f,0.28,1.424e-05,10580,284138,4045,14241,4.603e-05,69.1,,,live
2026-10-07T03:37:15Z,0x44f1a20b91e4f140802db07549f74e1df0ed1e18,0x06fb006f063c99a313d37ad11d31548b71b17b5d71b605b3d1ac11c94d05c784,0.06,1.995e-05,19954,12,3,19953,1.995e-05,0.0,,,live
2026-10-07T03:37:15Z,0x450f1e4b9b6628fa05d88e1557f7b3dc15a23802,0x4d894baa9458686f834762df80a4af8f0422a97e0cdc9d3c8c436c26410f5ebf,0.56,0.0003643,51100,104778,228,83206,0.0003643,0.0,,,live
2026-10-07T03:37:15Z,0x4595c329f3e015b9040dc257420307472dde2777,0xdc6868a0b1c5e48fa0a24847ef0c203478052ee5f3ee68ea0e6ec5646632543b,0.65,2.135e-05,23728,49282,181,21316,2.135e-05,0.0,,,live
2026-10-07T03:37:15Z,0x45d03ac52b8e01d2300366b26b3cf7c724637777,0x793930e827be64961d532ac51e1d88dd793cc71ca46be3588fe86894c30b88b3,0.13,0.0002337,52743,60462,234,53418,0.0002337,0.0,,,live
2026-10-07T03:37:15Z,0x45d629b671a52679e12ec21969be17d5150d45be,0xd7097846e32cc71145cc421540c6d9d6371601261e932e9879bd805ffc792444,0.16,0.000259,43026,77640,194,59171,0.000259,0.0,,,live
2026-10-07T03:37:15Z,0x45e6417752460a4eed68e7493d233cf9c6c47777,0x78ecea9c800cf03e6e1ddcd3470b14c99971c5d8c8798d4d286282576577bb24,0.55,0.0002221,51556,60741,213,50753,0.0002221,0.0,,,live
2026-10-07T03:37:15Z,0x45f8011d44b7080d91744d3080ec3d412841a9e8,0x544fec39ff60c00c149bcf8e60a0bdffc133e7b003bce8768776cf91c8f7b4f5,0.21,0.0002382,41230,84314,235,54413,0.0002382,0.0,,,live
2026-10-07T03:37:15Z,0x465a80137016ecd6354efc9871295245532d1e18,0x2f473487d414d3df0867a1543cf56f30555f6b9d23de46ba4fede2f7b2b252d1,0.48,2.039e-05,20401,7516,156,20392,2.039e-05,0.0,,,live
2026-10-07T03:37:15Z,0x46de719977fa84c0427b484f4a2c34d1c8c1db53,0x7ae85be24c518a14e23e5ccbceae3a08eb2f29b9620e2f84900ccc101d3c471b,0.16,0.0002284,40405,71389,210,52182,0.0002284,0.0,,,live
2026-10-07T03:37:15Z,0x46f2ae12c39e65ec356224869baabc4939c73039,0x6696e5d7225494d673f5588d36d8c0403de782bccc7bbec85131c26d1ac760d0,0.34,0.0003663,51055,104903,218,83667,0.0003663,0.0,,,live
2026-10-07T03:37:15Z,0x4722dc85162b38cbd5fc61d9200286a236448b27,0x0fabd9cd6748129f90775edc7d701e54e5fee6bd,0.76,1.502e-05,7461,0,1,7461,1.502e-05,0.0,,,live
2026-10-07T03:37:15Z,0x47c5c42156d7c1ca62c9efbec7e30645f7917777,0x71c2ae50383a2f23f6c6f2350774000c3b4cde949af21b99976c64fa2917df41,0.1,0.0002432,53736,53179,186,55579,0.0002432,0.0,,,live
2026-10-07T03:37:15Z,0x484549f35b44a89e2f22034bc8b31c02001e8f54,0x6357fba1e464c36433a59452b4025dc98fcaeb2f09f3e8245ce9e9bf1baa93ee,0.84,0.0002563,42805,81772,232,58548,0.0002563,0.0,,,live
2026-10-07T03:37:15Z,0x488a189ec593ef92f1c188242d903cd57e3bb879,0x45bce6c98dfab2cfce603e03296912cadbd2c3b0f1bc030c5cbfe0562cd2af00,0.77,2.41e-06,32365,7245,102,24102,2.41e-06,0.0,,,live
2026-10-07T03:37:15Z,0x48d2f5be04ebf571a8f0f8c492f83593363cfa77,0x64cfcf4e6224daf1be6a99b6d39067d2848a56e9596f493fe83e24c87469f6c1,0.55,0.0002105,38850,59773,185,48095,0.0002105,0.0,,,live
2026-10-07T03:37:15Z,0x497d3dd553dae33a3492d9c35e80d5ffdfba39d7,0x0afbc4782ce084be991e261c54304ec37b7d0f1a7c9892b37d26fa5b5cd6bad5,0.77,1.753e-05,12847,12023,136,17534,1.753e-05,0.0,,,live
2026-10-07T03:37:15Z,0x49eab8438f69d21096dfffc76738e37dc92cb3ae,0xe279b1917c69c8af6d36a8693d0cdf555b4e8ab0997a80519fbca9ddd2278d19,0.68,2.569e-05,15158,133404,1380,25694,5.603e-05,54.1,,,live
2026-10-07T03:37:15Z,0x4a29ae199eafa0d3df80efeb49049df4e455a02d,0xb286db839596ff1a876777a61f3d9d941644a0926bf6a56ae239309e2718a6c9,0.04,3.839e-05,65710,13593,88,38391,3.839e-05,0.0,,,live
2026-10-07T03:37:15Z,0x4a2b02f7591d8515d9cc7129600a92879c873351,0xab85083d2cde4f981042ed6cbe8cc9f5eeecd65d40608cae34fc48b908c1f55f,0.13,0.0002613,43187,78638,235,59693,0.0002613,0.0,,,live
2026-10-07T03:37:15Z,0x4a3ebfdf7f550f5382babb3f16c5e916fe3686e6,0xc1c8f3c2dbf07aceb86e901afac932f3ed316408,0.86,1.529e-05,7617,0,1,7617,1.529e-05,0.0,,,live
2026-10-07T03:37:15Z,0x4ab70de11c4de8ed5a8ec334f1dd4feb44754a7e,0x87b6b187eaa11320919fd45907b2daf6841f6e51,0.09,1.645e-11,0,3577,68,,1.06e-05,100.0,,,dead
2026-10-07T03:37:15Z,0x4b0177b9dc8ebf9145cec2473c69fa936cd97777,0x802d2eac7a5e7f94637d6e34e258ae9e3237627246d766307537650d85acea21,0.77,0.0002205,51417,54354,227,50397,0.0002205,0.0,,,live
2026-10-07T03:37:15Z,0x4b6c9a6ed3182b9d9f6997cd5682e0466f4a10fa,0x7d7d776ee228f2d70729f31ea87d94aa89512fbe,0.39,1.528e-05,7615,0,1,7615,1.528e-05,0.0,,,live
2026-10-07T03:37:15Z,0x4bb8d770d9844a86423cf41d6d3bbfa1b0fb06b9,0xd80afaeaf290e54c0c9aeec0fbe68c7e8af318bd4921ac0baa51dfe69cd5c996,0.45,1.958e-05,490636,14360668,11023,1958700,3.197e-05,38.8,,,live
2026-10-07T03:37:15Z,0x4bd6fdb4975e2e30b1a6dc6334fdf84df6ecc695,0x044c38fd0eb0c4ca4ec89f198cd55b129759d38e9bfe7bcd7733d839fe568262,1.35,,,,,,,,,,dead
2026-10-07T03:37:15Z,0x4c55eaa6923995fdc3ea5e84360989e2a6b07777,0xe922e6b8c5bc636d8c73a56f399b8e9a2a52e7d34136c4276715fadc0b36f136,0.55,8.025e-05,30977,5263,28,18338,8.025e-05,0.0,,,live
2026-10-07T03:37:15Z,0x4e20f76914aefae4f393a150bbaf4f1b7bb19487,0x2bd08044c1781a55c48ba3cf46b3b8303c03734d3064be1924b0179e57320b9b,0.9,1.051e-05,10133,486012,2240,10519,1.051e-05,0.0,,,live
2026-10-07T03:37:15Z,0x4f3866c1956e878d8b5b5d179e75d9cc87a01e18,0x9cf0b3f7b33881926109197c68896a623d9bd8f0f7a6408eee8ebe211ab10ce3,0.39,1.997e-05,19980,1039,27,19978,2.031e-05,1.7,,,live
2026-10-07T03:37:15Z,0x4f397142825bf11aa4593f8d8b6b87981c650a40,0x485d8860f446a504001ad1d745c77f9c9472f8a079c285dfee4f2cbfb635d8bb,0.27,8.589e-06,13614,1413,13,8590,8.589e-06,0.0,,,live
2026-10-07T03:37:15Z,0x4f89947a975d6f20ee031befe2cdffe78e431e18,0xa2e4b4a0712df32d3fa7ff20e751db6ac5c69b198c7ed68c55e06e1ba6f44f5d,0.54,1.989e-05,19904,3301,57,19898,2.321e-05,14.3,,,live
2026-10-07T03:37:15Z,0x4f9eabdd8bd4e712b65aff579f0c4a73d860e5a3,0xbc7c44bd228393a861c752a09ce96b46fa13e81c,0.31,0.000539,404283,5,10,539044,0.000539,0.0,,,live
2026-10-07T03:37:15Z,0x4fab804eb0cdd1f9ff1d2a1b8f79f7c48f1f0a4e,0x49a331d5a471cd892fb449e682fe6d7d352edb2ad172ce068161b63af0f94f89,0.44,2.695e-05,26958,4,5,26958,2.695e-05,0.0,,,live
2026-10-07T03:37:15Z,0x4fd0c5ae025d6fc28eead7aa66019f4dce9aa777,0xa2d302785e819786db1fe7d5642459a217a67ab33dba22d78fc00864b50e0f3a,0.69,2.599e-05,26173,50431,187,25941,2.599e-05,0.0,,,live
2026-10-07T03:37:15Z,0x4ff616eaa3030d46e561fa10bbe3896a4becce2b,0x7316740e8501f8259e534c13e3a80b7a52e5d72e9593ab7f47ef356dad52b241,0.67,0.0002467,42108,80338,238,56347,0.0002467,0.0,,,live
2026-10-07T03:37:15Z,0x5078766edbece3d41a2047d602d8045158c3ca24,0xc5996c58bc07df1f87ac960ee297aaf090d4abde572a37e9e6fa2041f08da03f,0.31,4.886e-05,45614,11595,37,48862,4.886e-05,0.0,,,live
2026-10-07T03:37:15Z,0x50ffa4bc4ec20f36bfc9b00bd9042dfd2c50dbcd,0xbb6da0a26397a7ca07fee69110b0591056b53307d440258c16e7688238cc2b53,0.16,5.586e-06,42526,38825,198,55865,5.586e-06,0.0,,,live
2026-10-07T03:37:15Z,0x5115218dd56267f1171078c3142d781841bd9777,0xb3bf9c9da08d1a7a8741de8b63fd3189f92dbc7b650afc3424c925b5c7134f76,0.65,2.057e-05,23296,37862,126,20539,2.057e-05,0.0,,,live
2026-10-07T03:37:15Z,0x51a10630a73d05dfa0e2f1f60ecf07314389f1b8,0x4683a60a54a83db9541b66082119619e4d73c9c2bffe7aba74d517cbbfca02a3,0.15,6.582e-05,21670,5626,25,15034,6.582e-05,0.0,,,live
2026-10-07T03:37:15Z,0x51a83716f8814876f7a49792b0fc661be88d136a,0xfc0cd0939d9477c305f8b676132166ed1d1f264bdfd808d472ddb6e80f2cb2c1,0.65,0.0002954,46065,86742,241,67468,0.0002954,0.0,,,live
2026-10-07T03:37:15Z,0x520071542b2592db586ba2383c78b724e4438dea,0xab2f04a45e744337454e46038f21a919ef10f5558d6c5014e594d1cce6ae387e,0.24,5.898e-06,47208,72117,258,58982,5.898e-06,0.0,,,live
2026-10-07T03:37:15Z,0x5214702001fb953e5d6c83d4ecee8c4125329525,0x46f985ee6d8422bc62783ee3d86b7ddb1e8605a638e25c5c7d31a562619936cc,0.65,6.941e-06,6982,90391,3173,6942,6.941e-06,0.0,,,live
2026-10-07T03:37:15Z,0x5252f2a413846a9482c536e512e76e7cc2a4947e,0xaec9cc747379319331f6ed771996e6c8a5e489864461ca27a0b331a3165efd8c,0.06,6.609e-06,6623,25560,765,6610,6.609e-06,0.0,,,live
2026-10-07T03:37:15Z,0x52eef33ad69b0483eb41c861fa3705893a547777,0x79e97dd859642474e54645bbf8dd16e286c79fc95dbbd8253afb151503641fe4,0.23,0.000231,52462,48927,201,52796,0.000231,0.0,,,live
2026-10-07T03:37:15Z,0x531140fc4ae9aa04c21b9b9f3bea0e1daaa81111,0x04e43140f31b26f97d05c6cbf0e36d6719bdb9246714cbf2d4c44f5d95d452d5,0.14,6.729e-06,6729,0,4,6729,6.756e-06,0.4,,,live
2026-10-07T03:37:15Z,0x539c1734ddaf2aa2d9574b50a80b7b9910457777,0x55b01ba079b876dc713c915913e6251b178a0e26d05603f367955a274effa121,0.65,0.0002173,51018,55199,230,49652,0.0002173,0.0,,,live
2026-10-07T03:37:15Z,0x53b54e5427f3066555c53a79afe22a2f34e17e51,0xfee7ec37b95f9fc65f5ec1e28e112bccfa30b3f40c3284886a8d234a9166962a,0.69,0.0002594,43190,76933,237,59263,0.0002594,0.0,,,live
2026-10-07T03:37:15Z,0x53ccac6ae1dedb73b1afcfdde40112e73547e2ab,0x5d9f53b5d005c5c61513f944845de39e8fc1c1df8cf542fd76668a4e5baba5b5,0.22,2.253e-05,32742,17016,203,22535,2.253e-05,0.0,,,live
2026-10-07T03:37:15Z,0x541f025b601a3fdd09b46002951752b2f0824ab9,0xcdda410dd453e3e06a79f50c32531fcf0f42409d,0.67,1.506e-05,7483,0,1,7483,1.506e-05,0.0,,,live
2026-10-07T03:37:15Z,0x541f65c8241ce0d9186fba040359ff6f6be91777,0x0447515e5c43b620d1ff479038189f574884d7e8d1f45a0aba409b41e12f7445,0.42,1.674e-05,20943,16314,57,16714,1.674e-05,0.0,,,live
2026-10-07T03:37:15Z,0x5454677f5ccb5aea4cdcbcff56e2e736641a9d8a,0xc9e5e385b08e9056d4a31fbf16c5f2f22cc8b181,0.78,1.511e-05,7507,2,3,7507,1.511e-05,0.0,,,live
2026-10-07T03:37:15Z,0x551ba4f7f09dca8b355f45328703560435fb2082,0x7e54be5a17d7ef4d3941acf20cc21ed34051b38d2315043ad98998d58640d89e,0.1,6.421e-05,21397,6313,18,14666,6.421e-05,0.0,,,live
2026-10-07T03:37:15Z,0x561e71f679b719eadd682021d234bfd7d7a87777,0x95548ecbe76644552873b9c7a4a87260917ba868b578a557e03ec2eec355f0ad,0.22,0.0001116,36472,18149,79,25518,0.0001116,0.0,,,live
2026-10-07T03:37:15Z,0x564dc3969d36e591aca589452b4435435cc6420d,0x8633f701ab7b4c7032224ec8e1fc94a8c9bef5d88ec7a6f2f42293ead0f42a97,0.44,0.0002103,38733,67995,224,48034,0.0002103,0.0,,,live
2026-10-07T03:37:15Z,0x588acbd368c770289a2440f06aa0ca8902d0cb39,0x2e49949cad3678a8e12ebd25c23ca3443754e175,0.22,1.525e-05,7600,1,2,7600,1.525e-05,0.0,,,live
2026-10-07T03:37:15Z,0x58917699c4bd0a5e7139349c4af5d1147a4c7777,0x5e7e8d7e45a1863bcf5e13415da0b0272fa662af5a2ca497043a8969aa0fce4d,0.51,0.0002149,50751,61568,232,49120,0.0002149,0.0,,,live
2026-10-07T03:37:15Z,0x594da1a58ce93eef708943f91b85d8ca5f979b71,0x89595e168fa31442b1ba85e7e509ecf06d842666636f52cf6c05ce670f31479d,0.39,5.965e-06,11352,276,4,5966,5.965e-06,0.0,,,live
2026-10-07T03:37:15Z,0x59a8774d9961e08cd8ee0b71375a3790ebee29bf,0x64987c257f70c31495d3821887524a0d62ce4d52dd04f8026a5de8d449912140,0.33,8.028e-06,13144,1201,27,8028,8.028e-06,0.0,,,live
2026-10-07T03:37:15Z,0x59e5c96280cb49e302bf1b36a63de44992b71e18,0x67a04ce8b3c3064c8a205a042fbdd2a9773012a9c70f40ea078b20971e7e4591,0.44,2.002e-05,20041,6051,180,20021,2.005e-05,0.1,,,live
2026-10-07T03:37:15Z,0x5a698bf581402c023056648713bc0bb4951c1e18,0xc330fac9d83509fbcbfcdc6256e18b51b1c08baa3d4c670b8ea1ed58b9ca092b,0.26,1.998e-05,19985,4,6,19985,2e-05,0.1,,,live
2026-10-07T03:37:15Z,0x5aff0cb92f7243a83ec5945be4724f7fadc3cb4b,0xc78164f9f0221ff97622f8d1da7836f2556a287d1df1723b6a60eac2a3718309,0.3,4.979e-05,18843,4125,14,11373,4.979e-05,0.0,,,live
2026-10-07T03:37:15Z,0x5b63033690a1b82b55c10595cb6e20c2e24fe68f,0xe34be522edc412a84e2a8440a9b7b2e7ef169bce3d95d2c1d41de28137ffe932,0.38,5.779e-05,20315,10505,31,13201,5.779e-05,0.0,,,live
2026-10-07T03:37:15Z,0x5b793eb1c4aa4cb61231442890041ecd2b05f40b,0x008193f3b52eacc53aa01f1293a9fa6571ae92f8,0.63,0.0008414,757312,1,2,841458,0.0008414,0.0,,,live
2026-10-07T03:37:15Z,0x5b81efe5e0ba2b31c0ed843b908a2c45fe6e14c5,0x3416b8d8aa6ae642ffdc2f65165ff479d4bd3007,28.44,0.001647,259338,2698094,2154,1022763,0.0622874,97.4,,,live
2026-10-07T03:37:15Z,0x5b98827c6c0bd88ab4922c49d32b5844e12cbec3,0xcc3a11d15e7e884c43d6b147a029a571114e42a5890c22d5bfcb7855c2544a90,1.08,2.453e-06,94821,35882,112,245382,2.453e-06,0.0,,,live
2026-10-07T03:37:15Z,0x5bb8ffe269f1b7260f6e4a572171c0a929f27777,0x6a288097fa11733d8ffb5a21027fdcef7bad57b1cd3adbb479727f7762bfa94c,0.64,1.037e-05,16540,4705,18,10359,1.037e-05,0.0,,,live
2026-10-07T03:37:15Z,0x5bd7810e59aa1c3062ed1c5d002ca42750b9a9f0,0xf3fa383754ea8c023109b128e53b36ae52666a163b74a40d6cbe87c91e2f587b,0.86,0.0001345,86129,319213,888,134535,0.0001345,0.0,,,live
2026-10-07T03:37:15Z,0x5be571dd3994e74cd6f8afe29e26056475f87777,0x67bff4fcc5105c184fa132d6bbd351de6975f73cda75179076ab362d43bce7b6,0.1,7.014e-05,28876,2113,8,16026,7.014e-05,0.0,,,live
2026-10-07T03:37:15Z,0x5c58f630161c33609dfd719bb390d3886ad99402,0x84216f06a4a5c896e482b669f5accccc8c6586bcec901e8d955b0bdd74d71e46,0.68,6.316e-05,909950,13539509,10449,6316908,8.695e-05,27.4,,,live
2026-10-07T03:37:15Z,0x5caa8fdfda42aa534e936cc86aed641add72abb5,0xfd6adbc8206649d227c576850064112fe8270f30228e18c1dddca6a7e43f54ba,0.73,6.029e-06,41780,49624,221,60293,6.029e-06,0.0,,,live
2026-10-07T03:37:15Z,0x5d6870827e2ddf64ffd71f88625cac8e63397777,0xd88aa7b75128557e8fe523ff117235bbe6df71dbea2438a888faa931922bfa1d,0.05,0.0002151,49856,60142,211,49154,0.0002151,0.0,,,live
2026-10-07T03:37:15Z,0x5d7bdfb98a709b54d8557e4bc574cbe43baa4c71,0x4d25ba0ff0eced0f9c827620d05d29185dd6d96ae4031356f5aaa904c00a949e,0.64,3.858e-05,23489,26435,155,38586,3.858e-05,0.0,,,live
2026-10-07T03:37:15Z,0x5d7dfa223cd3f506b95228fa9414610b029b7777,0xc1a44b063fc2d4f213629683ff52386dcf661f92ace1ca8e64dc2faf5f3bf73f,0.17,0.0002457,54072,61078,235,56148,0.0002457,0.0,,,live
2026-10-07T03:37:15Z,0x5e1ada2bd442b51c5bac21f5cd08d117e7b0b72f,0x0a02aa89fc9c4282e9ae1b07d87d88df40c5739cf11855b7e2dd62a2db11415d,0.18,2.255e-05,29065,19062,198,22555,2.255e-05,0.0,,,live
2026-10-07T03:37:15Z,0x5e80f6b392fdaba03755d0e7b9580af213417777,0x13e6ba721e26b13a25974daaca4abbb56f3c525683ba37ad3c86b676a6f378d8,0.76,0.0002534,54998,58113,218,57912,0.0002534,0.0,,,live
2026-10-07T03:37:15Z,0x5eeeb94a43b72a40166c84c9454ae75f97793929,0xc1f6bb4d10247bd605479ad661b45a54ba872ee2496a6752aa5a6cfecbf94499,0.23,0.0002707,43958,77150,237,61835,0.0002707,0.0,,,live
2026-10-07T03:37:15Z,0x5f0b1aca1fe9a2adc871e390a6e77eb45276d57b,0xb21edf51fd02733f9c620774ac066a153e77d52ac55be6a9bdcba183a914d6a8,0.11,6.768e-06,6430,8,1,6768,6.768e-06,0.0,,,live
2026-10-07T03:37:15Z,0x5f521b97284e0da55dcc3babbe0ecd9e36c44539,0x8162b0e937d68ae42673ad454144554d2b80f42b,0.79,1.516e-05,7534,259,42,7532,1.747e-05,13.2,,,live
2026-10-07T03:37:15Z,0x5f74b9b6d5b0468caf7c486142fbeed39c2346ff,0x0d61394b815fb8ea4ca8a38b383a828534e2f105b56a8717b6eaefc2ef0fd38b,0.98,1.38e-07,13802,3294275,6843,13804,1.505e-06,90.8,,,live
2026-10-07T03:37:15Z,0x6065a2cf11506cb4b730b0ae71a8ef2dd7a2f3d0,0xb2ff3bbd2631aabb81ac6d3ae8d19f1249e40ab66ec85f209af578edbb08e0c7,0.38,0.0002879,45330,81992,216,65769,0.0002879,0.0,,,live
2026-10-07T03:37:15Z,0x60a510f19e68581f9fb69a34c27be619b32417a1,0x7781e5b8356ae4a618ff79c7bd25d4a6ae4ea0ad1dbc20fa778f24b3cd10389e,0.71,0.0003649,51215,112273,230,83356,0.0003649,0.0,,,live
2026-10-07T03:37:15Z,0x60a864c5ed1fc97e8fb712fbb60c69265d3f22ad,0x5f87b02dd4f953f70d960cd25b8420a5c8eb79649689db57d92918a19b3a472c,0.63,0.0001494,32728,53064,154,34135,0.0001494,0.0,,,live
2026-10-07T03:37:15Z,0x60c23c70205481e26b10b98c9cd56e233ed01e18,0xb378dc58784dbef50162fe21a5353fd97373e30d7a8f340e0afa0fb7f912b783,0.11,2.002e-05,20024,4657,44,20021,2.002e-05,0.0,,,live
2026-10-07T03:37:15Z,0x60c928dd6ed590d6cd2dcf4f72818f5d0b7f43c6,0x0f909ff597636116169e3f9fdf3104b980cd9c2061b208ee87c247a5fc75a5e7,0.43,0.0003901,52769,109962,237,89107,0.0003901,0.0,,,live
2026-10-07T03:37:15Z,0x61db6b8f1f825038e49af5a34c89a5f9178d3777,0xaf8c8dc51fd5f7042e87c3bf03a7ff3d20f612b7f0995427345e0eaef6b86b09,0.78,2.026e-05,23117,26008,107,20226,2.026e-05,0.0,,,live
2026-10-07T03:37:15Z,0x6268be432127125e504377f37dbaa64502ed1c16,0x33d9caa839557f13a191b7c8dfcd564f77c3c3cc45348f2781480105a6cb61bd,0.32,2.069e-05,30225,13341,153,20698,2.069e-05,0.0,,,live
2026-10-07T03:37:15Z,0x62af20934fa020340cc55b365e0ce59f9ce4ce5e,0xa9da181ec55b03c77a7daa393a16a41e9d6f02d07c3c1f3b6f3dc252065cd80f,0.34,1.047e-05,10476,40,3,10476,1.048e-05,0.1,,,live
2026-10-07T03:37:15Z,0x632698d6b8c488d843e246116ba0c1d97c953fc4,0x2c833b7ebdf179e9d720394d955a0d45f6e3f3bdb0fbd1de8fde4c17a438dee9,0.42,0.0003849,52423,121733,236,87913,0.0003849,0.0,,,live
2026-10-07T03:37:15Z,0x632785a59838e422d0808d7c7f6a696b8b38c224,0xdd51b1465fde077d3348c876b139fbec7c7c09b62821454d4f6535d69c05f92d,0.11,6.805e-06,6819,31445,995,6806,6.805e-06,0.0,,,live
2026-10-07T03:37:15Z,0x6338256e2359534e4f43ed112281a336a9a59131,0x87efe9a5a25bb8bbdbde9d383e427d8028445a3e4ddddba893fd6029a5ff143c,0.27,2.306e-05,32266,17693,203,23070,2.306e-05,0.0,,,live
2026-10-07T03:37:15Z,0x63c12667638f2ae6fc6ae09b43d98ec84a8586ea,0x0d023852c8ca6599d25446b8f78c61c17105e26af5c9761607e26326e78f5f2c,15.17,1171.44,374324,30339,262,7502312,2791.43,58.0,,,live
2026-10-07T03:37:15Z,0x643885b85fdaa3a45e8824c7f2ad609f842e7777,0xce8239c200bab21ba60c4966fcf915441f69f80df6a1772712c9364d74958ba2,0.69,0.0002519,54954,58944,237,57566,0.0002519,0.0,,,live
2026-10-07T03:37:15Z,0x647d83033a46a6084b910a195fc8f5d5012f7777,0xfe56e8bf45cc23ded7e1433cb647e8022a63394b94a647f202d59dda7d8be05e,0.72,0.0002254,51956,55552,231,51518,0.0002254,0.0,,,live
2026-10-07T03:37:15Z,0x64af9d0314964bee5b38d3b1a2cb0cb6f06e1300,0xf31080e6ece24a98b5aef734b49d8f930215f5eedc7e5da7cf6867edaf2db9dd,0.72,0.0001177,79408,323693,900,117785,0.0001711,31.2,,,live
2026-10-07T03:37:15Z,0x64fc1c62b9d6cebead4b52369eac04434744a777,0x161cfd4b6952937de504eee345afa2b67e4bf1201c8a32b4ecbc9127c6eb8817,0.51,1.805e-05,21843,56666,197,18015,1.805e-05,0.0,,,live
2026-10-07T03:37:15Z,0x651b4dfd3d722f4216d6c0d8e1c19ed8244d1a77,0xc36864eea68a4d00e0ba2231648a7bcd2280b47aad4e059a38d147a381892f5a,0.56,6.413e-05,37550,32514,131,64133,6.413e-05,0.0,,,live
2026-10-07T03:37:15Z,0x651cfc072d75c9c08da96cf9200b6d4b01ffd891,0xc769d44929b01fd02dbddd444f4f9cccb8a69aa086a2be63ac21c3c0831b284e,0.31,5.981e-06,41471,57034,235,59814,6.342e-06,5.7,,,live
2026-10-07T03:37:15Z,0x657b19aeb2c375a3d02774bc1d962150a65b0802,0x4cef1fc818b048ee7667a5f548725319a50d39186b47e0022cf0226bb17b5bb2,0.24,0.0002914,45611,81741,236,66571,0.0002914,0.0,,,live
2026-10-07T03:37:15Z,0x65816d49e23dc0bf3edc851284f44e75a802988a,0x54b6506e4a3447ed3b7ef078659db6691d11a33df1f6b12ad19ef060fa012248,0.71,0.0001058,80085,37907,119,105898,0.0001058,0.0,,,live
2026-10-07T03:37:15Z,0x664cccdd08bd624b6e139ae07e934a2fa700e19c,0x1abea97d99ac183f9c213eb99fbaddaadd81a7703ee4d414c4d57756629b849d,0.47,7.515e-05,63131,21436,65,75158,7.515e-05,0.0,,,live
2026-10-07T03:37:15Z,0x66866391561c3317b6116a999be462d8f8e31e18,0x96f3e8b546f2f5eb8ba09bdbf2ddb81317c6e8a2336032bac39ac7c02f960c8a,0.54,1.999e-05,19999,802,12,19997,1.999e-05,0.0,,,live
2026-10-07T03:37:15Z,0x66b6ae3291eaba0fad94bafa9e4e6dae417ea38b,0x6eb5145684812ac152906824918cb533bf29754e72bb0b84781025b8cbbe4468,0.72,0.0002346,41044,73449,235,53583,0.0002346,0.0,,,live
2026-10-07T03:37:15Z,0x66b765bd304f92cf59587d457b69c42d0b19d094,0x95ede91bfb0526f26517aeb146e74e544a0c33ab675b992f3452bdcbfcdc3fed,0.64,0.0003849,52542,111918,234,87921,0.0003849,0.0,,,live
2026-10-07T03:37:15Z,0x66d0e6ca05cf15b827dbb39e68c75241f59c26c5,0xd84a73d0d55a537e8cbf38cc61344ec803861ecebc8f3241aa56a392518715b1,0.65,0.000271,44137,80686,236,61913,0.000271,0.0,,,live
2026-10-07T03:37:15Z,0x67891ad66ed758e54dcbe527a095e5e49e5d1e18,0x7da394e476c16b7af7782ff52c1d3d425c4f1495c92c6326696515b41ace0d05,0.39,2.004e-05,20051,2148,18,20050,2.004e-05,0.0,,,live
2026-10-07T03:37:15Z,0x67c51c928d5d8383f3a58fc591a4e6f6463949ed,0x77d31f9362c1c9cbe18d091dabe7568ed8316fd27d2469ea11e41cbc9d3912c0,24.75,0.0002508,25093150,6506753,355,105539490,0.00026885,6.7,,,live
2026-10-07T03:37:15Z,0x68bb06d2ebee1247d828527cdfe67f033c6cb31d,0x4492fe4622595df725fb05f389bb209dcc913bf053bcf1f5314f66446a6260a8,1.3,5.955e-10,6,77,26,60,1.582e-05,100.0,,,dead
2026-10-07T03:37:15Z,0x68daa3fa6038c6077834fd34bbf5215ce689de0e,0x49db93474ddff4730e90af3ca8e184caf68c5edf7ac8d8d09f3876aa57daf179,0.55,5.003e-06,5004,3,1,5004,5.003e-06,0.0,,,live
2026-10-07T03:37:15Z,0x6903e7fe9cca2c0a2b6f2620e2a94087d99e644c,0x180f22e05223d85c61bc077f268e30686cc874071dcaf674591b5e766da19566,0.23,8.455e-06,13510,1358,12,8455,8.455e-06,0.0,,,live
2026-10-07T03:37:15Z,0x69742d7f44f55db4e395c9f5cc5e00a37a6a29e7,0xbfddb253abdd9d1077ccb531b23f5f7706e8c5eac7d621728ccb46c1aecb4327,0.07,6.606e-06,6619,21704,513,6606,6.606e-06,0.0,,,live
2026-10-07T03:37:15Z,0x6993abe44914616fdef356fd8c4ad93008a17777,0x8e34fb15a2a388e4304084011733629b77b6ffe4412d499b7fd7abfb531f8772,0.21,0.0001979,48523,53464,197,45218,0.0001979,0.0,,,live
2026-10-07T03:37:15Z,0x6998d13d21e1ddf31d063c3bfe8ac755317e1777,0xa2cb2c80b43fcc035325848e962b8d87d2e9470b8b8396bce450e0fe7dea3176,0.48,2.039e-05,23154,43008,168,20359,2.039e-05,0.0,,,live
2026-10-07T03:37:15Z,0x69f045c79e398b78a8310e21ef5bc287ed3d47d0,0x899e5f516c9442df1325564ce3cd99a73551295779316b6165fe285496822519,0.15,8.717e-06,8829,110689,1455,8717,2.532e-05,65.6,,,live
2026-10-07T03:37:15Z,0x69f3b17c2b95cc77dfd0203e43b7210af9d20577,0xe40b5077e346e08e19a053a440f6960841f3e3c6f69ba3c9d0032ed86e172be5,0.27,0.0002152,125432,218994,424,215273,0.0002152,0.0,,,live
2026-10-07T03:37:15Z,0x6a6a57d1e94eb586c5b505a1c81434bda3d6ed97,0x104b7921a26f5b6f63068475ff20634c46f8df8a0eda01b04ac5696e4ba849f3,6.58,0.01381,1385058,873415,114,13814684,0.0223196,38.1,5,False,live
2026-10-07T03:37:15Z,0x6ab0a6d438e272891fe56c1f157d1d9ab0174b78,0x6dc83f822335da093911cc5c6718b5b9f24ce7ea2ddc1df04c97cf0029c8394c,0.34,5.881e-06,47055,69756,261,58815,6.947e-06,15.3,,,live
2026-10-07T03:37:15Z,0x6b10d79800d9e0326ac14030e91df1c8304cfa88,0x8a845c1d53db187579c7d2a910be6ad2356033f8bbbe25f1c7d07e7207dd7e26,0.08,0.0001415,31745,44634,119,32333,0.0001415,0.0,,,live
2026-10-07T03:37:15Z,0x6b8e39d7e0d2fc96d2d02996439eb085bbe98a07,0x535da74e87d816f28d2934cb9bbd0dd546287d4c,0.74,1.502e-05,7463,0,1,7463,1.502e-05,0.0,,,live
2026-10-07T03:37:15Z,0x6b9a62eb5575dedb8338b6b2e931fa56f56fc912,0x1e0f5f38ac025d23f05d146edbf10f0ee3a335fbbeb91c4fa7f5417caad92cd1,0.86,4.993e-05,18882,3039,14,11405,4.993e-05,0.0,,,live
2026-10-07T03:37:15Z,0x6c3804b25ae4c265b8a48572ad0c469464313201,0x6140a59c424d06c5fde8e740ef233f5dd40d6179f03140fd209f0b32ca054032,0.17,0.0002716,44028,101628,235,62043,0.0002716,0.0,,,live
2026-10-07T03:37:15Z,0x6c9e27893d2861c507107abd2c8a64080e1a9d88,0x485793011d8911515e5318a325561430ea632e14cfa7ef22d4e99d1403778570,0.07,6.632e-06,6659,57552,1700,6632,6.632e-06,0.0,,,live
2026-10-07T03:37:15Z,0x6cd826f8020aef4a43e8233850a4d6e216127777,0x49c559757f2631641f4e092669b07103387779404323683a03c89cae960c4e5d,0.18,9.151e-05,33014,10380,48,20909,9.151e-05,0.0,,,live
2026-10-07T03:37:15Z,0x6d21e58868667d89042305e30479be7a72e118aa,0xc2d696995cd791d09bf4069f38cdb7860320dc501738ca1f5d7d8a41987e6fab,0.68,6.791e-06,6805,19244,22,6792,6.937e-06,2.1,,,live
2026-10-07T03:37:15Z,0x6d45624cd0c3df83de6c623cb591ef082bbd1e18,0x2b7170a381fed35e3c137ce38e580412a5d205fadd54884ffc1ed48879122f9d,0.85,2.252e-05,22438,1336,12,22520,2.252e-05,0.0,,,live
2026-10-07T03:37:15Z,0x6d7536c4ac0e3283502048c95d695ae9fdf435ee,0x4d033a66fd9599ff9a3b3f5ac35ad9b30258a4841995941161aa18ed1e69493f,0.31,0.0003132,47256,103286,234,71538,0.0003132,0.0,,,live
2026-10-07T03:37:15Z,0x6dae6f1a9f5b9918dd845db8feb7cb90ed62b865,0xdb93845b33b0c98cb47f88119fa42ee8c2eb1f3f2fc73714a35748212e1f7538,0.15,6.081e-06,47936,56334,230,60813,6.081e-06,0.0,,,live
2026-10-07T03:37:15Z,0x6e6901a7059d4ea055c791833af12bed602e410f,0x831c08844e90653c4c01cb495c1feef8de420a6b47190f122a2a6588b0a1e048,0.32,0.00109,6949,0,1,8176,0.00109,0.0,,,live
2026-10-07T03:37:15Z,0x6e6c012e69a02a7650469f153226db1f0f1291ff,0xfacc1e76b7e0ce6b6130d394513308a56e309a2e8a0c546cca6eb9994be1c2f1,0.51,6.812e-06,6826,16509,336,6813,6.872e-06,0.9,,,live
2026-10-07T03:37:15Z,0x6e73fda18bc1e07eb58602f334e686da73950d82,0x0cc035e559ea66cb63f9555020944df580c9c3d273f40fd366138255525dbf70,0.77,6.205e-06,48466,71724,238,62056,6.205e-06,0.0,,,live
2026-10-07T03:37:15Z,0x6ec68ffdf1c33c307d0ce8c96be445c21ec5c43c,0x2406114d9dda05990f2ffd1c0a366d8ea738d1f6ced1293c387afb5de85a7692,0.31,0.0002857,45136,81084,235,65265,0.0002857,0.0,,,live
2026-10-07T03:37:15Z,0x6f260eaab6b43cc9a73e0cf0bab9725ab69d3eff,0xe5ae0ef17c063d84a4973871fcd9ad85e4999e796ce321374a45304b5cc36a88,0.24,0.0002624,43298,83771,234,59932,0.0002624,0.0,,,live
2026-10-07T03:37:15Z,0x6f289f5d9adc13ab5865bc4570cbcfe5622eeeaa,0x856e305cc422ad24aea4f4b1c092d0221fb05d6400ed6d070bef1dbd0459a9bd,0.47,6.035e-06,6036,9474,52,6036,6.044e-06,0.1,,,live
2026-10-07T03:37:15Z,0x6f7b39d0aee70086cf4c507f6670594fa792f67a,0x561c42093da5372720c7eee2676db88f5ed4426a,0.86,1.535e-05,7647,3,4,7647,1.535e-05,0.0,,,live
2026-10-07T03:37:15Z,0x6fc413272f15f1e0e44eab05d859b1f06710cb5d,0x8d0cb30bc496091912245d2aaf9e56d9a706ed2f1ae28971bea4672aadd0c516,0.44,4.257e-05,40794,8396,27,42572,4.257e-05,0.0,,,live
2026-10-07T03:37:15Z,0x70324a45e9e962a68a70c31d929675062b89675f,0x93efc2899e13113a7662c6e85ffcac39683f5ae572afe982c042d2202855993f,0.74,2.524e-05,26239,20952,155,25246,2.524e-05,0.0,,,live
2026-10-07T03:37:15Z,0x710035c46693ab4f754fefff265f3ccc63e91f88,0xa936290bfbda00ee4dc115af52a6b73f11dfd309e3795f6c7ce7af1c759c8c4a,0.75,0.0002402,41469,96027,215,54861,0.0002402,0.0,,,live
2026-10-07T03:37:15Z,0x717d38587504b79e2e888c860bd1569c0d5984af,0x8da021f34c2f2a95696c4fd842b0cd0cc4e18468,0.46,0.01789,432798,17052604,21344,17896009,0.01924,7.0,,,live
2026-10-07T03:37:15Z,0x72d2ef895ea952125e835525db3583156cb36a1a,0x343fb3ab34b0598dae18edfbafd85d052ef8263532810387d749d849e3e44b0e,0.27,2.207e-06,26732,11663,231,22079,2.207e-06,0.0,,,live
2026-10-07T03:37:15Z,0x72e57b36a14c02d2d6e93e39e5174af715f4a5ec,0xffe93c0b20c5ad5d98677541a5982bbd0cf916cb8c41778f390f59666fb7496d,0.69,1.847e-05,14148,13037,141,18476,1.847e-05,0.0,,,live
2026-10-07T03:37:15Z,0x72f4fe4a96d342fa24e12feccf2dff0d9d00fee1,0x731ee67a05821aa44f9427884070c6d66916c43235c443ea2789ac3ff1aeab0d,0.83,1.032e-05,10322,1516,18,10322,1.032e-05,0.0,,,live
2026-10-07T03:37:15Z,0x735b0784d55e73976c27cbb554d3a03785eee244,0x63bea50df3d2a28892ee7e0fcbe3137f8edb7c24d41f3b5b5044cc451d6f9586,0.75,0.0001349,86471,319697,883,134945,0.0001349,0.0,,,live
2026-10-07T03:37:15Z,0x739b686273871a77f0fb112302207c3ebbcdf5cb,0xf37bf4481834b152396c81fb477a9710408505451ecb925155a7f5652c9ed5aa,0.22,8.5e-06,13198,1480,15,8501,8.5e-06,0.0,,,live
2026-10-07T03:37:15Z,0x73bb58645bd8a90cd876f7be184b2004c2b76e4b,0x67185e2fa38cb22dcecbdf2bc4961f25ac69f8a7,0.64,9.033e-06,8837,1731,8,9034,9.033e-06,0.0,,,live
2026-10-07T03:37:15Z,0x73f93d479cf9cee1066331f3ffdcb49dc35f8898,0x738cf46fd2b002cecd6dbcef70b46a5f59ebe6d1,0.55,1.507e-05,7488,0,1,7488,1.507e-05,0.0,,,live
2026-10-07T03:37:15Z,0x7464dc3a1b09eb7fccb3a06e5fb696e19e937f66,0x60a9b871c82c83a601829d62ddb97fac2df12aa1c50bd1462249510288218547,0.31,5.439e-05,33828,135306,348,54396,5.439e-05,0.0,,,live
2026-10-07T03:37:15Z,0x74df0f85c15ebb689a3c190b5e61e4757e7f2e64,0x081f206ec3ca66a1c84625809d37d9fc20adc107c45e48b658c1467a3480e264,0.63,1.015e-05,10418,4480,30,10154,1.015e-05,0.0,,,live
2026-10-07T03:37:15Z,0x759dcd823a61ce086acd52d2777e3463bbddd777,0x6c2ac053d70e4f824d204bfd2cde10b24017a3f4acab2c59f6de647eb37d873b,0.75,2.21e-05,24096,47689,172,22058,2.21e-05,0.0,,,live
2026-10-07T03:37:15Z,0x75ac4c2d1e3c4120cec6a3a281c1d6f8bdfac85c,0xeb9524a943ed159cd466cc7233ab36a605720a6b1026e9743828a3b45fa31846,0.2,0.0003477,49820,113353,211,79423,0.0003477,0.0,,,live
2026-10-07T03:37:15Z,0x76004f749f5a73d364855f71640d5940d5190475,0x39e533a86d783405d3e1d2f85e9d09720e2e07aec037196a9baee4bbac988e55,0.33,2.089e-05,28764,14463,145,20890,2.089e-05,0.0,,,live
2026-10-07T03:37:15Z,0x7628fbefaead7bb63c3b6fef72572a3c0a32f777,0x328c88ad4383871b817254835c8f58d56cff47f3c2e3d0a3bab120d5fca8e1c2,0.43,2.6e-05,26090,51483,184,25953,2.6e-05,0.0,,,live
2026-10-07T03:37:15Z,0x765a6c0f077c60705d2cf7637e06e1d2243c7782,0xb603af66095810932fa2ab81a77512b5b4d9d676920f1d4b9fb05861301a4b88,0.06,9.254e-06,7818,18058,254,9255,2.206e-05,58.1,,,live
2026-10-07T03:37:15Z,0x767f89ae183d7e670e516a3a3bfda171f46b24bb,0xdfb031019b97c227364f9bf5106be20e913ac4f80bd1191990e0b8771c792eec,0.44,8.913e-06,13152,1725,13,8913,8.913e-06,0.0,,,live
2026-10-07T03:37:15Z,0x767fd7a419afcc288ca5c0454ac5fccb9f7aabec,0xea04003724994eafc903d55f2314c6d1a616d6b89cf1118983718de6937378ee,0.56,7.558e-05,93854,48130,212,75584,7.558e-05,0.0,,,live
2026-10-07T03:37:15Z,0x7696ad598c5c1e003439cecea13dc740cc53ba0c,0x9903036bb7bf1412c7abed4d61aad4d262540629e084cd815b27e790e9c31087,0.07,4.456e-06,27865,61944,1105,44570,4.456e-06,0.0,,,live
2026-10-07T03:37:15Z,0x772a93b6cd5519e48d487cf18083c59ff68bacf8,0x8cead83c1b2fa55decdbb9d99d66e24e091446532558d87a4545f5a5e6993b46,0.14,0.0001627,63566,317080,834,162729,0.0001627,0.0,,,live
2026-10-07T03:37:15Z,0x7771a0e1d9b41c59db31d3e10e0c6ebf4cdcab57,0x9df51916ce0f672de2686431944fc25b904d2ff6,0.68,1.504e-05,7472,0,1,7472,1.504e-05,0.0,,,live
2026-10-07T03:37:15Z,0x77963dbf1143e409cceafef1fd05107b5f72926c,0xf00a226bb79b0d186564304c02e4393260c3fd226ff73d0b330af91a75dad168,0.19,3.862e-06,182831,8863834,7196,386240,8.402e-06,54.0,,,live
2026-10-07T03:37:15Z,0x77d3a72ca565961c0405c112f91c551613788aa7,0xce54be01d46171903f39c081afeced0a724fe3b11d806bc77348e4719314197f,1.38,7.728e-08,0,0,2,7729,1.029e-05,99.2,,,dead
2026-10-07T03:37:15Z,0x78736d25fb85de6b0bc5835f597f6fee9915d3b6,0xa447511e72964b387b39bf48e27afb2773ecece38484e4f2109f9396885afd8e,0.65,2.713e-05,23879,53,3,27135,2.713e-05,0.0,,,live
2026-10-07T03:37:15Z,0x78988e6d2f10bd553ce326cae6c7d87599b48777,0x19f546210de9e12b3a1da0352dfe9978185abf23018e85251a3eb4348e383068,0.75,1.412e-05,19249,11849,47,14094,1.412e-05,0.0,,,live
2026-10-07T03:37:15Z,0x79261e13be414114f7ee1bdafd383bc85f5af777,0x45bdfe8949eba2d48e88d69a037e3b597775ff39c27194a2b24b3c1b577e8d61,0.73,2.569e-05,26004,50014,183,25645,2.569e-05,0.0,,,live
2026-10-07T03:37:15Z,0x7954eb42b33fde472efe3a9ae88bec085cae1ce5,0x0eb8cf06c36e8173fcd837d0fed8e58044b2e0a907a7ad2d545c4acdebfe2e7f,0.06,0.0003327,47960,118693,233,76001,0.0003327,0.0,,,live
2026-10-07T03:37:15Z,0x79a74fd91f8e1c4ab8e76253dec5c91f3094393f,0xc76cc63b4adceab331d583db9d0a4eb33e70064101e7ce9effd1aa16f65b27d6,29.02,0.001264,101599,59079,157,1264062,0.00239848,47.3,,,live
2026-10-07T03:37:15Z,0x79af52734ffec44dfbabf9ac1ae7caacc64aa777,0x682c7fc35a9c1bc3bc01b2f36de24e6d023afc7720e1e6f3005a0b67c0cae2ea,0.67,1.887e-05,22310,50213,181,18833,1.887e-05,0.0,,,live
2026-10-07T03:37:15Z,0x79bd2829a3decfd8f553d9e69b625bfe9dae4e55,0x85c6befabb2d0a0253e524d5355534366937dc12205dfb633a627c7f213bbf4b,0.42,2.694e-05,27935,18546,153,26942,2.694e-05,0.0,,,live
2026-10-07T03:37:15Z,0x7a88880a0d64315dfeb042d96a9039fcf3be973a,0xeba85c612d43cbfa7f487296d261b06f4ba45a89bd74da738e0ee57221d8922d,0.74,2.464e-05,27323,19099,146,24645,2.464e-05,0.0,,,live
2026-10-07T03:37:15Z,0x7a9869e37efc00d05509db71d3abe980b72d05e3,0x11ed58bfa755ae18606258c654b9e382f6b4344b,0.65,1.508e-05,7492,1,2,7492,1.508e-05,0.0,,,live
2026-10-07T03:37:15Z,0x7b0ec66ac0926a26ae011790db7200fe434c9777,0xf758d5f93ee30c3da466332c8b74fd728b41a05f057509801527f34b801e6b96,0.39,2.128e-05,23630,45789,162,21246,2.128e-05,0.0,,,live
2026-10-07T03:37:15Z,0x7b22173ea7761f38f106605c885db439cef5f901,0x16fbd74633d3e835470c7c662923a005485972d73b73c9fc1c2b54f23b74a0b8,0.32,1.027e-05,10279,4,2,10279,1.056e-05,2.7,,,live
2026-10-07T03:37:15Z,0x7b93d180c4808e59871c4c5a4f57853f666a62d3,0xb013336af149c25a2e5756b7ef21645967f34d23f83d11eb5bfcbbca44d0690d,0.47,6.4e-05,11758,474,5,6401,6.4e-05,0.0,,,live
2026-10-07T03:37:15Z,0x7bbf2bb25a9192424f8451720bc7841f8ca6da5b,0x41beeda1c90270b74904ec6db94d5270efcfe61e86de531b92eb2ec7525d2572,0.55,8.376e-05,98722,45003,221,1379,8.376e-05,0.0,,,live
2026-10-07T03:37:15Z,0x7ca459b2eb74873245d741bc8eec366194dfc39b,0x472d8589ade3e2c7256c4caede5a7eac4147b882cedc409144e19a323082d2b1,0.42,0.0001784,35693,47887,170,40755,0.0001784,0.0,,,live
2026-10-07T03:37:15Z,0x7d00f2d4d0226f26d59a1ed22e6abda1388b9746,0x3d452a0026ec5c5dd9b17577af25e49f70e4479760757e5c5994583961200ed7,0.46,0.0002426,41632,77008,232,55419,0.0002426,0.0,,,live
2026-10-07T03:37:15Z,0x7d02c6af403ce844982ba2dec84cf98001941e18,0xbc60da35aa23da0404217bb5a57f990015128623d47a9f583055c36269e5d093,0.12,1.998e-05,20020,1305,12,19990,1.998e-05,0.0,,,live
2026-10-07T03:37:15Z,0x7d265a52af142fec10ac3fd256d2c93a2de485cc,0xe9ac50c4bf35bf2b0f40a6d74e697e56dd21554e9ec0fa570b2bea78093c90c7,0.38,7.568e-05,46309,1651589,5874,75687,0.0001964,61.5,,,live
2026-10-07T03:37:15Z,0x7d5ea57c25761164c5dfba8ae62933182eed14ab,0xedec8637b52ed952ec0ea62952f7f44a176572c7,0.78,1.508e-05,7491,0,1,7491,1.508e-05,0.0,,,live
2026-10-07T03:37:15Z,0x7d670a499a3635a126586c2c38d52e34839e0777,0x6baa564b8211fb6554084cc8f6efa27201fd0a7540a0aea8b8c5f2e80a275ca9,0.86,1.73e-05,21292,36800,145,17271,1.73e-05,0.0,,,live
2026-10-07T03:37:15Z,0x7d9c7df39a2fdca5c835f6b079893296c484d68f,0x7362187db8d0e9b2779a1b9771aec5a53ea6c048,0.15,1.522e-05,7586,41,31,7586,1.522e-05,0.0,,,live
2026-10-07T03:37:15Z,0x7de0ad42a1733d1cd82e76d5804031daa26f1111,0xf8dceba530bf52d97756f27d802ef78dc7500798b5a69a8e7d86ac5a5f66d897,0.13,1.343e-05,13434,1,13,13434,1.346e-05,0.2,,,live
2026-10-07T03:37:15Z,0x7dfa7cf6d53a40d8da4071a0d530879efd2d73dd,0x21dc0f0e261fee4cdd99331c3e1e9c15def45c483aae1374bf12c4cbbca7d10c,0.32,1.938e-05,31220,10878,153,19385,1.938e-05,0.0,,,live
2026-10-07T03:37:15Z,0x7e4f054db90de25094c273955fc5fd83218a0759,0xb2944bf9abf97c2fc94b18bb0cc243c4346c1fc7a12d07ac2edde6c26ac3a18d,0.44,2.091e-05,15001,12813,143,20915,2.091e-05,0.0,,,live
2026-10-07T03:37:15Z,0x7ee2eea5e14aed893127b358a4ea1a7c345aa997,0xebe044be83e69a48e86cc7d1bbeb902affead7f120985a4c6ad20778e7f00b6f,0.05,0.0003762,51060,109647,232,85927,0.0003762,0.0,,,live
2026-10-07T03:37:15Z,0x7ef27087c6917a2067009efa56b08e6f32750777,0x1f86e9555fb2d941cedc5be7b6b3ac8a63ed99e4337d060948da812166f4aabd,0.56,1.122e-05,17189,5549,24,11200,1.122e-05,0.0,,,live
2026-10-07T03:37:15Z,0x7f4935072162e40a890683b6fd132493befe5e55,0xc2e5114223b181b3dd08bf62831bc9d6872d650a,0.69,5.382e-06,5382,2,2,5382,5.382e-06,0.0,,,live
2026-10-07T03:37:15Z,0x7fcad384a828a71151e1df134fec4f5d776e7777,0xd9087438ff0aaa1ab33c32f2ad71a764e2c0c0c2459899ee901c3e10202efb9d,0.84,0.0002169,50814,57068,219,49561,0.0002169,0.0,,,live
2026-10-07T03:37:15Z,0x7ff9a0e632a71e923f57b063c2f73cdeaa7f5e00,0xac4d17a60b13b8e2b804b512d157080b92d1321cbeb7aaba5ae7c52351a97a05,0.22,2.124e-05,29359,19298,201,21242,2.124e-05,0.0,,,live
2026-10-07T03:37:15Z,0x7ffcb99eb81f93185c1b4f987ca02cc4d607c019,0x0232e680f47509ca71677cb889ac62128e785fa12eb590641efa1dbf6fe779d5,0.27,0.0004334,189234,1222196,2723,433486,0.0004334,0.0,,,live
2026-10-07T03:37:15Z,0x8017b3d4e1a2e3701608e4f8708845d550464777,0x1f4a34feefbf7ed0a29c31f1f906185a6f9da088719fb322ce2df1be494bb2da,0.59,2.621e-05,26309,45394,181,26161,2.621e-05,0.0,,,live
2026-10-07T03:37:15Z,0x8028602097231194d1e455c274eecc8fe1e29110,0x12b7e5745d1ef2c6e0fe424fcc8fd2559d76b63e82a6e25ec4858f688c600a73,1.04,3.614e-06,163566,3116072,3506,361451,3.614e-06,0.0,,,live
2026-10-07T03:37:15Z,0x80877fe12ede96f807422d5d4ee4f4c47cebc8ff,0x26dd43b1be6b08ee36562e6c3ed807bb4b6f526f12413a693c788116e151eeb6,4.59,0.0005867,62250,144651,614,575041,0.00133453,56.0,6,True,live
2026-10-07T03:37:15Z,0x80bd7cbd3ced6832bba1b923cc8c3bdf1a2613df,0x33223387753886a16625708dd95decb043840fee4bb4766dd51c9c77235fbfa7,0.51,0.0003451,49803,103797,216,78839,0.0003451,0.0,,,live
2026-10-07T03:37:15Z,0x81182b35fa7ebf0c890a69516985a1dccaba84e8,0xe33245fb730ddd2a8a7db7ebb5164f35425a873f1e4cbd7fa7ce053f73d0b917,0.67,0.0003921,53090,100831,231,89568,0.0003921,0.0,,,live
2026-10-07T03:37:15Z,0x813bf3041eaee9dd762d24c76f43bef8f06cba5a,0x6aa0003fe8c0bfd0fbc54535f110bca1c34aa474e9e01405fe735ccaa43eb04f,0.74,2.291e-06,20623,6,4,22914,2.291e-06,0.0,,,live
2026-10-07T03:37:15Z,0x823fd02e50ef118ba7399b3b77d6c5ffb49611e1,0x2965a3a7cba6e249adc208f5f26c4a90834d6f4dc3cfa0f7e7be2152bfb2f8ce,0.57,2.769e-05,27689,2155692,4169,27693,2.769e-05,0.0,,,live
2026-10-07T03:37:15Z,0x828ecb134a45b9a5eefb55d7155c58c045a0007f,0xcdf281c2a061661e1f6d76d2239e76a1173b3f7f,0.64,0.0005393,404536,1,20,539381,0.0005445,1.0,,,live
2026-10-07T03:37:15Z,0x82a2ac8bbf17e62c005ffb0b3e644aebffd7f91e,0xf3b128f0b84c53026948cd1c17208df074844f4b,0.15,1.525e-05,7602,1,2,7602,1.525e-05,0.0,,,live
2026-10-07T03:37:15Z,0x82babce8b3bc03b418e15e799e49837e66727777,0x1aa8a944d379def9f72833584768d36fc1786225fcddf57539f6f8516f6ad7e6,0.47,0.0002094,50005,46098,171,47845,0.0002094,0.0,,,live
2026-10-07T03:37:15Z,0x835f780ae03950a130a990502d45eb4232591e18,0x56f83f04f3cc8277c2a4284196c2a9c6a02d29e60056071a76633e70345b055e,0.34,2.08e-05,20802,326,6,20806,2.08e-05,0.0,,,live
2026-10-07T03:37:15Z,0x83930cdd7545d38aec908a16d3f2451a57fd8e01,0x05e696b6d9813ce76a43a34c4a09c32f5bb92441e25a5321854581f3b800bd68,0.56,1.896e-05,9525,11916,134,18969,1.896e-05,0.0,,,live
2026-10-07T03:37:15Z,0x83ce5d8c20f11122f0254ec975bfc4c30bb39c26,0xa74a39f25726afa5c37f7e16152a60e5e083f01329a93ae7eb56ab19f8b704ab,1.35,,,,,,,,,,dead
2026-10-07T03:37:15Z,0x843279873513f28a7a0e51177424372c365b3af9,0x602ebd710dd44dc52f9bea6e98698e830164dbb6b3a38cd2a137892185138ab8,0.39,1.019e-05,16847,4447,39,10190,1.019e-05,0.0,,,live
2026-10-07T03:37:15Z,0x84436ac6cf535333135aed17b863c9d6de41d5d5,0xd27a643a651b657abfd924dbc478641e89973ba1fb136d3b097c19da53603029,0.64,1.457e-05,12677,8353,60,14573,1.457e-05,0.0,,,live
2026-10-07T03:37:15Z,0x8474b542820f76b090bf58592febbc622a7200b2,0xe69ff1aa3b12ffd951e54ec81223510d8865f799248e51f93c37c639e9be4f3a,0.75,5.194e-05,21554,215988,2883,50188,0.0001045,50.3,,,live
2026-10-07T03:37:15Z,0x849691386101c3033a9312a3d6ba764744cabe54,0x705cf4f21ff3f9a8a41ee220fb596bc9eec7efef61e7af47b86c5f8710b04340,0.19,3.851e-06,31385,30969,139,38516,3.851e-06,0.0,,,live
2026-10-07T03:37:15Z,0x849d4a5706dbf4736abcf546760d9488a2ca0a38,0x5df46085736c567d278c81810640591e707d25251ae082afb4073cd3ab70fe74,0.71,0.0002989,46348,88509,241,68268,0.0002989,0.0,,,live
2026-10-07T03:37:15Z,0x868351364ae855591ad796c1ae326cfca2b27777,0xbd17e7ab491a55b280f16492371437ed434a2d7a43ba6b15c6f6e9c6645ecf6a,0.1,0.0001476,41896,36011,148,33746,0.0001476,0.0,,,live
2026-10-07T03:37:15Z,0x86919c152560af83ce3f1e9edaf7dc97e3a67777,0x7cb3e76eff2547515b975b852bc67e449fdc546cfae30dbd4dbef20b2dc3509e,0.74,0.0002119,50372,59311,234,48429,0.0002119,0.0,,,live
2026-10-07T03:37:15Z,0x86aa7c550735cc9db4099b7e029e709a2a46aba6,0xc6a8b94a9d908c5ec4c6faec12f95f2ca93396c7fb8f3f1e9ecb635bc551870d,0.78,1.94e-05,11082,12594,146,19405,1.94e-05,0.0,,,live
2026-10-07T03:37:15Z,0x870938606c5d3d3dff241cf7216eca876a53bd98,0x0a232078d1f771d308735ae57f8378c6fe179cc795e447b645828de9103ca267,0.43,6.773e-06,6773,6074,41,6773,6.793e-06,0.3,,,live
2026-10-07T03:37:15Z,0x8718e9f4738688354ce75cd3c94eef505e6c2f2f,0x9ac966d66efcee15f5eef3a80fe5c8219c047726,0.74,1.501e-05,7459,0,1,7459,1.501e-05,0.0,,,live
2026-10-07T03:37:15Z,0x8760ca3e45fb39badd63d18596f3ec617adde777,0x1c01c6c080cc29a68efe7228cb0822035e2002f5ae0b06490e56a0b3e5d164c9,0.68,2.23e-05,24250,39194,147,22261,2.23e-05,0.0,,,live
2026-10-07T03:37:15Z,0x87b64cde4b02abc090b4316eca2b2557ea4b5777,0xe4f312029c31cbf37a9a82079f9056e71abd306d4626f5e0845bcfc8dfcf53cd,0.55,1.536e-05,20102,26915,102,15334,1.536e-05,0.0,,,live
2026-10-07T03:37:15Z,0x87bf944111469af74b6c1586bf8d61a7d0796078,0x426b3a509f1401eedc65d552c07afb54aee560d86efbffa63861a21975e506e3,0.11,1.933e-05,30295,1682,1,19340,1.933e-05,0.0,,,live
2026-10-07T03:37:15Z,0x87da75731ea5558df55dd452ad295c3989c587bf,0x01d3bb063f923c7769f7f5480adf6f7382f7c2c37b87a696dd1e5f8fdbfbd0ca,0.71,1.373e-07,13731,2606066,4844,13732,4.031e-06,96.6,,,live
2026-10-07T03:37:15Z,0x881876674fcb92cf8e515bf20bbc8f2b1eb55f65,0x714a46afb4164acaf58399ce9d5504f81c724fea8ba2f1f78a7f9cdd9619058c,0.75,5.511e-06,36120,56554,366,55117,5.511e-06,0.0,,,live
2026-10-07T03:37:15Z,0x8839f412892b702a35bc85f6b854a02af26c5aac,0x478c89e1d6e379f49f322de5f18275e30b5c28a6dff3090b22753dccba7ea47f,0.72,1.111e-05,11119,371,10,11119,1.111e-05,0.0,,,live
2026-10-07T03:37:15Z,0x88a72492a87aeedf0e07ef9e535833e34c3c81a6,0xddaf61ca6892d037a1b5f50577ddd658fdff30951aaa4b6a830af52d0b4db99a,0.06,0.0001518,32403,47804,196,34692,0.0001518,0.0,,,live
2026-10-07T03:37:15Z,0x8901d5c5a4ceb0e21e6ad331f0d44e4521f3d145,0xdc1fee45120eb4a1bc77f980e0a97e99a06621d4014292e91573891a356253cc,0.42,2.758e-05,27586,318,5,27589,2.758e-05,0.0,,,live
2026-10-07T03:37:15Z,0x897d151787ca84994ac8df68500f17e587794796,0x6e7fdabe9b3ddbe1d6e2b3585163fe56662edd2255a71151dd2d02ff87fc495f,1.17,0.0002069,43020,386212,3615,200750,0.0002069,0.0,,,live
2026-10-07T03:37:15Z,0x89b76dcdda801f2e456765742c64950eb2a0c93c,0x8f6f9a474cbaa1b6b7cab7efa61073f08cc0dc9768214f65fa66a158208fd115,1.34,5.869e-05,22914,108219,1297,57714,6.796e-05,13.6,,,live
2026-10-07T03:37:15Z,0x8b27dc33184e906f34d3497be9e378813fb07777,0x39fec93fadb43486399adb769060ea09e0df7da14604036abae40fc7b8ecb573,0.08,0.0002214,51182,60380,239,50598,0.0002214,0.0,,,live
2026-10-07T03:37:15Z,0x8b39ae74e2a69b8433c388890152a116b51aeeaa,0x16f42d571a0caa1dba95792da5c6b13c1662656fe9854656be7a360e50b0c8be,0.63,8.635e-06,8401,14061,106,8636,1.01e-05,14.5,,,live
2026-10-07T03:37:15Z,0x8b7924fe528fb87a58ded8a7e20e472cb9931e18,0xfd6ad81564825b19674076ae85482ef0c9ce364b4c90aaaabbd6d282a3139c61,0.52,2.004e-05,20064,12064,228,20041,2.55e-05,21.4,,,live
2026-10-07T03:37:15Z,0x8bb0e299f400ad378a441f50a9cd517eac9aab89,0xf096ed29d185d5b260ddbc2e610b8d8c7ea848ce56e9f35a9859ad7da3d51213,0.74,0.0002865,45329,109806,235,65436,0.0002865,0.0,,,live
2026-10-07T03:37:15Z,0x8c15cef4306c8ad1fd09af2c8b2733e8ac4c7777,0xf99863e072c7f5699c95112e354f8c4a76167a589118849b76876289d49cc3ef,0.35,0.0002278,51953,55877,233,52066,0.0002278,0.0,,,live
2026-10-07T03:37:15Z,0x8cf50e8b56295d626e203bce643b7c725dbc59cb,0x1015b06e62785a0bea5749251cf8b999035974053b2ce118ffbe10a693f0476b,0.86,0.0002357,41014,72869,223,53837,0.0002357,0.0,,,live
2026-10-07T03:37:15Z,0x8d34c1ce5263c0a31054ef9f62df200d9ab01e18,0x41755ee0418293db7b6d817e9ba571395e3ba240b9870d850b59687c256834fd,0.47,2.001e-05,20022,6464,111,20011,2.001e-05,0.0,,,live
2026-10-07T03:37:15Z,0x8d6fcc7d0608f6cba7eefce7214748dc1b4ac280,0x465806b68ed4ab9f39cd9e1e2e701b0dee662da1e2170aaf29e4a8c5f562f1d1,0.47,5.274e-05,6847,1200,9,5274,5.274e-05,0.0,,,live
2026-10-07T03:37:15Z,0x8e2de9f7124ffdd77ecce839f13ab263788608d8,0xb5e17012d5f343da37d669cdef3fca713d61dbdad29c9d658813f61081b0ba35,0.77,1.395e-05,20048,5619,48,13956,1.395e-05,0.0,,,live
2026-10-07T03:37:15Z,0x8e41fd25e85e624560fa50ff9f117a02cd30b8b3,0x7608c38ea8cc2082b043e886185979942cdeb58e,2.51,3.219e-06,4022,9243540,15812,3220,0.0452,100.0,3,False,live
2026-10-07T03:37:15Z,0x8e7bc8ed0519f39b48d0c414f4951bb9f8e293eb,0x953e3d39bc3e699734c43c19e317a16cbe2c4c1fc6a061b35e169e40787b8423,0.26,0.0002867,45237,94997,237,65482,0.0002867,0.0,,,live
2026-10-07T03:37:15Z,0x8e988e8644653bad588bb36b1d6e308661ab1d16,0xef8b4eafbab22f2e5dab0de88f31d47c914bab3b235f9b4f4229422e8d9f8ca9,0.65,0.0003472,49953,105689,215,79304,0.0003472,0.0,,,live
2026-10-07T03:37:15Z,0x8ea6b2ac3df8facdb1260a70ad81608dcd482ecc,0xb8e73c8d4ec4718fe0b89c8959af72639ccff41a6a0a7d3579612b6643e17a92,0.86,3.773e-06,3773,30674,5741,3774,8.619e-05,95.6,,,live
2026-10-07T03:37:15Z,0x8eb0542315d70db044a3f3168a1632bad98f1e18,0x50f9cdcc5c4c8d833506b71d1b12742a357443ed2c5b29c31d8779c5328191e8,0.32,1.999e-05,20000,223,5,20000,1.999e-05,0.0,,,live
2026-10-07T03:37:15Z,0x8ed195239296091375527c6b28f580016017cf06,0x3d8eec279434b4e25496c84675179e02b171622b1c74b03bfabde34ab779e921,0.31,2.853e-06,165463,1401592,1131,285393,3.993e-06,28.5,,,live
2026-10-07T03:37:15Z,0x8f4ea867641de02cd2853cdbabe7d3c3bbcaaba3,0x5bdd4dcd356eb9e7fd6d3429c45da9321f52a975eb4c5444a5c85599334857ec,0.43,1.088e-07,9310,3993,65,10882,1.786e-07,39.1,,,live
2026-10-07T03:37:15Z,0x905a33bf1a9d98dbbb63c65d97567fa5deeb3aaa,0xf8f3b16b0996446d9f49ef4640c8aedaa3e90145,0.08,1.868e-05,14004,5151,14,18683,1.868e-05,0.0,,,live
2026-10-07T03:37:15Z,0x9114696846b9b548c545daa0f2efd80883e1ad74,0x8939a5ec8ce9decfaa4b2d2f1f34e50bdcceaa3b,0.78,1.507e-05,7487,0,1,7487,1.507e-05,0.0,,,live
2026-10-07T03:37:15Z,0x91a2dae9699f0b82540b5886b0d8759c22820ba3,0x40a433930370f6cdf0a78debc2c6dd599c23bd428c0d67dd8b5373e4f101557f,20.91,2.928e-05,624064,85943,767,2927923,0.000473364,93.8,,,live
2026-10-07T03:37:15Z,0x91a558990a451023816ba89602827ccb181fcf68,0x32e4a434b48cadf4a50e565ac54d363a068ab1493d59e6343d27a59d075a1465,0.46,0.0003002,46312,97189,226,68579,0.0003002,0.0,,,live
2026-10-07T03:37:15Z,0x91eb1df23465146ca8fb70b4bb29c8a4cc487777,0x9efbb14aef08ed3ee390e4b7f5cc84f96218eb99df7b0a38cce4fc71af71fa52,0.74,0.0001889,47549,43080,176,43176,0.0001889,0.0,,,live
2026-10-07T03:37:15Z,0x922769f00b2118080767a2d4adfc17625c35b2f8,0xc0169cd22be3d3ed40da0934cd1fb7559490a90d1a184bbd800c8992b2cd58f3,0.73,0.0002816,44971,86484,241,64332,0.0002816,0.0,,,live
2026-10-07T03:37:15Z,0x92a432ce36f24975477a6fa6d2eb027d03637777,0xde24a9084c5386e2848480c8b2a54f2332a03a8c96fd9bebb261cb17f006086e,0.55,9.965e-05,34510,14772,56,22769,9.965e-05,0.0,,,live
2026-10-07T03:37:15Z,0x92b024b4367658889bc693d09ec6a1bf20c37777,0x9038e239190737cf8318513276074b73438ed66867ccad681ef5759575335541,0.14,0.0002801,57729,71743,236,64016,0.0002801,0.0,,,live
2026-10-07T03:37:15Z,0x92c59798951cf8141dfc32d0b5ab78f91a3a62be,0x842c0bd5182772c9cba752e3df78e3f0a340102a273d233abc1727fa061d5af7,1.35,,,,,,,,,,dead
2026-10-07T03:37:15Z,0x92d16d88406ca4a1ba7c61a94f803509075a90ca,0x57dc3d47ac6177bf251917e4894e32285d6d1abb,0.76,1.502e-05,7461,0,1,7461,1.502e-05,0.0,,,live
2026-10-07T03:37:15Z,0x933c1fc5e1c2265f268f70cb9b4489d7086cbb43,0x688f11f1b06313879b7a6192a64314978d11245df9ff74083231feb2c0d79412,0.27,2.073e-05,32012,14755,201,20734,2.073e-05,0.0,,,live
2026-10-07T03:37:15Z,0x934ddeb83bcffb07e02bcf6c5149ece06dcea233,0x9ddf5b5659a98c6554ccb867f705df7ed239442b,0.68,1.505e-05,7479,0,1,7479,1.505e-05,0.0,,,live
2026-10-07T03:37:15Z,0x937a0f626658c66524f425d3cd21d5d1ae397777,0xd7d9d3733a7b6ac5393e95e3fcb858fbee307e1ff7e9f643ade677e3cc45e645,0.83,0.0002303,52470,61390,218,52641,0.0002303,0.0,,,live
2026-10-07T03:37:15Z,0x939f4b0fc22b249922ab460eb0247950b61b4ac8,0x9963480b60959de7c0db2cebf04d18ab7ce431b3,0.76,1.502e-05,7461,0,1,7461,1.502e-05,0.0,,,live
2026-10-07T03:37:15Z,0x9401d439c9b8f4351980b80d5d4d5001bb0d6f85,0x949b8cafa5439d2fc310b6ce054ac25df5929f2ff1c565fb5263c1d07a1d417e,0.68,8.353e-06,8353,81,2,8353,8.353e-06,0.0,,,live
2026-10-07T03:37:15Z,0x940aa571e776138a82cbc9dadb6a3f05eb1c4a5c,0x48cb1a329ed902563335921b60340eeb908d60fb,0.86,1.572e-05,7832,519,177,7831,1.613e-05,2.5,,,live
2026-10-07T03:37:15Z,0x9443000afa2d7da13a7c9bceda459718107efca8,0x711053be087a527d15a73ca6959236ce131127c9598b3d881848b8c2fda05769,0.44,4.272e-05,40917,14198,89,42720,4.272e-05,0.0,,,live
2026-10-07T03:37:15Z,0x945d79af542b6eb80f495e2d1455d01af37cbc94,0x80314991d8f50f5abbd8af09841255d6d17d6bd09009d3121a7222c4a77a2527,0.17,1.966e-05,32467,11918,203,19664,1.966e-05,0.0,,,live
2026-10-07T03:37:15Z,0x94cf8f132b0aedd5b37091bc5ecc65a66d31d6c3,0xd0370cd2e42f4657a91d5b9023dbd9e6f15e67aaae38302bae2079a8e812c981,0.14,0.0003443,49561,135822,236,78637,0.0003443,0.0,,,live
2026-10-07T03:37:15Z,0x9515dbc2c3bff8279ba602c1fd677eac90699497,0xa5a36f9f7b1ee5ab093c9f0bef2fab4a195f7d20,0.32,1.52e-05,7579,0,1,7579,1.52e-05,0.0,,,live
2026-10-07T03:37:15Z,0x95e51cb8f5c656c48bd49093586ff8b34d3448f1,0xe85603bc04a6526fb7c2e68c6f8ba84f381e66d5394f98782069afe6e9a6f727,0.32,0.0002484,42079,84099,236,56737,0.0002484,0.0,,,live
2026-10-07T03:37:15Z,0x96a1c0b7a9db6a1aceeaa483dbcc89d16ca8bda1,0x40ad9dade4b48e8562cf3c0d16c8c9461e2c6a9e014ecef6a93ce2dfe4cc2883,0.82,8.084e-06,267347,9865519,10842,808496,2.304e-05,64.9,,,live
2026-10-07T03:37:15Z,0x96e29a56a108df5d75611efa39e7b8890c552d66,0xa6c929132f28ad9d9f60ad6ccf65f15c30670c8e84cb4e90f9d7ca9f8a0a3c20,0.21,2.165e-05,32490,14647,203,21657,2.165e-05,0.0,,,live
2026-10-07T03:37:15Z,0x9744a8cbc089d6804dacab37ca009eeb2ff7e777,0xb3135d6b2e089a862369bd2101fa04b977aebfa4d26b62b421f11bf4c3b50d9c,0.55,2.669e-05,26503,46359,174,26643,2.669e-05,0.0,,,live
2026-10-07T03:37:15Z,0x9773907ecc02d30ef9a0c4484b79ab688754f7a4,0x9a8bcddacf8ca033d2a0567a7363294408fcd9e68cd3ddbdd491260870bb48f0,0.74,0.0003714,51640,101447,243,84831,0.0003714,0.0,,,live
2026-10-07T03:37:15Z,0x97808a158327a127c54ff6ff7aef4d7b5e2f7777,0x7ad87cb8a74c450b86bc0773bbe243c897665ff55aaa5277aee2cd2c9056bbfb,0.18,0.0002485,54395,61916,236,56787,0.0002485,0.0,,,live
2026-10-07T03:37:15Z,0x978449b99a23ed4b7e41fa6c2ba7c4f41e71a8d0,0xaa2d1ca68553ddae9eaa13c9e9d4d92dcde93214d1906da0f1a74cf67ea95287,0.75,0.0002528,42548,79331,223,57755,0.0002528,0.0,,,live
2026-10-07T03:37:15Z,0x97c9c237234afd82109d0c8e14255fc4275b8f79,0xec6fd702a3d6a31816f85dd72d18810e16a9d3cb,0.78,1.508e-05,7490,2,3,7490,1.508e-05,0.0,,,live
2026-10-07T03:37:15Z,0x98fb615f0733075ccf6826bb8c08193399572a31,0xd4c9756e40106f0e25d485baaf91ea6b8f518857d179e8d9659abffd96b719a6,0.14,2.089e-06,19053,6709,46,20890,2.089e-06,0.0,,,live
2026-10-07T03:37:15Z,0x991c44751190eb52f035ab51003928356dceeba3,0xbf7b7a368be40adcb8e070f2b3adc5e657a4c54d6a55c23846b83951da0842c0,1.35,,,,,,,,,,dead
2026-10-07T03:37:15Z,0x994d93546d4dbc155e33b122c9dad531659412b3,0xa384c776d227903d07a7517ade222d64059bf0cccd2f0a18e9aa44c7e97e3ed9,0.26,1.047e-05,10474,25,3,10474,1.047e-05,0.0,,,live
2026-10-07T03:37:15Z,0x99ce3f31cbeb2e3e757f1fb16f60381011688f0a,0x8045e5aa59813d6cb44adc17649398f69ecab95259bda4f15f7952168fcf912c,0.1,4.583e-05,18078,2737,9,10469,4.583e-05,0.0,,,live
2026-10-07T03:37:15Z,0x9a2428adf8d06bd73edce6859b9776bbbd78ed50,0x47f79763cc56d0bae0e928fc89a1be03850d1c0750458a5cbc6c47f0c2a4a00b,0.21,0.0002804,44737,94098,238,64042,0.0002804,0.0,,,live
2026-10-07T03:37:15Z,0x9a451e82548e9ec557ba4deb12ff7125d2ed1111,0x0cba9703aedcde92413c7b7cce3cd5659f21beac819655ecc10019e8ff0bef01,0.14,1.343e-05,13433,1,13,13433,1.347e-05,0.3,,,live
2026-10-07T03:37:15Z,0x9ad56c5f95208be3c6feb7da5accb48ec1873f5c,0x6e80dcd7861decd6c5defa302df444ef92653274ccd7223b2c1d6b692cf3eb9f,1.34,1.005,19105957,8241,29,50250622,1.01092,0.6,,,live
2026-10-07T03:37:15Z,0x9ad90ca5a5daf2fb5f881cb3e4fccdda6503ea20,0x4b09784db87e0321a349420caba4333daad04b481d547f599a4f21cd3162485d,0.55,0.0003824,57737,30961,138,382474,0.0003824,0.0,,,live
2026-10-07T03:37:15Z,0x9b457df8d01eac59d6714a5221404bdab2461e18,0x2d57df5643a5ac355d8d29ff435dd75cc1eb8afc063565112a63140be1e52f0b,0.26,2.139e-05,21810,134430,2406,21399,2.553e-05,16.2,,,live
2026-10-07T03:37:15Z,0x9b8558bf7dc062c8ce984d3e744c976527987214,0x5a071d29452eadaf3204080020acfafe80fe21cdf21cddb19c7385c1c706ada5,0.31,0.0002978,152307,637000,1428,297855,0.0002978,0.0,,,live
2026-10-07T03:37:15Z,0x9bc95b6e875135612642171e4df9ae799d9d31a6,0xd5b49ea0664cb5678b82f67173f7bd2f64b21de4,0.84,1.528e-05,7617,0,1,7617,1.528e-05,0.0,,,live
2026-10-07T03:37:15Z,0x9c008eedd91e1d4a16797c3af3289d70362e7777,0x0f4f771421a47a85b1fc569b1a90d157f398143cf9e113a077010b822d9d9611,0.63,0.000144,41512,32051,135,32913,0.000144,0.0,,,live
2026-10-07T03:37:15Z,0x9c1047647e1bc9faa3975e974ba6e3f3ee34e969,0x2bccf2c6067e7d2fb612ee057813f1c98a77d7dc40e68b4c746b499f44dee925,0.35,0.0003388,49062,124810,232,77391,0.0003388,0.0,,,live
2026-10-07T03:37:15Z,0x9c4bd852c018e16a8b55da94b8ea506cab161777,0x1b24b582371c36b5653d7571be78ebcf0ccda597719f5c44914adb732354f848,0.84,2.477e-05,25492,44909,156,24728,2.477e-05,0.0,,,live
2026-10-07T03:37:15Z,0x9c80ef4c6dde114f8f98c9b7c49b975c8f25075a,0x2932020fe1c62673d9c51acb61ad0ca388242e1c59365cb60e090fec862ff18e,0.22,2.823e-05,30596,22600,201,28239,2.823e-05,0.0,,,live
2026-10-07T03:37:15Z,0x9d18c252de461d0f1824b922ff6969b28bba7777,0xf6b7d70d6436482faf834a2b94f83b3abac4ee4b08f138d6fde1b7fa06762381,0.47,0.0002626,55997,64775,238,60012,0.0002626,0.0,,,live
2026-10-07T03:37:15Z,0x9d26edf13911b7f27ca12ac0503625a5b5af4ef3,0x9429d20f6e38f937670888096842703901b36ab8b848cde6ef1fa31f3b993537,0.11,0.0003179,47609,117418,234,72609,0.0003179,0.0,,,live
2026-10-07T03:37:15Z,0x9d70341316be25ca3732a6351d443fcc8527910e,0xeca5231d5901051711d6c6743a8816ab95f900eadb505ca5e75e77b14eba6be0,0.68,0.0003128,47409,85047,239,71447,0.0003128,0.0,,,live
2026-10-07T03:37:15Z,0x9db1ceafd16e41cd94595d0085c9d686b053461d,0xda0c788846be2c267b217627eeda3dbcffc3f084baa06dd6923cfdcf7f77f9d5,0.63,4.521e-05,22492,24865,151,45217,4.521e-05,0.0,,,live
2026-10-07T03:37:15Z,0x9e7dee4b51656154d1492faa223752a83f6f7777,0x41c29f8c4650b4bc1da32924bd2acf4f1e40ecdd158f4ae37634f12f39972b78,0.07,0.0001558,42326,33391,145,35605,0.0001558,0.0,,,live
2026-10-07T03:37:15Z,0x9ec46ca7e9869abf3a50caae4f430bf9b228ff10,0x759f032ddc30ee6fa00fd4cf331feba097c82ea876610b150a0805d7f26151b4,0.3,8.983e-06,8085,0,1,8085,8.983e-06,0.0,,,live
2026-10-07T03:37:15Z,0x9f13a95a9707fbb8b660d1b7833d12d99d347777,0x4d440a7428882ae3b476f6121b647fa803d88d58dbcea64e632499a597d8b9c1,0.16,0.0002519,54772,60645,233,57567,0.0002519,0.0,,,live
2026-10-07T03:37:15Z,0x9f4ba41f91a59a34e17ee8c9eb3a51363b11abd5,0xd23635812197b00b0ea0fd0e36021740c7951fb34ff1ca79260052b47e9769bc,19.51,0.0006862,78340,125026,484,647274,0.000972182,29.4,,,live
2026-10-07T03:37:15Z,0x9fcdaeef06fa5a3d0838d3f7ddc85299f2246777,0x9a5d6f780b2940a8bb7bac2dee68e19b2890bbcb226e46b0d469d8937edeafb5,0.38,1.008e-05,16252,9768,35,10061,1.008e-05,0.0,,,live
2026-10-07T03:37:15Z,0xa0216b52f43ec2510739f6ff83dc873dda7a7777,0x62a0e539c6dbbcfb2a117b4a8ae9f023d8a2e55d30434be75e97f9d84f95439b,0.73,0.0002404,53656,66225,238,54946,0.0002404,0.0,,,live
2026-10-07T03:37:15Z,0xa053e7ae0e9bc0384a595412081c7e8b15de6a8c,0x9648243d769d0b17aff03a84924282bc20eeff0b8a3513ad4e23c7d2c328612d,0.47,1.048e-05,10483,10,4,10483,1.058e-05,0.9,,,live
2026-10-07T03:37:15Z,0xa0711a3df2283ec4f10e17f0c86062b39150d777,0x651597ca72665982bd01375d961d08e89fc44caf7202e85396eb6d1298c34352,0.48,1.112e-05,17090,10276,42,11104,1.112e-05,0.0,,,live
2026-10-07T03:37:15Z,0xa1602e96cb2fcde701409d069aaf01efe30be7a5,0xc2d9243acd2e8a4937cad2028700551bd3787addc71c37dce67b665ae10117a8,0.76,6.879e-06,6921,111564,2285,6880,0.000137,95.0,,,live
2026-10-07T03:37:15Z,0xa1bb4a102e1eea316e56c19fcce2af1d1cdf5468,0x09da1b8d650e9ef5a31d4dfe1efdc8c9851a4842632bb8fab08a78214e5d2408,0.07,5.254e-06,5254,0,1,5254,5.254e-06,0.0,,,live
2026-10-07T03:37:15Z,0xa27675bf701dffda981443ce4ad36b505bbd1ba3,0x82b7c642bc1d6f2d477aa200c076e8ecf3a9b2a821a5e45053fe1912f659099d,0.26,1.022e-07,8694,158,5,10227,1.022e-07,0.0,,,live
2026-10-07T03:37:15Z,0xa4218dfabd27471a84d1446f7543ef842a08843c,0xac0728fe48f658755e0639e5851e511e21f330ab0e9d6797b2f32cecf6f44d32,0.27,5.565e-06,5566,0,2,5566,5.566e-06,0.0,,,live
2026-10-07T03:37:15Z,0xa439c0dd5a1a6a0157bc477d02d624fc2a7c4777,0x9b69f6343c898b9da66867e1dd370bfac21dfbe13082cf30d6c29485ad31e1b4,0.47,2.043e-05,23173,50319,179,20398,2.043e-05,0.0,,,live
2026-10-07T03:37:15Z,0xa44930652990b9ca033679bfef951d8fb1321ba3,0x2b669eda5eeb08737fd04fc178b8b4bf796d24c219bd938432a64b6a9fb9298d,0.45,2.502e-07,21161,213960,4050,25025,2.703e-07,7.4,,,live
2026-10-07T03:37:15Z,0xa4a2540b34cca4d40342f82d139070dccf4faa67,0x96b36d4275e9800ac090e3e3fbe83ba982344203dfb8139ce5e8c79066a9a411,0.56,6.846e-06,6860,32813,1661,6847,6.846e-06,0.0,,,live
2026-10-07T03:37:15Z,0xa4ad06fe5459b8cbd4b0ebd29590346af3942179,0xb166fa3c56a7fb9ea9bb4efe045b298a8eaf37db8247bc91208bd617cb209353,0.51,0.0002782,44716,87606,230,63555,0.0002782,0.0,,,live
2026-10-07T03:37:15Z,0xa636c8ce6713e5836f8699c6ebae2fa3f63205fb,0xbd9777f9def377bb704b4f86abfc5bc37a92685772c4f60b0f9def4499dfd6d1,0.34,2.031e-05,7313,0,1,8126,2.031e-05,0.0,,,live
2026-10-07T03:37:15Z,0xa6968e7b5111c534ff42bb1a1618b746f6d8de8a,0xc6a7054d9ec16ef6169b481a41e1683cab38ec74ef8d7532aeb7451af9799594,0.42,7.204e-06,7010,1036,5,7204,7.204e-06,0.0,,,live
2026-10-07T03:37:15Z,0xa6afc3b47a4c278829b87fe3b339ed6b2072c00f,0xbe20aabc9df05d101e37fae785501bf99138d5ca15ddf3fbb25ee506e1ee6602,0.13,5.255e-06,5256,0,1,5256,5.255e-06,0.0,,,live
2026-10-07T03:37:15Z,0xa6dea16ddacf9618e15521614436a1828f8f97b3,0xbddcb7b220363fbad34d42f828c09fdb30216afaabee5e4cbf816988131fb259,0.38,6.763e-06,6763,0,1,6763,6.763e-06,0.0,,,live
2026-10-07T03:37:15Z,0xa80646aabcb9d1f9bd3552feaa680a4a25157777,0x787d43fc439e6e646a05250c81cb1def752072c7a69cf5c9af2023a7ad8e5f44,0.39,0.0002001,48819,53685,228,45738,0.0002001,0.0,,,live
2026-10-07T03:37:15Z,0xa83854502c1c9885e6000caf19dc0663537afefc,0x39cb199cfaead03e1a05f3609eb32d50e1a2e33f07f381a8976f26c423da4a0b,0.83,0.0001983,37702,57708,150,45298,0.0001983,0.0,,,live
2026-10-07T03:37:15Z,0xa86a61a859b8a215116cbccfacb1ea52a5333455,0x8b40f71aae77ffbe30430541c374cd2ae9a3a0439bed7d9582063a7502d1ef33,0.47,5.457e-05,22091,187920,2595,54572,8.082e-05,32.5,,,live
2026-10-07T03:37:15Z,0xa88e76676cd8f416de2224f000367c9812d63777,0xd8acd593bf60a7d31240223cb05acd9e549cf29899ad664d493d4a4e47c92928,0.76,1.106e-05,17082,9065,33,11041,1.106e-05,0.0,,,live
2026-10-07T03:37:15Z,0xa90c3e81ddf46ef163355a98ea29ac4b79b3d136,0x016fd06ade9fd8b52843c912c125f5fc12701a08e2986a59caea77f04de8ebc8,0.23,8.455e-06,13512,1360,15,8456,8.455e-06,0.0,,,live
2026-10-07T03:37:15Z,0xa93a5bde9c607940cea4614b3f8c7ac81d677777,0x8b1e44aaa2d674cd67b610ab69612b2b084a4a24b640eee270d326760279d172,0.31,9.708e-05,33972,13606,64,22183,9.708e-05,0.0,,,live
2026-10-07T03:37:15Z,0xa9db6d3fb987257767b7227b7df5fad099004571,0xc1a9ee78142fe666e8586351ed3c6d35eb92f38428716261536a4d9d44d61448,0.13,0.3806,15006072,493,20,380698816,0.3806,0.0,,,live
2026-10-07T03:37:15Z,0xaa07a0e9209e16ac99708c3ec70159c6ef3128a3,0xea9f200e13055b82f175f44f592c4c13dd8c9d9320a66487d3c5cd90d68550ef,16.85,0.05053,864248,2965222,5538,48004745,0.123459,59.1,,,live
2026-10-07T03:37:15Z,0xaa07f927b255756e947eafb2778db2c3fc9a28a3,0xb9a25b92a05ff018a6a684304a60067acb5c537ed38635049792ffaf26111f41,0.16,0.05176,14759080,254,8,49176455,0.05176,0.0,,,live
2026-10-07T03:37:15Z,0xaa3b15d86d006a30356f2863ab69dd8000dbcda6,0x5d357f33cd039ac7ffacb046e5d4bbcbabdf6e6d13a961c17b3c773c6c5dfe79,0.83,0.0003548,50434,93679,239,81046,0.0003548,0.0,,,live
2026-10-07T03:37:15Z,0xabc2f889b449389345ad47bedff8d1e0869fc577,0xc8c8cd1fa62030b19e9a146f205db6873b1712798d4bdfe12f5dadb2ffc3bdf3,0.76,0.0003872,52648,110814,236,88451,0.0003872,0.0,,,live
2026-10-07T03:37:15Z,0xad0319e5c4e797041a0150a1372be682f4533611,0x82357e32fec01fde5af395491c83e35ef217263af0e7d8a3e00dbc58501122ea,0.3,3.941e-05,16764,842,5,9002,3.941e-05,0.0,,,live
2026-10-07T03:37:15Z,0xad039586f43b861bc0d5296e85836698b9f2a721,0xef7671b280eeba310f983e52e0a6f641d0f026ba673e23e277a149cbff9f9b76,0.26,8.586e-06,13610,1412,13,8587,8.586e-06,0.0,,,live
2026-10-07T03:37:15Z,0xaddee94d670cd2bfcabd752ced03758831977806,0x7a1371a8324a015c73c8f3dd61c05d92eab1bbf3,0.14,1.48e-05,7375,3,4,7375,1.526e-05,3.0,,,live
2026-10-07T03:37:15Z,0xae4b67b68490e4782e6ef929724735e9f65a5788,0x11db2f235ed8bf1c5f16c3769f748b362444bb25d0a8cea6eaec08584fd3f713,0.24,0.0001804,35895,49629,140,41210,0.0001804,0.0,,,live
2026-10-07T03:37:15Z,0xae8249f0d6133a3afdcbc93309bd2762f73d5816,0xff81b128269187d861cbbe71523173740594149f3450aa3e7e76f3785d2ad033,0.09,0.0003144,47279,99647,215,71812,0.0003144,0.0,,,live
2026-10-07T03:37:15Z,0xafddb1974325da7859f46ba5ad45a2c30cf105bf,0x579f4b502a987173dab2776a942d19d273d16c5e,0.77,1.509e-05,7496,0,1,7496,1.509e-05,0.0,,,live
2026-10-07T03:37:15Z,0xb0f4c5b775ff4b6eaee04a94e645ac68761f0bc5,0x9eba18f61b2349a442c88dcfc318511cf37c44f20e4a6e1f33930b7d8491cf30,0.68,6.9e-06,6942,92055,3465,6901,4.78e-05,85.6,,,live
2026-10-07T03:37:15Z,0xb18a4bcf9018bedb1fcb90ed80f87087151c09f4,0x206211d456a3a9dbe45e13507aac5131ace9c716,0.65,3.582e-06,3505,13825845,25841,3582,0.01692,100.0,,,live
2026-10-07T03:37:15Z,0xb1accc628d40379c43e20083506c037b9e98c2e5,0x0b39c4f9d525dfcf843288ba26c43564f58e4da4102bd146a828d961fdf75812,0.73,6.834e-06,6849,30593,502,6835,6.85e-06,0.2,,,live
2026-10-07T03:37:15Z,0xb25590d40d851302efeb335e3e91dac3362b811b,0x99ec36de822e26b715ac8074c3e2acd8c36cb1c4a15b6dc5e6a1a2dc24866bdf,0.22,3.526e-06,39002,16094,104,35263,3.526e-06,0.0,,,live
2026-10-07T03:37:15Z,0xb2b81fb50a395a4be9b63d8577338b13e305e777,0x624a00bade591a9cc3f78d3a5ffa6f6a8de17ef764b0497c2becc3cc310a65c8,0.72,2.25e-05,24349,41191,138,22457,2.25e-05,0.0,,,live
2026-10-07T03:37:15Z,0xb363202df533f79ecfe0be6f1e0781e43343eb5c,0x0fd838bbcf76031be6c770cf4e55f9a97b55bbf3,0.44,1.489e-05,11121,15150,213,14899,1.614e-05,7.7,,,live
2026-10-07T03:37:15Z,0xb3d987503d42ed5527664ce3cbbc0dafd90a7777,0x5d48d8881d2bbebce1700902bda6918f4b71e2aaec42d3dfd973a54e1de80b70,0.09,0.0002494,54382,65555,233,57005,0.0002494,0.0,,,live
2026-10-07T03:37:15Z,0xb3fb3e473400e297826e41ee69cffb29138c1b70,0x33130640c6cf6183ff16f227de2a887aed6fc58dd4e66bad0a2726c8448b2864,0.72,0.0001331,93059,252742,667,133109,0.0001331,0.0,,,live
2026-10-07T03:37:15Z,0xb401171abc19a8ccdd673ce423b143a6528d1e18,0x0f5291558508d9ee226fe7d37a8415bc226e85834025b6c9e5d36357f9faefbe,0.63,2e-05,20005,6,6,20005,2.001e-05,0.0,,,live
2026-10-07T03:37:15Z,0xb4116d8fb0956be58de79db0fe20df1b2da9b0b1,0x09f984ae541107e8df1b7b14ca31f7ba96acccbfc5e0d1107e009255b0f57a7c,0.66,0.0003896,52916,112080,234,88990,0.0003896,0.0,,,live
2026-10-07T03:37:15Z,0xb414259e3446abc9b69866bed93ef294c1aad140,0xacc8719764a7ba59ecdbe2bd4988d3af2c2336f8fd995a96456deb821512d27e,1.35,,,,,,,,,,dead
2026-10-07T03:37:15Z,0xb49bbaeb1b00544ba7e265bc6aa369b317c26f7e,0xc931e45592e397d8ca5cbf144250b5976b56405ac4bd599a8ab45c3471af7aff,0.68,0.0003837,52510,105433,231,87651,0.0003837,0.0,,,live
2026-10-07T03:37:15Z,0xb51e120325923477849065206685dd8644a136e5,0x07e6f36ab69a7ed240b9f533fb38adab5c4e5f627e647836fa9585a6bb647683,0.17,6.084e-06,51246,72664,267,60846,6.084e-06,0.0,,,live
2026-10-07T03:37:15Z,0xb5bbf76871cdd71b747377d84aeafa8240b29f03,0xc643b1a153802f209c9d78f83fcb20c93d5b674ec17382917467253172887f75,0.12,6.803e-05,87495,42441,237,68034,6.803e-05,0.0,,,live
2026-10-07T03:37:15Z,0xb5fbd336e7784e630016d004195819ba937b7777,0x30c34d45dda0433954a3114824ef233b52f2afb8897e9d42899fd05e2898f3e5,0.65,0.0002683,56703,58293,232,61309,0.0002683,0.0,,,live
2026-10-07T03:37:15Z,0xb629a33b5794d996582a44634afae11050db85f1,0x9422612b64b4ad0e6704890a4f81acf66aced8b9b45fb27036fe5138af5be2ee,0.12,0.0003293,48487,114483,240,75225,0.0003293,0.0,,,live
2026-10-07T03:37:15Z,0xb6698d85d3c9481940c6f32686a872fd17e8dacc,0x4a345aebd825fa3f462c0bd3d26ddc2308ae07bd074ccf25718a42b2822c8f2e,0.77,5.332e-06,5331,639,29,5332,5.332e-06,0.0,,,live
2026-10-07T03:37:15Z,0xb6ef9c1cea609d78f0d1ae047df166f2996f5bdb,0x215c8cf303ccb7070d07b2d35e3c626550806b8bd65a1c2747bdf4b090749418,0.84,0.0003902,52811,127335,235,89122,0.0003902,0.0,,,live
2026-10-07T03:37:15Z,0xb8aad220341ed8d9558d4aea2d96a677813dcccc,0xf9559fc80edbbe2a7f069509339756ed14feaa682db9c6e8b12b841c65019ca1,21.84,9.989e-06,10263,5,2,9989,0.00116173,99.1,,,live
2026-10-07T03:37:15Z,0xb8d2887665997e3997ec9e46c1809db0b350f4e0,0xe3818a7f938c8eeabdb2596110c9af8721139f68351d8866874a8ce647ac6471,0.05,6.637e-06,6664,78734,3143,6638,5.676e-05,88.3,,,live
2026-10-07T03:37:15Z,0xb91040f8e25b83b6e8335f4f16dfd53c67be3c2f,0x75408fb2d283fe1e35086f1b781a6e7d1bac597b36bc484bc67ea54ac2bbc6da,0.32,5.797e-06,49966,43126,217,57972,5.797e-06,0.0,,,live
2026-10-07T03:37:15Z,0xb91b4020518cd0cf824dca8291e94cd62c7f0b91,0x5078092c196727b4798c5c4d583d69146bec3929,1.53,2.711e-06,2871,0,2,2712,0.003667,99.9,,,live
2026-10-07T03:37:15Z,0xb9e4c11d0fa3480be9135c1cdfedacad31fb1e18,0x38dda07e06e8b87b5200effc17b74dab61418c91e7a2c6665841683a882e57a3,0.52,2.005e-05,20054,814,18,20053,2.005e-05,0.0,,,live
2026-10-07T03:37:15Z,0xba082a1c0d9a1181fe1aac086240cf590255a5c9,0x47534d01e1075f8fe9e43d6b7737b47cbbff970f,0.18,2.899e-05,86972,0,1,289905,2.899e-05,0.0,,,live
2026-10-07T03:37:15Z,0xba1a2d9783ebe2b76493c5c12eb9813a0e062843,0x6e8a6a1af8ec53f3f09c7303e5403558dee42d0a,4.45,9.221e-06,7202,1871,203,9221,0.0517375,100.0,1,False,live
2026-10-07T03:37:15Z,0xbb1e5a77d03fddd253332d12d6a6a8645ae09b9b,0xa257abe46a1dcd68f9d048486595ff0719ebc29558a3fa18bfe16814a3d5ef71,0.19,0.0002952,45924,89498,238,67443,0.0002952,0.0,,,live
2026-10-07T03:37:15Z,0xbb8a9d403ad2f83c6cefc9316d74fa0280e707ab,0xd3365fa4309dad0174e120b179b955a5e9a3a46ff7bc63b71b5c68f0e4b7459c,0.73,2.803e-05,23946,21243,153,28038,2.803e-05,0.0,,,live
2026-10-07T03:37:15Z,0xbc0f76122a13ab2dc8f39090a1c5e377aa5e7306,0x0a0c83e9a06c20ed4bcae20c3788ca5fd445661812061ead2955aefb2d79d699,0.63,0.0002036,38227,82864,232,46516,0.0002036,0.0,,,live
2026-10-07T03:37:15Z,0xbc30c7947207568f6df3dbfb1473fcf9ce277777,0x5489b8e5f5abdb8c5c06e35846bf11a517f1070a509ccd02d568ad479a3b2dad,0.67,0.000248,54517,56706,232,56669,0.000248,0.0,,,live
2026-10-07T03:37:15Z,0xbc4dac09ddf9e9131c97902dd3d33fda3c665a92,0xdd9f98e153cf39e0b0c9caf943e7de322c350ee76be49888c6aa55bd00760e13,0.38,0.000165,64993,1284855,3523,165089,0.0001653,0.2,,,live
2026-10-07T03:37:15Z,0xbc79d0e2e945574bbe51f54b96b8cf98f855183f,0x89785dfdf326dcdcf96d3cc1ca47cc768c5daac6ed1a0109bbd8f57f7f750b2f,0.68,6.834e-06,6848,19634,146,6835,6.852e-06,0.3,,,live
2026-10-07T03:37:15Z,0xbca84a40b27b347f5bb2266d8f7c920bb26fb777,0xb0bd1c273ced1eed1f82de313336df84b0f3d53dd49a51e1b5f57e7c52a67c3d,0.56,2.46e-05,25479,40489,161,24556,2.46e-05,0.0,,,live
2026-10-07T03:37:15Z,0xbda4bbd3c5522cd81558afa341316fb4acd752ab,0x51f52234cf07a9995504dfa01e6eedfe110740044669666b40ee0aa592ec44b8,0.68,6.849e-06,6863,25532,918,6850,6.849e-06,0.0,,,live
2026-10-07T03:37:15Z,0xbdbed1cafe4e9c61cea746ac2b97c24cf6541e18,0xc51fb3fec8e2654718f077272122d9f6c22a2796e299d6a141eb045432e23848,0.43,2.002e-05,20029,851,12,20028,2.002e-05,0.0,,,live
2026-10-07T03:37:15Z,0xbdc00f2b4bf0afa7dfc8fe698b9fd4e38abbc546,0xde8f19fe85e7612b5d086da99b8caff600a2cd165e0e13aa485d39c08eadaa97,1.57,1.397e-05,9607,11953,179,13976,0.000295075,95.3,,,live
2026-10-07T03:37:15Z,0xbdc336f3ef34e93861779c50d56e7129a8fe4bf7,0xa7008490588aa094fd12188ec61f933e0111f63b512b2630c3eedc4fde54d57d,0.38,2.011e-05,21983,15787,153,20110,2.011e-05,0.0,,,live
2026-10-07T03:37:15Z,0xbe050c543a30f9cac76d53a2b3530473ae105966,0xe34c62da27d91d70cd7837296e7164e6774385171dcb9dd55eb03ac11d390ae2,0.56,0.0003816,52382,109154,235,87156,0.0003816,0.0,,,live
2026-10-07T03:37:15Z,0xbe062c9b45815624350a6b2edcb3fbfd3ba37777,0xc8c41fb1a37aa36ddd02181df5a257d946803b010884c77f9b3d234d2ecb028a,0.78,0.000231,52619,61602,231,52797,0.000231,0.0,,,live
2026-10-07T03:37:15Z,0xbe53d63af7aa8ffb48364b73606091dc9a25c503,0xa1ec697f83f216726995cd02614bdd2b664affc2,0.77,1.509e-05,7496,0,1,7496,1.509e-05,0.0,,,live
2026-10-07T03:37:15Z,0xbe91e0b6e6c778af47610717771138dfd2d05b11,0x3dfa584f57f96ca534f1d8a05f3ea33254cfc6af39cb0de85cc0e2598f213b79,0.47,6.207e-06,11354,480,5,6208,6.207e-06,0.0,,,live
2026-10-07T03:37:15Z,0xbea7066f56c49b66fa906b526adf502585978bc3,0x8445a69735d92420ab2e7479d9a1c913808aff5c3af14bde22395dbd701aadce,0.08,0.0002508,42237,66491,193,57295,0.0002508,0.0,,,live
2026-10-07T03:37:15Z,0xbeef918a85c17f78cbc53ca5c2067d0a05891a6c,0x78fa40ed2fd9764dcb18bf220b3ba99660876a74d2b974b31321811c5d8719ff,0.08,0.0001931,37079,45873,167,44109,0.0001931,0.0,,,live
2026-10-07T03:37:15Z,0xbf0686266e60a81a71745a8aaea7241a33d69fa1,0xeb2adb5e8165a19cda9739f454bd85ce5c37920d5763c9e50c404f56c9bcd34e,0.44,2.823e-05,28220,635,9,28235,2.823e-05,0.0,,,live
2026-10-07T03:37:15Z,0xbf266285882e7a38613d8e923db126221c8c8312,0x96dba01c23c7b358c90b169a55669a25a5dab020144bbe4b7fc76ea0e08e663b,0.24,2.093e-05,31412,16510,203,20932,2.093e-05,0.0,,,live
2026-10-07T03:37:15Z,0xbf29b26fe1d381a191e4395aebc61fd1d6fa906f,0x5ab9182af5ad097c8e9168961d196fbd22ed73b2,0.32,1.521e-05,7582,0,1,7582,1.521e-05,0.0,,,live
2026-10-07T03:37:15Z,0xbf4b8b5669b3fd4e49617514da4dc98f6cce7777,0x1b7d0af5b3197a73793bd816b1f846c171e00eacfabe7ff654900582f45f8587,0.64,0.0002246,51824,60656,233,51319,0.0002246,0.0,,,live
2026-10-07T03:37:15Z,0xbf7da3e9151279769de7689870c1d7ce8e16b460,0xf51001eafc20ac4ce6c88b38471f2198228aaa2e,0.72,1.504e-05,7472,0,1,7472,1.504e-05,0.0,,,live
2026-10-07T03:37:15Z,0xbfdac6235dbe77c0cd6edb01c810c7da858c6c41,0x93d8dbc572068e01ebf1128d5de3e4703792a2b51be7e6ac101458900709440b,0.27,0.0002282,45202,316666,964,224062,0.0002282,0.0,,,live
2026-10-07T03:37:15Z,0xc04a07958ab5ccd820986070f1d60ab7501ad171,0x57afb4c290ae9b7b8533e5187cfcbf19485825c63a075cd5cd611ae16ad38f68,0.63,1.102e-07,11022,3432198,6368,11022,2.097e-06,94.7,,,live
2026-10-07T03:37:15Z,0xc0b28b4aa19b138eb24641e31aa69ea09998da03,0x63a9dedc58baf36374d882c45db9b55a13085ee669a1adbd8ceacbfd8aacb8ae,0.56,2.537e-05,25378,2,3,25378,2.537e-05,0.0,,,live
2026-10-07T03:37:15Z,0xc0c3dd5ac82bfaed88f04e3bf7d9f4dff3225706,0x036a049941363d5e1c48d6c50ec63b6c6ce4da18571edf6a9196b734826f5e46,0.78,0.0001192,80073,327464,907,119272,0.0001192,0.0,,,live
2026-10-07T03:37:15Z,0xc0d8fe9e2c85d0cc582835812607a002852944b4,0x02b9aa2fae491bfc632242f6e8d654b841c14cb5,0.71,1.506e-05,7481,0,1,7481,1.506e-05,0.0,,,live
2026-10-07T03:37:15Z,0xc135abcf5b28076db2c29d324894cdb7db542c7c,0xc2883c7c32b89c9090f421b7782e8affd1b9c33b,0.14,0.0003862,45101,21916,35,386255,0.0003977,2.9,,,live
2026-10-07T03:37:15Z,0xc15b2dbc493a5d074239c0d1133b2bd211488133,0x9756b016829af8dd2ebf41d909aebe10b5e842d0885b9110874dc68ce01ae16e,0.78,0.000259,43144,85282,237,59157,0.000259,0.0,,,live
2026-10-07T03:37:15Z,0xc1743a9eaa1e6f52962da566e542b24e561e1111,0xfdde1e50287e403bb11b9b6b05c4a196a82769df253e3de467725cceaad24889,0.14,1.343e-05,13434,1,14,13434,1.347e-05,0.3,,,live
2026-10-07T03:37:15Z,0xc26221f0c7aefbc0a0f0dc55e6d0e0b6c42b7777,0x8456c1eb8b4c68d147e1d530c6d13f9cd1ee86638237db59fe0c69a3bd95f2f9,0.17,0.0002393,53399,62817,236,54685,0.0002393,0.0,,,live
2026-10-07T03:37:15Z,0xc26f517325ff609de3da0cc33438028c5eb70711,0x457b7833a7ff770f2e0a542c907062cb1dc00f0dffd562e5be7934cd1e641c09,0.25,1.047e-05,10474,13,3,10474,1.047e-05,0.0,,,live
2026-10-07T03:37:15Z,0xc275928f533bac94cd519b037011a33d0c297777,0x53bbfa47fc9b7ac8303e72537ab649d629f247dae956824051b9258147a689e8,0.86,0.0002327,52624,55625,230,53178,0.0002327,0.0,,,live
2026-10-07T03:37:15Z,0xc33098d32dbaf38ccdd55d15cf8743640cc8b51f,0x88625ad2473c72b1f345888fde902602c1060e5c0c7c2945a25e2c706bf8af2e,0.64,2.0028,20028,2,1,20028,2.0028,0.0,,,live
2026-10-07T03:37:15Z,0xc38c332012a9116dcade0c7f43b5d3c71799a9f8,0xb4b0dfeaa2e2a838f0f7a304f005ebe32390d4ef,1.18,0.01923,449634,21140915,71834,19234186,0.02089,7.9,,,live
2026-10-07T03:37:15Z,0xc3c647888708194f5889acd5064dc805290f80e8,0x28122e385014dabc279d36b149f2e2174de8e072,0.22,1.523e-05,7592,0,1,7592,1.523e-05,0.0,,,live
2026-10-07T03:37:15Z,0xc42f9cf36cc02f6491ead279cf240fb0d7a32cdd,0xfccc5b87d91b55f114851473f7559a0a82ba498e,0.77,1.509e-05,7496,0,1,7496,1.509e-05,0.0,,,live
2026-10-07T03:37:15Z,0xc44d5449d2dd28e967d84c690ec7c6fe06bea777,0x75b0e57452d3e0651fdd25a0680de3f70e91961f58e03f761b442e7df9d3873b,0.83,1.126e-05,17216,8960,43,11248,1.126e-05,0.0,,,live
2026-10-07T03:37:15Z,0xc450dad84d0ddf39162f39ec43ff31604a767c85,0xf9df26ed62fab653abd3d980855514ae5765aec018e2060beba86a3ba299bcd2,0.83,0.0001187,29172,34531,132,27120,0.0001187,0.0,,,live
2026-10-07T03:37:15Z,0xc45b4b03f9101fa828ce7cf384b0133099bdc34f,0xfd7c5f0ff7bce5e3f89f3858fa1fad9a8f78aa0ed2ba3cc3159e1c4457ec2473,0.34,3.245e-06,27866,16594,105,32458,3.245e-06,0.0,,,live
2026-10-07T03:37:15Z,0xc5083fef47efebd6bd6aac5969b2faa4ea61c026,0x5b276bcf416cfb17c6021127083330c9b02c41d3d76057fba2ac191cf7aec809,0.7,1.794e-05,13951,12848,141,17947,1.794e-05,0.0,,,live
2026-10-07T03:37:15Z,0xc60beb77c5fbaa40b14e7aaf90d5c4b34e8ab006,0x9d7863a45cf66868249d482a63f9501293bea6c5ed2e2ea9bddab4f5567dfb72,0.14,0.005154,1552384,215,7,5154262,0.005154,0.0,,,live
2026-10-07T03:37:15Z,0xc666c2a3354ad9a91225a5a17d74f57832d004cf,0x02281d6997e76e78c4897ec2742f5475ffd8f1930eef6e577c47ffd84b8cc70a,0.48,0.0002862,45281,111924,241,65387,0.0002862,0.0,,,live
2026-10-07T03:37:15Z,0xc6c0dca720e83b5ca1cf77941e475108da8fd7a2,0x8c8a8a6b65b892a254095558a2386cf48344088c922fe49b328d0ff97fb1aa8e,0.69,0.0003632,51076,101371,230,82959,0.0003632,0.0,,,live
2026-10-07T03:37:15Z,0xc74e91f84fbdb6633c8d608d79834fa55e127e92,0x2cfbb031cd94ca5645bfda966807e157e5a24388e82817b458772d5bfa476d1e,0.76,0.0003096,47053,108877,235,70713,0.0003096,0.0,,,live
2026-10-07T03:37:15Z,0xc760890795e673d5d20a1c31fdc9aea705284dd2,0x32ebe6ba6e7250994d9200daf1777a1084600a7fee48e9f9442f706c75b66a12,0.78,3.805e-05,21635,25893,152,38058,3.805e-05,0.0,,,live
2026-10-07T03:37:15Z,0xc77c8fa9e6a9954348f2ffe115d2cf566ee5358d,0x3d6385fa39a601e509795f596a01b47a47e93e89330675c792c2a936be164535,0.71,0.0001601,163132,358144,2123,160194,0.0001601,0.0,,,live
2026-10-07T03:37:15Z,0xc79b7c9e31e2d640b1047452a4eca78cfe48f5d4,0xd3404b70483b51d78b8ff377c570c3c002f1f31b5d9d4a75326cc289f1956542,0.42,2.695e-05,26954,2,4,26954,2.695e-05,0.0,,,live
2026-10-07T03:37:15Z,0xc7f18b30400c186276cdc5e8d439c7a60844f197,0x5872a36a4fa8d905917dce3286d86bc4335a72baf33cfa3b08d8e05b82929d7c,0.46,1.198e-05,11878,6945,68,11970,1.245e-05,3.8,,,live
2026-10-07T03:37:15Z,0xc84b1cbd7b9e0b5a327718d0476c1f7d540d7777,0xfe612813c11d6b434572b1c716d522f72cb0b009e56a6591cced133b267d7e94,0.2,0.0001702,45014,30736,129,38902,0.0001702,0.0,,,live
2026-10-07T03:37:15Z,0xc88774730a2a40788654eb1b8cd16c85fbe62d37,0x5418ab957ff15608730dc8c14b8b52fda0c25f3ab4b49a48df92556e63a79af6,0.16,7.128e-05,120204,2626,14,71285,7.128e-05,0.0,,,live
2026-10-07T03:37:15Z,0xc8fe0f7f6f191651d3123ec8a468782977f7ba82,0xd14354f96a06bf6c4f57a713f512c015c7454b3413d213f5adc818017951f3c0,0.73,0.0002633,43486,108124,241,60155,0.0002633,0.0,,,live
2026-10-07T03:37:15Z,0xc909b871980557b7c10702574eb256b31dd91389,0x6a621abb1d58d3f4889db7350ceecd0a14f978aac234f38c5c57ebca17829ac9,0.15,0.0001804,35881,47890,122,41215,0.0001804,0.0,,,live
2026-10-07T03:37:15Z,0xc977fabd8ff4931caa00dfb8fb3654d3dd19b315,0xdfb890b0a440da6da6629c8ab61b95763689b6fe622b6786fa04f8ebbd92f2fc,0.43,0.0002712,44001,79504,233,61955,0.0002712,0.0,,,live
2026-10-07T03:37:15Z,0xc989ed3196a6e04a1f0f04f554eeed41f125b2c1,0x24fe8dd60662c4a849b31233cd2c89da29e11e347c088a07f42c1ca68c9a4bf2,0.16,0.0003893,52728,115185,216,88920,0.0003893,0.0,,,live
2026-10-07T03:37:15Z,0xca17528c69a060734197dbb5c9254b758b6dcc64,0x3f9886f60b70d5debf9955ef145057a34eb0b9e21e1a37fb611ef11e3cd43733,0.05,0.0002617,42586,75384,235,59772,0.0002617,0.0,,,live
2026-10-07T03:37:15Z,0xca96f8f90a95d801daf932097e253401db596fce,0x330a5e8db4fc156c2ada32f296bfba3880b8b8952abcf624cdbae9eb8d8f1c76,1.36,1.94e-06,68194,69249,734,194031,1.94e-06,0.0,,,live
2026-10-07T03:37:15Z,0xcb0fbd781e7f2aaf055b0952210b4ac09c2660a3,0xafa0bfce2311d146832267486ae5d8e0d83aa01d,0.78,1.509e-05,7496,2,3,7496,1.509e-05,0.0,,,live
2026-10-07T03:37:15Z,0xcc56421dd9c233e491444b95ae60bfdd65ec1e18,0xbb0756d95b1ecff3c4c22d12715ee0ec7583a472d0701e593729e8ae5e749b31,0.54,1.999e-05,20001,1290,33,19999,2e-05,0.1,,,live
2026-10-07T03:37:15Z,0xcc6b1aaf3913da40e3b4bd05e48153b7089bfaa5,0x6b7808679b37c74d4016764001ea5c2d6cf91a53c53b2a8e3fba1606da25e403,0.43,5.114e-06,46963,55228,381,51150,5.114e-06,0.0,,,live
2026-10-07T03:37:15Z,0xcd6ec11bc16e60220d629a70bc6719585daf53f5,0x87adce2befb92c1b6ae68b1f4fd4ab6e9eb28cc24efab81cb6cba1c5da1c3615,0.39,1.999e-06,19291,4315,35,19996,1.999e-06,0.0,,,live
2026-10-07T03:37:15Z,0xcdae63d95d6dd4f89f6e508c77bd4388b4e5c8ab,0x4674f978aab6c373c1634a6729771d9bd6b97bbf25fdfa70d601a81a339f6974,8.52,0.0005446,69764,74070,266,544618,0.0007324,25.6,4,False,live
2026-10-07T03:37:15Z,0xce79e20915ff7e12c75e415de22fb67faaa34a62,0x997eb48b7bc0d53af6da1d99ddd8f4868cc501538872eb17d564b55e8de772a7,0.24,0.0001297,30426,28208,79,29624,0.0001297,0.0,,,live
2026-10-07T03:37:15Z,0xce8cfbd3776d8f6920757d3bb0d56a89bdf01e18,0xbf151ca525848d8f4c0a61fe30051e49359034783a1c9afa610cf69259ec2fdf,0.14,0.1052,15006200,295,11,104342610,0.1052,0.0,,,live
2026-10-07T03:37:15Z,0xcf114f00f154eadf47242c352fd4481f8a737777,0x29b564d2a88abe8cfe1f317bb9371625bd98b18c0b9849c47e5e00969062ba69,0.06,0.0002174,50059,55115,212,49677,0.0002174,0.0,,,live
2026-10-07T03:37:15Z,0xcf83e78a823950b8c373224b7614e10d0d34a2f4,0x5f567995569648c25161832193e5221168870774947e373c615f077e5d6aaed1,0.69,0.000265,43633,78683,238,60541,0.000265,0.0,,,live
2026-10-07T03:37:15Z,0xcfad394a565a2a0d413c530f33c750845a56b777,0x9728304e4835699ca6620c144f9fc1c5fc1bf485f5ca469fd605ef2017c76e6a,0.73,1.66e-05,20923,55286,187,16575,1.66e-05,0.0,,,live
2026-10-07T03:37:15Z,0xd060f448de7bccb6e54b0cb8d5bc871c8d339eec,0x95d01aaeb884e62fda3d1f9b0b88f570c98cc7d8738195d83e3506db73513fd2,0.13,231.97,5016793,295,11,16702643,231.97,0.0,,,live
2026-10-07T03:37:15Z,0xd0c4d8e3e13cb65153940c5dd60657c16d321f4b,0x9e617ab486d52e44c7e66190b61609346abfaaef26fac742dc359b949a881abf,0.4,0.0003557,50428,118133,243,81253,0.0003557,0.0,,,live
2026-10-07T03:37:15Z,0xd13b14adca2ec197426ab7f0638a672b476f55b5,0x6fbe9a875363ee231e3852dc864bfce64da9f8d08d5f2f7e592f4f8bfd6ec2ff,0.05,0.0003504,49199,108662,241,80038,0.0003504,0.0,,,live
2026-10-07T03:37:15Z,0xd174fb948af7572577981776e39b681b088d7777,0x071ce9a66dbcb5071de24a7d951959646763400e947680ed0569dace99fb167d,0.31,0.0002194,51058,50175,219,50138,0.0002194,0.0,,,live
2026-10-07T03:37:15Z,0xd189177b252a4dd1d569ea00d35fb7ca78a5f012,0x5d150f22806aff83c5a4b1b750bc32fe4759da60336d14e69876d9513a947e84,0.9,1.11e-05,361637,14876106,11085,1110453,1.478e-05,24.9,,,live
2026-10-07T03:37:15Z,0xd1d72891212f42caa6ae75bb429b0c4355486231,0x7669c4a32233d9e4581292fc361d57ccee7d699df1b9f320c9e9385126e09e71,0.27,0.0002619,43246,78137,234,59828,0.0002619,0.0,,,live
2026-10-07T03:37:15Z,0xd245e694ce5e57f90562186e00c273cfb8503895,0xeaf85a923a1839b3f68d8f78985a541065e2788d0535a53b735c6a77650ba5e3,0.77,3.5e-06,29464,10918,75,35004,3.5e-06,0.0,,,live
2026-10-07T03:37:15Z,0xd252fbad2e5946ad4540810339a7d8a8dc12be0c,0x68efdfa0e16f8f638bca83861b94dc30d8014cf9c7fcb82720e33f0618eadf7a,0.68,9.417e-06,9179,72280,905,9418,3.832e-05,75.4,,,live
2026-10-07T03:37:15Z,0xd293e3a70291b142fc80340e21860b2ed17f1e18,0x52dcd1ac963a820980eb021eef9c46407ef524b88f1c60c9295c60534908c69a,0.35,2.001e-05,20021,1305,12,20018,2.001e-05,0.0,,,live
2026-10-07T03:37:15Z,0xd375aab6ca597d7702d446434b7a2cbeeb9c7777,0x157cd82cc84809c55f10f9a8f93839f4dcad29f54b73918654ec1b1fae9c4641,0.75,0.0002236,51672,58251,220,51107,0.0002236,0.0,,,live
2026-10-07T03:37:15Z,0xd3cd74b5bc70adf3e5f577760a560f590a665f29,0x6bb448b6740fb8684eebf798efa30cf9124343835fcbc2a952950ceb6b1ec11d,0.24,0.0001285,8224,0,1,8224,0.0001285,0.0,,,live
2026-10-07T03:37:15Z,0xd3cfefef471cf92be63328e189ca031b701b8386,0xf938bbe2daed39b822b1c80cc1651b3a9900222281fef79dbd8988a7ecbd3084,0.16,2.436e-05,30778,20341,203,24367,2.436e-05,0.0,,,live
2026-10-07T03:37:15Z,0xd415f72b2122e3fdf27dd25c684e0eb9acfcbc98,0xadc3bfab25aeafbc8e824d7ada97819d55cbf083aa6c8f2bf33833d65cdb4454,1.19,1.086e-05,331225,117971,2,1086298,1.086e-05,0.0,,,live
2026-10-07T03:37:15Z,0xd437ee6919ebad423e65afe8d27ce3e913202ac5,0xa93394f880a3f482c67afca2bea202e3d4d436b1,0.77,1.509e-05,7496,0,1,7496,1.509e-05,0.0,,,live
2026-10-07T03:37:15Z,0xd44beeec16098a66889c913978f6cbbc601e1111,0x6cc762cb2b69c6cafe3cf209621d9fda8ec10e07268837785959fff593c57522,0.14,1.341e-05,13413,2,6,13413,1.348e-05,0.5,,,live
2026-10-07T03:37:15Z,0xd49288cedb89ee3c0553edde5f3140daf6b27405,0xa8c5d544a681d0d76b911b5be899925c7d6bd8f1767fe987cc304324c7c0eba4,0.42,5.138e-05,25905,27605,153,51382,5.138e-05,0.0,,,live
2026-10-07T03:37:15Z,0xd4db29e04f6a02063964e985254b64a6dbfe1e18,0xbcd8446978061ec959cbb98b2eefcb00ed3044c12b588f9b033623c67f970612,0.11,1.999e-05,20000,1,6,20000,2.009e-05,0.5,,,live
2026-10-07T03:37:15Z,0xd51345b40051d8394686db8490b2377404ed76a0,0xf60345e3af1567bf45426e1e5bc6faf0e5cc6f4d84f63f4eb589414364a59bfe,0.76,0.0003142,76850,267314,1664,314233,0.0003142,0.0,,,live
2026-10-07T03:37:15Z,0xd5a11f7ecb25419c1aec63bd80e8952868e198f8,0xe9aaea4bcdf1afa5f7303225ad7fff70fd664589e30df6f2ed3a3f149e7e9e2b,0.14,0.0003707,51429,94252,237,84676,0.0003707,0.0,,,live
2026-10-07T03:37:15Z,0xd5d04a84faa98b317ab182611922899972da3af0,0x85481ef61c15b6d26998da61dce29685d3abfc63,0.14,1.523e-05,7593,0,1,7593,1.523e-05,0.0,,,live
2026-10-07T03:37:15Z,0xd5e71d1a3c098cbb7d9b1d71574729577192896b,0xb5a95446f1833598a3c3132c56fe95c4bd53028ea67da9a4cb2a60f9bcc02395,0.77,2.103e-05,8271,12670,139,21031,2.103e-05,0.0,,,live
2026-10-07T03:37:15Z,0xd604a7d84f30e9d696e0955ed7aac84c4c7ad213,0x47f657ca0aa47594c7e90acc18b62f357cb7582983e5e609cfac69ca8f1e364a,0.63,2.169e-05,25450,19186,154,21691,2.169e-05,0.0,,,live
2026-10-07T03:37:15Z,0xd66f3959e3565b760d73999ea7bc4c97fdf3d734,0xc94f3ca7a45f19747ef491ec8e49c50283afaad6,0.78,1.507e-05,7487,0,1,7487,1.507e-05,0.0,,,live
2026-10-07T03:37:15Z,0xd70545f47d81064650f221ea02b28b20c6967777,0xfbc8133ab4d3a222ebe23698603fe2320cdc7feef1fb2532d72528dd9cf21270,0.21,0.0001245,38493,17263,77,28449,0.0001245,0.0,,,live
2026-10-07T03:37:15Z,0xd7748d4c9a52b6eb56f84d808e5161629077e687,0x2837f5f40b7f26c9a4040dd7880aa2b7fc316d50f42230ae40fb6c20c486453a,0.25,5.564e-06,5565,0,1,5565,5.564e-06,0.0,,,live
2026-10-07T03:37:15Z,0xd7a712f3b8c574c87b1b2bd1682431093c49dc1c,0x73cede53c18964172f0252bf5b65f7d41c5b55039c753fd69d0abe7373227484,0.75,2.913e-05,25889,195318,1241,29136,8.189e-05,64.4,,,live
2026-10-07T03:37:15Z,0xd80186f588c1db932cb228c9056ba63c3f56ad14,0xc8203a694df637d1b17e4075a28bdf061494374f85fdcdbd4a7efb4b703f8860,0.56,0.0001707,35037,48203,179,38993,0.0001707,0.0,,,live
2026-10-07T03:37:15Z,0xd81eb3e062f15e4af531f4299ca358c925f17777,0x88bccf898ce381ddc4b0ff9e55e7223b3117cd4edb1947fa833aadb7b5877847,0.43,0.0002029,49139,51593,216,46360,0.0002029,0.0,,,live
2026-10-07T03:37:15Z,0xd873275761d2a88ef10c1dfff4b6224edd56b838,0xfffea0bda04696e4b9d81ed5157b3268d1b03f63,0.14,3.983e-05,2,88629,644,13278,3.983e-05,0.0,,,dead
2026-10-07T03:37:15Z,0xd896c65d668dd99b0c2f76bf208c14ec6564b777,0x4054f07ea6e20854878020150bd6326a7606fe4340d9fa56115009733c2a40c4,0.42,1.337e-05,18721,14211,62,13352,1.337e-05,0.0,,,live
2026-10-07T03:37:15Z,0xd9863b2038f8b0aa527e3ec895c2a3a89fd274b8,0x656f33924bc80560b12ca991b95a3c0da45b292f7a089798e385ff213af74414,0.13,0.0003654,51071,111236,232,83475,0.0003654,0.0,,,live
2026-10-07T03:37:15Z,0xd9b48278853130bd8798580a62319d17cad9692e,0xd4662833aea303c859c92fe778d525b3aa6543fde07f6ba2c81a5ef9536e69e2,0.64,2.516e-05,26356,20925,153,25166,2.516e-05,0.0,,,live
2026-10-07T03:37:15Z,0xd9c5c09ee434bf49425aa1f9f1b8bb74efd9cac7,0xcccc89623b1a7c79072e56d40c0750b969f7b303651b6845562cf0b58430ba58,0.72,2.801e-05,27608,20274,154,28012,2.801e-05,0.0,,,live
2026-10-07T03:37:15Z,0xda2dbd8e08846d8812c145ec737ef875cbd37f46,0x8176f249fccae9adce884685756b79005292cf7937223d55c07d247c590de718,0.15,4.416e-05,17750,2970,7,10086,4.416e-05,0.0,,,live
2026-10-07T03:37:15Z,0xda62aaed621ade639521000bb1e4578571155ed4,0xd1e0d8d1bd6f0fb569ae9c448dddd8f4e7bde24a4ff880b02635fb51ac8d51d7,0.15,6.767e-06,6768,4847,5,6768,6.767e-06,0.0,,,live
2026-10-07T03:37:15Z,0xdad004cff3d27a3a2dda5eb4bd39ae51fc1321e3,0xd65d371fc649f999154eeae0e27de82445cb17654417d16f3d86f6e56347d6bf,0.3,0.0002648,43457,81969,239,60488,0.0002648,0.0,,,live
2026-10-07T03:37:15Z,0xdbca8fe9b7885ea1f5b09cfc39344cd2aefe1111,0xf6190d0848693c58f5222549f68ee14f22d72ef8bf99bb51ae7d6bb3af1403e2,0.14,6.807e-06,6808,2,12,6808,6.807e-06,0.0,,,live
2026-10-07T03:37:15Z,0xdc1235e942a05c3b50a2879df69a2865d86e1e18,0xf02b4ae766157436baffc91eb829aadbfdc6b020714b4962e2dc24dc3bd6fbc9,0.61,0.0001283,82962,495356,7857,128008,0.000296,56.7,,,live
2026-10-07T03:37:15Z,0xdc3b7aa3ecbdc14c54e4418dfdde9e3d04317777,0xff545a2ee13c1409dd79d4cf505a93930cb52ad373e40700da44b4f002bc56a4,0.12,0.0002072,49675,42949,177,47355,0.0002072,0.0,,,live
2026-10-07T03:37:15Z,0xdcbb7c64dec55b48fd0226e36151bee7f6baf38b,0xe8578b778d0e6a3827bd4c4888d7da8deef6cac43c548743e32068778d6678ea,0.78,3.136e-05,28030,21540,155,31361,3.136e-05,0.0,,,live
2026-10-07T03:37:15Z,0xdd45d0a1bb6d274b53f69ce99de63d8b269192bc,0xb11ee98cbf9eff540dfffb64c1273c446b9e26f1a093a7f42b3191348cac36b3,0.32,0.0003597,50640,106668,238,82173,0.0003597,0.0,,,live
2026-10-07T03:37:15Z,0xdda300dc2d7bff6eb9f7443ad7667c1720de7777,0x792ad80acaf2d955747ad9f18129c9aeb94d6d1d04bd1d780a1411427e50dcf8,0.21,0.0002283,52129,61151,234,52172,0.0002283,0.0,,,live
2026-10-07T03:37:15Z,0xde819cb1cad1d510949e15f97190e2aa962e7777,0x0747bc9a8083066b77fd3c7085800e770c3c49c70986761baf90a248511c93c6,0.56,0.0001192,37768,19598,92,27244,0.0001192,0.0,,,live
2026-10-07T03:37:15Z,0xdea1f8e5e0db0f2ece3ab9f87f637f10bc271777,0x59906c40d430a461302f7c5aa5e71ccf24b468e13685bdb2a4a62527fe6230df,0.44,1.862e-05,22083,14534,66,18589,1.862e-05,0.0,,,live
2026-10-07T03:37:15Z,0xdf8303387c3b53050133d4f98c28862751a87777,0xe40310dbdf069fa604151da259e3aa0aa91a15405d97401bbd24860766321975,0.42,0.0001845,46873,51187,205,42170,0.0001845,0.0,,,live
2026-10-07T03:37:15Z,0xdf92c095747f4671d79bb07172a6feb1bdc8fe50,0x5df7ad1909bb3bac9cf78092e4ee1bf7825a05decc3d40b39a8bee75d8f65d11,0.66,2.0044,20044,2,1,20044,2.0044,0.0,,,live
2026-10-07T03:37:15Z,0xdfc7e3542030419776be5c599daadd18a9b7aaac,0xda0ffead3406c7d4c033568b178f2a3aa3003ea5d614a84f2b45e5ab6918910a,0.47,1.104e-05,11043,375,10,11043,1.104e-05,0.0,,,live
2026-10-07T03:37:15Z,0xe0a9517b8d93d3ca17a2c0c86b00e92fe6aebda1,0x14c3df7a25966c6b462f4258c74af543203ff27d412364675c6a9fa42e86074e,0.68,0.0001468,99111,311628,808,146837,0.0001468,0.0,,,live
2026-10-07T03:37:15Z,0xe1243842e091f073841fc1ac9527ea7e64f168bd,0x5e16357a83d5ee8b900ae9c902dfbc829e71b5e9aee99af9215b5a9a42a93dc5,0.16,0.007905,2377648,294,8,7904880,0.007905,0.0,,,live
2026-10-07T03:37:15Z,0xe2530539ae0655b919b7349f5119ec66012d9057,0xf511931fd6a5d4436a18acbe5f20b3ca047f79984573c4af01f983b935ad9d27,0.07,0.0001734,35080,42709,117,39616,0.0001734,0.0,,,live
2026-10-07T03:37:15Z,0xe25f436bfbbc62b92cf8c9f244e49bf3eaf27777,0x117cf1885780240e0fa953046d8cd0addaf37520bcc3189a45ebb79db72e0f44,0.11,0.0002513,54663,58140,233,57431,0.0002513,0.0,,,live
2026-10-07T03:37:15Z,0xe2d404b252ace52fa881e3c9f7fb2e5b401deeaa,0xf7545114d2ebc355a4624b9685c5c76b396399bfc656ec8de54cf408d7dd0352,0.73,9.952e-06,6640,212706,969,9953,0.0001571,93.7,,,live
2026-10-07T03:37:15Z,0xe2f842ed90765e1e87a2f0bcc76f846a023b0777,0xad645d8ce25a90c8011a6dc26441977bba6c3c4434b7b7d181ff5722db03a0be,0.76,2.778e-05,26993,48522,187,27732,2.778e-05,0.0,,,live
2026-10-07T03:37:15Z,0xe32a6c782ea61fa61a382f95b7f8f368dd207777,0xc90f7270415638cc815a0e3eb6e1cddcb1dc0f5420d62b43580a4512b8849998,0.3,0.0002023,49055,43850,176,46234,0.0002023,0.0,,,live
2026-10-07T03:37:15Z,0xe3477145951951bd048782dee30bb5499a185079,0x69b8bc9428121015016dd06a09110b32b15185c84afed09b1407e9b673b87153,0.19,0.0001751,35357,54143,185,40001,0.0001751,0.0,,,live
2026-10-07T03:37:15Z,0xe34930a3e06591081eb73ad7017ed5779dec080c,0x0c621e71df0cafd32ec43c7fd8252d3d207dee19,0.27,1.524e-05,7596,0,1,7596,1.524e-05,0.0,,,live
2026-10-07T03:37:15Z,0xe36e06ca66fb55d6568a16ffe4760178f51f4590,0xd4244cabae594943508877a9d17868f3a6cf390d8dce93ca3e4c1f69435e7737,1.35,3.906e-06,6012,138,22,3906,6.109e-05,93.6,,,live
2026-10-07T03:37:15Z,0xe3a65a1f99c505139aecca5cdb6ebebb296e3380,0x60b4709e2a9a5fa278e8345724fc4cadf70e9760,0.13,9.713e-05,0,52563,227,97137,9.713e-05,0.0,,,dead
2026-10-07T03:37:15Z,0xe47b8bc28beb1b2f4710eec48fec7d72b038efb1,0x92168f79c6e0fa744aa7c8c21f9f3ed7d6b2e8d1602d1aac6a210e7688221087,0.85,0.000181,35955,74761,223,41353,0.000181,0.0,,,live
2026-10-07T03:37:15Z,0xe484108dd95274678308925445e8d3f3f4dea777,0x48662325254462d70204937a3830db253ab090612f2906f2c7d42b49a7fbc5f4,0.54,2.759e-05,26960,43432,157,27545,2.759e-05,0.0,,,live
2026-10-07T03:37:15Z,0xe4e8aa009c7ece78c25af8518a40c6dfce42aba3,0xa9168f51b7d88be55c1820a8861a54776fa5e9144c0483a90b0422f6fb0080df,0.15,1.867e-07,15821,28791,643,18670,1.904e-07,1.9,,,live
2026-10-07T03:37:15Z,0xe51e7dc0732a2ce8cf12045bfcd348b18c3398d5,0x7d1de28ded06546b7ab1268d4a9d2de836a4b8dad8c7103d9a784099278362da,0.42,0.0001709,34924,46549,168,39048,0.0001709,0.0,,,live
2026-10-07T03:37:15Z,0xe56af4bfcc36ef1ec8c0239c5fdf654c0ee66777,0x105598e8863ee90514d6bece2eb6225b0a01edeb35b22f83c8712782e544691a,0.38,7.865e-06,14355,616,5,7850,7.865e-06,0.0,,,live
2026-10-07T03:37:15Z,0xe5942873054e7ffe1a1885ecb4567b565acd6e4a,0xf761e16a3921f388f03995ef58c3be7450b1c298b0a82594b630e09096598ef7,0.08,6.782e-06,6796,21263,531,6783,6.782e-06,0.0,,,live
2026-10-07T03:37:15Z,0xe59b0ff562a72881803802ea0382dde66e669b69,0x174820aa84d7c4c08bed69ad215cf37d7a121e8be24fc8f81a7fe517e146a981,0.42,8.059e-07,13182,1201,12,8060,8.059e-07,0.0,,,live
2026-10-07T03:37:15Z,0xe5b9e58850345d68ab46a4367bff10ddcf25e60e,0x09d38d96d71959d9a161313ca272d22239c5cdf1623fb1f1047a46f16a6c6e85,0.38,2.278e-05,26021,16401,148,22786,2.278e-05,0.0,,,live
2026-10-07T03:37:15Z,0xe670fea66a414b3aa3d5a1a692cf2be79fc21e18,0x72178195a7f64f768a1bb1a4f5a0edf96c9d352cb7ed5735a683c89f2d813ec3,1.72,1.993e-05,20013,357,9,19933,3.239e-05,38.5,,,live
2026-10-07T03:37:15Z,0xe67bba951bb3f342b5d23175df6600e167a77a56,0x3c4c54fa1b9148036bda49115a8e24613ed064a78c50fe6c979377748d60a503,0.46,5.457e-06,48541,55121,221,54577,5.457e-06,0.0,,,live
2026-10-07T03:37:15Z,0xe6e81dfc313722f2edd181f72bd9360b89f446fc,0xc913f088ee52a2c3111631e20da29e5dcc2cf6af83d5af400b85990955c04051,0.21,2.177e-05,28966,19007,203,21774,2.177e-05,0.0,,,live
2026-10-07T03:37:15Z,0xe6fbff598b15360d23b29cb7c85c1c074fbb0336,0x8d15d30b976bcb56ba03daef5d40649c8c3368e4ab444e85cfa4c10d65f13169,0.27,0.00034,49273,119334,239,77666,0.00034,0.0,,,live
2026-10-07T03:37:15Z,0xe79ba7c1841a86a57a488dccac2227cd7af34ba3,0x1487a7ebc5de8984a638dafbe4f4574dbce3aecc30b0b715dd45d4ffd1044ffa,0.34,1.015e-07,8634,6,10,10157,1.02e-07,0.5,,,live
2026-10-07T03:37:15Z,0xe7d0c84c86f84dc82b0efaffb2731081160d1e18,0xd6981a99e5a597adcd24a58295103d22a22fe292de06005ee4e44f46f4f48af5,0.38,1.997e-05,19977,2,6,19977,1.997e-05,0.0,,,live
2026-10-07T03:37:15Z,0xe7f404a2b56eef88af5cdd2df355af504f356bd0,0x7dd7961b06e40a70b76cc53e2aaafbb601fe3cbbb8c3e7d8616272da98fb1223,0.48,3.861e-06,5857,3314,65,3861,3.861e-06,0.0,,,live
2026-10-07T03:37:15Z,0xe88ab05885086252a7b43adf5642ddc1388a3ed2,0xc4ed9e791f6ed7cb3667b79296b209c36c56dab3,0.55,2.436e-05,20713,4,3,24368,2.436e-05,0.0,,,live
2026-10-07T03:37:15Z,0xe95a2f142761470203595fca1a5bbf7dde584cf3,0x860e61f4a42c65e2fb9afa0f79d13217c9ff67501f8a08288f1f558cd2bbc600,0.69,0.0003505,50199,109252,237,80061,0.0003505,0.0,,,live
2026-10-07T03:37:15Z,0xe96bbeec5ce1075318bf5e6a08cf1e0ceb491aa3,0x3b322852a86c60329eac7e2e3031a2808493ebba08da61646560a0b95c745276,0.66,4.989e-06,4990,5,3,4990,5.01e-06,0.4,,,live
2026-10-07T03:37:15Z,0xe9ac0071344a02b5a1ad5feabfb569093cff8777,0x4e799f284a781f336b9fa1e0c65556e0909c61d95293e5a9f82eece13a28c860,0.74,2.057e-05,23265,43556,175,20538,2.057e-05,0.0,,,live
2026-10-07T03:37:15Z,0xe9de5ae1e14076ad48e6f74f8090beb06097351a,0x0351662a406f95ec35abb2edd592268b50e9a977,0.56,1.506e-05,7482,0,1,7482,1.506e-05,0.0,,,live
2026-10-07T03:37:15Z,0xea0ec29314ce68b946e30e7ba15156321156c78a,0x4577a1fe83c0362e3d31a367f65ff20fe4f98eb7f558bdf0d5013b1db67d25ae,0.69,7.286e-06,7284,134,1,7287,7.286e-06,0.0,,,live
2026-10-07T03:37:15Z,0xea4662b78814f2e754e59c102a612e5c7786ead3,0x288d993e7faf95320b4df0ef63b96f1b0fe7434e06f1793a5f78aaa264bf8d5a,0.33,0.0003267,48242,102713,234,74639,0.0003267,0.0,,,live
2026-10-07T03:37:15Z,0xea986d56e3542a05d1c19a911abdbdf9f1072131,0x15f2a523a749d62a697c51375ad010b9dde267b81029831ea649ecd00e6d6e54,0.31,8.896e-06,13133,1720,12,8897,8.896e-06,0.0,,,live
2026-10-07T03:37:15Z,0xeaf85e0a67731be09bba301c39bc6f93ce66d409,0x2f3d7fec67dea9a10474413ae6ffc8befeb9212a0b66ff8632a0c735daecc163,0.56,2.386e-05,8810,12985,123,23868,2.386e-05,0.0,,,live
2026-10-07T03:37:15Z,0xeb049653e2e5b4ec839492f0e977473534580b1d,0xf822a50c4e5ad76daaa44124bbf0ef0c836c5c6a6e62a4327ab176dd21c0bf94,0.34,5.017e-06,5017,0,2,5017,5.017e-06,0.0,,,live
2026-10-07T03:37:15Z,0xeb135bc0b32f0ff78efe33ef45870a2fe5cd8b6d,0x4f4b2c6b1f20f7bd61731a4a5fe8e3ec701f9a65,0.78,1.508e-05,7490,2,3,7490,1.508e-05,0.0,,,live
2026-10-07T03:37:15Z,0xeb3df95e4efba2686bb2f04781456bcf83426d06,0x9224889d3f07495d0f4627168765974588bb4f9773b77c9ba1ad70e49e13765f,0.24,0.0002732,44184,98267,205,62419,0.0002732,0.0,,,live
2026-10-07T03:37:15Z,0xeb4e61af13759d344bf6c513b6069c5b873a57ee,0xfd354859ebc88bbb5939e3745d2105460086754e228579d2c5a1309ff21ef851,0.22,0.0001167,28863,27342,102,26660,0.0001167,0.0,,,live
2026-10-07T03:37:15Z,0xeb78ab486bacc86a147e7df645f27c51afe292a0,0x8b9a91708ee736cec7a6ec9b333511583bf10540b44a62a05c67fec86e9b36e4,0.27,5.56e-06,5561,1,4,5561,5.56e-06,0.0,,,live
2026-10-07T03:37:15Z,0xebae02686cc0c7578bf7d8c3f9a2f7e14dead777,0xfa48a487212ce9aff7c4419d4d3b9f38d7340af65951da866ad066672cfbdeb4,0.55,1.554e-05,20223,23252,93,15519,1.554e-05,0.0,,,live
2026-10-07T03:37:15Z,0xebaf29bf565397fdb43018a824eabb6b38d4aec8,0x2cc56d48dc9e4ae633c8500afcc0516a1d474877,0.33,1.521e-05,7580,0,1,7580,1.521e-05,0.0,,,live
2026-10-07T03:37:15Z,0xec5ec0605f59c1a449c9f46e706cae85ad71a2f5,0x645c1d513c07fe01547cc1975702e50c5602a4e410dba12859d073f729c294e3,0.35,1.888e-05,29140,12817,153,18889,1.888e-05,0.0,,,live
2026-10-07T03:37:15Z,0xec90cdf6ee6799ac4b1108e71e4a62e2eff01e18,0x5117a84188af7f1bb07f1d0875808e0c211a7045127398bcf68ae9bb3d8ffa7c,0.64,2.02e-05,20202,19,9,20202,2.02e-05,0.0,,,live
2026-10-07T03:37:15Z,0xece00ab5f09beb79041bc08ec4c03dd86fdbb6e6,0x655beab574165975d4e7fe10bdb6608c26d447bef2fddf38f1ce48ca9146d990,0.54,2.463e-06,21533,26750,123,24631,2.634e-06,6.5,,,live
2026-10-07T03:37:15Z,0xece3a0c0cdc4534fe1b1759d51fcf9929e57bd7e,0xd416bfe00c929ddf55d3653d470daa188b4def90e4b70e8dc0e8f4cb56335308,0.16,9.612e-05,140023,54282,374,96125,9.612e-05,0.0,,,live
2026-10-07T03:37:15Z,0xedb6b2a5cb28696fd573cf484f3e9ca3a34787bf,0x4eabddbf53f1c690731b2429f10967cbd11a8c177374b184ddb455964305d7b2,0.83,6.819e-06,6819,1933375,5636,6819,0.0001166,94.2,,,live
2026-10-07T03:37:15Z,0xee049979960d5e42b389b941ec45790ca7b6e1f7,0x92a4f531f82e1440d6e349bbc2ed42ba389e013f,2.61,0.0003236,56385,1843,47,323638,0.03389,99.0,2,False,live
2026-10-07T03:37:15Z,0xee993fd9107c1b12d562b5655d09c2ec03c17777,0x299293078408e17f7dd683274d8755a9d8cf8856efa8a91cb972ccb878fd9426,0.09,8.822e-05,32361,6234,34,20157,8.822e-05,0.0,,,live
2026-10-07T03:37:15Z,0xeec53e561a4942eef08e1f907bc8fd53a08c4777,0x53d453a7c3b63a7ac7c5b4b6eeaae430d39e9dda7622c5f78b8ac47c7e54e5d5,0.84,2.441e-05,25291,48890,185,24365,2.441e-05,0.0,,,live
2026-10-07T03:37:15Z,0xeed7a016a8cdc86446db125e3ba7eb73757c3855,0x862f3bb41c8c622f2bc550d2b91f6e58ea35db386b1f581c98ec5e17335dbc68,0.19,0.0002736,44203,104489,233,62495,0.0002736,0.0,,,live
2026-10-07T03:37:15Z,0xeefb19bff2954b6237f12821be810533d380dc86,0x71e2b0187ad7b7bfcd9c3cc3ef408e509d7a31186fb5eeadfaffa7d7b763a9d2,0.69,2.718e-05,27188,1685590,3357,27188,0.0003488,92.2,,,live
2026-10-07T03:37:15Z,0xef78156375c9e0734cd532908ddeefd0951d7b14,0xead8dc7afa7e5c477f51257e91add67c4b29cde9,0.78,1.508e-05,7490,0,1,7490,1.508e-05,0.0,,,live
2026-10-07T03:37:15Z,0xefef20c66a38b53b4c6e68e7b4291266e211931c,0xa366212c195d5e75559dc571def8752d8538ab54814024c43559298deb346694,0.51,1.153e-05,11481,1027,6,11532,1.153e-05,0.0,,,live
2026-10-07T03:37:15Z,0xeff32ea13680c316dd1cfda9df5e4e48c208e99d,0x4443725ca047831644c6d0ea1d3ef355804f44e4a914c4275b5214ca47d30807,0.26,5.33e-06,47959,71136,255,53309,5.967e-06,10.7,,,live
2026-10-07T03:37:15Z,0xeff3a90391c778d04297778e39650cca0c35243c,0x9aa1439c8ec448cc634988edfdb535cfe7de1406beeef940c187e4e933482b78,0.78,0.0003544,50469,95153,212,80952,0.0003544,0.0,,,live
2026-10-07T03:37:15Z,0xf05a3b054c5c507c39e6500a440c635e4c81486d,0xc57be081415015a0e13e7fc73487e44b6e6273c050979407b7b034d4f15d3b87,0.56,7.919e-06,13104,1133,15,7920,7.919e-06,0.0,,,live
2026-10-07T03:37:15Z,0xf0ae41f3cb009cee6c0f0824a25d5e677983f645,0xb55fdad9febbed32da87427414e176778736bb85df1a14d2514bafb23d7194be,1.51,,,,,,,,,,dead
2026-10-07T03:37:15Z,0xf10f0a0c79d977471c8ed21eb806ec24b3532415,0x9a3dd2793f1022f082fb32ade4b40c96db01d3cf3096958a13537e601d4c4325,0.35,0.0002696,43766,80678,242,61585,0.0002696,0.0,,,live
2026-10-07T03:37:15Z,0xf13f2d9f443dc218582f7e8762a2f9afb5a61e18,0x7f830e84df1efb6acbf6ed3974dcbd95a02c60c0d9b917c936bcd309f01e5b33,0.43,2.02e-05,20207,7548,90,20205,2.441e-05,17.2,,,live
2026-10-07T03:37:15Z,0xf16a3a86c61255eec306db0a36d67a45e7b86b8d,0xa4fcd52a9308ce87efb2508072c7fe912ae5d2d271afaf66cc1b13b33b6242b0,1.12,0.0001212,118843,26855,181,2982,0.0001212,0.0,,,live
2026-10-07T03:37:15Z,0xf1d958a5edd31308f02edd46cd9b6cc5e48fe8a4,0x3fa819218e5424d35b90ae6c4efd7fbd6cf8082b8d902f49996f893ca14ba919,1.29,0.3601,58361417,7615,32,360186128,0.3671,1.9,,,live
2026-10-07T03:37:15Z,0xf1e212ff4bd678d51f1c8cd13776487c8bde1764,0x7fe9e8f6399a6c996f29dc987951270bee24d8ac,0.09,3.345e-13,0,36591,35,,2.119e-05,100.0,,,dead
2026-10-07T03:37:15Z,0xf21b6d9b337abfb40f91bbbb0b1c73ccc6cb45ea,0xddefc8467c9b77e3f2c1525e0cb0f453e4408fc0,0.1,0.00117,108247,1814787,4504,1170598,0.00117,0.0,,,live
2026-10-07T03:37:15Z,0xf23301ef7ac4a7bcbecec6a94ff8060787692226,0x6642db2a009f7df12d6dc42b0c646e6de9f761b2,0.26,1.522e-05,7588,0,1,7588,1.522e-05,0.0,,,live
2026-10-07T03:37:15Z,0xf294b0cfdec537300e8844db5a907b51584d7777,0xb3ae73b5e6d92842dafd564c549ed9b73697e0bbb1f6bd9a8eb6c32b6c9758c4,0.22,0.0002278,52074,67757,233,52064,0.0002278,0.0,,,live
2026-10-07T03:37:15Z,0xf32d67a0eb9b85f93b91d173728edf12ea4b4a6f,0x46fad0031da20dca162375c9dcbe462ef9b973a915ee9791af3e027fb17f544a,0.85,0.0002326,40757,78844,239,53135,0.0002326,0.0,,,live
2026-10-07T03:37:15Z,0xf39159216026082b6f5975210465f2b27cd7433a,0x2e121f5f912261779d1bd911794c8118cbb96d57a27b88883b50de4b41c8259a,0.49,1.327e-07,13132,4393357,13710,13274,4.216e-06,96.9,,,live
2026-10-07T03:37:15Z,0xf3b81ca0db47c62f357536bf706fb9623909e77b,0xafe979a3a4bb81a0a22951af4d026b53a90f253db85f2f00b7ea5a45d9240a42,0.1,0.001047,102481,286854,588,104773,0.001047,0.0,,,live
2026-10-07T03:37:15Z,0xf415bcb8a985e198091496fe58920b82d3877777,0x544cdc91a5001d28cd64bc600eb80c3ed13cb7310b98268ca2465dc888dc3d4d,0.76,0.000115,37046,17250,83,26276,0.000115,0.0,,,live
2026-10-07T03:37:15Z,0xf42da61932687ccb0677e70a32de61359b5ac9a5,0x9035bdd3e48026c43353c1152540fe032b301bfc02720ac4a7230ac40a0f93b2,0.07,6.595e-06,6608,19791,256,6595,6.595e-06,0.0,,,live
2026-10-07T03:37:15Z,0xf490ba0aaaef2ecc493a594b0ba609d4ad0fc09e,0x1380f2e377331e471e4beea1e2f9286366c08e985a0afd2dedb780c06172f833,0.67,2.0032,20032,2,1,20032,2.0032,0.0,,,live
2026-10-07T03:37:15Z,0xf4bc719d998fc88d98c314a6a300bc01f130741d,0x5850b5c3912c7b20c435cf407ebd591f0f2f83d8d1cf07cb109de2fdc8d9cca8,0.07,0.0002867,44461,91966,208,65482,0.0002867,0.0,,,live
2026-10-07T03:37:15Z,0xf640977bda22729b56383b7a466e22d0a8d6f781,0x93907665bf4aa1d0289b6a52061e4a3d46bc0b03bb67555c878494ff78b7bb6d,0.39,2.238e-05,23732,19818,153,22382,2.238e-05,0.0,,,live
2026-10-07T03:37:15Z,0xf6971fdc78ec989ce1ec98041316dca05458f869,0x23f3fd913605b2bd89bce049611cf3266afb77f1d8fe05624fa20553fe51828c,0.64,0.0001552,102703,148826,368,155281,0.0001552,0.0,,,live
2026-10-07T03:37:15Z,0xf697c9d80b02554367413c37162fbf2bad28bfd2,0x2cd484633755bdba227d361a8b359c15aecb25afed100fdfcf1f7e4dec26f907,0.15,6.712e-06,5587,19468,251,6713,6.712e-06,0.0,,,live
2026-10-07T03:37:15Z,0xf6d787d0a305ec224f2312f9633cf8c58a707777,0x89d7e14980ee04fbe08e0fe04b7e641d2367374e275638bec1668407dac2409b,0.24,0.0002486,54401,61280,231,56820,0.0002486,0.0,,,live
2026-10-07T03:37:15Z,0xf8f1429c01aae0b35bb704c516643d0725b47b1d,0x2a8bfbbb2830569bb25e4b17b5eedf5bd7a73355a536a1fe7bbf7f12075e5217,0.34,5.017e-06,5017,1,3,5017,5.017e-06,0.0,,,live
2026-10-07T03:37:15Z,0xf930ed28c6b0398dcfaf7260eb593b25fa4d8777,0xed180790094b8197d43230b372dc1caa59434a6a99c8e32c7ed3421d46ef84a9,0.7,1.574e-05,20375,27856,99,15715,1.574e-05,0.0,,,live
2026-10-07T03:37:15Z,0xf93d626d600152455dfbf144ced2e16c79392bf2,0x92d90c732511e3ea357ef280038b5bcb96e632c55bb7cf908e60cfcaf3a3ca70,0.72,0.0001809,130968,250507,585,180964,0.0001809,0.0,,,live
2026-10-07T03:37:15Z,0xf94cccc10b6f4de2732f3c0cc3ca34ab24bb3538,0x40106c1c103c9c23b6ffd6af6880d4fc53979bbec2445dd6e96f424c54e06983,0.65,0.000321,48020,112470,231,73316,0.000321,0.0,,,live
2026-10-07T03:37:15Z,0xf9bebc691dcb571ce14ce326def9c57138d7a3df,0xa0cecd5f7e8bfbd313d53673ff9849822ff1ba3739b1cec0cb3baf2cbb0f81ba,0.25,7.104e-05,44041,1167091,4405,71047,0.000234,69.6,,,live
2026-10-07T03:37:15Z,0xfa31d04462746aaa24bc7e5626403e09e4b106ec,0x432733840e61898919abd6850d94e2a708621d82fa84656cea0db33142f610a3,15.79,0.0009039,94242,597292,2796,903957,0.00357691,74.7,,,live
2026-10-07T03:37:15Z,0xfa6ed9d2e3996d11b5ac61e0e47b072ddfb71e18,0x2aa72b3287d1b538adbeb0e38635b5de4c18b32230cd31478f99376a5f8e1b7f,0.18,2.011e-05,20119,2702,57,20114,2.011e-05,0.0,,,live
2026-10-07T03:37:15Z,0xfb5ea6b6b250eb7eddbb5a5ef29a3166148aebb9,0x0e5824c8f8a7206befbf1bd64ce352e6f70846d7,0.07,3.088e-05,0,4,4,30888,3.088e-05,0.0,,,dead
2026-10-07T03:37:15Z,0xfb7582cfd5926fcc912eeba38ad8d84711064839,0xf6a8d1feaa93f87c0c55125dfa47d946d1dcde986693637a94498601c37eb0aa,0.67,2.023e-05,9845,12835,136,20240,2.023e-05,0.0,,,live
2026-10-07T03:37:15Z,0xfb8dafa4ffe71d82cc255b5fa92b6d1d945c69d3,0x35713b4ad5d352bccb86c44c1a642c4ba3fc645ac6d130ec0599292ff2fe4c81,0.55,6.888e-06,6916,43630,2545,6889,4.317e-05,84.0,,,live
2026-10-07T03:37:15Z,0xfb99cbc8a014dbd50f618a122f21ca503184e22c,0x2c7c9afccc6539e321e182073e1372a558a7743389a24e9c1091ffd88b8f466b,0.18,0.0001634,163419,6,2,163419,0.0001634,0.0,,,live
2026-10-07T03:37:15Z,0xfbdf953a583cff807f1a2cbbd119b3a4682b97e5,0x6b5c748f2ef96f836766c0284d491c085c8bec44efeb35664b5bc2847691068b,0.24,1.518e-06,15128,914,17,15184,1.518e-06,0.0,,,live
2026-10-07T03:37:15Z,0xfc8efb9796718a29c8fea901fac49c23b0f5ea48,0x23d2affb8b68d2e44cc5f9cfec0d76e92d65480e4cd093e1a440bbd0660069f4,0.31,1.965e-05,31676,10347,153,19652,1.965e-05,0.0,,,live
2026-10-07T03:37:15Z,0xfd1c28ef54856dc02f8ef7de71805ea7bf111077,0xd8d58f53445b4af5081f8396307b9febbdbd01fc86018943aecda6f58c113678,0.39,4.921e-06,5842,192561,2374,4921,3.672e-05,86.6,,,live
2026-10-07T03:37:15Z,0xfd7e7fa024479f6813c503e6080831a389133b8e,0x645d58e38ad9872626c238441c8dde31d02c5c05ae2bd8445b9b1d5f69a7f9de,0.72,6.38e-05,56079,21555,73,63805,6.38e-05,0.0,,,live
2026-10-07T03:37:15Z,0xfdfce5e9b8d02c6e037ffd5918807a240b84fed4,0xbd21866b65d4fd8efda49e0631acbc58a6bc54d8d63d5500f884e084ca00cc67,0.47,5.554e-05,50475,16943,43,55547,5.554e-05,0.0,,,live
2026-10-07T03:37:15Z,0xfe196654722338e1694e95d2006c81f4e4832777,0xd3417b8510ef36b53f2bdfa21d8e7fc7837110d27570ce476bf2bcbec4b5e4c0,0.42,1.725e-05,21254,25889,107,17222,1.725e-05,0.0,,,live
2026-10-07T03:37:15Z,0xfe53fc99d4f01fc78474a86318ea4260102caf75,0xf3e70c2295dd63cdb3b024d3107c4c0d84104b9abc7d91ca3bda8f15ab82e4a8,0.37,6.305e-07,56961,2822786,2297,63059,8.684e-06,92.7,,,live
2026-10-07T03:37:15Z,0xfe638ad053084106e6170a6f03026cbd30659a90,0x88dc5fdd35b67e81d4df323c198f15eb48fc0dce,0.22,2.702e-06,2745,839643,3394,2702,0.0004981,99.5,,,live
2026-10-07T03:37:15Z,0xfea64e56a2b4aaa69f3ba089de22fc0c89b6b5be,0x1d67cb4ece913d3ee9ce84f1c000de65b367dfe74146f95a22d1c8b5669c21f0,0.12,0.0003593,50655,84585,238,82069,0.0003593,0.0,,,live
2026-10-07T03:37:15Z,0xff3c0045812b6ab6945db84e85293e321c6d973d,0x149ba5913df2a2c186c6cd790b9995af3c823466aab7f3540ddd935f8b2cce91,0.47,6.758e-06,6758,540,5,6758,6.778e-06,0.3,,,live
2026-10-07T03:37:15Z,0xff4c3278e735fa52b1012b06748407d26e047f18,0x5560b76440e9b6660ab6ca8c7ae1941c92abffcf,2.19,2.988e-06,2982,3774,2518,2988,0.001959,99.8,3,False,live
2026-10-07T03:37:15Z,0xffa707b86da584cc647db28da737773bdda69ce9,0x8f6783331091cfa16384603b6d1c51b36f153c93,0.04,3.071e-05,0,2,2,30719,3.071e-05,0.0,,,dead
2026-10-07T03:37:15Z,0x25c9b8aecf7605c42e9b064cbf5251f8eb370e71,0x37db019cd8f650362bfc2f55131dd30a5a4f93c7c0d4f18a3865bdd010813203,0.01,0.0002384,40578,81273,240,54466,0.0002384,0.0,,,live
2026-10-07T03:37:15Z,0x2faee6b6888283c170f97de824d67daabc052d7b,0x703b2bcdad4511cce84e465d93a17e0b0097ed95e3da132aa8d236a1db89bb3d,0.01,0.0003408,48511,106978,231,77846,0.0003408,0.0,,,live
2026-10-07T03:37:15Z,0x4a2e5c4d28d506c40cb9bf11324a60a36cfb46df,0x24864033211e7523fe784d7fb43293a7635ccae99ce5c57c06f30c5944506b8a,0.01,3.3e-05,60952,3645,19,33006,3.32e-05,0.6,,,live
2026-10-07T03:37:15Z,0xbce04e6be60abbea05477960c24e3e52575ec0ca,0xf3bf21852c8cce5df5349deb221688a426b613b4af9b8a335a71d62c8f199455,0.01,2.607e-05,26071,3,4,26071,2.607e-05,0.0,,,live
2026-10-07T03:37:15Z,0x8244f38ffc4270c78f6467c8165c6f95cb29fe73,0x8e666c6953137ef85d7cf8022f5fe0d2a0288e49b4924ea9a3f1e25ee9214c3f,0.01,2.607e-05,26071,3,5,26071,2.607e-05,0.0,,,live
2026-10-07T03:37:15Z,0x8ab45f594f14f46b8e09a6436543562d2ad07777,0xa5ca8a2529e4dcd86fd1463d9130bdb6ab60d7ab4f59d814bffe63b203685310,0.01,0.0002304,51491,57768,205,52656,0.0002304,0.0,,,live
2026-10-07T03:37:15Z,0x08ef8c3d4f682492291c1ee02ac4038b5d22c65e,0x914624b86dc39e3813060d26d637cce9ad53d9190df01e0612b47cc0f51bd4bd,0.01,0.0002913,44838,82824,217,66549,0.0002913,0.0,,,live
2026-10-07T03:37:15Z,0x1e7026a6f453e8deeb5664091afa71cae68c31a9,0x87829122120f7d80ee87697cdb5e358ec9e39e5a44fd6e342898cad2055be6b5,0.01,4.091e-05,39125,15043,112,40920,4.091e-05,0.0,,,live
2026-10-07T03:37:15Z,0x511c245be130716d302173613471d687b1563cec,0x9d3807bd566c9a7c885dece61a6c27663350238e2e0263530f3673043ff51367,0.01,0.0003607,49893,125002,216,82399,0.0003607,0.0,,,live
2026-10-07T03:37:15Z,0xea2619e61a4d2db3c6de382b80f6deb56e19e10b,0xcca26ecef8103e901ecfbaf68d0304ccb1dc50b7ad469bddc6eba40b61b790aa,0.01,9.103e-05,25077,16654,57,20791,9.103e-05,0.0,,,live
2026-10-07T03:37:15Z,0x92cebd04f3ac3c7976240f4cfda5c60901607283,0xb5683452665d72a14d9cb78c38aa4aeae4acbc12f0cbd5f7eed80aa44ad6b087,0.02,0.0002589,42293,87332,220,59138,0.0002589,0.0,,,live
2026-10-07T03:37:15Z,0xca0d3b9313714cb3ec0414f5a9fb536aa9ac4cd4,0x2e92bff138bdbcfd22fd5209fb2f52bdb892ba653d34118b1521baf78d9285c0,0.02,0.0002084,87181,314318,932,208487,0.0002325,10.4,,,live
2026-10-07T03:37:15Z,0x0298082b74a78bb72471efe9274847a153537777,0xed4d2ab71d0f1b50681180c71d29f47be761b4a30fa806ba13bef941618bf82e,0.02,0.0002484,53493,59550,230,56763,0.0002484,0.0,,,live
2026-10-07T03:37:15Z,0xa91c23d91ae3e4acb35c9cea4a05e8f8909781bd,0x4bc6624eb680ea4f1f116f95a8af84add2b442c90359ff4d0de82ff112f44e9b,0.02,0.0002394,132018,144185,480,239451,0.0002394,0.0,,,live
2026-10-07T03:37:15Z,0xc527e864f165ec931f2223968605f37b77681272,0x7e280f510ab4bb74d00bd71356314d15af20330e,0.02,0.006616,5955066,2,3,6616740,0.006616,0.0,,,live
2026-10-07T03:37:15Z,0x501c268666b28f7fb23bf4b970188005d6392fd2,0x4666329175ea1f456aecb9cd0099081c6131e18ed26ec1d326c5428b43e5c412,0.02,2.612e-05,26125,1,4,26125,2.612e-05,0.0,,,live
2026-10-07T03:37:15Z,0xf9d5b3ebb7ab64c8b76483c71718ed5f3c282635,0xff89b5363e3373676ba36a6581a63266334476a8b04dee36db1999dc91bc52aa,0.02,9.917e-08,9917,2,2,9917,9.917e-08,0.0,,,live
2026-10-07T03:37:15Z,0xa5c8cc9fbe4b41b383edb70348d28dd287c63e18,0xddc30709002e268d820bda2b6f8b59675e7e9b2f42c3bc5c80caa123f77336f3,2.44,9.576e-05,29280,77592,2689,94921,9.576e-05,0.0,4,False,live
2026-10-07T03:37:15Z,0x40d87914780065fb840a809065120c1f0e907777,0x1dc56c01e2c5240d005608568d0212bd29b3165e96db696584381b9ce6d57337,0.03,0.0002221,50609,59325,233,50755,0.0002221,0.0,,,live
2026-10-07T03:37:15Z,0xc9a2784b04dafd5bda8f8820a125d86ccc443569,0x03dca1da35b89594f2a35c8547001a198b068d16401829a0a5c5b84b5f73a6ee,0.03,0.0002436,133382,265629,619,243600,0.0002436,0.0,,,live
2026-10-07T03:37:15Z,0x8fe5c8fa02874a37f13101b622cf673e335722fe,0xa8f7a88011da356f2c8f5f1b601d442b08bd0c72ac709f1b5684c06695a63969,0.03,2.611e-05,26118,2,4,26118,2.611e-05,0.0,,,live
2026-10-07T03:37:15Z,0x3033ff8f0d0ebe4cf57fde9c3f7a250be9aafb7a,0x0ef42e046d0fcc2829793f4ecc7040eeebc001905fe44ba1e2acb17ffde1d78f,0.03,2.616e-05,26161,3,3,26161,2.616e-05,0.0,,,live
2026-10-07T03:37:15Z,0x8d3e59d01e1f03d522c331635cc5451d9e1b9582,0xb43f6124c525c9c2e10111383634f737c8c99a6167fccdcdb067f0afb36a3720,0.03,2.616e-05,26162,3,4,26162,2.616e-05,0.0,,,live
2026-10-07T03:37:15Z,0xb574cc80b2dda87e645045c9c9f3d8b4aab592de,0x85bea26ba5544a0667498baa56655a30f1e90eb9fa90b8f7e1bbe2a4438d650e,0.03,2.616e-05,26163,3,5,26163,2.616e-05,0.0,,,live
2026-10-07T03:37:15Z,0xdfa0263ad3992f1a1c12bc973d1da5ccffc1fc79,0x1059fe0f2a023e16bc75f6037364eef9e66ee08a8461dedd5ecf72a32123927b,0.03,7.468e-05,62217,32717,200,74685,7.468e-05,0.0,,,live
2026-10-07T03:37:15Z,0x6dff1013f8fca33bbc21f4e066206b47a6a1fba3,0xef9a1f04654a76863c54569dccc84177133f153fda491da3ec78ceb91ea30b18,0.03,1.009e-07,10095,104,5,10095,1.009e-07,0.0,,,live
2026-10-07T03:37:15Z,0x505601ce7739fe78d0b0a9b30ca236d673627777,0x3e8f920b1afcdfcbe6699835559af82a262ec8fb312b22131f31a103b8b5604f,0.03,0.0002364,52201,67122,233,54017,0.0002364,0.0,,,live
2026-10-07T03:37:15Z,0x0b0010bff070f9f1ad51cfec0343fc9f641d2a09,0x388934479df6bbbdb7f2681f1936eed20f8af2440a6115a5c1d907dd06d15b9b,0.03,0.000331,47839,96831,236,75612,0.000331,0.0,,,live
2026-10-07T03:37:15Z,0x5bfaaf774f9c1214f4318e35b8103ef5537a7777,0xa1879124c65e8e479c4e630f4f999639e5adb54216ef9fb1534c55d80348f28d,0.04,0.0001411,40376,30987,120,32248,0.0001411,0.0,,,live
2026-10-07T03:37:15Z,0xefd4c93fe872a1deb2dfd4dfd67b4ee62f22bae3,0xece299bf114a84bdaa1ea2c26bc9578549fe19bfe43caed9f43944a657a3dd02,0.04,3.25e-05,32162,3682,21,32505,3.25e-05,0.0,,,live
2026-10-07T03:37:15Z,0x5bf65141958203475d21d469d79759ee828f2d9a,0x836dd13d47ab1fd54d53985fab280e9e992d0990cf90f1a99893b1c064b9a2d8,0.04,2.68e-05,26805,319,5,26809,2.68e-05,0.0,,,live
2026-10-07T03:37:15Z,0xc38f6832822b3b07ce89c248d833539d0deea918,0xa38abe5242f3ff0c5e8d86c5399b21784a583c8b46abe58464a05c5499b15a23,0.04,2.618e-05,26183,3,3,26183,2.618e-05,0.0,,,live
2026-10-07T03:37:15Z,0xda7275a1824afc4229d6657f24cd283df279bed8,0xf66462ca1fbfcd1adfbc1886d8b1f19ed416266574d32d4c6a9d1cb2fd5bc0de,0.04,2.618e-05,26183,3,5,26183,2.618e-05,0.0,,,live
2026-10-07T03:37:15Z,0x90013402699bab36bb928f62fef83f6f91ebf835,0xe2d8c39d1e1da45038cff67b7fdee0486a3209671c2ecd431ae45b21b47d0194,0.04,4.223e-05,40323,9320,62,42234,4.223e-05,0.0,,,live
2026-10-07T03:37:15Z,0x8aa9dc53fa42b1d12f13df7b95838806ccd916ed,0x136717e37462a7404e1350c70e2c3e377228f4b9526eedfabcd4c6482be76163,0.04,2.628e-05,26286,77,4,26286,2.628e-05,0.0,,,live
2026-10-07T03:37:15Z,0x5c3b81a7cba92de227b8b97323fec0eebc9cc5f5,0x429e9773abab7c049105e3a0805312968e8d39e28493640054444d8aa48fc71d,0.04,2.633e-05,26331,100,5,26332,2.633e-05,0.0,,,live
2026-10-07T03:37:15Z,0xd8e6da44ed61bad390d8cbd69df724f53693ff5c,0xe09494eff84979f694cd91dc71642bf8086ba45ed0e13410c0ffb7e5390dcc1f,0.4,0.01614,4850869,887,21,16147529,0.01614,0.0,,,live
2026-10-07T07:37:17Z,0x005cb5485279002c87d9eb5e8745798e31913028,0x08f1d61473934375150d248f9aa259cc4034c611f46745262ae11363aeac9347,0.64,0.0002791,44711,79735,235,63767,0.0002791,0.0,,,live
2026-10-07T07:37:17Z,0x00cc64df238a4f9b4f2bd2e6239b00497083f92f,0xe4473bfc0c6ef64359d3aec47a87a2e137973cc068d5b2d188d3ece836700c8a,0.47,2.278e-05,29113,21673,204,22780,2.278e-05,0.0,,,live
2026-10-07T07:37:17Z,0x00e43c930f39193511e28de0be112a35ca050353,0x26fdf8a38ac5779f77ea08837e9c31cfcbd7a76a,0.13,1.118e-11,0,40192,41,,2.15e-05,100.0,,,dead
2026-10-07T07:37:17Z,0x01a9fdf817c309d7cf7615fb36890b4ddebdd777,0x5cc216cf4cdb0c2ce24adfad0475983f0c5b4958c86d5042a33f6c0869f4f5af,0.81,1.278e-05,18364,10270,46,12763,1.278e-05,0.0,,,live
2026-10-07T07:37:17Z,0x01c662d8b4ff1dfb5adc94f6e926b6c4d93c7777,0xd489b6aa6496190debe20646fdab2e5a4767a7ba0a21b9125f8083c5fbdb32aa,0.83,0.0002526,55018,62109,234,57720,0.0002526,0.0,,,live
2026-10-07T07:37:17Z,0x01d2ba2781613096083b8c1372016b4833a41ee1,0x5c42c0bb47c04174f382ccb2b2a2ba42b1bb9a61289daa6f9a916812d6f498a3,0.47,1.915e-05,30771,15142,203,19158,1.915e-05,0.0,,,live
2026-10-07T07:37:17Z,0x028bbf1bd9ab64e9ac9735001493e86b4af911ae,0x97e7194c7d23f12af2849f01cac3eb92b35092562a90bc5b73a24e3244381ec9,0.56,6.749e-05,54215,187139,480,67496,9.821e-05,31.3,,,live
2026-10-07T07:37:17Z,0x0298082b74a78bb72471efe9274847a153537777,0xed4d2ab71d0f1b50681180c71d29f47be761b4a30fa806ba13bef941618bf82e,0.19,0.0002484,53493,59550,230,56763,0.0002484,0.0,,,live
2026-10-07T07:37:17Z,0x03accadc129d00769340fd17117d4879a2449a05,0x1f2d5b050dea665b15931cf29f2e48a1c11bbbcad8e7db8db259f2fc288c2da0,0.21,2.613e-05,26139,4,5,26139,2.613e-05,0.0,,,live
2026-10-07T07:37:17Z,0x0462cf95507ce947af96a76d07a01981ad31dc45,0xe32a3addff054a5302f1bf9da6a14b6a41fea6cbed2cd211916d321891d450a8,0.56,5.043e-06,5043,0,1,5043,5.043e-06,0.0,,,live
2026-10-07T07:37:17Z,0x04b2cb10d25380cb99e820718ff852902a07e696,0xd8af734d930ac12ea4f73a40a74638b769128d95605399ae6d1e5bda0bd0c3d1,0.75,2.415e-05,26697,19766,154,24159,2.415e-05,0.0,,,live
2026-10-07T07:37:17Z,0x04eb4413b0011c903bb3c425b0446fda01eb7960,0x91932338a5de979a5a11c78eab77257470d9b8f7d6c8aab59dcfed76e0638c6b,0.63,0.001554,151826,32209,139,233229,0.001554,0.0,,,live
2026-10-07T07:37:17Z,0x05212db457d2d31f0b4a63d2f9f705a4a2984777,0x78ca6caecf0f0f5e12c9d608f97906815405e0aa46b1af12fa34926dcd14a052,0.85,2.828e-05,27288,51435,189,28227,2.828e-05,0.0,,,live
2026-10-07T07:37:17Z,0x057d7a83f67cff7ac9f66984d2273558d57cdc99,0xfcb295ab11064057817c5f3d888ad27d93feb6b3238ab2ad85c56c1af782d859,0.21,2.68e-05,26800,336,6,26804,2.68e-05,0.0,,,live
2026-10-07T07:37:17Z,0x05c1cea20edf585963bb9bcdcced80aa871dc73d,0x4b8a9f9e4237d9737b32a0bf30669d8261b1b466336abe8ecedfc1619987c0d5,0.13,0.0001019,26512,25519,80,23273,0.0001019,0.0,,,live
2026-10-07T07:37:17Z,0x05f09deb2b0ad6b16971b31bbe69992b45ef7777,0x556e9a5e5a95fec8804280de9750eb3747c7d9defcf01c06f3f2817fd9fd247c,0.17,0.0002279,51266,58680,232,52092,0.0002279,0.0,,,live
2026-10-07T07:37:17Z,0x05f2b6a7ad477635ded6c1997a43420720deab6b,0xa29270a5f8b6a23ac9dccc69708085e31dd9d2f45974981d2548e463e20b3a7d,0.49,1.984e-05,28421,13686,153,19846,1.984e-05,0.0,,,live
2026-10-07T07:37:17Z,0x06024d89d907f4771ced0ceabe2135903d084796,0xed1e9bd7339cc7564278777a2b25785304b954053a5db92a9e4b17850d42a7dc,1.08,6.067e-07,44939,169042,431,60673,6.067e-07,0.0,,,live
2026-10-07T07:37:17Z,0x062d96d677de997093a6604817128a8bc4946499,0x5f0d70b83d484567c393a876a88343a8d9f7e53a9f57a6f1a31036bb22c774b1,0.15,7.448e-05,62085,77177,174,74480,7.448e-05,0.0,,,live
2026-10-07T07:37:17Z,0x065ba6f19334ce12ca6ccaa7eb9eff844b546c64,0x8d2ec3128cd9db586e6d781aac1126fe79996999,0.89,2.496e-06,2504,9754,82,2496,1.21e-05,79.4,,,live
2026-10-07T07:37:17Z,0x06ba8f70f1ef18ac951ff6280c8b6a1e4e67f088,0xbccc81ce648a05edd5cd2b2cef784d84097142f9,0.93,2.488e-06,2521,4128,34,2489,7.342e-06,66.1,,,live
2026-10-07T07:37:17Z,0x0701a04ebc73882f5369e4a9ec76c2bef44c7777,0x099a9f9bbff8dced74117c2558a06a01097c5a0cde9039953f40e2c9e62686e8,0.43,0.0002165,50765,60258,234,49477,0.0002165,0.0,,,live
2026-10-07T07:37:17Z,0x073e0f008167dd3a589f57ca7d97948925cfcacc,0x4efb491b736d2a81abe4fb4ccfe5514ee9a263f6b8b35d407ccdce5a53ad69ac,0.43,0.0002107,38787,59977,142,48140,0.0002107,0.0,,,live
2026-10-07T07:37:17Z,0x0765e8f7b87b921f25573e16c1734dfb364f4777,0x5c00f16a8263537340ddeeb21cf13da2ace82814ee7ce724f3ca98920db79bdd,0.55,7.665e-06,14180,2159,9,7651,7.665e-06,0.0,,,live
2026-10-07T07:37:17Z,0x079b2a636ac4ef4094aeeb9784644d8f4ce99107,0xfa48d1ecf13d25b821f1d56adead83476dbba7962452e58d937cdaa1953a61b5,0.36,1.934e-05,30847,14358,203,19345,1.934e-05,0.0,,,live
2026-10-07T07:37:17Z,0x0830a9dd26a04e959657ab6788d45f5725590c32,0x5408ad4b4f1d5091b99953af963500a792f47bc3,18.95,0.001027,294440,20718,3116,37991809,0.00126957,19.1,,,live
2026-10-07T07:37:17Z,0x086f443aca0d70aee2a42fb836a21e1e529f5fe2,0xc6c289386884be3f5ee68cd45002d38e5403e71885aceb58cdba8ffa213ac386,0.27,6.686e-06,6713,68218,2439,6687,6.868e-06,2.6,,,live
2026-10-07T07:37:17Z,0x08ef8c3d4f682492291c1ee02ac4038b5d22c65e,0x914624b86dc39e3813060d26d637cce9ad53d9190df01e0612b47cc0f51bd4bd,0.18,0.0002913,44838,82824,217,66549,0.0002913,0.0,,,live
2026-10-07T07:37:17Z,0x08fed35fb606d509faadfb7c1c0d45f3f7337777,0x30ccc3e20a28a58c15deca1aa7186086f2262532eb61c5a9e83bccf52a4098f6,0.25,0.000253,54799,61932,233,57807,0.000253,0.0,,,live
2026-10-07T07:37:17Z,0x090d6bbcaaffe6531e820a5f1cac47d281417777,0x303a296dbb11c64d2779c716d190b919ffca56d844bbb4bd2431ac31d84ef6e3,0.49,0.0002626,55866,61265,237,60004,0.0002626,0.0,,,live
2026-10-07T07:37:17Z,0x0918b633e47a4c52c469bc515339131e2edf6777,0x88d9acd42cd78d16cdacdaf1f457fe82da405778ee908a6d342e3da7330f83a3,0.94,2.271e-05,24469,52254,198,22674,2.271e-05,0.0,,,live
2026-10-07T07:37:17Z,0x092c2769ac60ac1b3df2865147630289cf577777,0xf2c636230724288409ab8a5d1247371d34c80f8fcee06b58873c5449113452f2,0.35,0.0001904,47618,51125,184,43506,0.0001904,0.0,,,live
2026-10-07T07:37:17Z,0x0951d744d012fa371917b5020512767e38741777,0x5f17bd1997e12df938026023697f3fbf01c542befcbaf6ae09ced06034007686,0.8,1.633e-05,20734,23491,88,16304,1.633e-05,0.0,,,live
2026-10-07T07:37:17Z,0x0a3b8bf2ff80c352cf68d7849c34d903b3ff16da,0x5f86777468e2bbeb30232e334b6b7e9aabfa75d4380d2ce43481ac166a4becd0,0.88,4.416e-05,42099,7489,23,44166,4.416e-05,0.0,,,live
2026-10-07T07:37:17Z,0x0a58de2594534f9f26af9de415140db0027897ad,0x98e85ae43f1fc88b2939ac103ce4e57f53b048aa38a8e17e05a2f06618f2db61,0.88,2.418e-05,25271,20647,151,24190,2.418e-05,0.0,,,live
2026-10-07T07:37:17Z,0x0a775dce89e47a67750a697580d8054f9e62eeaa,0x344db707b604cfe22f5c7405c29d88952b8effd6b23700a3dbcab7f244f111c7,0.84,6.496e-06,6490,7201,84,6496,9.134e-06,28.9,,,live
2026-10-07T07:37:17Z,0x0a8ac3f6de79dc2c497d85d67c2d29accdf53a83,0x5de7522f9db147f6769be1528703f821e50fea094baa477df66fcdb2871f02f2,0.24,0.0001266,29556,32572,120,28936,0.0001266,0.0,,,live
2026-10-07T07:37:17Z,0x0ad9c4b1e584deda68488a80d84f2d6616946c41,0xc2ac53d4aab207ae0d79dce5e6681daf03f8aeaccb39c0bd5ee7efdf5f18c7a7,0.42,1.89e-06,66266,1266092,5084,189008,1.89e-06,0.0,,,live
2026-10-07T07:37:17Z,0x0af1ce4c49c9052bc9fba5e7e42fff8f5ea6dd75,0xb0cb5230783dec462be66b3cecaabf9862decab65fdd200189d0e1370ea706bd,0.05,0.0002889,0,92312,214,65993,0.0002889,0.0,,,dead
2026-10-07T07:37:17Z,0x0afc155ab1c777e28268f70d08889175870c7c1f,0x61c1aa34ccedb6f4998f234a8b0df7302bf18633680b3f823844adf57b8a1e51,0.47,0.0001526,101336,227298,651,152656,0.0001526,0.0,,,live
2026-10-07T07:37:17Z,0x0b001088b1dfb32d93297b2ffe3789be2de33ee0,0x35b6c415a6b2b8303f15cde12462ea327e3c12e8,0.91,1.508e-05,7492,1,2,7492,1.508e-05,0.0,,,live
2026-10-07T07:37:17Z,0x0b0010bff070f9f1ad51cfec0343fc9f641d2a09,0x388934479df6bbbdb7f2681f1936eed20f8af2440a6115a5c1d907dd06d15b9b,0.2,0.000331,47839,96831,236,75612,0.000331,0.0,,,live
2026-10-07T07:37:17Z,0x0b02b8ad2234d4c28d189a63c33c639e75e88614,0xa4636fc644bea76d57d8fc81753a141b0dd71a3b34562cdceb996c65453a5ebb,0.94,0.0003278,48546,88231,238,74880,0.0003278,0.0,,,live
2026-10-07T07:37:17Z,0x0b317a28a2cde0e3f070fe7d10b7751c22ee4777,0xffe8df371afc20cf08163abcaa17caf8996fbdcc6ba3f36433890e275e5f4bc8,0.93,2.033e-05,23111,44213,151,20298,2.033e-05,0.0,,,live
2026-10-07T07:37:17Z,0x0b43c68bc0837e5307a3d3c32fe88ee601d1d171,0x94d42f8a1cdb9debc3f365943e627c7aa10d6226795fe4d2ef5d401df66e51d6,0.8,7.2e-06,8040,214854,2854,7171,4.767e-05,84.9,,,live
2026-10-07T07:37:17Z,0x0b7c6c138dc75622f4200d157b13fb93e6bd94fa,0x5291cfd042d8a771a510534ee31090bc4f4dc72724871e8f321aecfd12332a9a,4.65,0.1137,11371607,10205799,458,113711446,0.167232,32.0,6,True,live
2026-10-07T07:37:17Z,0x0b7e826073d1e231a002b143fdc7d33aeef74201,0xee18a8f32c89f29cf3099cd4d081ce333b85596303842a85faf45429aabf6dd1,0.33,7.984e-05,127253,19147,95,191,7.984e-05,0.0,,,live
2026-10-07T07:37:17Z,0x0b95d28d10c8f75f20020aa97ec5d75b12b667f9,0xaacefe7e017f3b58ce3b209987327599b1ca12df1440e174cb1990d80f1bf045,0.17,0.0003549,49538,117314,236,81065,0.0003549,0.0,,,live
2026-10-07T07:37:17Z,0x0ba02c9c0fbb1db04d343480563c1054341d8a73,0xd888071ff680e52b2556e076f6b44ba65e9681fdc881fd35bb429956b44ebd9c,0.94,1.904e-05,9554,13401,139,19046,1.904e-05,0.0,,,live
2026-10-07T07:37:17Z,0x0c200bb76884c32e700e3e25dd296ca59bd4f378,0xa20ea2ae4e2f81025b76e32210d541f342584d4e26abef5c06044095c3503a05,0.36,4.748e-06,45260,21777,135,47483,4.748e-06,0.0,,,live
2026-10-07T07:37:17Z,0x0c6144942bb7dd6aa9eb86f798575e58eb3f21bf,0x00d7f78a821b21e41d22dd6e798b70cf0d675f6fa4279d4e8e048811fd689993,0.56,3.905e-06,5079,39536,884,3905,1.5e-05,74.0,,,live
2026-10-07T07:37:17Z,0x0c61934b82e21ee5966e5d2e2dd0eacc40db046e,0x8d6e8d49ee00fe3a4f401ea7a15ff6fcb5fa9b3c0ce81c7ec937a0827d329193,0.29,0.0002397,41380,81948,179,54767,0.0002397,0.0,,,live
2026-10-07T07:37:17Z,0x0ca2f986c95d4b2d638a3561d1ee8fd33b0220d7,0x5f8dfdb5116ec4870aa6d9160828fb4643f462f82ec5c5155d693b5c15fecff7,0.33,0.000297,46058,89797,239,67848,0.000297,0.0,,,live
2026-10-07T07:37:17Z,0x0d6451d43572fe0ad7a7831c3c61f983cb92ba9c,0x35d494a1de0d5417c53579b99fb81ad0dde549dc,0.06,9.235e-13,0,37476,34,,2.828e-05,100.0,,,dead
2026-10-07T07:37:17Z,0x0d8d6aef892e1645a498d07308f3a9a032a37777,0xf3142474124369994f422410c2b1c1776b0ee61be12166698a513ceeea57710b,0.27,0.0002003,48808,46271,186,45787,0.0002003,0.0,,,live
2026-10-07T07:37:17Z,0x0dac2eecc1e12b0d73040ade98e2015e2ad8313d,0x9ded0ff001f2311d64e28d453a7a2b1c78d452657183de329ae9e37151a37256,0.21,2.692e-05,26915,392,6,26921,2.692e-05,0.0,,,live
2026-10-07T07:37:17Z,0x0dc74e7437a7d6c246c55e8ac410795f50a43aac,0x6559b4c662abfc97524e5b22a716aa2b75c7d6fa046d5d789a6d1b441d58ea78,0.81,1.018e-05,10100,24896,609,10188,1.781e-05,42.8,,,live
2026-10-07T07:37:17Z,0x0e1e14776f28ae41ffdc3fcc280c2f47a3133be6,0x1a19e809f317e1c8ac841466bb08f9e23ed763f3,0.84,1.507e-05,7486,0,1,7486,1.507e-05,0.0,,,live
2026-10-07T07:37:17Z,0x0e4db59b26b0040a2d83ee9129f688988603325e,0x0486f8400bfe18c712136210770fc0fd452af240dffdb21a1882cab730637ceb,0.13,6.662e-06,6675,44476,1553,6662,3.841e-05,82.7,,,live
2026-10-07T07:37:17Z,0x0e833e5fe37df0e62d1129cce586788292af876c,0x5f5b3f362246fad624a5da435898d8bd998ce174fafa5c9ec371615059a0ba37,0.55,6.802e-05,22039,8244,30,15536,6.802e-05,0.0,,,live
2026-10-07T07:37:17Z,0x0ea88548965cd6e9ac02b33e8b65e69434fe7963,0x71613f6cbc60d3dd5b64afbfd328c1e57d81787a6bdee5364895e25736650223,0.75,6.021e-06,5921,2864,23,6021,6.489e-06,7.2,,,live
2026-10-07T07:37:17Z,0x0eb80135b2913da5b5d0a1e8e5b320e5dd0c7777,0x8e44b0841bab19ec909913520d29c1cb7beff54ed586865706f0a2e895dfb7eb,0.36,0.000249,54452,59840,233,56901,0.000249,0.0,,,live
2026-10-07T07:37:17Z,0x0eda64b90e24128e139519464516ab4086ca9793,0x1b89345ecb618a515b9d616bef963d766d93dc3faf102ffcccf446a10021548a,0.37,8.643e-06,46267,50550,233,86432,8.643e-06,0.0,,,live
2026-10-07T07:37:17Z,0x0ef53d14056b531c106f68fc59f453c3ae1bf432,0x9379d3715c5d703d9e11e7236b322091ce2cc729f4aa79f6da8943c360c7debd,0.07,0.0001201,79359,309461,882,120117,0.0001201,0.0,,,live
2026-10-07T07:37:17Z,0x0f94a628a05a86bf2df6bebf8150132b27e6c9b4,0xefd2727de02aa94b3310c46e582981d3b7f726caa5c81e7da36442e3d3658816,0.16,6.743e-05,24626,716056,7351,67438,0.0002205,69.4,,,live
2026-10-07T07:37:17Z,0x0fb4549dac381e245e0271ee256a5df4bbebc97a,0xb0bcdbb367d6d928850566cf24d81b7a7e3b062aab3cfd021995ee855f14cd7f,1.0,0.0001344,86242,242950,644,134461,0.0001344,0.0,,,live
2026-10-07T07:37:17Z,0x0ffc80ff81014d7191179c849957e085af9c7777,0x8a2698ae96ee24f3061f5cc0155450426a3508cd44e27756b68b7855448a78b8,0.05,0.0002322,0,59498,237,53054,0.0002322,0.0,,,dead
2026-10-07T07:37:17Z,0x1043934db6a69665104d80eb147a05f5242dbf65,0x185282c23e0c15c3778a04d2db9311afca76c5742026264f5efa1c826f689645,0.42,1.189e-05,7800,0,1,8210,1.189e-05,0.0,,,live
2026-10-07T07:37:17Z,0x104e2d4596964059d8235431dd3f9681adc00c47,0xd6a835a27b22f376127eb40cdfd5ef2794eb1ad6,1.03,1.544e-05,7698,146,97,7696,1.544e-05,0.0,,,live
2026-10-07T07:37:17Z,0x109b383a42305dc48855b9b791c202002c6b391f,0xfae05f0de699abfb7541108b42be62bf10587d0732f7be1be260c28a9f235ce0,0.53,0.0003341,53648,1023319,9996,325273,0.0003341,0.0,,,live
2026-10-07T07:37:17Z,0x113e0e3e8bfee666528e9d114d4139fa35e8f307,0x7aa1c1dde4d44df9fffedb1727a8938df77268005bb0b761f0d66e4cd17eeff3,0.56,1.138e-06,11373,316,17,11381,1.138e-06,0.0,,,live
2026-10-07T07:37:17Z,0x11cd26a1eb08c40acb5c8db9ef82eb731934c868,0xdb76ed40f8c6991ab194658e67b1cfe6d5406373c6259e0ec0b50a2301bc3e9f,0.55,0.0001958,37398,69318,228,44736,0.0001958,0.0,,,live
2026-10-07T07:37:17Z,0x11e2c395c2669c4b9241529dbc91d5c29c872777,0x7bfcc3c2cadeab23a349bc1dc9ee58824efe4c73e297b761fa014ea3ca82de3c,0.63,2.142e-05,23726,39669,143,21384,2.142e-05,0.0,,,live
2026-10-07T07:37:17Z,0x129aa40aee374be5c32e64b88fbf4d3769992c9f,0xa3577f3b0111a601f1f1d92f80e9dc15bd389ec54e6dc6aedc9b8e5daf210347,0.89,6.892e-06,6920,82279,2592,6893,6.893e-06,0.0,,,live
2026-10-07T07:37:17Z,0x12a45bcc82081ca0811ae294eb6fb2ac6394378b,0x8a62b34c0cd97fe330e619f38d66c464f041ec76b648365bd585533865497b1a,0.79,0.0002315,40758,77398,190,52881,0.0002315,0.0,,,live
2026-10-07T07:37:17Z,0x13108b471c6da2eb27ed1a2418c8ce898b093cbb,0x11ff5b7f41ae238e3bbd4e8076713b3c3ecf166055e5694f525a6a13ce154263,0.12,6.538e-06,6538,0,1,6538,6.538e-06,0.0,,,live
2026-10-07T07:37:17Z,0x1320802f48da0f2c7a8a61a7ff28dfc5c5dd2c20,0x61187b19ef3f6bb52df3a6ff1c804aa6b618a751,0.93,1.507e-05,7487,0,1,7487,1.507e-05,0.0,,,live
2026-10-07T07:37:17Z,0x136ebb418554c72cde76925bf82de354f9b4b777,0xd71423ff6c6deebeeb8b49e02f9f93506ed5c0cef87ce4458f5bf5ab561bb22a,0.9,1.822e-05,21911,23548,94,18187,1.822e-05,0.0,,,live
2026-10-07T07:37:17Z,0x13765b6d105254cdcc6d3ebda3ae471c46b4d871,0x3a99f81ddbcada3a0957dc322fac32e5492dff7dfbc8f90e3e331f4dba4181a2,0.85,4.411e-05,42064,29197,79,44110,4.411e-05,0.0,,,live
2026-10-07T07:37:17Z,0x139dfa0598cb45d95024c382cdafb807ccea2d93,0xce9c6bf7fe104c10e6805f914750949a387d9b075169cd46bab1fc210b208c8b,0.8,0.0002614,43303,79809,232,59720,0.0002614,0.0,,,live
2026-10-07T07:37:17Z,0x13a0e12c215bc0669941da309c3bfbd5b32c4c1f,0x9c97a40cf7077e2aaec305206e0af1e4c32a795acc18815f5c77dd9eb09f0775,0.43,3.573e-06,36720,14967,91,35737,3.573e-06,0.0,,,live
2026-10-07T07:37:17Z,0x14010b9d21d131ace559e6078a954094f06bf281,0x2fe007f12a0b093245b9c86d43dffb07b5edb1d5cc5081e4bc38be0b25fabd61,0.83,0.0002351,41112,83153,240,53717,0.0002351,0.0,,,live
2026-10-07T07:37:17Z,0x14a4d8e57dba0ce1491c8664881d3b1c52ecf4dd,0xc551612d363e4ccfae68254d3de159baee18962ea8c5143e5d472b7c7f1a463b,0.39,1.769e-05,30437,12260,203,17693,1.769e-05,0.0,,,live
2026-10-07T07:37:17Z,0x14c9b228a3fb996bb65f10b0e985879a4db5f75a,0x7ac77cdaadd54da8636c93c03f7ba55b82619e5fbf9fe255dc6c23fd00fbbf42,0.39,0.0002517,42391,78393,221,57504,0.0002517,0.0,,,live
2026-10-07T07:37:17Z,0x15cfadf5a2d748c5e00e4f208a4353a88ef54fe8,0xc385eb5d15294a39bab807820dd09a8df92a05c3369d665e7e14ac2404cffd43,0.8,2.926e-05,23633,23070,156,29267,2.926e-05,0.0,,,live
2026-10-07T07:37:17Z,0x1636760a049bde1ca9c61f771b12ea4e9cc18313,0xee27f89a4be6f821b0e02e9a8117eaa7e49fd8e4,0.93,1.507e-05,7487,0,1,7487,1.507e-05,0.0,,,live
2026-10-07T07:37:17Z,0x16fba764d8faeaf8854d8fa5601f175bae727777,0xa0944e2b6b6ea82ba551979551f325dcbd1b20c71df9fd8fecc64e709e36187b,0.56,0.0002451,54052,64163,229,56010,0.0002451,0.0,,,live
2026-10-07T07:37:17Z,0x17501bb1feb9c4099a70396d045ef68072522c7a,0x4e56bb687d521cd64423d708ac8f269efc8a8882c918c98e3e28771bce2370c6,0.16,2.612e-05,26123,2,3,26123,2.612e-05,0.0,,,live
2026-10-07T07:37:17Z,0x17fafdc610dd488962eca955355fee4d88367777,0xb0239fe26db18b97f81849c83492d14517746397e8b05c123fc94b3a026416e7,0.47,6.646e-05,28114,1675,7,15186,6.646e-05,0.0,,,live
2026-10-07T07:37:17Z,0x1847e62a77ae5905f7c2b5faf30ac55b68ab1416,0x676628fd561f58980c347fa1319ffc2dcc3544b2ddf338edae49bfa8184b9276,0.06,0.0002837,44354,81841,239,64804,0.0002837,0.0,,,live
2026-10-07T07:37:17Z,0x18d5d301b624b0d5be7d7f2bcca5bd443fbea6a7,0x4fad4b6c9078ee619335c374c2b353bdda0d2d620d5c4c5e82dc08a8400c851c,0.85,0.0001253,82606,321631,889,125361,0.0001253,0.0,,,live
2026-10-07T07:37:17Z,0x1964a3258c5ca2767ee79b46a092536056a77777,0x8095a12f8acbbb6f6e9124dde6ce6c9a7ad9ea51f719fdb0819646cb2d167a85,0.13,0.0001144,36289,19338,80,26152,0.0001144,0.0,,,live
2026-10-07T07:37:17Z,0x19e5ef6bc0c91b37992e3f8075fdafd5a105bbd2,0xa098b97a6e7f3ffc75e13d7a0755071b7083c60e,0.94,1.508e-05,7491,0,1,7491,1.508e-05,0.0,,,live
2026-10-07T07:37:17Z,0x1a18dc0fa085889f2f9622ba153e4d01b1c7720e,0x4c93d2f713dce5a5a76ab5cf8cbf34938760c821baa7ff284096763bf063c5dc,0.94,0.000336,49150,109807,234,76754,0.000336,0.0,,,live
2026-10-07T07:37:17Z,0x1b161861f5b594be89eafe366d68735859dc1aab,0x4d04f25acfce1e71dcdc9366d056646c8e5900c9,0.11,0.0001168,62549,1562290,5049,116818,0.0001468,20.4,,,live
2026-10-07T07:37:17Z,0x1b8b0f3bb8dcf74c246255b06ebaabf89c0a0912,0x8b1fde32a7ba14ae96443524d29610477074284d2ef559867d9a7787094d937f,0.27,0.0003019,46391,93805,231,68960,0.0003019,0.0,,,live
2026-10-07T07:37:17Z,0x1bc74b6f421ad2ea05c388a917e7b9d5e95e17f1,0x9a76c6f51a4ec7e718215ce6f5b20aa92db2fc86d1aea90ba40c9851837124cf,0.82,2.366e-05,24144,20593,155,23665,2.366e-05,0.0,,,live
2026-10-07T07:37:17Z,0x1c251277a357ce8b7ec3cc0fb5c16574de971e18,0xf785ce38904f9a9b3a79fb84b5d5272602e8c9ab313b4aedf32acd1ac05a496e,0.55,2e-05,20029,10820,177,20010,2.273e-05,12.0,,,live
2026-10-07T07:37:17Z,0x1c57261a6a4606c059dc5b43e1556c3d25bfc6b3,0xa63034ef7e02b607ad3dd2ec3e3ede11f7a329869bfd3e94a64b7d249d366dd0,0.54,9.334e-05,6571,0,1,8214,9.334e-05,0.0,,,live
2026-10-07T07:37:17Z,0x1cc88bb7c1f3e3c8bd5f488a870547c268927cd4,0x192ee1b37e4a200869ef2b04ea34bfd205c18f22c5ca7ef4caa1cb9b0cedb104,0.85,0.005449,5449,5,3,5449,0.005453,0.1,,,live
2026-10-07T07:37:17Z,0x1d02daaf7617a3470bac5a6fd93afa2f5e037777,0x6c4e2cbc727c384c41297f98997d634b3f257662a8fd85f914c48d0ceadd9af0,0.63,0.0002276,52072,52443,222,52018,0.0002276,0.0,,,live
2026-10-07T07:37:17Z,0x1d2586813cdcf17dec56b19c1c09d0ced050c799,0x9e3e0a505d006df3e48b4628954c85d28a3b911d5f76290bb4204174bd972fb7,0.08,3.744e-05,18341,184029,2658,34824,6.745e-05,44.5,,,live
2026-10-07T07:37:17Z,0x1d563cb4f00fcbb9adc5f04d65b9fac2c0c5faab,0xd89eb2a1854dbb7abc019129c608ce6edeb3519933f9f35d676e775a3251fd5e,0.37,0.0002795,44665,82003,240,63837,0.0002795,0.0,,,live
2026-10-07T07:37:17Z,0x1d8c35a4a932f837ab0dc14442d2f30228bf7777,0xc168914e70d896501b578d7bfea6842c9955ba6d12f3aaa637e1a64e16a046fb,0.73,0.0001843,47017,44075,183,42130,0.0001843,0.0,,,live
2026-10-07T07:37:17Z,0x1dab0825b5f75417fbb74e7cef4f77a032c281b4,0x4c83b0256a83ef8e80cc9d99a104112ef16890f2b31c92ec5ecafd91306d182a,0.88,1.704e-05,12658,12847,143,17047,1.704e-05,0.0,,,live
2026-10-07T07:37:17Z,0x1e356e7d505625ccc9857be5d53162d0666fb8e8,0x662d05edc410fb72494ef4eaeabbe1df5119650072229734fdc6e339f90e27c0,0.8,2.805e-05,26332,20692,155,28059,2.805e-05,0.0,,,live
2026-10-07T07:37:17Z,0x1e7026a6f453e8deeb5664091afa71cae68c31a9,0x87829122120f7d80ee87697cdb5e358ec9e39e5a44fd6e342898cad2055be6b5,0.18,4.091e-05,39125,15043,112,40920,4.091e-05,0.0,,,live
2026-10-07T07:37:17Z,0x1f64955249569cf83bb1cb5b92031119517b7777,0xbbcca95bf7857a27305ba360b63a342322fb0d047aaf6dc9cbf4e4f738c165df,0.51,0.0002719,56797,59270,234,62126,0.0002719,0.0,,,live
2026-10-07T07:37:17Z,0x1fda3afcbe03fcb026c603fdf033d9dbc2bc3814,0x8dff7d4d0c70b67acef6715b3976899c9caf1d71eb4f0167a0a4378353f2f10b,0.27,0.0002892,45410,88915,188,66074,0.0002892,0.0,,,live
2026-10-07T07:37:17Z,0x2071410f95285d47019bb8619022e350cb2e1e18,0x43e89edf91cf0a42fbaf555ad84ed18bcabc6bb72cf24bd08455c6b183e77187,1.52,,,,,,,,,,dead
2026-10-07T07:37:17Z,0x208d7cbf82f9456b2e274fb1540aca2ea19cd777,0x72d3ccf123120df9010da0094e7fd126adfca72a1d665a99dc2dafc5965a21b7,0.85,9.195e-06,15575,3503,18,9177,9.195e-06,0.0,,,live
2026-10-07T07:37:17Z,0x20fa2b698e5849a14f1a6c7c68a6a64affd161e2,0xb154edc0ec09e631536e721dfdee957ee97aa367d4905814108b7bd45ce7723f,0.91,0.0003051,46808,105176,235,69699,0.0003051,0.0,,,live
2026-10-07T07:37:17Z,0x216c9aafab802f91ff67fb14bb77cc811c8da840,0x959799319da86e8b82bea41ff3be92119f11c14a311a357a49a39bd0f5998bff,0.55,1.99,19914,2,1,19914,1.99,0.0,,,live
2026-10-07T07:37:17Z,0x2226a8c9ddfcf3d90675220cbfe35807599e1e18,0xd07891b10586e4767f13f1b39f4e130a40740bf79f0d1ffd5aad258ca33600bd,0.33,1.999e-05,19997,3,3,19997,1.999e-05,0.0,,,live
2026-10-07T07:37:17Z,0x224a794031d54e49b46919ade2c55ff255dfdd97,0x3939ce55ec4e0ff8df9aa6469a795c793da06d55,1.33,0.01783,432295,8185805,16086,17831730,0.01903,6.3,,,live
2026-10-07T07:37:17Z,0x22a68ae074150397c42d968ec050cd1ff3501a51,0xb5e9ffb179c2fe9b9bb8737ea0b128b933069770,0.63,0.0005391,377390,7,8,539129,0.0005409,0.3,,,live
2026-10-07T07:37:17Z,0x22eb9f1c5385ed74257da42d8021916c2d837135,0xe85a8f60ad2b0b7e97b745bac661671223100ea6089fe8ff0e93ba7d6894bdea,19.55,3.853e-05,22470,42499,458,38539,0.00471535,99.2,,,live
2026-10-07T07:37:17Z,0x235c6d8072e8e00ca41ade176bf5dbd465386620,0xb02aa37acd879bc6b9bd512ac2e278491db43ad2aba653d6835c280832ee173c,0.88,1.608e-05,11246,13074,139,16087,1.608e-05,0.0,,,live
2026-10-07T07:37:17Z,0x238468f66490f13fc26347f53ce93afb6b86e511,0x6de17326a42ec4e91921164b1fdbaf248fa9fd4e8983584321dbc120fadb78f3,0.14,2.872e-05,28662,1275,8,28725,2.872e-05,0.0,,,live
2026-10-07T07:37:17Z,0x23a039dbc288aa132c074c74ba4fdd0766637777,0x82e864c6a81b2c2ca695e5a0d6cd5db7ae7250e3bd33d7798aa49e3bba0fb445,0.28,0.0002487,54414,57676,235,56842,0.0002487,0.0,,,live
2026-10-07T07:37:17Z,0x23aa68e94f7d1940559664259af65bd8c9237777,0x307c5a466bba915f5e45fa4a60471215ada444ec0594f24b1d1daceef417b8db,0.1,0.0001538,42128,32399,135,35143,0.0001538,0.0,,,live
2026-10-07T07:37:17Z,0x245c376e4717dfe5ad17fe16e15c3e7d3a75085b,0x35345603c51c5ee3f6405de44b263fe94efce211e05dfc79ede2c9378ab75dc4,0.15,6.136e-05,0,1606868,2735,61365,0.0008341,92.6,,,dead
2026-10-07T07:37:17Z,0x24ca3b3994ef49480321c453a25473c88a1ad613,0x0e8245fc2feff58074005f4dfbaf6d120e4662b627dce53a41a975214529dcf1,0.72,3.646e-05,26293,29472,120,36465,3.646e-05,0.0,,,live
2026-10-07T07:37:17Z,0x24fb42c7bd15e43a5472677a122fea71f4aac777,0xd0bf9f4fa9d8d482ced73622215c4df2ec45824b38f2ae0a9771d2e414123999,0.6,2.119e-05,23554,44917,166,21154,2.119e-05,0.0,,,live
2026-10-07T07:37:17Z,0x2565b392953916c6957a51f095a7e5dbc8d37777,0xd04884568e9ac61a5a4c24bdd3b99aeaac93bcb0b2ceded6b36427379be6d9ba,0.4,0.0001992,48721,55822,232,45529,0.0001992,0.0,,,live
2026-10-07T07:37:17Z,0x2578666b7f4ba11149027771a420fff0ee12eb35,0x876b35b6207042890f159c96efc6a9b4a6689a6e91070583215bccba771a8acb,0.36,0.0001952,37339,52280,170,44592,0.0001952,0.0,,,live
2026-10-07T07:37:17Z,0x257b59b02f15783173a6642d423e7da8482747d0,0xc0e56138b89dc9f00433acd557b00a2e79be4f484259144391a933d7d645c555,0.31,5.511e-06,96025,3976148,12874,551150,5.511e-06,0.0,,,live
2026-10-07T07:37:17Z,0x2594588bb7039d52137b0925080fad59113bbbbd,0xa772b141dccdd70473bb22ecc9271397825dce2b,0.39,1.523e-05,7592,0,1,7592,1.523e-05,0.0,,,live
2026-10-07T07:37:17Z,0x25c9b8aecf7605c42e9b064cbf5251f8eb370e71,0x37db019cd8f650362bfc2f55131dd30a5a4f93c7c0d4f18a3865bdd010813203,0.17,0.0002384,40578,81273,240,54466,0.0002384,0.0,,,live
2026-10-07T07:37:17Z,0x25e1d362db8596d04b3aa19aace89a8043407777,0xa22dc78cefa17452e55d7b347b853b6c60d7b00e91fbb0cdc3c1969f95afbf08,0.99,0.0002305,52493,51527,222,52679,0.0002305,0.0,,,live
2026-10-07T07:37:17Z,0x270c659da2d785ac6ae8b35b9a460294c9da11fd,0xb9a846feeff4e8d364f66ddc78c2f94b7d4e845ea638b61f74852a6fb6c00cd5,0.99,0.0003758,51906,104949,237,85847,0.0003758,0.0,,,live
2026-10-07T07:37:17Z,0x27559137bb5b9ef4baed7416448a3879ccf2c7e2,0x192ec25647ad3dd47402ea1a49fb0fe0047fa2877f2c99cf37eb4863b8120853,0.55,6.761e-06,6761,0,3,6761,6.763e-06,0.0,,,live
2026-10-07T07:37:17Z,0x2790408d05730e0414060d9f5f365bdd98627777,0xf25c1741ad92dbaff7c6a238d2411c72bae4ee5b311d8a829b19a33a4fe3b6bc,0.32,0.0002523,54783,60313,234,57647,0.0002523,0.0,,,live
2026-10-07T07:37:17Z,0x279c66c59204f3d07c49b81b9c742ea8cd210eed,0x0a1ab4be1d08558351850f4d972927c6d227a36197a47255dae2d49c969e0b63,0.64,6.783e-06,6783,540,3,6783,6.783e-06,0.0,,,live
2026-10-07T07:37:17Z,0x27cc558c914cc4b3f24082579f9f35f8660e61ae,0xe050e61ab8ce3b7ae45024b6afdc05258a6b191c2a64954f2f85a684c62b9625,0.35,2.043e-05,33004,11744,203,20436,2.043e-05,0.0,,,live
2026-10-07T07:37:17Z,0x2822fe73b4ce40400a402f0841cc161aeaf4b05e,0x74b0e0cdf522112b30b93e74d36b60e32186267d2358acb6cbf9cb8ebbf1e87d,0.82,2.749e-05,25989,21696,153,27492,2.749e-05,0.0,,,live
2026-10-07T07:37:17Z,0x2874608eb6c8499cbb8dce5490dead74338a6472,0xad50729d7df727bf57566d44ad04bc3afdf6bc45e4ac1a21c7bd94d6813f697f,1.36,2.413e-06,2414,1,2,2414,0.0006456,99.6,,,live
2026-10-07T07:37:17Z,0x28a3c41b06a8231ea154f1d051ed28f197926183,0xe8c9e9611d1d8e5c70b766a0eec47ba2fbd8fa4e8d4baf92459d1862657fb6e0,0.38,2.598e-06,28990,9774,68,25983,2.598e-06,0.0,,,live
2026-10-07T07:37:17Z,0x2932da77b6e367ba9c25fcc996fe6ae427069444,0xa417702c7747e306d3063be56f33b107b22f905c9cfa53f5b093533f2378288c,0.11,6.566e-06,6566,5641,35,6566,6.566e-06,0.0,,,live
2026-10-07T07:37:17Z,0x295c24256571cf4228fb207a6f3a94b7d986bb35,0xa6f3f0f96bee18765f5697b07dd8cd1446c743c1e8a38d919bfc564c59c23ce5,0.12,0.0002583,42256,80588,239,59015,0.0002583,0.0,,,live
2026-10-07T07:37:17Z,0x29f4f08d8bf73e06f6704058561423faaa0b71f7,0x035963ec8a8b83e74958982f0afb9ff1a6f014d2c4418bf2226e069e6006028f,0.07,2619.76,2617140240,1,1,2619760000,2619.76,0.0,,,live
2026-10-07T07:37:17Z,0x2a1dcb384ad4d83ae190d160bcef489f7c469ba3,0x9683ff5d9da4613a58c4e2fab407030b3cce4774963a9853497b39a86db28a91,0.59,1.015e-07,8638,4264,69,10152,1.015e-07,0.0,,,live
2026-10-07T07:37:17Z,0x2a472636bdbe71e95714898a8a1373918b5dc777,0xc59b6fbfe150ecdec63becc5e34389a8f5a3ac037048fe62773860a60f660a9e,0.55,7.939e-06,14431,2237,9,7924,7.939e-06,0.0,,,live
2026-10-07T07:37:17Z,0x2b185417efa24b3fffcf83cdfb83973a8a8cb96b,0x9379a72d90c418800829c4772803247cd7df3e2b03cecb8285ac43c18eeb6a6e,0.28,0.0003169,47563,90354,243,72386,0.0003169,0.0,,,live
2026-10-07T07:37:17Z,0x2b2b21371f55bf698a395984fdaca6379f5fdc91,0xcab75e638043f91228287ff182eb1393575ee698a46f19ad24415d9dd6ec2ebe,0.32,0.0002192,39554,77479,233,50086,0.0002192,0.0,,,live
2026-10-07T07:37:17Z,0x2b71d57c67eccdeea1284b259c322ebf3c674600,0x51435e8d0ebb74b7d0b36cfb1ce8e66f047fa99f6d9a03ef7d684262ae7f04e2,0.43,2.181e-05,27495,19464,203,21818,2.181e-05,0.0,,,live
2026-10-07T07:37:17Z,0x2c48fe4d0e857ea19584c45f662260d7f4588a54,0xeb1d4b1cbee1b3d3848a897549b6197d3926ba0ba0b605386c1dc1d8e9f77206,0.86,0.0001611,105070,2238883,4185,161161,0.0006565,75.5,,,live
2026-10-07T07:37:17Z,0x2c4f66e3892ae1261a0699fb20051fed8749ceff,0xf480b7114047946ddac237a51266ee838f1861e1f4da61106bdd7dccba8cce49,0.37,0.0003689,51318,115155,234,84270,0.0003689,0.0,,,live
2026-10-07T07:37:17Z,0x2c936f73a08a997051216b2009747e30e6df64e1,0x311a9c1fcf6baa9d66c98a9bed6d244747e3cdf793a9937fa34e9670029ec3ef,0.59,7.21e-05,61229,3110651,6124,72106,0.0007331,90.2,,,live
2026-10-07T07:37:17Z,0x2caf693f29504c87b8c90cbe7d6dddf0e1a6e04f,0x78d314cf639c7cf06660815a5bda34cc9a978c01f1f7b28c397635b41530c088,1.0,1.988e-05,13366,202722,2527,19650,0.0001248,84.1,,,live
2026-10-07T07:37:17Z,0x2d183b132d5ebb7caed519d54fdf8057f8f8b07b,0x1e8daa4feb1c7f61bddfef56f4b3986d37597d93153b4a5883dd525c3170e781,0.89,2.952e-05,28199,21089,153,29527,2.952e-05,0.0,,,live
2026-10-07T07:37:17Z,0x2d1bc65e7f04ad6021e21abcba7e7980ae13d2ef,0xa8ccb9f00654ddab1bb44394a4c2e31b71debd56ec651ef741d7e5194c569997,0.55,1.742e-06,16549,5113,67,17430,1.742e-06,0.0,,,live
2026-10-07T07:37:17Z,0x2d2652234cf7cedf8b02e510b26cde3c88b9b742,0xcea8a851d1dc0d7cf6a2b533bb99d07f5853191a7dbb7166d73584669e25bfe8,0.15,3.328e-05,32846,3367,10,33280,3.328e-05,0.0,,,live
2026-10-07T07:37:17Z,0x2d79f9c2af3b0c3f34f57963200d002eca49f770,0x58dba9ae28e4d3e1f802c52cf30b3c5ee41c9e75207d124bd2b8c9d7b23d142d,0.48,5.493e-06,5493,19,3,5493,5.493e-06,0.0,,,live
2026-10-07T07:37:17Z,0x2d8feb4191d089d15da87a1ded361498e1ee7777,0x6268c50e9cfcc159abf8ca96cfda94220015193d2920e8de2e2445971171cd68,0.37,0.0001987,48642,50655,203,45420,0.0001987,0.0,,,live
2026-10-07T07:37:17Z,0x2e85b42683d74f358d2b8db45f5c940c0c601933,0x285028c011cf0da504945d8ce568923569edcc5d37e0846c911fb2355bbdc3dc,0.24,0.0002052,38208,68127,170,46877,0.0002052,0.0,,,live
2026-10-07T07:37:17Z,0x2ea345e8dec21daae68eade0421404ca1311c815,0x62e51458ef87ae244e464590d6d0d5b748c9baae09ddbc6fa6cf75e280549282,0.35,0.0002877,45325,79772,240,65715,0.0002877,0.0,,,live
2026-10-07T07:37:17Z,0x2ee329fa10de28aeb41c33b28a31dc2f115b56df,0xdea30ef2163595fc17129e275bd854ebf5e4e3cb,0.24,5.496e-05,17,1168645,3814,54963,0.0004804,88.6,,,dead
2026-10-07T07:37:17Z,0x2faee6b6888283c170f97de824d67daabc052d7b,0x703b2bcdad4511cce84e465d93a17e0b0097ed95e3da132aa8d236a1db89bb3d,0.17,0.0003408,48511,106978,231,77846,0.0003408,0.0,,,live
2026-10-07T07:37:17Z,0x2fbd2ce682731f3ef65b7a1770421beabb4fc281,0xabf1dcaf0bd834bb728b7a15d9213ce0794c7f9ac470a00520bf57f828810699,0.44,1.027e-05,317046,22621506,18389,1027735,3.898e-05,73.7,,,live
2026-10-07T07:37:17Z,0x3033ff8f0d0ebe4cf57fde9c3f7a250be9aafb7a,0x0ef42e046d0fcc2829793f4ecc7040eeebc001905fe44ba1e2acb17ffde1d78f,0.2,2.616e-05,26161,3,3,26161,2.616e-05,0.0,,,live
2026-10-07T07:37:17Z,0x30d498b1ebce596de859246702af21afbc35d335,0x9ec0a6b773db86d48b930acc44fa647cfea0daf63ad8e0702244e65eb08509ab,0.4,2.081e-05,29725,19156,203,20819,2.081e-05,0.0,,,live
2026-10-07T07:37:17Z,0x30e170019e652809296dfe41a7a6f6c3faa8caa8,0xf4d672f7e86fd97575448b862ce7552435438953411cd476b87d78b3dc8535dc,1.0,0.0002653,43581,54812,109,60615,0.0002653,0.0,,,live
2026-10-07T07:37:17Z,0x317b102560c4d40d7dca5a530205c046ed7e7777,0xce3ed83eae495214fdf4bdbf15394c6e249f5448f80a8e7cdd281827a7bc8797,0.47,6.468e-05,27736,1479,6,14780,6.468e-05,0.0,,,live
2026-10-07T07:37:17Z,0x31b398871b8aad3330328ce37928dd2fa65fde5b,0x1f2e8038be208cd53696a7b6cf25a64992166612fb4a36db05252af0a820031a,0.12,0.0003432,48673,123470,237,78387,0.0003432,0.0,,,live
2026-10-07T07:37:17Z,0x31dd69e8c8679853ee598203b4eb4d22d2dd798c,0xeb53519638bb920c783ca966083de4b8aa8ac7df2f55a782c0c6bc000e1c29e4,0.72,1.85e-05,14149,13354,146,18502,1.85e-05,0.0,,,live
2026-10-07T07:37:17Z,0x32026e20d442005afe1445c29089c84f0d121e18,0x3df570bef9cfc561420bf89419505d9bdb264b46eaa83eae5d215673b236d99f,0.4,2.003e-05,20049,6624,150,20037,2.54e-05,21.1,,,live
2026-10-07T07:37:17Z,0x32471bfdab657568f265332c1bb45612742a1fdd,0xb7d6b970f721ec2913f857c7037bcf56b0a52c473b0981c1e482cb9e20f220e2,0.28,5.37e-05,77764,27467,130,53708,5.37e-05,0.0,,,live
2026-10-07T07:37:17Z,0x3249d9c648787f07b83235bd2dceb4ee71521e18,0x146b1a1c3c519065cff4eb744a1f3ca9766f26db373192ac74f3cc614a805590,0.86,1.999e-05,19994,320,18,19993,1.999e-05,0.0,,,live
2026-10-07T07:37:17Z,0x33065e7152383aa6779bd2d4ac7df19f6daf706c,0x3bc950af401202f5b7e52fc512b1dc3f0d9c016c7f53e0717e548ae81264d71c,0.65,0.0002133,39085,78912,237,48717,0.0002133,0.0,,,live
2026-10-07T07:37:17Z,0x330d4b2ce0a23774fa54e51e4b9fae3d686ebd45,0x46a34954f2962e31c83a4566da51554f14896723d5c7dff044c1949d112e5530,0.06,0.0003277,47670,105317,238,74856,0.0003277,0.0,,,live
2026-10-07T07:37:17Z,0x337b6269c6d28dacbc18ca13a1e4f213e531de7d,0x8e9328f6e7391f4a74bdbd272081107512b19b93102179d2db885efa1c2d500b,0.09,6.58e-06,6593,10740,17,6580,6.58e-06,0.0,,,live
2026-10-07T07:37:17Z,0x338a004a9817f7ea12b487bc6ef1407ebb522777,0x1bfe9b4431171936628994c37abdd7618de2d00340c87d54cf5b83245323a9ec,0.92,9.839e-06,16063,2394,12,9820,9.839e-06,0.0,,,live
2026-10-07T07:37:17Z,0x349575cfb373d6f629737f8557ea0620ff57f777,0xaf013765b606bf5bc7d49dfe1009f0e4d68f2b5d97e3cb1212d0f2da1c71a1c3,0.81,1.98e-05,22848,48808,165,19765,1.98e-05,0.0,,,live
2026-10-07T07:37:17Z,0x349b20b260a61371e69eb4b5ab421be92d673cbc,0x2cdfa5c0cc45847ba3006e6e1e4ebaa2c1135b3829897cf47445e4354b520fde,0.72,8.947e-06,13207,1733,17,8948,8.947e-06,0.0,,,live
2026-10-07T07:37:17Z,0x3501e8ea2c0bc2dcce8d6b1a540336bf252c1e18,0xa29c6c8ead833e22cb4111546b6a19bd0511fc11392828803b85a7454bba6a70,0.55,2.016e-05,20216,27497,516,20168,2.018e-05,0.1,,,live
2026-10-07T07:37:17Z,0x352c4144755c9dab534a212608a720a22366e288,0xf1e9538159d68c9039dd84593b27e1dffe56be7cff6997f5ddef6321394ca8af,0.64,7.054e-05,60310,22603,67,70544,7.054e-05,0.0,,,live
2026-10-07T07:37:17Z,0x359e683a318835abb123761624ece2894f280dad,0x3db78a0b3260b14e6df5b8b3832559a701b0676989ff25eda0da0a8e8075257c,0.47,1.929e-05,31784,12700,204,19294,1.929e-05,0.0,,,live
2026-10-07T07:37:17Z,0x36992b79b4ff5d4a38e05f03786566f6ff127777,0x44afb1cf2d0208b04c8f19775773216516493f188b0614b6138e11d4f3f12334,0.12,0.0002629,55016,59196,228,60086,0.0002629,0.0,,,live
2026-10-07T07:37:17Z,0x369dfc595d9215ef984f7f521ef09c85adb15ee3,0x46540a2e4b27ff778f8ec6648616660472945fc6,1.9,9.294e-05,54665,1006361,4993,92941,0.0002058,54.8,,,live
2026-10-07T07:37:17Z,0x36a946f9ac8f19c5180a82f0b206247591ef2501,0xaa5f6b07817035ec0e2c0fdd30ad012751e686e540e116faefc921dc53e29134,0.6,0.0003849,52402,110798,241,87920,0.0003849,0.0,,,live
2026-10-07T07:37:17Z,0x36c4223d1e397719b8f149fceefc91a825ba6777,0x537bd96e753511a311891d0efcfdc1e545f04ff19dc0ae2be3dec815b134cf0d,0.63,1.396e-05,19132,31522,116,13937,1.396e-05,0.0,,,live
2026-10-07T07:37:17Z,0x36e9a6eb5d7bc01c3c4f3a81947851f1063481c4,0x310382854f532c290369aa9ba17d23c751261898a5c6005faa5e3d45f3e1fd17,0.68,7.458e-07,11746,1249,8,7459,7.458e-07,0.0,,,live
2026-10-07T07:37:17Z,0x378a50eac56f45fb74e4ce7f1962dbca33515c14,0x1c7d14d2147795daf0b534521fec5dbb6579b2d6,7.78,0.09372,147083,89467,367,1575482,1.04604,91.0,4,False,live
2026-10-07T07:37:17Z,0x37976986e7eaee89b2b4b62d6c800d52fa186c75,0xd12f36a01245553e3d01fc321812a0c577311d4abf6bf621e3dd98819dcf31b1,0.44,8.591e-06,13616,1413,12,8592,8.591e-06,0.0,,,live
2026-10-07T07:37:17Z,0x379cf22d56bc3e8d85b5989f2fe63651c7a2b1ea,0x90bbdec66e68e270e322dad5845597625b7e5c4fe0493d0c66b405725d71ab27,0.72,1.882e-05,12158,12338,135,18827,1.882e-05,0.0,,,live
2026-10-07T07:37:17Z,0x380e2fd262ed1a05ad4b5d7047e0cfd994554777,0x057deb405d82c2c05a8864539fe205234afa1275854f221007bddd4e439a6e2f,0.54,1.97e-05,22719,33595,122,19664,1.97e-05,0.0,,,live
2026-10-07T07:37:17Z,0x381266d7743a24002e8b4536f70eed3fe02bf777,0xe5fd1ba862a81da9c96309ae647cd4f2442da344982daccee8667b9cb3f7af6b,1.0,2.528e-05,25769,48331,170,25237,2.528e-05,0.0,,,live
2026-10-07T07:37:17Z,0x3816407b02572f12411d288a0cf77040f6167ab3,0xb66f95f42735258d61d67acf96aefb2145e8948b4788cf1f97e43d20983a449a,0.94,0.0001625,34189,50328,156,37127,0.0001625,0.0,,,live
2026-10-07T07:37:17Z,0x388c5958f22b02f4583c37bfb39e9219bfe043a6,0x995d69d57165fea517f253ab04b62df4a9449bd9a5b15ddee8c32c08a467aa86,0.86,2.529e-05,11009,12645,138,25296,2.529e-05,0.0,,,live
2026-10-07T07:37:17Z,0x38ab3b35694c6c752415995c8ef17a2b4ae1d32a,0x01b052c567cc02aea38493b8f8d5ea8e4b44505ff8248a67ef68919d3666ec38,0.6,9.932e-05,76526,93428,346,99328,9.932e-05,0.0,,,live
2026-10-07T07:37:17Z,0x38d0d1f18c34123e3a9b2635acf0c6c18c75413a,0x3828a9fdd07f9a6eb817601ee6c0c7bfd3c8f75831a162080757774573d1fd18,0.09,0.0003639,50191,103308,231,83118,0.0003639,0.0,,,live
2026-10-07T07:37:17Z,0x3971bb3ccef619b64367840bbf5593afa5cf7777,0xa93cb5f4ed6cc74d3b1d585a0c7029b979ff0cddd218a291734fff6c0b43cb21,0.85,0.0002264,52088,61587,237,51747,0.0002264,0.0,,,live
2026-10-07T07:37:17Z,0x39b1259efe080762518c7d1ba37a11c2fe1a7777,0x97293140cf53bed8f8ba6e52610d07669d9a3972c2a278981c73b13ecb0f9003,0.29,0.0001729,45376,39761,174,39527,0.0001729,0.0,,,live
2026-10-07T07:37:17Z,0x3a3ed2662233e3a97f199cc723d06225f521f355,0x6ea909253248ddf42fd204b26d177e2eae2fb5f584ca6dfe8add474506e76a50,0.07,2619.76,2617140240,1,1,2619760000,2619.76,0.0,,,live
2026-10-07T07:37:17Z,0x3a423b83d4165c6d410887528b0aa34488501e18,0xff6a957eca64b1f20cf01f816e80c68b0fe31a2abdd9189ec09a00c7c229ccac,0.09,2.002e-05,20022,2,6,20022,2.002e-05,0.0,,,live
2026-10-07T07:37:17Z,0x3b9a3c1f040298359bc681e4e714e12bd8760259,0xf225d9209a7d71bf4544ee6a6684be4e0a22e29f,0.94,1.507e-05,7487,1,3,7487,1.507e-05,0.0,,,live
2026-10-07T07:37:17Z,0x3ba500f1ababbcf0f0247d06d1c56fd7e6c4c09d,0xf49ee5b66c4e7163026e5d25e6a1f93cff46dca4d3752f712d181d9392c1d567,28.53,0.002536,136931,412466,3715,2441270,0.0090823,72.1,,,live
2026-10-07T07:37:17Z,0x3c6f2c1ee0c63436e8bc8fd0f95a537202884733,0x9adb9f974af2af3f7bb121b1b7493574155b5faf8a88d668252b0bd6f529a2c4,0.26,0.0002662,43509,75540,241,60809,0.0002662,0.0,,,live
2026-10-07T07:37:17Z,0x3cbeeb9625a5002f1d8b7321e5e3c4dfacbf7777,0x6ff03ee98bb210b69061accc7fe08b5878939f0b2e91d08c73e0525f57e67218,0.07,0.0002507,53841,57026,220,57281,0.0002507,0.0,,,live
2026-10-07T07:37:17Z,0x3d7b3b42b86f0a5a9ea0b35211b2bf340ad188e7,0x42ecdfb790b258a927ef34d16dea1d7059bf8eef,0.51,2.564e-05,9,1740139,5885,25640,0.0001549,83.4,,,dead
2026-10-07T07:37:17Z,0x3e01d26cf34a5fffeb32bee88151bb7ad0457777,0x02489ee90d86a5effc44f8018a881b5c07e3a5d109fa085234eeb42ea3062d05,0.13,0.0001308,38813,31314,119,29895,0.0001308,0.0,,,live
2026-10-07T07:37:17Z,0x3e2a54ca8872c9d86a10c9b97a192ba0ed96cd01,0xb0cc63eb45ee0ac96d34e603f55d9327c4bb8cd4c1fd6e44a5385cca39f419a7,0.38,8.442e-06,13493,1356,13,8443,8.442e-06,0.0,,,live
2026-10-07T07:37:17Z,0x3e321ff1592e1e71c4a50fc096278b7972b8d2eb,0x92d16d094aacb8d87402f58e17af896d3ff87ae8f86eb44244ed3183f49bac17,0.08,0.0003484,49160,118958,233,79589,0.0003484,0.0,,,live
2026-10-07T07:37:17Z,0x3e6df3615c34a6d0cbcc8dd76fa06fabbfa43c30,0xd418a407d773945b5af1b0c225366053e5664bf674dc53e572ce16d944a18850,0.63,9.947e-05,76511,1197757,2940,99470,9.947e-05,0.0,,,live
2026-10-07T07:37:17Z,0x3e841a4d9f8903b2d1e932d0ec294eab595955fd,0xf37d38ad4c9c24a9a244e95bd40a04c709c4a0e23ef49212e3a7be152e3bc600,0.68,5.697e-05,20267,6115,24,13013,5.697e-05,0.0,,,live
2026-10-07T07:37:17Z,0x3f3d2e0aaa37a8d6913c8ec40e407e01211d8db1,0x6c375b54e764f1b516f46416c0acdd88d893ce38eea3e4e677da4759bb025a0c,0.81,2.95e-05,23349,23284,152,29506,2.95e-05,0.0,,,live
2026-10-07T07:37:17Z,0x3f4548a617556ad77ba6ddc0b23f1e0f1294c822,0xffa05fd9a1b4b5c02a8642c43d3be85cc0149836db069caf3680040f6f54ec53,0.93,1.904e-05,7866,11892,122,19045,1.904e-05,0.0,,,live
2026-10-07T07:37:17Z,0x3fcc31eb367add12320bfbdf97e8a15be8917777,0xcfedcc8e3f615bfe22c1c469c5be6a3ee62a38db4f3ef69898adfdd6ae1d0789,0.92,0.0002341,52840,54580,207,53506,0.0002341,0.0,,,live
2026-10-07T07:37:17Z,0x3fdc3d4271c5f038e4e6b47117cc8da88934ae2f,0x4a8b2f300b6404cfac72f8ec1c83684b184be50063aea90b07902b27d66b1cd5,0.56,7.029e-06,47701,53157,384,70296,7.029e-06,0.0,,,live
2026-10-07T07:37:17Z,0x40d7241826c3f0db2f295797ef99fe6fd0622777,0xdbffed0da714e9bb70a1d2c72cf56a9decd0cb56a89f8ba9615791d6acbd2f9d,0.89,9.762e-06,16038,6637,25,9744,9.762e-06,0.0,,,live
2026-10-07T07:37:17Z,0x40d87914780065fb840a809065120c1f0e907777,0x1dc56c01e2c5240d005608568d0212bd29b3165e96db696584381b9ce6d57337,0.19,0.0002221,50609,59325,233,50755,0.0002221,0.0,,,live
2026-10-07T07:37:17Z,0x413d7e7f656177a671acba6486abb703e41f12fd,0x85b3abf1dd315a9485523fd8b0d1be388b1363b9,0.08,2.737e-05,16176,67515,543,27374,2.737e-05,0.0,,,live
2026-10-07T07:37:17Z,0x416d0c4b431cfa33b4a4974e3dfc9f5089137148,0x81af43b4a865633cd16c9758569cdb5846c54caf,10.4,50.93,107873,28749,149,84949,1308.59,96.1,,,live
2026-10-07T07:37:17Z,0x417f59241229468d99cc37ed75e7c79435066825,0xf00739cb6d58f11c6898a9b4ed78c29bcee9f15f,0.8,1.505e-05,7479,0,1,7479,1.505e-05,0.0,,,live
2026-10-07T07:37:17Z,0x42f904d836624014e10746cf98ec95df93597777,0x0620bbacd66d5eb181f93a66b1b2c3f729966b45018664fc265e1887ecdecdf9,0.49,0.0002019,48967,44353,193,46141,0.0002019,0.0,,,live
2026-10-07T07:37:17Z,0x42ff69794d627340c1a52ce513f261ded9b92a82,0x00e2794663a27edcede12c06e7805ff9cf35acf9,0.93,1.508e-05,7493,0,1,7493,1.508e-05,0.0,,,live
2026-10-07T07:37:17Z,0x4370d6ad97c715573260db0dfb362b113d3e88d8,0xd586af03ce061c8998ca43804bd4cde610682be45b767a4f6bfd2153de5772e6,0.41,8.319e-06,13395,1306,13,,8.319e-06,0.0,,,live
2026-10-07T07:37:17Z,0x43b6a048f7d29d4b1dff2732fdeba7aa10197777,0xb58ad275b1af94e685331c8200ef4573803c999c545a475764db327b59b8e993,0.86,0.0002287,52343,62270,232,52275,0.0002287,0.0,,,live
2026-10-07T07:37:17Z,0x44137c3c861be51819ea2fe1b7406e815ec8f7c0,0xa141e81dbeb856bfb72a766e0616c8a4faeb2af25f10925ab87e8503d6d1db62,0.63,1.982e-06,18324,5957,77,19828,1.982e-06,0.0,,,live
2026-10-07T07:37:17Z,0x443d685cf26fd79b4116f8883b13dbf184d58c01,0xb8aaad695023fb5fdb30e22b89cd9ba9d5fdc5e89f004798f73937090de55b69,0.39,0.0003402,49276,128149,234,77701,0.0003402,0.0,,,live
2026-10-07T07:37:17Z,0x444e0b4087cc28d79b7c1e9e089c82a49de73045,0x8c40e03e4ed1322038cff606d0f4152c19377274f305aa7241dab4380c7cf66b,0.08,5.549e-05,50047,17612,49,55497,5.549e-05,0.0,,,live
2026-10-07T07:37:17Z,0x447ca404eb0d5c34c8506cbe1c48445031aae7f0,0x4e501dc26f568b6c97dd4946a746911e75f4f2ab,0.21,3.067e-05,24540,2,2,30675,3.067e-05,0.0,,,live
2026-10-07T07:37:17Z,0x44bd7f46f71a8c1691f0fbdd5feea5916f4f7bee,0xae2b8300e072aeb64752c2605f9fba0e9df7b43055cef72506a96607a1e07f5f,0.44,1.404e-05,10998,288847,4140,14041,4.603e-05,69.5,,,live
2026-10-07T07:37:17Z,0x44f1a20b91e4f140802db07549f74e1df0ed1e18,0x06fb006f063c99a313d37ad11d31548b71b17b5d71b605b3d1ac11c94d05c784,0.22,1.995e-05,19954,12,3,19953,1.995e-05,0.0,,,live
2026-10-07T07:37:17Z,0x450f1e4b9b6628fa05d88e1557f7b3dc15a23802,0x4d894baa9458686f834762df80a4af8f0422a97e0cdc9d3c8c436c26410f5ebf,0.72,0.0003643,51100,104778,228,83206,0.0003643,0.0,,,live
2026-10-07T07:37:17Z,0x456309ac03efe3b8f6739935a7d5e5ef49b4a2d9,0x44f87bac20f1924d9baa36fdee69d3585a4c20b41e18e6423eb8103810c01c41,0.15,2.713e-05,27126,511,9,27136,2.713e-05,0.0,,,live
2026-10-07T07:37:17Z,0x4595c329f3e015b9040dc257420307472dde2777,0xdc6868a0b1c5e48fa0a24847ef0c203478052ee5f3ee68ea0e6ec5646632543b,0.82,2.135e-05,23728,49282,181,21316,2.135e-05,0.0,,,live
2026-10-07T07:37:17Z,0x45d03ac52b8e01d2300366b26b3cf7c724637777,0x793930e827be64961d532ac51e1d88dd793cc71ca46be3588fe86894c30b88b3,0.3,0.0002337,52743,60462,234,53418,0.0002337,0.0,,,live
2026-10-07T07:37:17Z,0x45d629b671a52679e12ec21969be17d5150d45be,0xd7097846e32cc71145cc421540c6d9d6371601261e932e9879bd805ffc792444,0.33,0.000259,43026,77640,194,59171,0.000259,0.0,,,live
2026-10-07T07:37:17Z,0x45e6417752460a4eed68e7493d233cf9c6c47777,0x78ecea9c800cf03e6e1ddcd3470b14c99971c5d8c8798d4d286282576577bb24,0.71,0.0002221,51556,60741,213,50753,0.0002221,0.0,,,live
2026-10-07T07:37:17Z,0x45f8011d44b7080d91744d3080ec3d412841a9e8,0x544fec39ff60c00c149bcf8e60a0bdffc133e7b003bce8768776cf91c8f7b4f5,0.38,0.0002382,41230,84314,235,54413,0.0002382,0.0,,,live
2026-10-07T07:37:17Z,0x465a80137016ecd6354efc9871295245532d1e18,0x2f473487d414d3df0867a1543cf56f30555f6b9d23de46ba4fede2f7b2b252d1,0.65,2.039e-05,20401,7516,156,20392,2.039e-05,0.0,,,live
2026-10-07T07:37:17Z,0x46de719977fa84c0427b484f4a2c34d1c8c1db53,0x7ae85be24c518a14e23e5ccbceae3a08eb2f29b9620e2f84900ccc101d3c471b,0.33,0.0002284,40405,71389,210,52182,0.0002284,0.0,,,live
2026-10-07T07:37:17Z,0x46f2ae12c39e65ec356224869baabc4939c73039,0x6696e5d7225494d673f5588d36d8c0403de782bccc7bbec85131c26d1ac760d0,0.51,0.0003663,51055,104903,218,83667,0.0003663,0.0,,,live
2026-10-07T07:37:17Z,0x4722dc85162b38cbd5fc61d9200286a236448b27,0x0fabd9cd6748129f90775edc7d701e54e5fee6bd,0.92,1.502e-05,7461,0,1,7461,1.502e-05,0.0,,,live
2026-10-07T07:37:17Z,0x47c5c42156d7c1ca62c9efbec7e30645f7917777,0x71c2ae50383a2f23f6c6f2350774000c3b4cde949af21b99976c64fa2917df41,0.26,0.0002432,53736,53179,186,55579,0.0002432,0.0,,,live
2026-10-07T07:37:17Z,0x47f388e7a84565270310f662a002e0d29328923e,0x48bce65a2b3245224751f5871d39578e6ceb234336100307d5844d954aed797a,0.08,0.0003414,48635,115865,243,77977,0.0003414,0.0,,,live
2026-10-07T07:37:17Z,0x488a189ec593ef92f1c188242d903cd57e3bb879,0x45bce6c98dfab2cfce603e03296912cadbd2c3b0f1bc030c5cbfe0562cd2af00,0.94,2.41e-06,32365,7245,102,24102,2.41e-06,0.0,,,live
2026-10-07T07:37:17Z,0x48d2f5be04ebf571a8f0f8c492f83593363cfa77,0x64cfcf4e6224daf1be6a99b6d39067d2848a56e9596f493fe83e24c87469f6c1,0.72,0.0002105,38850,59773,185,48095,0.0002105,0.0,,,live
2026-10-07T07:37:17Z,0x497d3dd553dae33a3492d9c35e80d5ffdfba39d7,0x0afbc4782ce084be991e261c54304ec37b7d0f1a7c9892b37d26fa5b5cd6bad5,0.94,1.753e-05,12847,12023,136,17534,1.753e-05,0.0,,,live
2026-10-07T07:37:17Z,0x49eab8438f69d21096dfffc76738e37dc92cb3ae,0xe279b1917c69c8af6d36a8693d0cdf555b4e8ab0997a80519fbca9ddd2278d19,0.84,1.648e-05,12166,135216,1421,16483,5.603e-05,70.6,,,live
2026-10-07T07:37:17Z,0x4a29ae199eafa0d3df80efeb49049df4e455a02d,0xb286db839596ff1a876777a61f3d9d941644a0926bf6a56ae239309e2718a6c9,0.21,7.759e-05,93632,77589,420,77594,7.759e-05,0.0,,,live
2026-10-07T07:37:17Z,0x4a2b02f7591d8515d9cc7129600a92879c873351,0xab85083d2cde4f981042ed6cbe8cc9f5eeecd65d40608cae34fc48b908c1f55f,0.3,0.0002613,43187,78638,235,59693,0.0002613,0.0,,,live
2026-10-07T07:37:17Z,0x4a2e5c4d28d506c40cb9bf11324a60a36cfb46df,0x24864033211e7523fe784d7fb43293a7635ccae99ce5c57c06f30c5944506b8a,0.17,6.83e-05,87765,43718,252,68308,6.83e-05,0.0,,,live
2026-10-07T07:37:17Z,0x4b0177b9dc8ebf9145cec2473c69fa936cd97777,0x802d2eac7a5e7f94637d6e34e258ae9e3237627246d766307537650d85acea21,0.94,0.0002205,51417,54354,227,50397,0.0002205,0.0,,,live
2026-10-07T07:37:17Z,0x4b17a1021dabcf5e7ad5e3a806ac9b4e9c4e617e,0x5947f555347bb4650197768f8f642f0ed8a057b37b2188e4802240bac53c2950,0.15,5.386e-06,5386,0,1,5386,5.386e-06,0.0,,,live
2026-10-07T07:37:17Z,0x4b6c9a6ed3182b9d9f6997cd5682e0466f4a10fa,0x7d7d776ee228f2d70729f31ea87d94aa89512fbe,0.55,1.528e-05,7615,0,1,7615,1.528e-05,0.0,,,live
2026-10-07T07:37:17Z,0x4bb8d770d9844a86423cf41d6d3bbfa1b0fb06b9,0xd80afaeaf290e54c0c9aeec0fbe68c7e8af318bd4921ac0baa51dfe69cd5c996,0.61,1.958e-05,490636,14360668,11023,1958700,3.197e-05,38.8,,,live
2026-10-07T07:37:17Z,0x4c55eaa6923995fdc3ea5e84360989e2a6b07777,0xe922e6b8c5bc636d8c73a56f399b8e9a2a52e7d34136c4276715fadc0b36f136,0.72,8.025e-05,30977,5263,28,18338,8.025e-05,0.0,,,live
2026-10-07T07:37:17Z,0x4e20f76914aefae4f393a150bbaf4f1b7bb19487,0x13f113c24cfdae6b670242bdb2380a6a72bf01d19ee381fb5d1fe34965f578e0,1.07,1.016e-05,0,4,3,10166,1.051e-05,3.3,,,dead
2026-10-07T07:37:17Z,0x4eff71d7208cdd4236ee2484d4b331b95795b622,0x145dca9f64192d6d455834f0e57d2369e3504577999f80fa9c1278fff9af2293,0.07,5.141e-05,47205,11426,39,51416,5.141e-05,0.0,,,live
2026-10-07T07:37:17Z,0x4f3866c1956e878d8b5b5d179e75d9cc87a01e18,0x9cf0b3f7b33881926109197c68896a623d9bd8f0f7a6408eee8ebe211ab10ce3,0.56,1.997e-05,19980,1039,27,19978,2.031e-05,1.7,,,live
2026-10-07T07:37:17Z,0x4f397142825bf11aa4593f8d8b6b87981c650a40,0x485d8860f446a504001ad1d745c77f9c9472f8a079c285dfee4f2cbfb635d8bb,0.43,8.589e-06,13614,1413,13,8590,8.589e-06,0.0,,,live
2026-10-07T07:37:17Z,0x4f89947a975d6f20ee031befe2cdffe78e431e18,0xa2e4b4a0712df32d3fa7ff20e751db6ac5c69b198c7ed68c55e06e1ba6f44f5d,0.71,1.989e-05,19904,3301,57,19898,2.321e-05,14.3,,,live
2026-10-07T07:37:17Z,0x4f9eabdd8bd4e712b65aff579f0c4a73d860e5a3,0xbc7c44bd228393a861c752a09ce96b46fa13e81c,0.47,0.000539,404283,5,10,539044,0.000539,0.0,,,live
2026-10-07T07:37:17Z,0x4fab804eb0cdd1f9ff1d2a1b8f79f7c48f1f0a4e,0x49a331d5a471cd892fb449e682fe6d7d352edb2ad172ce068161b63af0f94f89,0.6,2.695e-05,26958,4,5,26958,2.695e-05,0.0,,,live
2026-10-07T07:37:17Z,0x4fd0c5ae025d6fc28eead7aa66019f4dce9aa777,0xa2d302785e819786db1fe7d5642459a217a67ab33dba22d78fc00864b50e0f3a,0.86,2.599e-05,26173,50431,187,25941,2.599e-05,0.0,,,live
2026-10-07T07:37:17Z,0x4ff616eaa3030d46e561fa10bbe3896a4becce2b,0x7316740e8501f8259e534c13e3a80b7a52e5d72e9593ab7f47ef356dad52b241,0.84,0.0002467,42108,80338,238,56347,0.0002467,0.0,,,live
2026-10-07T07:37:17Z,0x501c268666b28f7fb23bf4b970188005d6392fd2,0x4666329175ea1f456aecb9cd0099081c6131e18ed26ec1d326c5428b43e5c412,0.19,2.612e-05,26125,1,4,26125,2.612e-05,0.0,,,live
2026-10-07T07:37:17Z,0x505601ce7739fe78d0b0a9b30ca236d673627777,0x3e8f920b1afcdfcbe6699835559af82a262ec8fb312b22131f31a103b8b5604f,0.2,0.0002364,52201,67122,233,54017,0.0002364,0.0,,,live
2026-10-07T07:37:17Z,0x5078766edbece3d41a2047d602d8045158c3ca24,0xc5996c58bc07df1f87ac960ee297aaf090d4abde572a37e9e6fa2041f08da03f,0.47,4.886e-05,45614,11595,37,48862,4.886e-05,0.0,,,live
2026-10-07T07:37:17Z,0x50ffa4bc4ec20f36bfc9b00bd9042dfd2c50dbcd,0xbb6da0a26397a7ca07fee69110b0591056b53307d440258c16e7688238cc2b53,0.33,5.586e-06,42526,38825,198,55865,5.586e-06,0.0,,,live
2026-10-07T07:37:17Z,0x5115218dd56267f1171078c3142d781841bd9777,0xb3bf9c9da08d1a7a8741de8b63fd3189f92dbc7b650afc3424c925b5c7134f76,0.82,2.057e-05,23296,37862,126,20539,2.057e-05,0.0,,,live
2026-10-07T07:37:17Z,0x511c245be130716d302173613471d687b1563cec,0x9d3807bd566c9a7c885dece61a6c27663350238e2e0263530f3673043ff51367,0.18,0.0003607,49893,125002,216,82399,0.0003607,0.0,,,live
2026-10-07T07:37:17Z,0x51a10630a73d05dfa0e2f1f60ecf07314389f1b8,0x4683a60a54a83db9541b66082119619e4d73c9c2bffe7aba74d517cbbfca02a3,0.31,6.582e-05,21670,5626,25,15034,6.582e-05,0.0,,,live
2026-10-07T07:37:17Z,0x51a83716f8814876f7a49792b0fc661be88d136a,0xfc0cd0939d9477c305f8b676132166ed1d1f264bdfd808d472ddb6e80f2cb2c1,0.81,0.0002954,46065,86742,241,67468,0.0002954,0.0,,,live
2026-10-07T07:37:17Z,0x520071542b2592db586ba2383c78b724e4438dea,0xab2f04a45e744337454e46038f21a919ef10f5558d6c5014e594d1cce6ae387e,0.4,5.898e-06,47208,72117,258,58982,5.898e-06,0.0,,,live
2026-10-07T07:37:17Z,0x5214702001fb953e5d6c83d4ecee8c4125329525,0x46f985ee6d8422bc62783ee3d86b7ddb1e8605a638e25c5c7d31a562619936cc,0.82,6.941e-06,6982,90391,3173,6942,6.941e-06,0.0,,,live
2026-10-07T07:37:17Z,0x5252f2a413846a9482c536e512e76e7cc2a4947e,0xaec9cc747379319331f6ed771996e6c8a5e489864461ca27a0b331a3165efd8c,0.22,6.602e-06,6615,25563,767,6602,6.609e-06,0.1,,,live
2026-10-07T07:37:17Z,0x52a007451a8ddb185c334d6473f8564e12e06342,0x92f431fa292f83f82a35dece0ae8fb032d731d31013f3f0a57629a92d47470a8,0.09,6.723e-06,6790,132781,673,6724,4.191e-05,84.0,,,live
2026-10-07T07:37:17Z,0x52eef33ad69b0483eb41c861fa3705893a547777,0x79e97dd859642474e54645bbf8dd16e286c79fc95dbbd8253afb151503641fe4,0.4,0.000231,52462,48927,201,52796,0.000231,0.0,,,live
2026-10-07T07:37:17Z,0x531140fc4ae9aa04c21b9b9f3bea0e1daaa81111,0x04e43140f31b26f97d05c6cbf0e36d6719bdb9246714cbf2d4c44f5d95d452d5,0.3,6.531e-06,6531,1,8,6531,6.756e-06,3.3,,,live
2026-10-07T07:37:17Z,0x539c1734ddaf2aa2d9574b50a80b7b9910457777,0x55b01ba079b876dc713c915913e6251b178a0e26d05603f367955a274effa121,0.81,0.0002173,51018,55199,230,49652,0.0002173,0.0,,,live
2026-10-07T07:37:17Z,0x53b54e5427f3066555c53a79afe22a2f34e17e51,0xfee7ec37b95f9fc65f5ec1e28e112bccfa30b3f40c3284886a8d234a9166962a,0.85,0.0002594,43190,76933,237,59263,0.0002594,0.0,,,live
2026-10-07T07:37:17Z,0x53ccac6ae1dedb73b1afcfdde40112e73547e2ab,0x5d9f53b5d005c5c61513f944845de39e8fc1c1df8cf542fd76668a4e5baba5b5,0.39,2.253e-05,32742,17016,203,22535,2.253e-05,0.0,,,live
2026-10-07T07:37:17Z,0x541f025b601a3fdd09b46002951752b2f0824ab9,0xcdda410dd453e3e06a79f50c32531fcf0f42409d,0.84,1.506e-05,7483,0,1,7483,1.506e-05,0.0,,,live
2026-10-07T07:37:17Z,0x541f65c8241ce0d9186fba040359ff6f6be91777,0x0447515e5c43b620d1ff479038189f574884d7e8d1f45a0aba409b41e12f7445,0.59,1.674e-05,20943,16314,57,16714,1.674e-05,0.0,,,live
2026-10-07T07:37:17Z,0x542a390c4fe50b86e8b11b476e1c71e472807777,0xf658821cfbee3e38b2bad6f701600acd38ab3249d9eb63fd54268bfb8c44f86c,0.14,0.0001834,45940,36065,148,41911,0.0001834,0.0,,,live
2026-10-07T07:37:17Z,0x5454677f5ccb5aea4cdcbcff56e2e736641a9d8a,0xc9e5e385b08e9056d4a31fbf16c5f2f22cc8b181,0.95,1.511e-05,7507,2,3,7507,1.511e-05,0.0,,,live
2026-10-07T07:37:17Z,0x5456b71f8eed3c3d082d5f1e5167161ac524900e,0x85ea25d75fbd5793f824ba189bfcc9026c724097c7a952157aca81c17a2eec8a,0.16,0.0003068,46071,85643,240,70072,0.0003068,0.0,,,live
2026-10-07T07:37:17Z,0x549c72bac3f8ba5e01799721997def768435b629,0x9567525471cbfd12fea9708c99e13e563877d075,0.12,1.504e-05,7516,0,1,7516,1.504e-05,0.0,,,live
2026-10-07T07:37:17Z,0x551ba4f7f09dca8b355f45328703560435fb2082,0x7e54be5a17d7ef4d3941acf20cc21ed34051b38d2315043ad98998d58640d89e,0.27,6.421e-05,21397,6313,18,14666,6.421e-05,0.0,,,live
2026-10-07T07:37:17Z,0x561e71f679b719eadd682021d234bfd7d7a87777,0x95548ecbe76644552873b9c7a4a87260917ba868b578a557e03ec2eec355f0ad,0.39,0.0001116,36472,18149,79,25518,0.0001116,0.0,,,live
2026-10-07T07:37:17Z,0x564dc3969d36e591aca589452b4435435cc6420d,0x8633f701ab7b4c7032224ec8e1fc94a8c9bef5d88ec7a6f2f42293ead0f42a97,0.6,0.0002103,38733,67995,224,48034,0.0002103,0.0,,,live
2026-10-07T07:37:17Z,0x588acbd368c770289a2440f06aa0ca8902d0cb39,0x2e49949cad3678a8e12ebd25c23ca3443754e175,0.39,1.525e-05,7600,1,2,7600,1.525e-05,0.0,,,live
2026-10-07T07:37:17Z,0x58917699c4bd0a5e7139349c4af5d1147a4c7777,0x5e7e8d7e45a1863bcf5e13415da0b0272fa662af5a2ca497043a8969aa0fce4d,0.68,0.0002149,50751,61568,232,49120,0.0002149,0.0,,,live
2026-10-07T07:37:17Z,0x594da1a58ce93eef708943f91b85d8ca5f979b71,0x89595e168fa31442b1ba85e7e509ecf06d842666636f52cf6c05ce670f31479d,0.55,5.965e-06,11352,276,4,5966,5.965e-06,0.0,,,live
2026-10-07T07:37:17Z,0x59a8774d9961e08cd8ee0b71375a3790ebee29bf,0x64987c257f70c31495d3821887524a0d62ce4d52dd04f8026a5de8d449912140,0.49,8.028e-06,13144,1201,27,8028,8.028e-06,0.0,,,live
2026-10-07T07:37:17Z,0x59e5c96280cb49e302bf1b36a63de44992b71e18,0x67a04ce8b3c3064c8a205a042fbdd2a9773012a9c70f40ea078b20971e7e4591,0.61,2.002e-05,20041,6051,180,20021,2.005e-05,0.1,,,live
2026-10-07T07:37:17Z,0x5a698bf581402c023056648713bc0bb4951c1e18,0xc330fac9d83509fbcbfcdc6256e18b51b1c08baa3d4c670b8ea1ed58b9ca092b,0.43,1.998e-05,19985,4,6,19985,2e-05,0.1,,,live
2026-10-07T07:37:17Z,0x5aff0cb92f7243a83ec5945be4724f7fadc3cb4b,0xc78164f9f0221ff97622f8d1da7836f2556a287d1df1723b6a60eac2a3718309,0.47,4.979e-05,18843,4125,14,11373,4.979e-05,0.0,,,live
2026-10-07T07:37:17Z,0x5b63033690a1b82b55c10595cb6e20c2e24fe68f,0xe34be522edc412a84e2a8440a9b7b2e7ef169bce3d95d2c1d41de28137ffe932,0.55,5.779e-05,20315,10505,31,13201,5.779e-05,0.0,,,live
2026-10-07T07:37:17Z,0x5b793eb1c4aa4cb61231442890041ecd2b05f40b,0x008193f3b52eacc53aa01f1293a9fa6571ae92f8,0.8,0.0008414,757312,1,2,841458,0.0008414,0.0,,,live
2026-10-07T07:37:17Z,0x5b81efe5e0ba2b31c0ed843b908a2c45fe6e14c5,0x3416b8d8aa6ae642ffdc2f65165ff479d4bd3007,28.61,0.003632,387838,3000697,2180,2255385,0.0622874,94.2,,,live
2026-10-07T07:37:17Z,0x5bb8ffe269f1b7260f6e4a572171c0a929f27777,0x6a288097fa11733d8ffb5a21027fdcef7bad57b1cd3adbb479727f7762bfa94c,0.8,1.037e-05,16540,4705,18,10359,1.037e-05,0.0,,,live
2026-10-07T07:37:17Z,0x5be571dd3994e74cd6f8afe29e26056475f87777,0x67bff4fcc5105c184fa132d6bbd351de6975f73cda75179076ab362d43bce7b6,0.27,7.014e-05,28876,2113,8,16026,7.014e-05,0.0,,,live
2026-10-07T07:37:17Z,0x5bf65141958203475d21d469d79759ee828f2d9a,0x836dd13d47ab1fd54d53985fab280e9e992d0990cf90f1a99893b1c064b9a2d8,0.21,2.68e-05,26805,319,5,26809,2.68e-05,0.0,,,live
2026-10-07T07:37:17Z,0x5bfaaf774f9c1214f4318e35b8103ef5537a7777,0xa1879124c65e8e479c4e630f4f999639e5adb54216ef9fb1534c55d80348f28d,0.2,0.0001411,40376,30987,120,32248,0.0001411,0.0,,,live
2026-10-07T07:37:17Z,0x5bfb6a1919b6564580986cbacdf5503506e4c64e,0x082865862734956894a84895982c54cb0fff72f67cbecdaf0173848c52a6ba05,0.15,0.0002953,149508,287503,319,295310,0.0002953,0.0,,,live
2026-10-07T07:37:17Z,0x5c3b81a7cba92de227b8b97323fec0eebc9cc5f5,0x429e9773abab7c049105e3a0805312968e8d39e28493640054444d8aa48fc71d,0.21,2.633e-05,26331,100,5,26332,2.633e-05,0.0,,,live
2026-10-07T07:37:17Z,0x5c58f630161c33609dfd719bb390d3886ad99402,0x84216f06a4a5c896e482b669f5accccc8c6586bcec901e8d955b0bdd74d71e46,0.85,6.316e-05,909950,13539509,10449,6316908,8.695e-05,27.4,,,live
2026-10-07T07:37:17Z,0x5caa8fdfda42aa534e936cc86aed641add72abb5,0xfd6adbc8206649d227c576850064112fe8270f30228e18c1dddca6a7e43f54ba,0.9,6.029e-06,41780,49624,221,60293,6.029e-06,0.0,,,live
2026-10-07T07:37:17Z,0x5d6870827e2ddf64ffd71f88625cac8e63397777,0xd88aa7b75128557e8fe523ff117235bbe6df71dbea2438a888faa931922bfa1d,0.21,0.0002151,49856,60142,211,49154,0.0002151,0.0,,,live
2026-10-07T07:37:17Z,0x5d7bdfb98a709b54d8557e4bc574cbe43baa4c71,0x4d25ba0ff0eced0f9c827620d05d29185dd6d96ae4031356f5aaa904c00a949e,0.81,3.858e-05,23489,26435,155,38586,3.858e-05,0.0,,,live
2026-10-07T07:37:17Z,0x5d7dfa223cd3f506b95228fa9414610b029b7777,0xc1a44b063fc2d4f213629683ff52386dcf661f92ace1ca8e64dc2faf5f3bf73f,0.34,0.0002457,54072,61078,235,56148,0.0002457,0.0,,,live
2026-10-07T07:37:17Z,0x5e1ada2bd442b51c5bac21f5cd08d117e7b0b72f,0x0a02aa89fc9c4282e9ae1b07d87d88df40c5739cf11855b7e2dd62a2db11415d,0.35,2.255e-05,29065,19062,198,22555,2.255e-05,0.0,,,live
2026-10-07T07:37:17Z,0x5e80f6b392fdaba03755d0e7b9580af213417777,0x13e6ba721e26b13a25974daaca4abbb56f3c525683ba37ad3c86b676a6f378d8,0.93,0.0002534,54998,58113,218,57912,0.0002534,0.0,,,live
2026-10-07T07:37:17Z,0x5eeeb94a43b72a40166c84c9454ae75f97793929,0xc1f6bb4d10247bd605479ad661b45a54ba872ee2496a6752aa5a6cfecbf94499,0.4,0.0002707,43958,77150,237,61835,0.0002707,0.0,,,live
2026-10-07T07:37:17Z,0x5f0b1aca1fe9a2adc871e390a6e77eb45276d57b,0xb21edf51fd02733f9c620774ac066a153e77d52ac55be6a9bdcba183a914d6a8,0.27,6.768e-06,6430,8,1,6768,6.768e-06,0.0,,,live
2026-10-07T07:37:17Z,0x5f521b97284e0da55dcc3babbe0ecd9e36c44539,0x8162b0e937d68ae42673ad454144554d2b80f42b,0.95,1.516e-05,7534,259,42,7532,1.747e-05,13.2,,,live
2026-10-07T07:37:17Z,0x5f74b9b6d5b0468caf7c486142fbeed39c2346ff,0x0d61394b815fb8ea4ca8a38b383a828534e2f105b56a8717b6eaefc2ef0fd38b,1.14,1.38e-07,13802,532737,1299,13804,1.505e-06,90.8,,,live
2026-10-07T07:37:17Z,0x6065a2cf11506cb4b730b0ae71a8ef2dd7a2f3d0,0xb2ff3bbd2631aabb81ac6d3ae8d19f1249e40ab66ec85f209af578edbb08e0c7,0.55,0.0002879,45330,81992,216,65769,0.0002879,0.0,,,live
2026-10-07T07:37:17Z,0x60a510f19e68581f9fb69a34c27be619b32417a1,0x7781e5b8356ae4a618ff79c7bd25d4a6ae4ea0ad1dbc20fa778f24b3cd10389e,0.88,0.0003649,51215,112273,230,83356,0.0003649,0.0,,,live
2026-10-07T07:37:17Z,0x60a864c5ed1fc97e8fb712fbb60c69265d3f22ad,0x5f87b02dd4f953f70d960cd25b8420a5c8eb79649689db57d92918a19b3a472c,0.8,0.0001494,32728,53064,154,34135,0.0001494,0.0,,,live
2026-10-07T07:37:17Z,0x60c23c70205481e26b10b98c9cd56e233ed01e18,0xb378dc58784dbef50162fe21a5353fd97373e30d7a8f340e0afa0fb7f912b783,0.28,2.002e-05,20024,4657,44,20021,2.002e-05,0.0,,,live
2026-10-07T07:37:17Z,0x60c928dd6ed590d6cd2dcf4f72818f5d0b7f43c6,0x0f909ff597636116169e3f9fdf3104b980cd9c2061b208ee87c247a5fc75a5e7,0.6,0.0003901,52769,109962,237,89107,0.0003901,0.0,,,live
2026-10-07T07:37:17Z,0x61db6b8f1f825038e49af5a34c89a5f9178d3777,0xaf8c8dc51fd5f7042e87c3bf03a7ff3d20f612b7f0995427345e0eaef6b86b09,0.95,2.026e-05,23117,26008,107,20226,2.026e-05,0.0,,,live
2026-10-07T07:37:17Z,0x6268be432127125e504377f37dbaa64502ed1c16,0x33d9caa839557f13a191b7c8dfcd564f77c3c3cc45348f2781480105a6cb61bd,0.49,2.069e-05,30225,13341,153,20698,2.069e-05,0.0,,,live
2026-10-07T07:37:17Z,0x6272d98c22f5d42848d9f173e5f36358d0e1b1b4,0xa397a73ff67850a42e1963146f416137c47452b9865e20113ca20d74645e85c0,0.17,4.453e-05,17535,1508,5,10171,4.453e-05,0.0,,,live
2026-10-07T07:37:17Z,0x62af20934fa020340cc55b365e0ce59f9ce4ce5e,0xa9da181ec55b03c77a7daa393a16a41e9d6f02d07c3c1f3b6f3dc252065cd80f,0.51,1.047e-05,10476,40,3,10476,1.048e-05,0.1,,,live
2026-10-07T07:37:17Z,0x632698d6b8c488d843e246116ba0c1d97c953fc4,0x2c833b7ebdf179e9d720394d955a0d45f6e3f3bdb0fbd1de8fde4c17a438dee9,0.59,0.0003849,52423,121733,236,87913,0.0003849,0.0,,,live
2026-10-07T07:37:17Z,0x632785a59838e422d0808d7c7f6a696b8b38c224,0xdd51b1465fde077d3348c876b139fbec7c7c09b62821454d4f6535d69c05f92d,0.28,6.805e-06,6819,31445,995,6806,6.805e-06,0.0,,,live
2026-10-07T07:37:17Z,0x6338256e2359534e4f43ed112281a336a9a59131,0x87efe9a5a25bb8bbdbde9d383e427d8028445a3e4ddddba893fd6029a5ff143c,0.44,2.306e-05,32266,17693,203,23070,2.306e-05,0.0,,,live
2026-10-07T07:37:17Z,0x63c12667638f2ae6fc6ae09b43d98ec84a8586ea,0x8315627976cab8bd937eb53d44d009e265d0e4dc,15.34,1333.17,145165,65607,376,8539098,2791.43,52.2,,,live
2026-10-07T07:37:17Z,0x643885b85fdaa3a45e8824c7f2ad609f842e7777,0xce8239c200bab21ba60c4966fcf915441f69f80df6a1772712c9364d74958ba2,0.85,0.0002519,54954,58944,237,57566,0.0002519,0.0,,,live
2026-10-07T07:37:17Z,0x647d83033a46a6084b910a195fc8f5d5012f7777,0xfe56e8bf45cc23ded7e1433cb647e8022a63394b94a647f202d59dda7d8be05e,0.89,0.0002254,51956,55552,231,51518,0.0002254,0.0,,,live
2026-10-07T07:37:17Z,0x64af9d0314964bee5b38d3b1a2cb0cb6f06e1300,0xf31080e6ece24a98b5aef734b49d8f930215f5eedc7e5da7cf6867edaf2db9dd,0.88,0.0001177,79408,323693,900,117785,0.0001711,31.2,,,live
2026-10-07T07:37:17Z,0x64fc1c62b9d6cebead4b52369eac04434744a777,0x161cfd4b6952937de504eee345afa2b67e4bf1201c8a32b4ecbc9127c6eb8817,0.68,1.805e-05,21843,56666,197,18015,1.805e-05,0.0,,,live
2026-10-07T07:37:17Z,0x651b4dfd3d722f4216d6c0d8e1c19ed8244d1a77,0xc36864eea68a4d00e0ba2231648a7bcd2280b47aad4e059a38d147a381892f5a,0.73,6.413e-05,37550,32514,131,64133,6.413e-05,0.0,,,live
2026-10-07T07:37:17Z,0x651cfc072d75c9c08da96cf9200b6d4b01ffd891,0xc769d44929b01fd02dbddd444f4f9cccb8a69aa086a2be63ac21c3c0831b284e,0.47,5.981e-06,41471,57034,235,59814,6.342e-06,5.7,,,live
2026-10-07T07:37:17Z,0x657b19aeb2c375a3d02774bc1d962150a65b0802,0x4cef1fc818b048ee7667a5f548725319a50d39186b47e0022cf0226bb17b5bb2,0.41,0.0002914,45611,81741,236,66571,0.0002914,0.0,,,live
2026-10-07T07:37:17Z,0x65816d49e23dc0bf3edc851284f44e75a802988a,0x54b6506e4a3447ed3b7ef078659db6691d11a33df1f6b12ad19ef060fa012248,0.88,0.0001058,80085,37907,119,105898,0.0001058,0.0,,,live
2026-10-07T07:37:17Z,0x664cccdd08bd624b6e139ae07e934a2fa700e19c,0x1abea97d99ac183f9c213eb99fbaddaadd81a7703ee4d414c4d57756629b849d,0.64,7.515e-05,63131,21436,65,75158,7.515e-05,0.0,,,live
2026-10-07T07:37:17Z,0x66866391561c3317b6116a999be462d8f8e31e18,0x96f3e8b546f2f5eb8ba09bdbf2ddb81317c6e8a2336032bac39ac7c02f960c8a,0.71,1.999e-05,19999,802,12,19997,1.999e-05,0.0,,,live
2026-10-07T07:37:17Z,0x66b6ae3291eaba0fad94bafa9e4e6dae417ea38b,0x6eb5145684812ac152906824918cb533bf29754e72bb0b84781025b8cbbe4468,0.89,0.0002346,41044,73449,235,53583,0.0002346,0.0,,,live
2026-10-07T07:37:17Z,0x66b765bd304f92cf59587d457b69c42d0b19d094,0x95ede91bfb0526f26517aeb146e74e544a0c33ab675b992f3452bdcbfcdc3fed,0.8,0.0003849,52542,111918,234,87921,0.0003849,0.0,,,live
2026-10-07T07:37:17Z,0x66d0e6ca05cf15b827dbb39e68c75241f59c26c5,0xd84a73d0d55a537e8cbf38cc61344ec803861ecebc8f3241aa56a392518715b1,0.82,0.000271,44137,80686,236,61913,0.000271,0.0,,,live
2026-10-07T07:37:17Z,0x6747d16f1c8d3ac6ecb959e54ef8ae6ccb940b4d,0x114f6d6ada33fb51a5fb64293ae69c9e517221c6,0.05,8.172e-05,42882,449536,1071,81728,8.172e-05,0.0,,,live
2026-10-07T07:37:17Z,0x67891ad66ed758e54dcbe527a095e5e49e5d1e18,0x7da394e476c16b7af7782ff52c1d3d425c4f1495c92c6326696515b41ace0d05,0.56,2.004e-05,20051,2148,18,20050,2.004e-05,0.0,,,live
2026-10-07T07:37:17Z,0x67c51c928d5d8383f3a58fc591a4e6f6463949ed,0x77d31f9362c1c9cbe18d091dabe7568ed8316fd27d2469ea11e41cbc9d3912c0,24.92,0.0002511,25117298,6507274,362,105641052,0.00026885,6.6,,,live
2026-10-07T07:37:17Z,0x689d8ac41e0da891104c6f9cb155882bcb9341a2,0x7e9bf733107418d5f9369d2f46a175d9746b75733d743bb0c853ea766062074c,0.15,0.0002477,41380,84086,198,56589,0.0002477,0.0,,,live
2026-10-07T07:37:17Z,0x68daa3fa6038c6077834fd34bbf5215ce689de0e,0x49db93474ddff4730e90af3ca8e184caf68c5edf7ac8d8d09f3876aa57daf179,0.72,5.003e-06,5004,3,1,5004,5.003e-06,0.0,,,live
2026-10-07T07:37:17Z,0x6903e7fe9cca2c0a2b6f2620e2a94087d99e644c,0x180f22e05223d85c61bc077f268e30686cc874071dcaf674591b5e766da19566,0.4,8.455e-06,13510,1358,12,8455,8.455e-06,0.0,,,live
2026-10-07T07:37:17Z,0x69432c4963eea41676fd76356c7024c512be7c0f,0x40a4b4bd365e4b7e9d84863730aaf91b07ab1fcc04dd8874f22691d5cfef5d7c,0.13,1.417e-05,361066,4373377,5009,1417409,1.417e-05,0.0,,,live
2026-10-07T07:37:17Z,0x69742d7f44f55db4e395c9f5cc5e00a37a6a29e7,0xbfddb253abdd9d1077ccb531b23f5f7706e8c5eac7d621728ccb46c1aecb4327,0.24,6.606e-06,6619,21704,513,6606,6.606e-06,0.0,,,live
2026-10-07T07:37:17Z,0x6993abe44914616fdef356fd8c4ad93008a17777,0x8e34fb15a2a388e4304084011733629b77b6ffe4412d499b7fd7abfb531f8772,0.38,0.0001979,48523,53464,197,45218,0.0001979,0.0,,,live
2026-10-07T07:37:17Z,0x6998d13d21e1ddf31d063c3bfe8ac755317e1777,0xa2cb2c80b43fcc035325848e962b8d87d2e9470b8b8396bce450e0fe7dea3176,0.64,2.039e-05,23154,43008,168,20359,2.039e-05,0.0,,,live
2026-10-07T07:37:17Z,0x69f045c79e398b78a8310e21ef5bc287ed3d47d0,0x899e5f516c9442df1325564ce3cd99a73551295779316b6165fe285496822519,0.32,6.474e-06,7622,113576,1523,6475,2.532e-05,74.4,,,live
2026-10-07T07:37:17Z,0x69f3b17c2b95cc77dfd0203e43b7210af9d20577,0xe40b5077e346e08e19a053a440f6960841f3e3c6f69ba3c9d0032ed86e172be5,0.43,0.0002152,125432,218994,424,215273,0.0002152,0.0,,,live
2026-10-07T07:37:17Z,0x6a5d8e2fa64012b8ef16cd13f56e4ac39297a7e5,0x7c4702ef52dee5982bf9d6bc96f11c2b085e914810a0ba17fb32d6e6995a63ef,0.11,6.597e-06,6611,45747,1323,6598,6.597e-06,0.0,,,live
2026-10-07T07:37:17Z,0x6a6a57d1e94eb586c5b505a1c81434bda3d6ed97,0x104b7921a26f5b6f63068475ff20634c46f8df8a0eda01b04ac5696e4ba849f3,6.75,0.01381,1385058,294,5,13814684,0.0223196,38.1,3,False,live
2026-10-07T07:37:17Z,0x6ab0a6d438e272891fe56c1f157d1d9ab0174b78,0x6dc83f822335da093911cc5c6718b5b9f24ce7ea2ddc1df04c97cf0029c8394c,0.51,5.881e-06,47055,69756,261,58815,6.947e-06,15.3,,,live
2026-10-07T07:37:17Z,0x6b10d79800d9e0326ac14030e91df1c8304cfa88,0x8a845c1d53db187579c7d2a910be6ad2356033f8bbbe25f1c7d07e7207dd7e26,0.24,0.0001415,31745,44634,119,32333,0.0001415,0.0,,,live
2026-10-07T07:37:17Z,0x6b8d9d581e4157547b86e6b2403e5164bfab6691,0xec4cd4fc78c1e6ef9759dae1c4aa5a657705b7c3dac24b9a5e266adad5cae6c7,0.1,6.594e-06,6607,20509,265,6594,6.594e-06,0.0,,,live
2026-10-07T07:37:17Z,0x6b8e39d7e0d2fc96d2d02996439eb085bbe98a07,0x535da74e87d816f28d2934cb9bbd0dd546287d4c,0.91,1.502e-05,7463,0,1,7463,1.502e-05,0.0,,,live
2026-10-07T07:37:17Z,0x6c3804b25ae4c265b8a48572ad0c469464313201,0x6140a59c424d06c5fde8e740ef233f5dd40d6179f03140fd209f0b32ca054032,0.34,0.0002716,44028,101628,235,62043,0.0002716,0.0,,,live
2026-10-07T07:37:17Z,0x6c9e27893d2861c507107abd2c8a64080e1a9d88,0x485793011d8911515e5318a325561430ea632e14cfa7ef22d4e99d1403778570,0.23,6.653e-06,6680,57571,1702,6654,6.653e-06,0.0,,,live
2026-10-07T07:37:17Z,0x6cd826f8020aef4a43e8233850a4d6e216127777,0x49c559757f2631641f4e092669b07103387779404323683a03c89cae960c4e5d,0.35,9.151e-05,33014,10380,48,20909,9.151e-05,0.0,,,live
2026-10-07T07:37:17Z,0x6d21e58868667d89042305e30479be7a72e118aa,0xc2d696995cd791d09bf4069f38cdb7860320dc501738ca1f5d7d8a41987e6fab,0.85,6.791e-06,6805,19244,22,6792,6.937e-06,2.1,,,live
2026-10-07T07:37:17Z,0x6d7536c4ac0e3283502048c95d695ae9fdf435ee,0x4d033a66fd9599ff9a3b3f5ac35ad9b30258a4841995941161aa18ed1e69493f,0.48,0.0003132,47256,103286,234,71538,0.0003132,0.0,,,live
2026-10-07T07:37:17Z,0x6dae6f1a9f5b9918dd845db8feb7cb90ed62b865,0xdb93845b33b0c98cb47f88119fa42ee8c2eb1f3f2fc73714a35748212e1f7538,0.32,6.081e-06,47936,56334,230,60813,6.081e-06,0.0,,,live
2026-10-07T07:37:17Z,0x6dff1013f8fca33bbc21f4e066206b47a6a1fba3,0xef9a1f04654a76863c54569dccc84177133f153fda491da3ec78ceb91ea30b18,0.2,1.009e-07,10095,104,5,10095,1.009e-07,0.0,,,live
2026-10-07T07:37:17Z,0x6e6901a7059d4ea055c791833af12bed602e410f,0x831c08844e90653c4c01cb495c1feef8de420a6b47190f122a2a6588b0a1e048,0.48,0.00109,6949,0,1,8176,0.00109,0.0,,,live
2026-10-07T07:37:17Z,0x6e6c012e69a02a7650469f153226db1f0f1291ff,0xfacc1e76b7e0ce6b6130d394513308a56e309a2e8a0c546cca6eb9994be1c2f1,0.68,6.812e-06,6826,16509,336,6813,6.872e-06,0.9,,,live
2026-10-07T07:37:17Z,0x6e73fda18bc1e07eb58602f334e686da73950d82,0x0cc035e559ea66cb63f9555020944df580c9c3d273f40fd366138255525dbf70,0.93,6.205e-06,48466,71724,238,62056,6.205e-06,0.0,,,live
2026-10-07T07:37:17Z,0x6ec68ffdf1c33c307d0ce8c96be445c21ec5c43c,0x2406114d9dda05990f2ffd1c0a366d8ea738d1f6ced1293c387afb5de85a7692,0.48,0.0002857,45136,81084,235,65265,0.0002857,0.0,,,live
2026-10-07T07:37:17Z,0x6f05859b9042fa9d4f3183938d1ef1b606f5bc47,0x1f4a88c9a6d595894d20712d989ec3889b420907cde2d5d945d65b0ad81c6b0e,0.14,2.611e-05,26114,2,5,26114,2.611e-05,0.0,,,live
2026-10-07T07:37:17Z,0x6f260eaab6b43cc9a73e0cf0bab9725ab69d3eff,0xe5ae0ef17c063d84a4973871fcd9ad85e4999e796ce321374a45304b5cc36a88,0.4,0.0002624,43298,83771,234,59932,0.0002624,0.0,,,live
2026-10-07T07:37:17Z,0x6f289f5d9adc13ab5865bc4570cbcfe5622eeeaa,0x856e305cc422ad24aea4f4b1c092d0221fb05d6400ed6d070bef1dbd0459a9bd,0.64,6.035e-06,6036,9474,52,6036,6.044e-06,0.1,,,live
2026-10-07T07:37:17Z,0x6fc413272f15f1e0e44eab05d859b1f06710cb5d,0x8d0cb30bc496091912245d2aaf9e56d9a706ed2f1ae28971bea4672aadd0c516,0.61,4.257e-05,40794,8396,27,42572,4.257e-05,0.0,,,live
2026-10-07T07:37:17Z,0x700b1079f1787a7ebac3adf3e8b9190b37b11f44,0xddf04f033d377afe61ed8f219b5bd02462a20a1c1d17ad7d2b469516d41bfc36,0.1,0.0001423,88170,306100,888,142336,0.0001423,0.0,,,live
2026-10-07T07:37:17Z,0x70324a45e9e962a68a70c31d929675062b89675f,0x93efc2899e13113a7662c6e85ffcac39683f5ae572afe982c042d2202855993f,0.91,2.524e-05,26239,20952,155,25246,2.524e-05,0.0,,,live
2026-10-07T07:37:17Z,0x710035c46693ab4f754fefff265f3ccc63e91f88,0xa936290bfbda00ee4dc115af52a6b73f11dfd309e3795f6c7ce7af1c759c8c4a,0.91,0.0002402,41469,96027,215,54861,0.0002402,0.0,,,live
2026-10-07T07:37:17Z,0x717d38587504b79e2e888c860bd1569c0d5984af,0x8da021f34c2f2a95696c4fd842b0cd0cc4e18468,0.63,0.0159,409294,20616468,26327,15900334,0.01924,17.4,,,live
2026-10-07T07:37:17Z,0x72d2ef895ea952125e835525db3583156cb36a1a,0x343fb3ab34b0598dae18edfbafd85d052ef8263532810387d749d849e3e44b0e,0.43,2.207e-06,26732,11663,231,22079,2.207e-06,0.0,,,live
2026-10-07T07:37:17Z,0x72e57b36a14c02d2d6e93e39e5174af715f4a5ec,0xffe93c0b20c5ad5d98677541a5982bbd0cf916cb8c41778f390f59666fb7496d,0.86,1.847e-05,14148,13037,141,18476,1.847e-05,0.0,,,live
2026-10-07T07:37:17Z,0x72f4fe4a96d342fa24e12feccf2dff0d9d00fee1,0x731ee67a05821aa44f9427884070c6d66916c43235c443ea2789ac3ff1aeab0d,1.0,1.032e-05,10322,1516,18,10322,1.032e-05,0.0,,,live
2026-10-07T07:37:17Z,0x735b0784d55e73976c27cbb554d3a03785eee244,0x63bea50df3d2a28892ee7e0fcbe3137f8edb7c24d41f3b5b5044cc451d6f9586,0.91,0.0001349,86471,319697,883,134945,0.0001349,0.0,,,live
2026-10-07T07:37:17Z,0x739b686273871a77f0fb112302207c3ebbcdf5cb,0xf37bf4481834b152396c81fb477a9710408505451ecb925155a7f5652c9ed5aa,0.39,8.5e-06,13198,1480,15,8501,8.5e-06,0.0,,,live
2026-10-07T07:37:17Z,0x73bb58645bd8a90cd876f7be184b2004c2b76e4b,0x67185e2fa38cb22dcecbdf2bc4961f25ac69f8a7,0.81,9.033e-06,8837,1731,8,9034,9.033e-06,0.0,,,live
2026-10-07T07:37:17Z,0x73f93d479cf9cee1066331f3ffdcb49dc35f8898,0x738cf46fd2b002cecd6dbcef70b46a5f59ebe6d1,0.72,1.507e-05,7488,0,1,7488,1.507e-05,0.0,,,live
2026-10-07T07:37:17Z,0x7464dc3a1b09eb7fccb3a06e5fb696e19e937f66,0x60a9b871c82c83a601829d62ddb97fac2df12aa1c50bd1462249510288218547,0.47,5.439e-05,33828,135306,348,54396,5.439e-05,0.0,,,live
2026-10-07T07:37:17Z,0x74df0f85c15ebb689a3c190b5e61e4757e7f2e64,0x081f206ec3ca66a1c84625809d37d9fc20adc107c45e48b658c1467a3480e264,0.79,1.015e-05,10418,4480,30,10154,1.015e-05,0.0,,,live
2026-10-07T07:37:17Z,0x759dcd823a61ce086acd52d2777e3463bbddd777,0x6c2ac053d70e4f824d204bfd2cde10b24017a3f4acab2c59f6de647eb37d873b,0.91,2.21e-05,24096,47689,172,22058,2.21e-05,0.0,,,live
2026-10-07T07:37:17Z,0x75ac4c2d1e3c4120cec6a3a281c1d6f8bdfac85c,0xeb9524a943ed159cd466cc7233ab36a605720a6b1026e9743828a3b45fa31846,0.37,0.0003477,49820,113353,211,79423,0.0003477,0.0,,,live
2026-10-07T07:37:17Z,0x76004f749f5a73d364855f71640d5940d5190475,0x39e533a86d783405d3e1d2f85e9d09720e2e07aec037196a9baee4bbac988e55,0.49,2.089e-05,28764,14463,145,20890,2.089e-05,0.0,,,live
2026-10-07T07:37:17Z,0x7628fbefaead7bb63c3b6fef72572a3c0a32f777,0x328c88ad4383871b817254835c8f58d56cff47f3c2e3d0a3bab120d5fca8e1c2,0.6,2.6e-05,26090,51483,184,25953,2.6e-05,0.0,,,live
2026-10-07T07:37:17Z,0x765a6c0f077c60705d2cf7637e06e1d2243c7782,0xb603af66095810932fa2ab81a77512b5b4d9d676920f1d4b9fb05861301a4b88,0.23,8.894e-06,7664,18155,261,8895,2.206e-05,59.7,,,live
2026-10-07T07:37:17Z,0x767f89ae183d7e670e516a3a3bfda171f46b24bb,0xdfb031019b97c227364f9bf5106be20e913ac4f80bd1191990e0b8771c792eec,0.61,8.913e-06,13152,1725,13,8913,8.913e-06,0.0,,,live
2026-10-07T07:37:17Z,0x767fd7a419afcc288ca5c0454ac5fccb9f7aabec,0xea04003724994eafc903d55f2314c6d1a616d6b89cf1118983718de6937378ee,0.72,7.558e-05,93854,48130,212,75584,7.558e-05,0.0,,,live
2026-10-07T07:37:17Z,0x76967c4d4a6352e1c769677947187293c95be8bc,0x6f78c17e2d1ff83cc0c9d4861d919c574d5c1d56539d18e0cfb39479e7382268,0.07,2628.08,1050180904,5,6,2628080341,2628.08,0.0,,,live
2026-10-07T07:37:17Z,0x7696ad598c5c1e003439cecea13dc740cc53ba0c,0x9903036bb7bf1412c7abed4d61aad4d262540629e084cd815b27e790e9c31087,0.24,1.06e-05,43635,117121,1937,106043,1.06e-05,0.0,,,live
2026-10-07T07:37:17Z,0x772a93b6cd5519e48d487cf18083c59ff68bacf8,0x8cead83c1b2fa55decdbb9d99d66e24e091446532558d87a4545f5a5e6993b46,0.31,0.0002423,79362,371060,973,242339,0.0002423,0.0,,,live
2026-10-07T07:37:17Z,0x7771a0e1d9b41c59db31d3e10e0c6ebf4cdcab57,0x9df51916ce0f672de2686431944fc25b904d2ff6,0.85,1.504e-05,7472,0,1,7472,1.504e-05,0.0,,,live
2026-10-07T07:37:17Z,0x77963dbf1143e409cceafef1fd05107b5f72926c,0xf00a226bb79b0d186564304c02e4393260c3fd226ff73d0b330af91a75dad168,0.35,3.862e-06,182831,8863834,7196,386240,8.402e-06,54.0,,,live
2026-10-07T07:37:17Z,0x77a29a02771fab60ae2ca02b4d61adcbacc7d876,0xa7833d3ef2db26d91789eeec005b92537c2bfe072371399831e0290221802b12,0.13,0.0002775,43754,86131,236,63389,0.0002775,0.0,,,live
2026-10-07T07:37:17Z,0x77da56eb6d3f509d16393cf365410fd2583b2b4f,0x54fac8cd5d50395ce7d0156d9a54094b231357d12bc6b84ab9c95e91719e36a1,0.15,6.592e-06,6606,31728,850,6593,6.592e-06,0.0,,,live
2026-10-07T07:37:17Z,0x77e9848eb2c015b234d4b5c8939b2082f9483d33,0x1e5ab4f298651b10f2952f295b54d6afecd6e68b,0.09,1.333e-05,11831,3772,14,13339,1.333e-05,0.0,,,live
2026-10-07T07:37:17Z,0x78736d25fb85de6b0bc5835f597f6fee9915d3b6,0xa447511e72964b387b39bf48e27afb2773ecece38484e4f2109f9396885afd8e,0.81,2.713e-05,23879,53,3,27135,2.713e-05,0.0,,,live
2026-10-07T07:37:17Z,0x78988e6d2f10bd553ce326cae6c7d87599b48777,0x19f546210de9e12b3a1da0352dfe9978185abf23018e85251a3eb4348e383068,0.92,1.412e-05,19249,11849,47,14094,1.412e-05,0.0,,,live
2026-10-07T07:37:17Z,0x79207be092278951e08b060e2ae771e5abd7c953,0xaaeb9fbdded03b9ed70e9cee3c80e670d8f432535fa4da53dc3f95bc380693f0,0.08,6.686e-06,6726,86016,5000,6686,3.844e-05,82.6,,,live
2026-10-07T07:37:17Z,0x79261e13be414114f7ee1bdafd383bc85f5af777,0x45bdfe8949eba2d48e88d69a037e3b597775ff39c27194a2b24b3c1b577e8d61,0.9,2.569e-05,26004,50014,183,25645,2.569e-05,0.0,,,live
2026-10-07T07:37:17Z,0x7954eb42b33fde472efe3a9ae88bec085cae1ce5,0x0eb8cf06c36e8173fcd837d0fed8e58044b2e0a907a7ad2d545c4acdebfe2e7f,0.23,0.0003327,47960,118693,233,76001,0.0003327,0.0,,,live
2026-10-07T07:37:17Z,0x79a74fd91f8e1c4ab8e76253dec5c91f3094393f,0xc76cc63b4adceab331d583db9d0a4eb33e70064101e7ce9effd1aa16f65b27d6,29.19,0.001261,101494,36892,102,1261411,0.00239848,47.4,,,live
2026-10-07T07:37:17Z,0x79af52734ffec44dfbabf9ac1ae7caacc64aa777,0x682c7fc35a9c1bc3bc01b2f36de24e6d023afc7720e1e6f3005a0b67c0cae2ea,0.84,1.887e-05,22310,50213,181,18833,1.887e-05,0.0,,,live
2026-10-07T07:37:17Z,0x79bd2829a3decfd8f553d9e69b625bfe9dae4e55,0x85c6befabb2d0a0253e524d5355534366937dc12205dfb633a627c7f213bbf4b,0.59,2.694e-05,27935,18546,153,26942,2.694e-05,0.0,,,live
2026-10-07T07:37:17Z,0x7a88880a0d64315dfeb042d96a9039fcf3be973a,0xeba85c612d43cbfa7f487296d261b06f4ba45a89bd74da738e0ee57221d8922d,0.91,2.464e-05,27323,19099,146,24645,2.464e-05,0.0,,,live
2026-10-07T07:37:17Z,0x7a9869e37efc00d05509db71d3abe980b72d05e3,0x11ed58bfa755ae18606258c654b9e382f6b4344b,0.82,1.508e-05,7492,1,2,7492,1.508e-05,0.0,,,live
2026-10-07T07:37:17Z,0x7b0ec66ac0926a26ae011790db7200fe434c9777,0xf758d5f93ee30c3da466332c8b74fd728b41a05f057509801527f34b801e6b96,0.56,2.128e-05,23630,45789,162,21246,2.128e-05,0.0,,,live
2026-10-07T07:37:17Z,0x7b22173ea7761f38f106605c885db439cef5f901,0x16fbd74633d3e835470c7c662923a005485972d73b73c9fc1c2b54f23b74a0b8,0.49,1.027e-05,10279,4,2,10279,1.056e-05,2.7,,,live
2026-10-07T07:37:17Z,0x7b93d180c4808e59871c4c5a4f57853f666a62d3,0xb013336af149c25a2e5756b7ef21645967f34d23f83d11eb5bfcbbca44d0690d,0.64,6.4e-05,11758,474,5,6401,6.4e-05,0.0,,,live
2026-10-07T07:37:17Z,0x7bbf2bb25a9192424f8451720bc7841f8ca6da5b,0x41beeda1c90270b74904ec6db94d5270efcfe61e86de531b92eb2ec7525d2572,0.71,8.376e-05,98722,45003,221,1379,8.376e-05,0.0,,,live
2026-10-07T07:37:17Z,0x7ca459b2eb74873245d741bc8eec366194dfc39b,0x472d8589ade3e2c7256c4caede5a7eac4147b882cedc409144e19a323082d2b1,0.59,0.0001784,35693,47887,170,40755,0.0001784,0.0,,,live
2026-10-07T07:37:17Z,0x7cf3b173bbd6c8711c4641c6b917ebe3afd43a92,0x583cd6752d0dc003df86d10c131816868ab9975e7aaf48deab5f670b8e1b4802,0.08,0.0002725,43457,85056,244,62259,0.0002725,0.0,,,live
2026-10-07T07:37:17Z,0x7d00f2d4d0226f26d59a1ed22e6abda1388b9746,0x3d452a0026ec5c5dd9b17577af25e49f70e4479760757e5c5994583961200ed7,0.63,0.0002426,41632,77008,232,55419,0.0002426,0.0,,,live
2026-10-07T07:37:17Z,0x7d02c6af403ce844982ba2dec84cf98001941e18,0xbc60da35aa23da0404217bb5a57f990015128623d47a9f583055c36269e5d093,0.29,1.998e-05,20020,1305,12,19990,1.998e-05,0.0,,,live
2026-10-07T07:37:17Z,0x7d265a52af142fec10ac3fd256d2c93a2de485cc,0xe9ac50c4bf35bf2b0f40a6d74e697e56dd21554e9ec0fa570b2bea78093c90c7,0.55,7.568e-05,46309,1651589,5874,75687,0.0001964,61.5,,,live
2026-10-07T07:37:17Z,0x7d5ea57c25761164c5dfba8ae62933182eed14ab,0xedec8637b52ed952ec0ea62952f7f44a176572c7,0.94,1.508e-05,7491,0,1,7491,1.508e-05,0.0,,,live
2026-10-07T07:37:17Z,0x7d9c7df39a2fdca5c835f6b079893296c484d68f,0x7362187db8d0e9b2779a1b9771aec5a53ea6c048,0.31,1.522e-05,7586,41,31,7586,1.522e-05,0.0,,,live
2026-10-07T07:37:17Z,0x7de0ad42a1733d1cd82e76d5804031daa26f1111,0xf8dceba530bf52d97756f27d802ef78dc7500798b5a69a8e7d86ac5a5f66d897,0.3,1.303e-05,13040,1,20,13040,1.346e-05,3.2,,,live
2026-10-07T07:37:17Z,0x7dfa7cf6d53a40d8da4071a0d530879efd2d73dd,0x21dc0f0e261fee4cdd99331c3e1e9c15def45c483aae1374bf12c4cbbca7d10c,0.48,1.938e-05,31220,10878,153,19385,1.938e-05,0.0,,,live
2026-10-07T07:37:17Z,0x7e4f054db90de25094c273955fc5fd83218a0759,0xb2944bf9abf97c2fc94b18bb0cc243c4346c1fc7a12d07ac2edde6c26ac3a18d,0.61,2.091e-05,15001,12813,143,20915,2.091e-05,0.0,,,live
2026-10-07T07:37:17Z,0x7ee2eea5e14aed893127b358a4ea1a7c345aa997,0xebe044be83e69a48e86cc7d1bbeb902affead7f120985a4c6ad20778e7f00b6f,0.21,0.0003762,51060,109647,232,85927,0.0003762,0.0,,,live
2026-10-07T07:37:17Z,0x7ef27087c6917a2067009efa56b08e6f32750777,0x1f86e9555fb2d941cedc5be7b6b3ac8a63ed99e4337d060948da812166f4aabd,0.73,1.122e-05,17189,5549,24,11200,1.122e-05,0.0,,,live
2026-10-07T07:37:17Z,0x7f4935072162e40a890683b6fd132493befe5e55,0xc2e5114223b181b3dd08bf62831bc9d6872d650a,0.86,5.382e-06,5382,2,2,5382,5.382e-06,0.0,,,live
2026-10-07T07:37:17Z,0x7ff9a0e632a71e923f57b063c2f73cdeaa7f5e00,0xac4d17a60b13b8e2b804b512d157080b92d1321cbeb7aaba5ae7c52351a97a05,0.38,2.124e-05,29359,19298,201,21242,2.124e-05,0.0,,,live
2026-10-07T07:37:17Z,0x7ffcb99eb81f93185c1b4f987ca02cc4d607c019,0x0232e680f47509ca71677cb889ac62128e785fa12eb590641efa1dbf6fe779d5,0.44,0.0004334,189234,1222196,2723,433486,0.0004334,0.0,,,live
2026-10-07T07:37:17Z,0x8017b3d4e1a2e3701608e4f8708845d550464777,0x1f4a34feefbf7ed0a29c31f1f906185a6f9da088719fb322ce2df1be494bb2da,0.75,2.621e-05,26309,45394,181,26161,2.621e-05,0.0,,,live
2026-10-07T07:37:17Z,0x8028602097231194d1e455c274eecc8fe1e29110,0x3a0c5cbb87a8203f9724e5b2be0ac755ef11ba4ec7f1969c9280398838707963,1.2,3.763e-10,0,1,10,38,3.614e-06,100.0,,,dead
2026-10-07T07:37:17Z,0x80877fe12ede96f807422d5d4ee4f4c47cebc8ff,0x26dd43b1be6b08ee36562e6c3ed807bb4b6f526f12413a693c788116e151eeb6,4.75,0.0007603,70861,122917,508,745115,0.00133453,43.0,6,True,live
2026-10-07T07:37:17Z,0x80bd7cbd3ced6832bba1b923cc8c3bdf1a2613df,0x33223387753886a16625708dd95decb043840fee4bb4766dd51c9c77235fbfa7,0.68,0.0003451,49803,103797,216,78839,0.0003451,0.0,,,live
2026-10-07T07:37:17Z,0x81182b35fa7ebf0c890a69516985a1dccaba84e8,0xe33245fb730ddd2a8a7db7ebb5164f35425a873f1e4cbd7fa7ce053f73d0b917,0.84,0.0003921,53090,100831,231,89568,0.0003921,0.0,,,live
2026-10-07T07:37:17Z,0x813bf3041eaee9dd762d24c76f43bef8f06cba5a,0x6aa0003fe8c0bfd0fbc54535f110bca1c34aa474e9e01405fe735ccaa43eb04f,0.9,2.291e-06,20623,6,4,22914,2.291e-06,0.0,,,live
2026-10-07T07:37:17Z,0x81499d290bb051ffa39c55e8e00896176947c6bc,0xf1856a794a1abc7812c31a69e29c88b3b7410334dedf3a4d8bf2a88898120b1c,0.15,6.621e-06,6648,90486,2896,6622,6.621e-06,0.0,,,live
2026-10-07T07:37:17Z,0x81dd26e650c78d1ecf9ec765564ec8132e95f842,0x569c4f10a40af58b92730a58070600b379cf6648d78685ba640145834cf5add2,0.15,0.0002364,40420,76308,236,53995,0.0002364,0.0,,,live
2026-10-07T07:37:17Z,0x823fd02e50ef118ba7399b3b77d6c5ffb49611e1,0x2965a3a7cba6e249adc208f5f26c4a90834d6f4dc3cfa0f7e7be2152bfb2f8ce,0.74,2.769e-05,27689,2155692,4169,27693,2.769e-05,0.0,,,live
2026-10-07T07:37:17Z,0x8244f38ffc4270c78f6467c8165c6f95cb29fe73,0x8e666c6953137ef85d7cf8022f5fe0d2a0288e49b4924ea9a3f1e25ee9214c3f,0.18,2.607e-05,26071,3,5,26071,2.607e-05,0.0,,,live
2026-10-07T07:37:17Z,0x82655c8422384476d1670b8730b3c044b7e82769,0x6a73b41e1b506ab4f60c9a7c27e3ae9293dfba0a7f2a3d54aceb6dbc8117f30e,0.14,0.0002041,37563,64187,197,46626,0.0002041,0.0,,,live
2026-10-07T07:37:17Z,0x828ecb134a45b9a5eefb55d7155c58c045a0007f,0xcdf281c2a061661e1f6d76d2239e76a1173b3f7f,0.8,0.0005224,391828,1,21,522438,0.0005445,4.1,,,live
2026-10-07T07:37:17Z,0x82a2ac8bbf17e62c005ffb0b3e644aebffd7f91e,0xf3b128f0b84c53026948cd1c17208df074844f4b,0.32,1.525e-05,7602,1,2,7602,1.525e-05,0.0,,,live
2026-10-07T07:37:17Z,0x82babce8b3bc03b418e15e799e49837e66727777,0x1aa8a944d379def9f72833584768d36fc1786225fcddf57539f6f8516f6ad7e6,0.64,0.0002094,50005,46098,171,47845,0.0002094,0.0,,,live
2026-10-07T07:37:17Z,0x835f780ae03950a130a990502d45eb4232591e18,0x56f83f04f3cc8277c2a4284196c2a9c6a02d29e60056071a76633e70345b055e,0.51,2.025e-05,20260,645,12,20259,2.08e-05,2.6,,,live
2026-10-07T07:37:17Z,0x8380e0b2e3280d1fb714d6aec7b6fb1bbaf0244b,0xfcfc1932757847d01d04c86faf717eaa6a097cb510ead7414d8a4598e6ec339c,0.13,2.607e-05,26071,2,3,26071,2.607e-05,0.0,,,live
2026-10-07T07:37:17Z,0x83930cdd7545d38aec908a16d3f2451a57fd8e01,0x05e696b6d9813ce76a43a34c4a09c32f5bb92441e25a5321854581f3b800bd68,0.73,1.896e-05,9525,11916,134,18969,1.896e-05,0.0,,,live
2026-10-07T07:37:17Z,0x83acee5ef38a55939aecb4b388ccd5ce8b5dfc43,0x806a7940df945b9b52e834f8d8b3cf24fa3404e23499255cc814d61a4bb06ee4,0.14,0.0003392,48385,110135,238,77488,0.0003392,0.0,,,live
2026-10-07T07:37:17Z,0x843279873513f28a7a0e51177424372c365b3af9,0x602ebd710dd44dc52f9bea6e98698e830164dbb6b3a38cd2a137892185138ab8,0.55,1.019e-05,16847,4447,39,10190,1.019e-05,0.0,,,live
2026-10-07T07:37:17Z,0x84436ac6cf535333135aed17b863c9d6de41d5d5,0xd27a643a651b657abfd924dbc478641e89973ba1fb136d3b097c19da53603029,0.8,1.457e-05,12677,8353,60,14573,1.457e-05,0.0,,,live
2026-10-07T07:37:17Z,0x8474b542820f76b090bf58592febbc622a7200b2,0xe69ff1aa3b12ffd951e54ec81223510d8865f799248e51f93c37c639e9be4f3a,0.92,4.488e-05,20081,232792,3119,43363,0.0001045,57.1,,,live
2026-10-07T07:37:17Z,0x849691386101c3033a9312a3d6ba764744cabe54,0x705cf4f21ff3f9a8a41ee220fb596bc9eec7efef61e7af47b86c5f8710b04340,0.36,3.851e-06,31385,30969,139,38516,3.851e-06,0.0,,,live
2026-10-07T07:37:17Z,0x849d4a5706dbf4736abcf546760d9488a2ca0a38,0x5df46085736c567d278c81810640591e707d25251ae082afb4073cd3ab70fe74,0.88,0.0002989,46348,88509,241,68268,0.0002989,0.0,,,live
2026-10-07T07:37:17Z,0x854e9e576460056543b8422dfc2601fd416293be,0xf63fb9f83e6a04de212d7fe9d789cc74c95dbb5870fbe48bf5b84f740089f768,0.12,2.605e-05,26054,3,4,26054,2.605e-05,0.0,,,live
2026-10-07T07:37:17Z,0x863e86aac356b048f434fc04654b51b5cce7e2f1,0xde2818f91a285ab2f31549f66ee19a43657ce3dc391195f06f4de6023448185d,0.11,0.0002523,41761,80678,240,57643,0.0002523,0.0,,,live
2026-10-07T07:37:17Z,0x868351364ae855591ad796c1ae326cfca2b27777,0xbd17e7ab491a55b280f16492371437ed434a2d7a43ba6b15c6f6e9c6645ecf6a,0.27,0.0001476,41896,36011,148,33746,0.0001476,0.0,,,live
2026-10-07T07:37:17Z,0x86919c152560af83ce3f1e9edaf7dc97e3a67777,0x7cb3e76eff2547515b975b852bc67e449fdc546cfae30dbd4dbef20b2dc3509e,0.91,0.0002119,50372,59311,234,48429,0.0002119,0.0,,,live
2026-10-07T07:37:17Z,0x86aa7c550735cc9db4099b7e029e709a2a46aba6,0xc6a8b94a9d908c5ec4c6faec12f95f2ca93396c7fb8f3f1e9ecb635bc551870d,0.94,1.94e-05,11082,12594,146,19405,1.94e-05,0.0,,,live
2026-10-07T07:37:17Z,0x870938606c5d3d3dff241cf7216eca876a53bd98,0x0a232078d1f771d308735ae57f8378c6fe179cc795e447b645828de9103ca267,0.6,6.773e-06,6773,6074,41,6773,6.793e-06,0.3,,,live
2026-10-07T07:37:17Z,0x8718e9f4738688354ce75cd3c94eef505e6c2f2f,0x9ac966d66efcee15f5eef3a80fe5c8219c047726,0.91,1.501e-05,7459,0,1,7459,1.501e-05,0.0,,,live
2026-10-07T07:37:17Z,0x8760ca3e45fb39badd63d18596f3ec617adde777,0x1c01c6c080cc29a68efe7228cb0822035e2002f5ae0b06490e56a0b3e5d164c9,0.84,2.23e-05,24250,39194,147,22261,2.23e-05,0.0,,,live
2026-10-07T07:37:17Z,0x87b64cde4b02abc090b4316eca2b2557ea4b5777,0xe4f312029c31cbf37a9a82079f9056e71abd306d4626f5e0845bcfc8dfcf53cd,0.72,1.536e-05,20102,26915,102,15334,1.536e-05,0.0,,,live
2026-10-07T07:37:17Z,0x87bf944111469af74b6c1586bf8d61a7d0796078,0x426b3a509f1401eedc65d552c07afb54aee560d86efbffa63861a21975e506e3,0.28,1.933e-05,30295,1682,1,19340,1.933e-05,0.0,,,live
2026-10-07T07:37:17Z,0x87da75731ea5558df55dd452ad295c3989c587bf,0x01d3bb063f923c7769f7f5480adf6f7382f7c2c37b87a696dd1e5f8fdbfbd0ca,0.88,1.373e-07,13731,2606066,4844,13732,4.031e-06,96.6,,,live
2026-10-07T07:37:17Z,0x881876674fcb92cf8e515bf20bbc8f2b1eb55f65,0x714a46afb4164acaf58399ce9d5504f81c724fea8ba2f1f78a7f9cdd9619058c,0.92,5.511e-06,36120,56554,366,55117,5.511e-06,0.0,,,live
2026-10-07T07:37:17Z,0x8839f412892b702a35bc85f6b854a02af26c5aac,0x478c89e1d6e379f49f322de5f18275e30b5c28a6dff3090b22753dccba7ea47f,0.89,1.111e-05,11119,371,10,11119,1.111e-05,0.0,,,live
2026-10-07T07:37:17Z,0x88a72492a87aeedf0e07ef9e535833e34c3c81a6,0xddaf61ca6892d037a1b5f50577ddd658fdff30951aaa4b6a830af52d0b4db99a,0.23,0.0001518,32403,47804,196,34692,0.0001518,0.0,,,live
2026-10-07T07:37:17Z,0x88e76eda195564c9cd0d22330df182da88dce981,0xbfb8e87f299fc24d1df173b721c7d49728a9e8c4b51b3e56e9d630ca74389896,0.14,0.000284,44307,108639,215,64871,0.000284,0.0,,,live
2026-10-07T07:37:17Z,0x8901d5c5a4ceb0e21e6ad331f0d44e4521f3d145,0xdc1fee45120eb4a1bc77f980e0a97e99a06621d4014292e91573891a356253cc,0.58,2.758e-05,27586,318,5,27589,2.758e-05,0.0,,,live
2026-10-07T07:37:17Z,0x897d151787ca84994ac8df68500f17e587794796,0x6e7fdabe9b3ddbe1d6e2b3585163fe56662edd2255a71151dd2d02ff87fc495f,1.33,0.0001338,34671,352284,3220,129850,0.0002069,35.3,,,live
2026-10-07T07:37:17Z,0x89b76dcdda801f2e456765742c64950eb2a0c93c,0x8f6f9a474cbaa1b6b7cab7efa61073f08cc0dc9768214f65fa66a158208fd115,1.51,7.149e-05,25337,101334,1150,70302,7.149e-05,0.0,,,live
2026-10-07T07:37:17Z,0x89e52034ab4cd26444bcd06b923a15b5304eb6f8,0xd482ab8f60c176687979f19548424dada8dc6f0a1e705923ec1446dc8c8334e6,0.1,1.03e-05,10289,142,3,10301,1.03e-05,0.0,,,live
2026-10-07T07:37:17Z,0x8aa9dc53fa42b1d12f13df7b95838806ccd916ed,0x136717e37462a7404e1350c70e2c3e377228f4b9526eedfabcd4c6482be76163,0.21,2.628e-05,26286,77,4,26286,2.628e-05,0.0,,,live
2026-10-07T07:37:17Z,0x8ab45f594f14f46b8e09a6436543562d2ad07777,0xa5ca8a2529e4dcd86fd1463d9130bdb6ab60d7ab4f59d814bffe63b203685310,0.18,0.0002304,51491,57768,205,52656,0.0002304,0.0,,,live
2026-10-07T07:37:17Z,0x8b1b6ff31de927cf6131b64056d035735f793d21,0xbfa89ed69a29993864c7824de0b76526d22b9f85de91838d522d88b7acdd045b,0.15,0.0001439,31541,37394,138,32868,0.0001439,0.0,,,live
2026-10-07T07:37:17Z,0x8b27dc33184e906f34d3497be9e378813fb07777,0x39fec93fadb43486399adb769060ea09e0df7da14604036abae40fc7b8ecb573,0.24,0.0002214,51182,60380,239,50598,0.0002214,0.0,,,live
2026-10-07T07:37:17Z,0x8b39ae74e2a69b8433c388890152a116b51aeeaa,0x16f42d571a0caa1dba95792da5c6b13c1662656fe9854656be7a360e50b0c8be,0.8,8.635e-06,8401,14061,106,8636,1.01e-05,14.5,,,live
2026-10-07T07:37:17Z,0x8b7924fe528fb87a58ded8a7e20e472cb9931e18,0xfd6ad81564825b19674076ae85482ef0c9ce364b4c90aaaabbd6d282a3139c61,0.68,1.993e-05,19957,12064,231,19934,2.55e-05,21.8,,,live
2026-10-07T07:37:17Z,0x8b88f3d3622c129ccdffaaa582ac18a8a44b48bd,0x1f9f863db5c51ca1d1db2fd270dd012152f919880f5f87906651b9ae97ff216d,0.07,0.0001679,0,451055,1089,167929,0.0001679,0.0,,,dead
2026-10-07T07:37:17Z,0x8bb0e299f400ad378a441f50a9cd517eac9aab89,0xf096ed29d185d5b260ddbc2e610b8d8c7ea848ce56e9f35a9859ad7da3d51213,0.9,0.0002865,45329,109806,235,65436,0.0002865,0.0,,,live
2026-10-07T07:37:17Z,0x8c15cef4306c8ad1fd09af2c8b2733e8ac4c7777,0xf99863e072c7f5699c95112e354f8c4a76167a589118849b76876289d49cc3ef,0.51,0.0002278,51953,55877,233,52066,0.0002278,0.0,,,live
2026-10-07T07:37:17Z,0x8d34c1ce5263c0a31054ef9f62df200d9ab01e18,0x41755ee0418293db7b6d817e9ba571395e3ba240b9870d850b59687c256834fd,0.63,2.001e-05,20022,6464,111,20011,2.001e-05,0.0,,,live
2026-10-07T07:37:17Z,0x8d3e59d01e1f03d522c331635cc5451d9e1b9582,0xb43f6124c525c9c2e10111383634f737c8c99a6167fccdcdb067f0afb36a3720,0.2,2.616e-05,26162,3,4,26162,2.616e-05,0.0,,,live
2026-10-07T07:37:17Z,0x8d6fcc7d0608f6cba7eefce7214748dc1b4ac280,0x465806b68ed4ab9f39cd9e1e2e701b0dee662da1e2170aaf29e4a8c5f562f1d1,0.64,5.274e-05,6847,1200,9,5274,5.274e-05,0.0,,,live
2026-10-07T07:37:17Z,0x8e2de9f7124ffdd77ecce839f13ab263788608d8,0xb5e17012d5f343da37d669cdef3fca713d61dbdad29c9d658813f61081b0ba35,0.94,1.395e-05,20048,5619,48,13956,1.395e-05,0.0,,,live
2026-10-07T07:37:17Z,0x8e41fd25e85e624560fa50ff9f117a02cd30b8b3,0x7608c38ea8cc2082b043e886185979942cdeb58e,2.68,4.654e-06,4363,6238101,12477,4654,0.0452,100.0,3,False,live
2026-10-07T07:37:17Z,0x8e7bc8ed0519f39b48d0c414f4951bb9f8e293eb,0x953e3d39bc3e699734c43c19e317a16cbe2c4c1fc6a061b35e169e40787b8423,0.43,0.0002867,45237,94997,237,65482,0.0002867,0.0,,,live
2026-10-07T07:37:17Z,0x8e988e8644653bad588bb36b1d6e308661ab1d16,0xef8b4eafbab22f2e5dab0de88f31d47c914bab3b235f9b4f4229422e8d9f8ca9,0.82,0.0003472,49953,105689,215,79304,0.0003472,0.0,,,live
2026-10-07T07:37:17Z,0x8ea6b2ac3df8facdb1260a70ad81608dcd482ecc,0xb8e73c8d4ec4718fe0b89c8959af72639ccff41a6a0a7d3579612b6643e17a92,1.03,3.665e-06,3665,16980,4559,3666,8.619e-05,95.7,,,live
2026-10-07T07:37:17Z,0x8eb0542315d70db044a3f3168a1632bad98f1e18,0x50f9cdcc5c4c8d833506b71d1b12742a357443ed2c5b29c31d8779c5328191e8,0.48,1.999e-05,20000,223,5,20000,1.999e-05,0.0,,,live
2026-10-07T07:37:17Z,0x8ed195239296091375527c6b28f580016017cf06,0x3d8eec279434b4e25496c84675179e02b171622b1c74b03bfabde34ab779e921,0.47,2.853e-06,165463,1401592,1131,285393,3.993e-06,28.5,,,live
2026-10-07T07:37:17Z,0x8f280b4bf73fdd0c54a9360e7f9a181ffbc31e18,0x84ef09d92e193afbb8f0dc97207357f221a5f9b5a150ee936bba8e270f49725b,0.05,2.005e-05,20082,4885,45,20059,2.005e-05,0.0,,,live
2026-10-07T07:37:17Z,0x8f4ea867641de02cd2853cdbabe7d3c3bbcaaba3,0x5bdd4dcd356eb9e7fd6d3429c45da9321f52a975eb4c5444a5c85599334857ec,0.6,1.088e-07,9310,3993,65,10882,1.786e-07,39.1,,,live
2026-10-07T07:37:17Z,0x8fe5c8fa02874a37f13101b622cf673e335722fe,0xa8f7a88011da356f2c8f5f1b601d442b08bd0c72ac709f1b5684c06695a63969,0.19,2.611e-05,26118,2,4,26118,2.611e-05,0.0,,,live
2026-10-07T07:37:17Z,0x90013402699bab36bb928f62fef83f6f91ebf835,0xe2d8c39d1e1da45038cff67b7fdee0486a3209671c2ecd431ae45b21b47d0194,0.21,4.223e-05,40323,9320,62,42234,4.223e-05,0.0,,,live
2026-10-07T07:37:17Z,0x905a33bf1a9d98dbbb63c65d97567fa5deeb3aaa,0xf8f3b16b0996446d9f49ef4640c8aedaa3e90145,0.24,1.89e-05,4,5151,16,18908,1.89e-05,0.0,,,dead
2026-10-07T07:37:17Z,0x9114696846b9b548c545daa0f2efd80883e1ad74,0x8939a5ec8ce9decfaa4b2d2f1f34e50bdcceaa3b,0.95,1.507e-05,7487,0,1,7487,1.507e-05,0.0,,,live
2026-10-07T07:37:17Z,0x91a2dae9699f0b82540b5886b0d8759c22820ba3,0x40a433930370f6cdf0a78debc2c6dd599c23bd428c0d67dd8b5373e4f101557f,21.07,3.112e-05,645265,82416,791,3112175,0.000473364,93.4,,,live
2026-10-07T07:37:17Z,0x91a558990a451023816ba89602827ccb181fcf68,0x32e4a434b48cadf4a50e565ac54d363a068ab1493d59e6343d27a59d075a1465,0.63,0.0003002,46312,97189,226,68579,0.0003002,0.0,,,live
2026-10-07T07:37:17Z,0x91eb1df23465146ca8fb70b4bb29c8a4cc487777,0x9efbb14aef08ed3ee390e4b7f5cc84f96218eb99df7b0a38cce4fc71af71fa52,0.9,0.0001889,47549,43080,176,43176,0.0001889,0.0,,,live
2026-10-07T07:37:17Z,0x922769f00b2118080767a2d4adfc17625c35b2f8,0xc0169cd22be3d3ed40da0934cd1fb7559490a90d1a184bbd800c8992b2cd58f3,0.9,0.0002816,44971,86484,241,64332,0.0002816,0.0,,,live
2026-10-07T07:37:17Z,0x927b50e4ce03671d5a505922750edcc9cb734ad4,0x10f2a61a3cb3f8f4ddc2c1bd57dacd4fb38f794333a6110044af81d86d416a4c,0.09,1.983e-05,13349,152658,1959,19204,8.932e-05,77.8,,,live
2026-10-07T07:37:17Z,0x92a432ce36f24975477a6fa6d2eb027d03637777,0xde24a9084c5386e2848480c8b2a54f2332a03a8c96fd9bebb261cb17f006086e,0.71,9.965e-05,34510,14772,56,22769,9.965e-05,0.0,,,live
2026-10-07T07:37:17Z,0x92b024b4367658889bc693d09ec6a1bf20c37777,0x9038e239190737cf8318513276074b73438ed66867ccad681ef5759575335541,0.3,0.0002801,57729,71743,236,64016,0.0002801,0.0,,,live
2026-10-07T07:37:17Z,0x92cebd04f3ac3c7976240f4cfda5c60901607283,0xb5683452665d72a14d9cb78c38aa4aeae4acbc12f0cbd5f7eed80aa44ad6b087,0.19,0.0002589,42293,87332,220,59138,0.0002589,0.0,,,live
2026-10-07T07:37:17Z,0x92d16d88406ca4a1ba7c61a94f803509075a90ca,0x57dc3d47ac6177bf251917e4894e32285d6d1abb,0.92,1.502e-05,7461,0,1,7461,1.502e-05,0.0,,,live
2026-10-07T07:37:17Z,0x933c1fc5e1c2265f268f70cb9b4489d7086cbb43,0x688f11f1b06313879b7a6192a64314978d11245df9ff74083231feb2c0d79412,0.44,2.073e-05,32012,14755,201,20734,2.073e-05,0.0,,,live
2026-10-07T07:37:17Z,0x934ddeb83bcffb07e02bcf6c5149ece06dcea233,0x9ddf5b5659a98c6554ccb867f705df7ed239442b,0.85,1.505e-05,7479,0,1,7479,1.505e-05,0.0,,,live
2026-10-07T07:37:17Z,0x9368b8749fbe133814131f7899d657cc0516cf8c,0xb3e30d6f381825fc508926af4bba3144ce653a9e6f3f0b46ff1ad67419f8aaea,0.16,5.165e-05,47348,15417,47,51653,5.165e-05,0.0,,,live
2026-10-07T07:37:17Z,0x937a0f626658c66524f425d3cd21d5d1ae397777,0xd7d9d3733a7b6ac5393e95e3fcb858fbee307e1ff7e9f643ade677e3cc45e645,1.0,0.0002303,52470,61390,218,52641,0.0002303,0.0,,,live
2026-10-07T07:37:17Z,0x9394f6ddf456dd28b5321c3ea2f88defd61e2a9f,0xe8f5e2f410d2d2397e30cdc98e604dea4576d139778cf3f61e0f4f0609b5af06,1.9,,,,,,,,,,dead
2026-10-07T07:37:17Z,0x939f4b0fc22b249922ab460eb0247950b61b4ac8,0x9963480b60959de7c0db2cebf04d18ab7ce431b3,0.92,1.502e-05,7461,0,1,7461,1.502e-05,0.0,,,live
2026-10-07T07:37:17Z,0x9401d439c9b8f4351980b80d5d4d5001bb0d6f85,0x949b8cafa5439d2fc310b6ce054ac25df5929f2ff1c565fb5263c1d07a1d417e,0.85,8.353e-06,8353,81,2,8353,8.353e-06,0.0,,,live
2026-10-07T07:37:17Z,0x940aa571e776138a82cbc9dadb6a3f05eb1c4a5c,0x48cb1a329ed902563335921b60340eeb908d60fb,1.03,1.572e-05,7832,513,174,7831,1.613e-05,2.5,,,live
2026-10-07T07:37:17Z,0x942575ec23f09e10f4e716c469131699c1278fee,0x49a2a734f9aa12784f8a14957c8b7ac45e7e769d88626b8f4cb2eeec52152505,18.48,8.514e-06,8423,6,2,8009,0.000482812,98.2,,,live
2026-10-07T07:37:17Z,0x9443000afa2d7da13a7c9bceda459718107efca8,0x711053be087a527d15a73ca6959236ce131127c9598b3d881848b8c2fda05769,0.6,4.272e-05,40917,14198,89,42720,4.272e-05,0.0,,,live
2026-10-07T07:37:17Z,0x945d79af542b6eb80f495e2d1455d01af37cbc94,0x80314991d8f50f5abbd8af09841255d6d17d6bd09009d3121a7222c4a77a2527,0.34,1.966e-05,32467,11918,203,19664,1.966e-05,0.0,,,live
2026-10-07T07:37:17Z,0x94cf8f132b0aedd5b37091bc5ecc65a66d31d6c3,0xd0370cd2e42f4657a91d5b9023dbd9e6f15e67aaae38302bae2079a8e812c981,0.31,0.0003443,49561,135822,236,78637,0.0003443,0.0,,,live
2026-10-07T07:37:17Z,0x9515dbc2c3bff8279ba602c1fd677eac90699497,0xa5a36f9f7b1ee5ab093c9f0bef2fab4a195f7d20,0.49,1.52e-05,7579,0,1,7579,1.52e-05,0.0,,,live
2026-10-07T07:37:17Z,0x95e51cb8f5c656c48bd49093586ff8b34d3448f1,0xe85603bc04a6526fb7c2e68c6f8ba84f381e66d5394f98782069afe6e9a6f727,0.49,0.0002484,42079,84099,236,56737,0.0002484,0.0,,,live
2026-10-07T07:37:17Z,0x96a1c0b7a9db6a1aceeaa483dbcc89d16ca8bda1,0x40ad9dade4b48e8562cf3c0d16c8c9461e2c6a9e014ecef6a93ce2dfe4cc2883,0.99,8.084e-06,267347,9865519,10842,808496,2.304e-05,64.9,,,live
2026-10-07T07:37:17Z,0x96e29a56a108df5d75611efa39e7b8890c552d66,0xa6c929132f28ad9d9f60ad6ccf65f15c30670c8e84cb4e90f9d7ca9f8a0a3c20,0.38,2.165e-05,32490,14647,203,21657,2.165e-05,0.0,,,live
2026-10-07T07:37:17Z,0x9744a8cbc089d6804dacab37ca009eeb2ff7e777,0xb3135d6b2e089a862369bd2101fa04b977aebfa4d26b62b421f11bf4c3b50d9c,0.72,2.669e-05,26503,46359,174,26643,2.669e-05,0.0,,,live
2026-10-07T07:37:17Z,0x9773907ecc02d30ef9a0c4484b79ab688754f7a4,0x9a8bcddacf8ca033d2a0567a7363294408fcd9e68cd3ddbdd491260870bb48f0,0.91,0.0003714,51640,101447,243,84831,0.0003714,0.0,,,live
2026-10-07T07:37:17Z,0x97808a158327a127c54ff6ff7aef4d7b5e2f7777,0x7ad87cb8a74c450b86bc0773bbe243c897665ff55aaa5277aee2cd2c9056bbfb,0.35,0.0002485,54395,61916,236,56787,0.0002485,0.0,,,live
2026-10-07T07:37:17Z,0x978449b99a23ed4b7e41fa6c2ba7c4f41e71a8d0,0xaa2d1ca68553ddae9eaa13c9e9d4d92dcde93214d1906da0f1a74cf67ea95287,0.91,0.0002528,42548,79331,223,57755,0.0002528,0.0,,,live
2026-10-07T07:37:17Z,0x97c9c237234afd82109d0c8e14255fc4275b8f79,0xec6fd702a3d6a31816f85dd72d18810e16a9d3cb,0.95,1.508e-05,7490,2,3,7490,1.508e-05,0.0,,,live
2026-10-07T07:37:17Z,0x97d737c5eb59d0a74249545e273f5547a288e3e3,0xbbdae8d43b29985eac3be13dc5de04a6661462bd4cda2601b0775765faae7b48,0.08,0.0002989,45531,79576,238,68274,0.0002989,0.0,,,live
2026-10-07T07:37:17Z,0x98fb615f0733075ccf6826bb8c08193399572a31,0xd4c9756e40106f0e25d485baaf91ea6b8f518857d179e8d9659abffd96b719a6,0.3,2.089e-06,19053,6709,46,20890,2.089e-06,0.0,,,live
2026-10-07T07:37:17Z,0x994d93546d4dbc155e33b122c9dad531659412b3,0xa384c776d227903d07a7517ade222d64059bf0cccd2f0a18e9aa44c7e97e3ed9,0.42,1.047e-05,10474,25,3,10474,1.047e-05,0.0,,,live
2026-10-07T07:37:17Z,0x9965db38f1d0253c3c4d91af0ec0911057598050,0x0bd40bd9378bae77e3f41e6131760badf39dfae3,0.16,2.175e-05,2,80187,590,21754,2.801e-05,22.3,,,dead
2026-10-07T07:37:17Z,0x998526e03b61356d683d72eb4d5485422b512cf4,0xee277f4c734f64c93de7de26bfbac4ece30badfd0fad46bfc1125b368ab0090a,0.13,6.681e-06,6721,95108,5447,6682,3.27e-05,79.6,,,live
2026-10-07T07:37:17Z,0x99ce3f31cbeb2e3e757f1fb16f60381011688f0a,0x8045e5aa59813d6cb44adc17649398f69ecab95259bda4f15f7952168fcf912c,0.27,4.583e-05,18078,2737,9,10469,4.583e-05,0.0,,,live
2026-10-07T07:37:17Z,0x9a2428adf8d06bd73edce6859b9776bbbd78ed50,0x47f79763cc56d0bae0e928fc89a1be03850d1c0750458a5cbc6c47f0c2a4a00b,0.37,0.0002804,44737,94098,238,64042,0.0002804,0.0,,,live
2026-10-07T07:37:17Z,0x9a3bce357ba60eaf3fc260c56e2af832ece2a26a,0x7975b3fa086924e3c2a11001f1a88850f6f3ccaf0ed5bad76d768df2c9385a03,0.09,6.671e-06,6697,87284,7490,6671,5.552e-05,88.0,,,live
2026-10-07T07:37:17Z,0x9a451e82548e9ec557ba4deb12ff7125d2ed1111,0x0cba9703aedcde92413c7b7cce3cd5659f21beac819655ecc10019e8ff0bef01,0.31,1.304e-05,13044,1,17,13044,1.347e-05,3.2,,,live
2026-10-07T07:37:17Z,0x9ad56c5f95208be3c6feb7da5accb48ec1873f5c,0x6e80dcd7861decd6c5defa302df444ef92653274ccd7223b2c1d6b692cf3eb9f,1.5,1.006,19125064,8337,29,50300892,1.01092,0.5,,,live
2026-10-07T07:37:17Z,0x9ad90ca5a5daf2fb5f881cb3e4fccdda6503ea20,0x4b09784db87e0321a349420caba4333daad04b481d547f599a4f21cd3162485d,0.71,0.0003824,57737,30961,138,382474,0.0003824,0.0,,,live
2026-10-07T07:37:17Z,0x9b457df8d01eac59d6714a5221404bdab2461e18,0x2d57df5643a5ac355d8d29ff435dd75cc1eb8afc063565112a63140be1e52f0b,0.42,2.115e-05,21567,134552,2409,21151,2.553e-05,17.2,,,live
2026-10-07T07:37:17Z,0x9b8558bf7dc062c8ce984d3e744c976527987214,0x5a071d29452eadaf3204080020acfafe80fe21cdf21cddb19c7385c1c706ada5,0.47,0.0002978,152307,637000,1428,297855,0.0002978,0.0,,,live
2026-10-07T07:37:17Z,0x9ba4d84ac1571a0788b2bb7a6412e73529d12dc6,0x2a878208df14eecf7761daa73f4c1c070cece119,2.63,,,,,,,,,,dead
2026-10-07T07:37:17Z,0x9c008eedd91e1d4a16797c3af3289d70362e7777,0x0f4f771421a47a85b1fc569b1a90d157f398143cf9e113a077010b822d9d9611,0.79,0.000144,41512,32051,135,32913,0.000144,0.0,,,live
2026-10-07T07:37:17Z,0x9c1047647e1bc9faa3975e974ba6e3f3ee34e969,0x2bccf2c6067e7d2fb612ee057813f1c98a77d7dc40e68b4c746b499f44dee925,0.51,0.0003388,49062,124810,232,77391,0.0003388,0.0,,,live
2026-10-07T07:37:17Z,0x9c80ef4c6dde114f8f98c9b7c49b975c8f25075a,0x2932020fe1c62673d9c51acb61ad0ca388242e1c59365cb60e090fec862ff18e,0.39,2.823e-05,30596,22600,201,28239,2.823e-05,0.0,,,live
2026-10-07T07:37:17Z,0x9d18c252de461d0f1824b922ff6969b28bba7777,0xf6b7d70d6436482faf834a2b94f83b3abac4ee4b08f138d6fde1b7fa06762381,0.64,0.0002626,55997,64775,238,60012,0.0002626,0.0,,,live
2026-10-07T07:37:17Z,0x9d26edf13911b7f27ca12ac0503625a5b5af4ef3,0x9429d20f6e38f937670888096842703901b36ab8b848cde6ef1fa31f3b993537,0.28,0.0003179,47609,117418,234,72609,0.0003179,0.0,,,live
2026-10-07T07:37:17Z,0x9d70341316be25ca3732a6351d443fcc8527910e,0xeca5231d5901051711d6c6743a8816ab95f900eadb505ca5e75e77b14eba6be0,0.85,0.0003128,47409,85047,239,71447,0.0003128,0.0,,,live
2026-10-07T07:37:17Z,0x9db1ceafd16e41cd94595d0085c9d686b053461d,0xda0c788846be2c267b217627eeda3dbcffc3f084baa06dd6923cfdcf7f77f9d5,0.79,4.521e-05,22492,24865,151,45217,4.521e-05,0.0,,,live
2026-10-07T07:37:17Z,0x9e7dee4b51656154d1492faa223752a83f6f7777,0x41c29f8c4650b4bc1da32924bd2acf4f1e40ecdd158f4ae37634f12f39972b78,0.24,0.0001558,42326,33391,145,35605,0.0001558,0.0,,,live
2026-10-07T07:37:17Z,0x9ec46ca7e9869abf3a50caae4f430bf9b228ff10,0x759f032ddc30ee6fa00fd4cf331feba097c82ea876610b150a0805d7f26151b4,0.47,8.983e-06,8085,0,1,8085,8.983e-06,0.0,,,live
2026-10-07T07:37:17Z,0x9f13a95a9707fbb8b660d1b7833d12d99d347777,0x4d440a7428882ae3b476f6121b647fa803d88d58dbcea64e632499a597d8b9c1,0.33,0.0002519,54772,60645,233,57567,0.0002519,0.0,,,live
2026-10-07T07:37:17Z,0x9f4ba41f91a59a34e17ee8c9eb3a51363b11abd5,0xd23635812197b00b0ea0fd0e36021740c7951fb34ff1ca79260052b47e9769bc,19.67,0.0009079,90314,142166,537,856335,0.000972182,6.6,,,live
2026-10-07T07:37:17Z,0x9fcdaeef06fa5a3d0838d3f7ddc85299f2246777,0x9a5d6f780b2940a8bb7bac2dee68e19b2890bbcb226e46b0d469d8937edeafb5,0.55,1.008e-05,16252,9768,35,10061,1.008e-05,0.0,,,live
2026-10-07T07:37:17Z,0xa0216b52f43ec2510739f6ff83dc873dda7a7777,0x62a0e539c6dbbcfb2a117b4a8ae9f023d8a2e55d30434be75e97f9d84f95439b,0.9,0.0002404,53656,66225,238,54946,0.0002404,0.0,,,live
2026-10-07T07:37:17Z,0xa053e7ae0e9bc0384a595412081c7e8b15de6a8c,0x9648243d769d0b17aff03a84924282bc20eeff0b8a3513ad4e23c7d2c328612d,0.64,1.048e-05,10483,10,4,10483,1.058e-05,0.9,,,live
2026-10-07T07:37:17Z,0xa0711a3df2283ec4f10e17f0c86062b39150d777,0x651597ca72665982bd01375d961d08e89fc44caf7202e85396eb6d1298c34352,0.65,1.112e-05,17090,10276,42,11104,1.112e-05,0.0,,,live
2026-10-07T07:37:17Z,0xa1602e96cb2fcde701409d069aaf01efe30be7a5,0xc2d9243acd2e8a4937cad2028700551bd3787addc71c37dce67b665ae10117a8,0.93,6.879e-06,6921,111564,2285,6880,0.000137,95.0,,,live
2026-10-07T07:37:17Z,0xa1bb4a102e1eea316e56c19fcce2af1d1cdf5468,0x09da1b8d650e9ef5a31d4dfe1efdc8c9851a4842632bb8fab08a78214e5d2408,0.23,5.254e-06,5254,0,1,5254,5.254e-06,0.0,,,live
2026-10-07T07:37:17Z,0xa1c34982523bf63fb9887c818a32b9650e8999b1,0x682f616a72c5e6c71f02d1d7cd497fcad63df69fda4e4f314b8d41ccf402944c,0.05,0.0002755,43661,76706,239,62940,0.0002755,0.0,,,live
2026-10-07T07:37:17Z,0xa27675bf701dffda981443ce4ad36b505bbd1ba3,0x82b7c642bc1d6f2d477aa200c076e8ecf3a9b2a821a5e45053fe1912f659099d,0.42,1.022e-07,8694,158,5,10227,1.022e-07,0.0,,,live
2026-10-07T07:37:17Z,0xa3c98d02506ff5ccd638d3d1a0bc92dd7c387777,0x522affc8d9451d4643682f288a0be9c9c331d1c60108172b33170c33ac55db5f,0.1,0.0002546,54198,68308,235,58194,0.0002546,0.0,,,live
2026-10-07T07:37:17Z,0xa3facfbe2347cb79b0fb043146c2058ebeda1e18,0xf69cd31fc4f00c690ba65c4a2d5415f1d0adc2d429564147bb61819197a9ba7d,0.11,2.001e-05,20015,14,6,20015,2.001e-05,0.0,,,live
2026-10-07T07:37:17Z,0xa4218dfabd27471a84d1446f7543ef842a08843c,0xac0728fe48f658755e0639e5851e511e21f330ab0e9d6797b2f32cecf6f44d32,0.44,5.565e-06,5566,0,2,5566,5.566e-06,0.0,,,live
2026-10-07T07:37:17Z,0xa439c0dd5a1a6a0157bc477d02d624fc2a7c4777,0x9b69f6343c898b9da66867e1dd370bfac21dfbe13082cf30d6c29485ad31e1b4,0.64,2.043e-05,23173,50319,179,20398,2.043e-05,0.0,,,live
2026-10-07T07:37:17Z,0xa44930652990b9ca033679bfef951d8fb1321ba3,0x2b669eda5eeb08737fd04fc178b8b4bf796d24c219bd938432a64b6a9fb9298d,0.62,2.417e-07,20467,214054,4061,24177,2.703e-07,10.6,,,live
2026-10-07T07:37:17Z,0xa4a2540b34cca4d40342f82d139070dccf4faa67,0x96b36d4275e9800ac090e3e3fbe83ba982344203dfb8139ce5e8c79066a9a411,0.73,6.846e-06,6860,32813,1661,6847,6.846e-06,0.0,,,live
2026-10-07T07:37:17Z,0xa4ad06fe5459b8cbd4b0ebd29590346af3942179,0xb166fa3c56a7fb9ea9bb4efe045b298a8eaf37db8247bc91208bd617cb209353,0.68,0.0002782,44716,87606,230,63555,0.0002782,0.0,,,live
2026-10-07T07:37:17Z,0xa52c9564976376e9105ae9d20af72207608b2076,0x41b2b7947614caafd0462a826dbb90521c63a0c6b483b993350a39ea5c512289,0.14,9.043e-05,71074,43455,99,90434,9.043e-05,0.0,,,live
2026-10-07T07:37:17Z,0xa57883b3872237276620939616c6d132064dbaa3,0x5e6e9dd71382aebb9d5ff405d7b84be81111f876,0.09,1.261e-12,0,35917,33,,3.708e-05,100.0,,,dead
2026-10-07T07:37:17Z,0xa5c8cc9fbe4b41b383edb70348d28dd287c63e18,0xddc30709002e268d820bda2b6f8b59675e7e9b2f42c3bc5c80caa123f77336f3,2.6,8.904e-05,28281,75189,2511,88260,0.000175272,49.2,4,False,live
2026-10-07T07:37:17Z,0xa636c8ce6713e5836f8699c6ebae2fa3f63205fb,0xbd9777f9def377bb704b4f86abfc5bc37a92685772c4f60b0f9def4499dfd6d1,0.51,2.031e-05,7313,0,1,8126,2.031e-05,0.0,,,live
2026-10-07T07:37:17Z,0xa6968e7b5111c534ff42bb1a1618b746f6d8de8a,0xc6a7054d9ec16ef6169b481a41e1683cab38ec74ef8d7532aeb7451af9799594,0.59,7.204e-06,7010,1036,5,7204,7.204e-06,0.0,,,live
2026-10-07T07:37:17Z,0xa6afc3b47a4c278829b87fe3b339ed6b2072c00f,0xbe20aabc9df05d101e37fae785501bf99138d5ca15ddf3fbb25ee506e1ee6602,0.3,5.255e-06,5256,0,1,5256,5.255e-06,0.0,,,live
2026-10-07T07:37:17Z,0xa6dea16ddacf9618e15521614436a1828f8f97b3,0xbddcb7b220363fbad34d42f828c09fdb30216afaabee5e4cbf816988131fb259,0.55,6.763e-06,6763,0,1,6763,6.763e-06,0.0,,,live
2026-10-07T07:37:17Z,0xa72eed163f5869227c567fac779541756cb913ed,0xefb30efdef67b69b6d8860d606736b89e11aecfe23f04d98eda26d5acf635c6c,0.16,6.613e-06,6627,40080,2166,6614,6.613e-06,0.0,,,live
2026-10-07T07:37:17Z,0xa80646aabcb9d1f9bd3552feaa680a4a25157777,0x787d43fc439e6e646a05250c81cb1def752072c7a69cf5c9af2023a7ad8e5f44,0.55,0.0002001,48819,53685,228,45738,0.0002001,0.0,,,live
2026-10-07T07:37:17Z,0xa8158d5ce561f8bee6d4be39b36dbc2368aad16a,0xafe57564a7068f67c4fd089b72353b5b3e2f40c5250e9b6885b74650fd1cdd11,0.12,2.714e-05,27133,528,4,27144,2.714e-05,0.0,,,live
2026-10-07T07:37:17Z,0xa83854502c1c9885e6000caf19dc0663537afefc,0x39cb199cfaead03e1a05f3609eb32d50e1a2e33f07f381a8976f26c423da4a0b,1.0,0.0001983,37702,57708,150,45298,0.0001983,0.0,,,live
2026-10-07T07:37:17Z,0xa86a61a859b8a215116cbccfacb1ea52a5333455,0x8b40f71aae77ffbe30430541c374cd2ae9a3a0439bed7d9582063a7502d1ef33,0.63,5.313e-05,21849,195040,2711,53137,8.082e-05,34.3,,,live
2026-10-07T07:37:17Z,0xa88e76676cd8f416de2224f000367c9812d63777,0xd8acd593bf60a7d31240223cb05acd9e549cf29899ad664d493d4a4e47c92928,0.93,1.106e-05,17082,9065,33,11041,1.106e-05,0.0,,,live
2026-10-07T07:37:17Z,0xa90c3e81ddf46ef163355a98ea29ac4b79b3d136,0x016fd06ade9fd8b52843c912c125f5fc12701a08e2986a59caea77f04de8ebc8,0.4,8.455e-06,13512,1360,15,8456,8.455e-06,0.0,,,live
2026-10-07T07:37:17Z,0xa91c23d91ae3e4acb35c9cea4a05e8f8909781bd,0x4bc6624eb680ea4f1f116f95a8af84add2b442c90359ff4d0de82ff112f44e9b,0.19,0.0003584,167450,250906,682,358486,0.0003584,0.0,,,live
2026-10-07T07:37:17Z,0xa93a5bde9c607940cea4614b3f8c7ac81d677777,0x8b1e44aaa2d674cd67b610ab69612b2b084a4a24b640eee270d326760279d172,0.47,9.708e-05,33972,13606,64,22183,9.708e-05,0.0,,,live
2026-10-07T07:37:17Z,0xa9db6d3fb987257767b7227b7df5fad099004571,0xc1a9ee78142fe666e8586351ed3c6d35eb92f38428716261536a4d9d44d61448,0.29,0.3806,15006072,493,20,380698816,0.3806,0.0,,,live
2026-10-07T07:37:17Z,0xaa07a0e9209e16ac99708c3ec70159c6ef3128a3,0xea9f200e13055b82f175f44f592c4c13dd8c9d9320a66487d3c5cd90d68550ef,17.02,0.05453,923444,2593058,5443,51808511,0.123459,55.8,,,live
2026-10-07T07:37:17Z,0xaa07f927b255756e947eafb2778db2c3fc9a28a3,0xb9a25b92a05ff018a6a684304a60067acb5c537ed38635049792ffaf26111f41,0.33,0.05176,14759080,254,8,49176455,0.05176,0.0,,,live
2026-10-07T07:37:17Z,0xaa3b15d86d006a30356f2863ab69dd8000dbcda6,0x5d357f33cd039ac7ffacb046e5d4bbcbabdf6e6d13a961c17b3c773c6c5dfe79,0.99,0.0003548,50434,93679,239,81046,0.0003548,0.0,,,live
2026-10-07T07:37:17Z,0xabc2f889b449389345ad47bedff8d1e0869fc577,0xc8c8cd1fa62030b19e9a146f205db6873b1712798d4bdfe12f5dadb2ffc3bdf3,0.93,0.0003872,52648,110814,236,88451,0.0003872,0.0,,,live
2026-10-07T07:37:17Z,0xad0319e5c4e797041a0150a1372be682f4533611,0x82357e32fec01fde5af395491c83e35ef217263af0e7d8a3e00dbc58501122ea,0.47,3.941e-05,16764,842,5,9002,3.941e-05,0.0,,,live
2026-10-07T07:37:17Z,0xad039586f43b861bc0d5296e85836698b9f2a721,0xef7671b280eeba310f983e52e0a6f641d0f026ba673e23e277a149cbff9f9b76,0.43,8.586e-06,13610,1412,13,8587,8.586e-06,0.0,,,live
2026-10-07T07:37:17Z,0xad2cc3791934ec36e498b3d35b616e0318ae73e5,0x7d7ea5f34d0b3dc0a6bc504eb6871074f9c0ca6976554d091211a8386d352888,0.11,2.609e-05,26096,2,3,26096,2.609e-05,0.0,,,live
2026-10-07T07:37:17Z,0xad4d85e5b62abca75c9c8b25ac612165c95f1e18,0x19a85b970b4f7372fd92dc5c519f63ed3b53525350f11717d5a2c50aace16f38,0.09,1.999e-05,19998,550,12,19997,2.051e-05,2.5,,,live
2026-10-07T07:37:17Z,0xaddee94d670cd2bfcabd752ced03758831977806,0x7a1371a8324a015c73c8f3dd61c05d92eab1bbf3,0.31,1.48e-05,7375,3,4,7375,1.526e-05,3.0,,,live
2026-10-07T07:37:17Z,0xae4b67b68490e4782e6ef929724735e9f65a5788,0x11db2f235ed8bf1c5f16c3769f748b362444bb25d0a8cea6eaec08584fd3f713,0.41,0.0001804,35895,49629,140,41210,0.0001804,0.0,,,live
2026-10-07T07:37:17Z,0xae8249f0d6133a3afdcbc93309bd2762f73d5816,0xff81b128269187d861cbbe71523173740594149f3450aa3e7e76f3785d2ad033,0.25,0.0003144,47279,99647,215,71812,0.0003144,0.0,,,live
2026-10-07T07:37:17Z,0xaf517732f7aa425ecb8903634e7f076a83678aa6,0xd9ba3cc67467066accd6e1c1be6e9bd813d931857b921008288e440cc122239b,0.14,6.603e-06,6616,30559,1268,6603,6.603e-06,0.0,,,live
2026-10-07T07:37:17Z,0xaf8237b2a1b95edf3729b21a8488910606012df4,0x2678ad9d6fda253e3f8f1fc6cdbfcc548118c6559fe87ea70d8b7f33252f888e,0.12,6.596e-06,6609,20562,383,6596,6.596e-06,0.0,,,live
2026-10-07T07:37:17Z,0xafb33f12c65285438f0e688cb8583405f3e64152,0xeb9d878fe824910ff789f09a5acb8fabb1176d31946d6e5c6f8bbe47db17cdc0,0.16,2.612e-05,26122,2,4,26122,2.612e-05,0.0,,,live
2026-10-07T07:37:17Z,0xafddb1974325da7859f46ba5ad45a2c30cf105bf,0x579f4b502a987173dab2776a942d19d273d16c5e,0.94,1.509e-05,7496,0,1,7496,1.509e-05,0.0,,,live
2026-10-07T07:37:17Z,0xb0f4c5b775ff4b6eaee04a94e645ac68761f0bc5,0x9eba18f61b2349a442c88dcfc318511cf37c44f20e4a6e1f33930b7d8491cf30,0.84,6.9e-06,6942,92055,3465,6901,4.78e-05,85.6,,,live
2026-10-07T07:37:17Z,0xb18a4bcf9018bedb1fcb90ed80f87087151c09f4,0x206211d456a3a9dbe45e13507aac5131ace9c716,0.82,3.225e-06,3195,13826020,25845,3226,0.01692,100.0,,,live
2026-10-07T07:37:17Z,0xb1accc628d40379c43e20083506c037b9e98c2e5,0x0b39c4f9d525dfcf843288ba26c43564f58e4da4102bd146a828d961fdf75812,0.89,6.834e-06,6849,30593,502,6835,6.85e-06,0.2,,,live
2026-10-07T07:37:17Z,0xb25590d40d851302efeb335e3e91dac3362b811b,0x99ec36de822e26b715ac8074c3e2acd8c36cb1c4a15b6dc5e6a1a2dc24866bdf,0.39,3.526e-06,39002,16094,104,35263,3.526e-06,0.0,,,live
2026-10-07T07:37:17Z,0xb2b81fb50a395a4be9b63d8577338b13e305e777,0x624a00bade591a9cc3f78d3a5ffa6f6a8de17ef764b0497c2becc3cc310a65c8,0.88,2.25e-05,24349,41191,138,22457,2.25e-05,0.0,,,live
2026-10-07T07:37:17Z,0xb363202df533f79ecfe0be6f1e0781e43343eb5c,0x0fd838bbcf76031be6c770cf4e55f9a97b55bbf3,0.6,1.682e-05,12056,15960,227,16822,1.682e-05,0.0,,,live
2026-10-07T07:37:17Z,0xb38af4eb0f8c7554d11e26ca44986912761e8a19,0x49e4e4e5e4f498de140d153997dce0793dcf6dd3,0.05,1.506e-05,7528,2,3,7528,1.511e-05,0.3,,,live
2026-10-07T07:37:17Z,0xb3d987503d42ed5527664ce3cbbc0dafd90a7777,0x5d48d8881d2bbebce1700902bda6918f4b71e2aaec42d3dfd973a54e1de80b70,0.26,0.0002494,54382,65555,233,57005,0.0002494,0.0,,,live
2026-10-07T07:37:17Z,0xb3fb3e473400e297826e41ee69cffb29138c1b70,0x33130640c6cf6183ff16f227de2a887aed6fc58dd4e66bad0a2726c8448b2864,0.88,0.0001331,93059,252742,667,133109,0.0001331,0.0,,,live
2026-10-07T07:37:17Z,0xb401171abc19a8ccdd673ce423b143a6528d1e18,0x0f5291558508d9ee226fe7d37a8415bc226e85834025b6c9e5d36357f9faefbe,0.8,2e-05,20005,6,6,20005,2.001e-05,0.0,,,live
2026-10-07T07:37:17Z,0xb4116d8fb0956be58de79db0fe20df1b2da9b0b1,0x09f984ae541107e8df1b7b14ca31f7ba96acccbfc5e0d1107e009255b0f57a7c,0.83,0.0003896,52916,112080,234,88990,0.0003896,0.0,,,live
2026-10-07T07:37:17Z,0xb49bbaeb1b00544ba7e265bc6aa369b317c26f7e,0xc931e45592e397d8ca5cbf144250b5976b56405ac4bd599a8ab45c3471af7aff,0.85,0.0003837,52510,105433,231,87651,0.0003837,0.0,,,live
2026-10-07T07:37:17Z,0xb51e120325923477849065206685dd8644a136e5,0x07e6f36ab69a7ed240b9f533fb38adab5c4e5f627e647836fa9585a6bb647683,0.34,6.084e-06,51246,72664,267,60846,6.084e-06,0.0,,,live
2026-10-07T07:37:17Z,0xb574cc80b2dda87e645045c9c9f3d8b4aab592de,0x85bea26ba5544a0667498baa56655a30f1e90eb9fa90b8f7e1bbe2a4438d650e,0.2,2.616e-05,26163,3,5,26163,2.616e-05,0.0,,,live
2026-10-07T07:37:17Z,0xb5bbf76871cdd71b747377d84aeafa8240b29f03,0xc643b1a153802f209c9d78f83fcb20c93d5b674ec17382917467253172887f75,0.29,6.803e-05,87495,42441,237,68034,6.803e-05,0.0,,,live
2026-10-07T07:37:17Z,0xb5fbd336e7784e630016d004195819ba937b7777,0x30c34d45dda0433954a3114824ef233b52f2afb8897e9d42899fd05e2898f3e5,0.82,0.0002683,56703,58293,232,61309,0.0002683,0.0,,,live
2026-10-07T07:37:17Z,0xb629a33b5794d996582a44634afae11050db85f1,0x9422612b64b4ad0e6704890a4f81acf66aced8b9b45fb27036fe5138af5be2ee,0.28,0.0003293,48487,114483,240,75225,0.0003293,0.0,,,live
2026-10-07T07:37:17Z,0xb6698d85d3c9481940c6f32686a872fd17e8dacc,0x4a345aebd825fa3f462c0bd3d26ddc2308ae07bd074ccf25718a42b2822c8f2e,0.94,5.332e-06,5331,639,29,5332,5.332e-06,0.0,,,live
2026-10-07T07:37:17Z,0xb6b13c7bcdd63082ab40f0d9e50e3d6fe8c6144e,0x12766300912b1f72c56c5447cc3ad279ae2734b2b8b807c0a600a347d5759c99,0.17,2.608e-05,26087,2,4,26087,2.608e-05,0.0,,,live
2026-10-07T07:37:17Z,0xb7ae81383be1f84ba5b5a52d2f512c4a9ce88192,0xdf88149f4766e067461f7db398f2ad6bc501d4e56aa29e01dced6d60622eca21,0.09,0.0003154,46729,88689,240,72048,0.0003154,0.0,,,live
2026-10-07T07:37:17Z,0xb8aad220341ed8d9558d4aea2d96a677813dcccc,0xf9559fc80edbbe2a7f069509339756ed14feaa682db9c6e8b12b841c65019ca1,22.01,9.694e-06,9961,10,4,9694,0.00116173,99.2,,,live
2026-10-07T07:37:17Z,0xb8d2887665997e3997ec9e46c1809db0b350f4e0,0xe3818a7f938c8eeabdb2596110c9af8721139f68351d8866874a8ce647ac6471,0.22,6.644e-06,6670,78734,3144,6644,5.676e-05,88.3,,,live
2026-10-07T07:37:17Z,0xb91040f8e25b83b6e8335f4f16dfd53c67be3c2f,0x75408fb2d283fe1e35086f1b781a6e7d1bac597b36bc484bc67ea54ac2bbc6da,0.48,5.797e-06,49966,43126,217,57972,5.797e-06,0.0,,,live
2026-10-07T07:37:17Z,0xb99cbc865cf3c54d1eebef6c0845295ec6896c07,0xeb6ab569a4d81bafaf31d9f54378d63cf786799118f1f2989031b7061ecc42ec,0.14,2.611e-05,26116,2,4,26116,2.611e-05,0.0,,,live
2026-10-07T07:37:17Z,0xb9e4c11d0fa3480be9135c1cdfedacad31fb1e18,0x38dda07e06e8b87b5200effc17b74dab61418c91e7a2c6665841683a882e57a3,0.68,2.005e-05,20054,814,18,20053,2.005e-05,0.0,,,live
2026-10-07T07:37:17Z,0xba082a1c0d9a1181fe1aac086240cf590255a5c9,0x47534d01e1075f8fe9e43d6b7737b47cbbff970f,0.35,2.899e-05,86972,0,1,289905,2.899e-05,0.0,,,live
2026-10-07T07:37:17Z,0xba1a2d9783ebe2b76493c5c12eb9813a0e062843,0x6e8a6a1af8ec53f3f09c7303e5403558dee42d0a,4.62,8.893e-06,7033,1196,196,8893,0.0517375,100.0,1,False,live
2026-10-07T07:37:17Z,0xbb1e5a77d03fddd253332d12d6a6a8645ae09b9b,0xa257abe46a1dcd68f9d048486595ff0719ebc29558a3fa18bfe16814a3d5ef71,0.35,0.0002952,45924,89498,238,67443,0.0002952,0.0,,,live
2026-10-07T07:37:17Z,0xbb8a9d403ad2f83c6cefc9316d74fa0280e707ab,0xd3365fa4309dad0174e120b179b955a5e9a3a46ff7bc63b71b5c68f0e4b7459c,0.89,2.803e-05,23946,21243,153,28038,2.803e-05,0.0,,,live
2026-10-07T07:37:17Z,0xbc0f76122a13ab2dc8f39090a1c5e377aa5e7306,0x0a0c83e9a06c20ed4bcae20c3788ca5fd445661812061ead2955aefb2d79d699,0.8,0.0002036,38227,82864,232,46516,0.0002036,0.0,,,live
2026-10-07T07:37:17Z,0xbc30c7947207568f6df3dbfb1473fcf9ce277777,0x5489b8e5f5abdb8c5c06e35846bf11a517f1070a509ccd02d568ad479a3b2dad,0.84,0.000248,54517,56706,232,56669,0.000248,0.0,,,live
2026-10-07T07:37:17Z,0xbc4a655167d3ad1056954b485c8fd3a15debed12,0x37d4f9a151cbc619d7d22b0140fc0cecc66afcbedcfa52368987124fb427ca58,0.15,2.614e-05,26145,3,4,26145,2.614e-05,0.0,,,live
2026-10-07T07:37:17Z,0xbc4dac09ddf9e9131c97902dd3d33fda3c665a92,0xdd9f98e153cf39e0b0c9caf943e7de322c350ee76be49888c6aa55bd00760e13,0.55,0.000165,64993,1284855,3523,165089,0.0001653,0.2,,,live
2026-10-07T07:37:17Z,0xbc79d0e2e945574bbe51f54b96b8cf98f855183f,0x89785dfdf326dcdcf96d3cc1ca47cc768c5daac6ed1a0109bbd8f57f7f750b2f,0.84,6.834e-06,6848,19634,146,6835,6.852e-06,0.3,,,live
2026-10-07T07:37:17Z,0xbca84a40b27b347f5bb2266d8f7c920bb26fb777,0xb0bd1c273ced1eed1f82de313336df84b0f3d53dd49a51e1b5f57e7c52a67c3d,0.72,2.46e-05,25479,40489,161,24556,2.46e-05,0.0,,,live
2026-10-07T07:37:17Z,0xbce04e6be60abbea05477960c24e3e52575ec0ca,0xf3bf21852c8cce5df5349deb221688a426b613b4af9b8a335a71d62c8f199455,0.18,2.607e-05,26071,3,4,26071,2.607e-05,0.0,,,live
2026-10-07T07:37:17Z,0xbda4bbd3c5522cd81558afa341316fb4acd752ab,0x51f52234cf07a9995504dfa01e6eedfe110740044669666b40ee0aa592ec44b8,0.85,6.849e-06,6863,25532,918,6850,6.849e-06,0.0,,,live
2026-10-07T07:37:17Z,0xbdbed1cafe4e9c61cea746ac2b97c24cf6541e18,0xc51fb3fec8e2654718f077272122d9f6c22a2796e299d6a141eb045432e23848,0.59,2.002e-05,20029,851,12,20028,2.002e-05,0.0,,,live
2026-10-07T07:37:17Z,0xbdc00f2b4bf0afa7dfc8fe698b9fd4e38abbc546,0xde8f19fe85e7612b5d086da99b8caff600a2cd165e0e13aa485d39c08eadaa97,1.74,1.466e-05,9842,8676,137,14666,0.000295075,95.0,,,live
2026-10-07T07:37:17Z,0xbdc336f3ef34e93861779c50d56e7129a8fe4bf7,0xa7008490588aa094fd12188ec61f933e0111f63b512b2630c3eedc4fde54d57d,0.55,2.011e-05,21983,15787,153,20110,2.011e-05,0.0,,,live
2026-10-07T07:37:17Z,0xbe050c543a30f9cac76d53a2b3530473ae105966,0xe34c62da27d91d70cd7837296e7164e6774385171dcb9dd55eb03ac11d390ae2,0.73,0.0003816,52382,109154,235,87156,0.0003816,0.0,,,live
2026-10-07T07:37:17Z,0xbe062c9b45815624350a6b2edcb3fbfd3ba37777,0xc8c41fb1a37aa36ddd02181df5a257d946803b010884c77f9b3d234d2ecb028a,0.95,0.000231,52619,61602,231,52797,0.000231,0.0,,,live
2026-10-07T07:37:17Z,0xbe53d63af7aa8ffb48364b73606091dc9a25c503,0xa1ec697f83f216726995cd02614bdd2b664affc2,0.94,1.509e-05,7496,0,1,7496,1.509e-05,0.0,,,live
2026-10-07T07:37:17Z,0xbe8ef202a916acd2e4adc8904425e2fd30e304f0,0xf5346cc4f03aadb7d14cfdcdcc9525872f4b3073,0.1,1.504e-05,7517,0,1,7517,1.504e-05,0.0,,,live
2026-10-07T07:37:17Z,0xbe91e0b6e6c778af47610717771138dfd2d05b11,0x3dfa584f57f96ca534f1d8a05f3ea33254cfc6af39cb0de85cc0e2598f213b79,0.64,6.207e-06,11354,480,5,6208,6.207e-06,0.0,,,live
2026-10-07T07:37:17Z,0xbea0919850f660ec2698da481c57587a7b748308,0x477d50b2da05e5ae1fbf405c1658a90ab63108f5fc4509719f5274fff339779e,0.15,2.61e-05,26110,2,3,26110,2.61e-05,0.0,,,live
2026-10-07T07:37:17Z,0xbea7066f56c49b66fa906b526adf502585978bc3,0x8445a69735d92420ab2e7479d9a1c913808aff5c3af14bde22395dbd701aadce,0.25,0.0002508,42237,66491,193,57295,0.0002508,0.0,,,live
2026-10-07T07:37:17Z,0xbeab526f2decbb4292f8ccc744e471879bc83e6c,0x96fa91c26894bd938988bca99a73b132e7e70138d170373aed168b16fac11f7e,0.11,0.0003058,45969,106011,232,69845,0.0003058,0.0,,,live
2026-10-07T07:37:17Z,0xbeef918a85c17f78cbc53ca5c2067d0a05891a6c,0x78fa40ed2fd9764dcb18bf220b3ba99660876a74d2b974b31321811c5d8719ff,0.25,0.0001931,37079,45873,167,44109,0.0001931,0.0,,,live
2026-10-07T07:37:17Z,0xbf0686266e60a81a71745a8aaea7241a33d69fa1,0xeb2adb5e8165a19cda9739f454bd85ce5c37920d5763c9e50c404f56c9bcd34e,0.6,2.823e-05,28220,635,9,28235,2.823e-05,0.0,,,live
2026-10-07T07:37:17Z,0xbf266285882e7a38613d8e923db126221c8c8312,0x96dba01c23c7b358c90b169a55669a25a5dab020144bbe4b7fc76ea0e08e663b,0.41,2.093e-05,31412,16510,203,20932,2.093e-05,0.0,,,live
2026-10-07T07:37:17Z,0xbf29b26fe1d381a191e4395aebc61fd1d6fa906f,0x5ab9182af5ad097c8e9168961d196fbd22ed73b2,0.49,1.521e-05,7582,0,1,7582,1.521e-05,0.0,,,live
2026-10-07T07:37:17Z,0xbf4b8b5669b3fd4e49617514da4dc98f6cce7777,0x1b7d0af5b3197a73793bd816b1f846c171e00eacfabe7ff654900582f45f8587,0.8,0.0002246,51824,60656,233,51319,0.0002246,0.0,,,live
2026-10-07T07:37:17Z,0xbf7da3e9151279769de7689870c1d7ce8e16b460,0xf51001eafc20ac4ce6c88b38471f2198228aaa2e,0.89,1.504e-05,7472,0,1,7472,1.504e-05,0.0,,,live
2026-10-07T07:37:17Z,0xbfdac6235dbe77c0cd6edb01c810c7da858c6c41,0x93d8dbc572068e01ebf1128d5de3e4703792a2b51be7e6ac101458900709440b,0.44,0.000169,38943,320492,995,165879,0.0002282,25.9,,,live
2026-10-07T07:37:17Z,0xc04a07958ab5ccd820986070f1d60ab7501ad171,0x57afb4c290ae9b7b8533e5187cfcbf19485825c63a075cd5cd611ae16ad38f68,0.8,1.102e-07,11022,3432198,6368,11022,2.097e-06,94.7,,,live
2026-10-07T07:37:17Z,0xc0b28b4aa19b138eb24641e31aa69ea09998da03,0x63a9dedc58baf36374d882c45db9b55a13085ee669a1adbd8ceacbfd8aacb8ae,0.73,2.537e-05,25378,2,3,25378,2.537e-05,0.0,,,live
2026-10-07T07:37:17Z,0xc0c3dd5ac82bfaed88f04e3bf7d9f4dff3225706,0x036a049941363d5e1c48d6c50ec63b6c6ce4da18571edf6a9196b734826f5e46,0.94,0.0001192,80073,327464,907,119272,0.0001192,0.0,,,live
2026-10-07T07:37:17Z,0xc0d8fe9e2c85d0cc582835812607a002852944b4,0x02b9aa2fae491bfc632242f6e8d654b841c14cb5,0.88,1.506e-05,7481,0,1,7481,1.506e-05,0.0,,,live
2026-10-07T07:37:17Z,0xc124dd04dc7c836a7b83ea1bb7902010b28051ee,0x463f8abe901e2f11a3b5c4069f3645e36d0e8add6ff9d178bf8714f7ea8103e4,0.1,0.0003046,45917,101487,238,69584,0.0003046,0.0,,,live
2026-10-07T07:37:17Z,0xc135abcf5b28076db2c29d324894cdb7db542c7c,0xc2883c7c32b89c9090f421b7782e8affd1b9c33b,0.3,2.386e-09,0,21931,39,2,0.0003977,100.0,,,dead
2026-10-07T07:37:17Z,0xc15b2dbc493a5d074239c0d1133b2bd211488133,0x9756b016829af8dd2ebf41d909aebe10b5e842d0885b9110874dc68ce01ae16e,0.95,0.000259,43144,85282,237,59157,0.000259,0.0,,,live
2026-10-07T07:37:17Z,0xc1743a9eaa1e6f52962da566e542b24e561e1111,0xfdde1e50287e403bb11b9b6b05c4a196a82769df253e3de467725cceaad24889,0.3,1.304e-05,13043,2,18,13043,1.347e-05,3.2,,,live
2026-10-07T07:37:17Z,0xc26221f0c7aefbc0a0f0dc55e6d0e0b6c42b7777,0x8456c1eb8b4c68d147e1d530c6d13f9cd1ee86638237db59fe0c69a3bd95f2f9,0.33,0.0002393,53399,62817,236,54685,0.0002393,0.0,,,live
2026-10-07T07:37:17Z,0xc26f517325ff609de3da0cc33438028c5eb70711,0x457b7833a7ff770f2e0a542c907062cb1dc00f0dffd562e5be7934cd1e641c09,0.42,1.047e-05,10474,13,3,10474,1.047e-05,0.0,,,live
2026-10-07T07:37:17Z,0xc33098d32dbaf38ccdd55d15cf8743640cc8b51f,0x88625ad2473c72b1f345888fde902602c1060e5c0c7c2945a25e2c706bf8af2e,0.81,2.0028,20028,2,1,20028,2.0028,0.0,,,live
2026-10-07T07:37:17Z,0xc38c332012a9116dcade0c7f43b5d3c71799a9f8,0xb4b0dfeaa2e2a838f0f7a304f005ebe32390d4ef,1.34,0.01767,431632,18691216,60599,17674701,0.02089,15.4,,,live
2026-10-07T07:37:17Z,0xc38f6832822b3b07ce89c248d833539d0deea918,0xa38abe5242f3ff0c5e8d86c5399b21784a583c8b46abe58464a05c5499b15a23,0.21,2.618e-05,26183,3,3,26183,2.618e-05,0.0,,,live
2026-10-07T07:37:17Z,0xc3c647888708194f5889acd5064dc805290f80e8,0x28122e385014dabc279d36b149f2e2174de8e072,0.39,1.523e-05,7592,0,1,7592,1.523e-05,0.0,,,live
2026-10-07T07:37:17Z,0xc42f9cf36cc02f6491ead279cf240fb0d7a32cdd,0xfccc5b87d91b55f114851473f7559a0a82ba498e,0.94,1.509e-05,7496,0,1,7496,1.509e-05,0.0,,,live
2026-10-07T07:37:17Z,0xc44d5449d2dd28e967d84c690ec7c6fe06bea777,0x75b0e57452d3e0651fdd25a0680de3f70e91961f58e03f761b442e7df9d3873b,0.99,1.126e-05,17216,8960,43,11248,1.126e-05,0.0,,,live
2026-10-07T07:37:17Z,0xc450dad84d0ddf39162f39ec43ff31604a767c85,0xf9df26ed62fab653abd3d980855514ae5765aec018e2060beba86a3ba299bcd2,1.0,0.0001187,29172,33334,126,27120,0.0001187,0.0,,,live
2026-10-07T07:37:17Z,0xc45b4b03f9101fa828ce7cf384b0133099bdc34f,0xfd7c5f0ff7bce5e3f89f3858fa1fad9a8f78aa0ed2ba3cc3159e1c4457ec2473,0.51,3.245e-06,27866,16594,105,32458,3.245e-06,0.0,,,live
2026-10-07T07:37:17Z,0xc5083fef47efebd6bd6aac5969b2faa4ea61c026,0x5b276bcf416cfb17c6021127083330c9b02c41d3d76057fba2ac191cf7aec809,0.87,1.794e-05,13951,12848,141,17947,1.794e-05,0.0,,,live
2026-10-07T07:37:17Z,0xc527e864f165ec931f2223968605f37b77681272,0x7e280f510ab4bb74d00bd71356314d15af20330e,0.19,0.006618,5956279,17,27,6618087,0.006618,0.0,,,live
2026-10-07T07:37:17Z,0xc60beb77c5fbaa40b14e7aaf90d5c4b34e8ab006,0x9d7863a45cf66868249d482a63f9501293bea6c5ed2e2ea9bddab4f5567dfb72,0.3,0.005154,1552384,215,7,5154262,0.005154,0.0,,,live
2026-10-07T07:37:17Z,0xc666c2a3354ad9a91225a5a17d74f57832d004cf,0x02281d6997e76e78c4897ec2742f5475ffd8f1930eef6e577c47ffd84b8cc70a,0.65,0.0002862,45281,111924,241,65387,0.0002862,0.0,,,live
2026-10-07T07:37:17Z,0xc6c0dca720e83b5ca1cf77941e475108da8fd7a2,0x8c8a8a6b65b892a254095558a2386cf48344088c922fe49b328d0ff97fb1aa8e,0.86,0.0003632,51076,101371,230,82959,0.0003632,0.0,,,live
2026-10-07T07:37:17Z,0xc708284dcccad5360e93216947f6eb296291f13c,0x86303aff9563213a7c5f877bbe15eacde98d7c50,0.05,3.186e-06,17,1655030,2957,3186,0.0004495,99.3,,,dead
2026-10-07T07:37:17Z,0xc74e91f84fbdb6633c8d608d79834fa55e127e92,0x2cfbb031cd94ca5645bfda966807e157e5a24388e82817b458772d5bfa476d1e,0.92,0.0003096,47053,108877,235,70713,0.0003096,0.0,,,live
2026-10-07T07:37:17Z,0xc760890795e673d5d20a1c31fdc9aea705284dd2,0x32ebe6ba6e7250994d9200daf1777a1084600a7fee48e9f9442f706c75b66a12,0.95,3.805e-05,21635,25893,152,38058,3.805e-05,0.0,,,live
2026-10-07T07:37:17Z,0xc77ab38fa4622c016ff9453d502a544286f57189,0x0b7de377963a402994e483a49fa24e54ee26777986f05487e5a36633d0be58ec,0.15,5.393e-06,5393,0,1,5393,5.393e-06,0.0,,,live
2026-10-07T07:37:17Z,0xc77c8fa9e6a9954348f2ffe115d2cf566ee5358d,0x3d6385fa39a601e509795f596a01b47a47e93e89330675c792c2a936be164535,0.87,0.0001813,173903,440079,2584,181362,0.0001813,0.0,,,live
2026-10-07T07:37:17Z,0xc79b7c9e31e2d640b1047452a4eca78cfe48f5d4,0xd3404b70483b51d78b8ff377c570c3c002f1f31b5d9d4a75326cc289f1956542,0.59,2.695e-05,26954,2,4,26954,2.695e-05,0.0,,,live
2026-10-07T07:37:17Z,0xc7f18b30400c186276cdc5e8d439c7a60844f197,0x5872a36a4fa8d905917dce3286d86bc4335a72baf33cfa3b08d8e05b82929d7c,0.63,1.198e-05,11878,6945,68,11970,1.245e-05,3.8,,,live
2026-10-07T07:37:17Z,0xc84b1cbd7b9e0b5a327718d0476c1f7d540d7777,0xfe612813c11d6b434572b1c716d522f72cb0b009e56a6591cced133b267d7e94,0.36,0.0001702,45014,30736,129,38902,0.0001702,0.0,,,live
2026-10-07T07:37:17Z,0xc88774730a2a40788654eb1b8cd16c85fbe62d37,0x5418ab957ff15608730dc8c14b8b52fda0c25f3ab4b49a48df92556e63a79af6,0.33,7.128e-05,120204,2626,14,71285,7.128e-05,0.0,,,live
2026-10-07T07:37:17Z,0xc897d19ed6b05a8b92e178b54cb190e540ed626f,0xc2104d0b02a1848637e99472ded6a12804c27c844a15c6456ca8b7c48f5b589f,0.07,0.0003778,51193,121000,226,86308,0.0003778,0.0,,,live
2026-10-07T07:37:17Z,0xc8fe0f7f6f191651d3123ec8a468782977f7ba82,0xd14354f96a06bf6c4f57a713f512c015c7454b3413d213f5adc818017951f3c0,0.9,0.0002633,43486,108124,241,60155,0.0002633,0.0,,,live
2026-10-07T07:37:17Z,0xc909b871980557b7c10702574eb256b31dd91389,0x6a621abb1d58d3f4889db7350ceecd0a14f978aac234f38c5c57ebca17829ac9,0.31,0.0001804,35881,47890,122,41215,0.0001804,0.0,,,live
2026-10-07T07:37:17Z,0xc977fabd8ff4931caa00dfb8fb3654d3dd19b315,0xdfb890b0a440da6da6629c8ab61b95763689b6fe622b6786fa04f8ebbd92f2fc,0.6,0.0002712,44001,79504,233,61955,0.0002712,0.0,,,live
2026-10-07T07:37:17Z,0xc989ed3196a6e04a1f0f04f554eeed41f125b2c1,0x24fe8dd60662c4a849b31233cd2c89da29e11e347c088a07f42c1ca68c9a4bf2,0.32,0.0003893,52728,115185,216,88920,0.0003893,0.0,,,live
2026-10-07T07:37:17Z,0xc9a2784b04dafd5bda8f8820a125d86ccc443569,0x03dca1da35b89594f2a35c8547001a198b068d16401829a0a5c5b84b5f73a6ee,0.19,0.0002636,0,274638,655,263676,0.0002636,0.0,,,dead
2026-10-07T07:37:17Z,0xca0d3b9313714cb3ec0414f5a9fb536aa9ac4cd4,0x2e92bff138bdbcfd22fd5209fb2f52bdb892ba653d34118b1521baf78d9285c0,0.19,0.0001134,61309,936972,2381,113467,0.0002325,51.2,,,live
2026-10-07T07:37:17Z,0xca17528c69a060734197dbb5c9254b758b6dcc64,0x3f9886f60b70d5debf9955ef145057a34eb0b9e21e1a37fb611ef11e3cd43733,0.21,0.0002617,42586,75384,235,59772,0.0002617,0.0,,,live
2026-10-07T07:37:17Z,0xcb0fbd781e7f2aaf055b0952210b4ac09c2660a3,0xafa0bfce2311d146832267486ae5d8e0d83aa01d,0.95,1.509e-05,7496,2,3,7496,1.509e-05,0.0,,,live
2026-10-07T07:37:17Z,0xcc56421dd9c233e491444b95ae60bfdd65ec1e18,0xbb0756d95b1ecff3c4c22d12715ee0ec7583a472d0701e593729e8ae5e749b31,0.71,1.999e-05,20001,1290,33,19999,2e-05,0.1,,,live
2026-10-07T07:37:17Z,0xcc6b1aaf3913da40e3b4bd05e48153b7089bfaa5,0x6b7808679b37c74d4016764001ea5c2d6cf91a53c53b2a8e3fba1606da25e403,0.59,5.114e-06,46963,55228,381,51150,5.114e-06,0.0,,,live
2026-10-07T07:37:17Z,0xcd6ec11bc16e60220d629a70bc6719585daf53f5,0x87adce2befb92c1b6ae68b1f4fd4ab6e9eb28cc24efab81cb6cba1c5da1c3615,0.56,1.999e-06,19291,4315,35,19996,1.999e-06,0.0,,,live
2026-10-07T07:37:17Z,0xcdae63d95d6dd4f89f6e508c77bd4388b4e5c8ab,0x4674f978aab6c373c1634a6729771d9bd6b97bbf25fdfa70d601a81a339f6974,8.68,0.0005839,72413,65472,241,583961,0.0007324,20.3,4,False,live
2026-10-07T07:37:17Z,0xcdb5356786e57a2e426c7db1376abb3de6c5fc2a,0x8ed840566aaa883593aea46ea96584fb659cd938ef1716d4b487c8a1dd5721a3,0.11,0.0002253,127350,592103,568,225369,0.0002253,0.0,,,live
2026-10-07T07:37:17Z,0xce71600241d8d40c7041cf4c949d526f16db0dc4,0x36d44d0f8360bba9bb4364d5521a94e0dbc95c18b4a891e19efa63b25fd25996,0.09,6.684e-06,6738,180753,5911,6685,9.955e-05,93.3,,,live
2026-10-07T07:37:17Z,0xce79e20915ff7e12c75e415de22fb67faaa34a62,0x997eb48b7bc0d53af6da1d99ddd8f4868cc501538872eb17d564b55e8de772a7,0.4,0.0001297,30426,28208,79,29624,0.0001297,0.0,,,live
2026-10-07T07:37:17Z,0xce8cfbd3776d8f6920757d3bb0d56a89bdf01e18,0xbf151ca525848d8f4c0a61fe30051e49359034783a1c9afa610cf69259ec2fdf,0.3,0.1052,15006200,295,11,104342610,0.1052,0.0,,,live
2026-10-07T07:37:17Z,0xcf114f00f154eadf47242c352fd4481f8a737777,0x29b564d2a88abe8cfe1f317bb9371625bd98b18c0b9849c47e5e00969062ba69,0.23,0.0002174,50059,55115,212,49677,0.0002174,0.0,,,live
2026-10-07T07:37:17Z,0xcf83e78a823950b8c373224b7614e10d0d34a2f4,0x5f567995569648c25161832193e5221168870774947e373c615f077e5d6aaed1,0.86,0.000265,43633,78683,238,60541,0.000265,0.0,,,live
2026-10-07T07:37:17Z,0xcfad394a565a2a0d413c530f33c750845a56b777,0x9728304e4835699ca6620c144f9fc1c5fc1bf485f5ca469fd605ef2017c76e6a,0.89,1.66e-05,20923,55286,187,16575,1.66e-05,0.0,,,live
2026-10-07T07:37:17Z,0xcfe1b650371c93298ea32df380f26a40915e9b76,0x3621dce31e391b4cddda7f3b2f2a4d498f5adff54587867ec924bc0d51e4d233,0.1,0.0003058,46007,86775,240,69856,0.0003058,0.0,,,live
2026-10-07T07:37:17Z,0xd060f448de7bccb6e54b0cb8d5bc871c8d339eec,0x95d01aaeb884e62fda3d1f9b0b88f570c98cc7d8738195d83e3506db73513fd2,0.29,231.97,5016793,295,11,16702643,231.97,0.0,,,live
2026-10-07T07:37:17Z,0xd0c4d8e3e13cb65153940c5dd60657c16d321f4b,0x9e617ab486d52e44c7e66190b61609346abfaaef26fac742dc359b949a881abf,0.56,0.0003557,50428,118133,243,81253,0.0003557,0.0,,,live
2026-10-07T07:37:17Z,0xd0e27e3f93672b268c6587506780b5cfbb01c721,0xd11830f9df32209f603083865efdbc04bf1ca74881ee14b73510eb979babb0ed,0.12,0.0001253,29395,30616,111,28618,0.0001253,0.0,,,live
2026-10-07T07:37:17Z,0xd13b14adca2ec197426ab7f0638a672b476f55b5,0x6fbe9a875363ee231e3852dc864bfce64da9f8d08d5f2f7e592f4f8bfd6ec2ff,0.22,0.0003504,49199,108662,241,80038,0.0003504,0.0,,,live
2026-10-07T07:37:17Z,0xd174fb948af7572577981776e39b681b088d7777,0x071ce9a66dbcb5071de24a7d951959646763400e947680ed0569dace99fb167d,0.48,0.0002194,51058,50175,219,50138,0.0002194,0.0,,,live
2026-10-07T07:37:17Z,0xd189177b252a4dd1d569ea00d35fb7ca78a5f012,0x5d150f22806aff83c5a4b1b750bc32fe4759da60336d14e69876d9513a947e84,1.07,1.11e-05,361637,9986421,7227,1110453,1.478e-05,24.9,,,live
2026-10-07T07:37:17Z,0xd1d72891212f42caa6ae75bb429b0c4355486231,0x7669c4a32233d9e4581292fc361d57ccee7d699df1b9f320c9e9385126e09e71,0.44,0.0002619,43246,78137,234,59828,0.0002619,0.0,,,live
2026-10-07T07:37:17Z,0xd245e694ce5e57f90562186e00c273cfb8503895,0xeaf85a923a1839b3f68d8f78985a541065e2788d0535a53b735c6a77650ba5e3,0.94,3.5e-06,29464,10918,75,35004,3.5e-06,0.0,,,live
2026-10-07T07:37:17Z,0xd252fbad2e5946ad4540810339a7d8a8dc12be0c,0x68efdfa0e16f8f638bca83861b94dc30d8014cf9c7fcb82720e33f0618eadf7a,0.85,2.456e-05,14855,86842,1101,24563,3.832e-05,35.9,,,live
2026-10-07T07:37:17Z,0xd293e3a70291b142fc80340e21860b2ed17f1e18,0x52dcd1ac963a820980eb021eef9c46407ef524b88f1c60c9295c60534908c69a,0.51,2.001e-05,20021,1305,12,20018,2.001e-05,0.0,,,live
2026-10-07T07:37:17Z,0xd375aab6ca597d7702d446434b7a2cbeeb9c7777,0x157cd82cc84809c55f10f9a8f93839f4dcad29f54b73918654ec1b1fae9c4641,0.91,0.0002236,51672,58251,220,51107,0.0002236,0.0,,,live
2026-10-07T07:37:17Z,0xd3cd74b5bc70adf3e5f577760a560f590a665f29,0x6bb448b6740fb8684eebf798efa30cf9124343835fcbc2a952950ceb6b1ec11d,0.4,0.0001285,8224,0,1,8224,0.0001285,0.0,,,live
2026-10-07T07:37:17Z,0xd3cfefef471cf92be63328e189ca031b701b8386,0xf938bbe2daed39b822b1c80cc1651b3a9900222281fef79dbd8988a7ecbd3084,0.33,2.436e-05,30778,20341,203,24367,2.436e-05,0.0,,,live
2026-10-07T07:37:17Z,0xd415f72b2122e3fdf27dd25c684e0eb9acfcbc98,0x9a1bf864e60f08c7ac7013feb96e5aa4007b30532857f5de67f6114add9080ed,1.35,1.231e-07,16,4,2,12320,1.086e-05,98.9,,,dead
2026-10-07T07:37:17Z,0xd437ee6919ebad423e65afe8d27ce3e913202ac5,0xa93394f880a3f482c67afca2bea202e3d4d436b1,0.94,1.509e-05,7496,0,1,7496,1.509e-05,0.0,,,live
2026-10-07T07:37:17Z,0xd44beeec16098a66889c913978f6cbbc601e1111,0x6cc762cb2b69c6cafe3cf209621d9fda8ec10e07268837785959fff593c57522,0.3,1.304e-05,13040,3,10,13040,1.348e-05,3.3,,,live
2026-10-07T07:37:17Z,0xd49288cedb89ee3c0553edde5f3140daf6b27405,0xa8c5d544a681d0d76b911b5be899925c7d6bd8f1767fe987cc304324c7c0eba4,0.59,5.138e-05,25905,27605,153,51382,5.138e-05,0.0,,,live
2026-10-07T07:37:17Z,0xd4db29e04f6a02063964e985254b64a6dbfe1e18,0xbcd8446978061ec959cbb98b2eefcb00ed3044c12b588f9b033623c67f970612,0.27,1.999e-05,20000,1,6,20000,2.009e-05,0.5,,,live
2026-10-07T07:37:17Z,0xd51345b40051d8394686db8490b2377404ed76a0,0xf60345e3af1567bf45426e1e5bc6faf0e5cc6f4d84f63f4eb589414364a59bfe,0.92,0.0003655,83045,324994,2041,365559,0.0003655,0.0,,,live
2026-10-07T07:37:17Z,0xd5a11f7ecb25419c1aec63bd80e8952868e198f8,0xe9aaea4bcdf1afa5f7303225ad7fff70fd664589e30df6f2ed3a3f149e7e9e2b,0.31,0.0003707,51429,94252,237,84676,0.0003707,0.0,,,live
2026-10-07T07:37:17Z,0xd5d04a84faa98b317ab182611922899972da3af0,0x85481ef61c15b6d26998da61dce29685d3abfc63,0.31,1.523e-05,7593,0,1,7593,1.523e-05,0.0,,,live
2026-10-07T07:37:17Z,0xd5e71d1a3c098cbb7d9b1d71574729577192896b,0xb5a95446f1833598a3c3132c56fe95c4bd53028ea67da9a4cb2a60f9bcc02395,0.94,2.103e-05,8271,12670,139,21031,2.103e-05,0.0,,,live
2026-10-07T07:37:17Z,0xd604a7d84f30e9d696e0955ed7aac84c4c7ad213,0x47f657ca0aa47594c7e90acc18b62f357cb7582983e5e609cfac69ca8f1e364a,0.8,2.169e-05,25450,19186,154,21691,2.169e-05,0.0,,,live
2026-10-07T07:37:17Z,0xd66f3959e3565b760d73999ea7bc4c97fdf3d734,0xc94f3ca7a45f19747ef491ec8e49c50283afaad6,0.95,1.507e-05,7487,0,1,7487,1.507e-05,0.0,,,live
2026-10-07T07:37:17Z,0xd70545f47d81064650f221ea02b28b20c6967777,0xfbc8133ab4d3a222ebe23698603fe2320cdc7feef1fb2532d72528dd9cf21270,0.38,0.0001245,38493,17263,77,28449,0.0001245,0.0,,,live
2026-10-07T07:37:17Z,0xd7748d4c9a52b6eb56f84d808e5161629077e687,0x2837f5f40b7f26c9a4040dd7880aa2b7fc316d50f42230ae40fb6c20c486453a,0.42,5.564e-06,5565,0,1,5565,5.564e-06,0.0,,,live
2026-10-07T07:37:17Z,0xd7a712f3b8c574c87b1b2bd1682431093c49dc1c,0x73cede53c18964172f0252bf5b65f7d41c5b55039c753fd69d0abe7373227484,0.92,2.924e-05,26186,200475,1300,29243,8.189e-05,64.3,,,live
2026-10-07T07:37:17Z,0xd80186f588c1db932cb228c9056ba63c3f56ad14,0xc8203a694df637d1b17e4075a28bdf061494374f85fdcdbd4a7efb4b703f8860,0.73,0.0001707,35037,48203,179,38993,0.0001707,0.0,,,live
2026-10-07T07:37:17Z,0xd81eb3e062f15e4af531f4299ca358c925f17777,0x88bccf898ce381ddc4b0ff9e55e7223b3117cd4edb1947fa833aadb7b5877847,0.6,0.0002029,49139,51593,216,46360,0.0002029,0.0,,,live
2026-10-07T07:37:17Z,0xd896c65d668dd99b0c2f76bf208c14ec6564b777,0x4054f07ea6e20854878020150bd6326a7606fe4340d9fa56115009733c2a40c4,0.58,1.337e-05,18721,14211,62,13352,1.337e-05,0.0,,,live
2026-10-07T07:37:17Z,0xd8e6da44ed61bad390d8cbd69df724f53693ff5c,0xe09494eff84979f694cd91dc71642bf8086ba45ed0e13410c0ffb7e5390dcc1f,0.56,0.01614,4850869,887,21,16147529,0.01614,0.0,,,live
2026-10-07T07:37:17Z,0xd92e9222cabd6ae38ae006ce94da04ca7e987777,0x5f7ea960ad902a76a6fae6bd53dda01f7b2b48d26f90d61d632a1632c28ce03f,0.16,0.0002524,53962,63044,234,57679,0.0002524,0.0,,,live
2026-10-07T07:37:17Z,0xd9863b2038f8b0aa527e3ec895c2a3a89fd274b8,0x656f33924bc80560b12ca991b95a3c0da45b292f7a089798e385ff213af74414,0.3,0.0003654,51071,111236,232,83475,0.0003654,0.0,,,live
2026-10-07T07:37:17Z,0xd9a4d422f26f2ea037c5bf2a924622a8ca249e86,0xeb07447bd0be15e38ab616c0d5ff5bff81bf34b433847b239116bb1d29c421f6,0.16,3.889e-05,644540,9871231,8309,3889829,3.889e-05,0.0,,,live
2026-10-07T07:37:17Z,0xd9b48278853130bd8798580a62319d17cad9692e,0xd4662833aea303c859c92fe778d525b3aa6543fde07f6ba2c81a5ef9536e69e2,0.81,2.516e-05,26356,20925,153,25166,2.516e-05,0.0,,,live
2026-10-07T07:37:17Z,0xd9b680ce0084ccb3675b7c2230915d2c0694312e,0xa4f097bde1e2c37d79320e251f55774d3ca6bcabf03ec833e88f8c7c653f8769,0.12,0.000243,40959,77403,213,55509,0.000243,0.0,,,live
2026-10-07T07:37:17Z,0xd9c5c09ee434bf49425aa1f9f1b8bb74efd9cac7,0xcccc89623b1a7c79072e56d40c0750b969f7b303651b6845562cf0b58430ba58,0.89,2.801e-05,27608,20274,154,28012,2.801e-05,0.0,,,live
2026-10-07T07:37:17Z,0xda2dbd8e08846d8812c145ec737ef875cbd37f46,0x8176f249fccae9adce884685756b79005292cf7937223d55c07d247c590de718,0.31,4.416e-05,17750,2970,7,10086,4.416e-05,0.0,,,live
2026-10-07T07:37:17Z,0xda62aaed621ade639521000bb1e4578571155ed4,0xd1e0d8d1bd6f0fb569ae9c448dddd8f4e7bde24a4ff880b02635fb51ac8d51d7,0.32,6.767e-06,6768,4847,5,6768,6.767e-06,0.0,,,live
2026-10-07T07:37:17Z,0xda7275a1824afc4229d6657f24cd283df279bed8,0xf66462ca1fbfcd1adfbc1886d8b1f19ed416266574d32d4c6a9d1cb2fd5bc0de,0.21,2.618e-05,26183,3,5,26183,2.618e-05,0.0,,,live
2026-10-07T07:37:17Z,0xdad004cff3d27a3a2dda5eb4bd39ae51fc1321e3,0xd65d371fc649f999154eeae0e27de82445cb17654417d16f3d86f6e56347d6bf,0.47,0.0002648,43457,81969,239,60488,0.0002648,0.0,,,live
2026-10-07T07:37:17Z,0xdb3a01b1e5d260f23a548b242ceeb27500d9a19a,0xb8b4ef5319fe6ccd68e541104f6403148c0a540cfae30b2ad41c5eb2a655cea6,0.16,2.612e-05,26121,2,3,26121,2.612e-05,0.0,,,live
2026-10-07T07:37:17Z,0xdbca8fe9b7885ea1f5b09cfc39344cd2aefe1111,0xf6190d0848693c58f5222549f68ee14f22d72ef8bf99bb51ae7d6bb3af1403e2,0.31,6.813e-06,6814,2,17,6814,6.813e-06,0.0,,,live
2026-10-07T07:37:17Z,0xdc1235e942a05c3b50a2879df69a2865d86e1e18,0xf02b4ae766157436baffc91eb829aadbfdc6b020714b4962e2dc24dc3bd6fbc9,0.78,0.0001255,81876,510496,8241,125168,0.000296,57.6,,,live
2026-10-07T07:37:17Z,0xdc3b7aa3ecbdc14c54e4418dfdde9e3d04317777,0xff545a2ee13c1409dd79d4cf505a93930cb52ad373e40700da44b4f002bc56a4,0.29,0.0002072,49675,42949,177,47355,0.0002072,0.0,,,live
2026-10-07T07:37:17Z,0xdcbb7c64dec55b48fd0226e36151bee7f6baf38b,0xe8578b778d0e6a3827bd4c4888d7da8deef6cac43c548743e32068778d6678ea,0.95,3.136e-05,28030,21540,155,31361,3.136e-05,0.0,,,live
2026-10-07T07:37:17Z,0xdd45d0a1bb6d274b53f69ce99de63d8b269192bc,0xb11ee98cbf9eff540dfffb64c1273c446b9e26f1a093a7f42b3191348cac36b3,0.49,0.0003597,50640,106668,238,82173,0.0003597,0.0,,,live
2026-10-07T07:37:17Z,0xdda300dc2d7bff6eb9f7443ad7667c1720de7777,0x792ad80acaf2d955747ad9f18129c9aeb94d6d1d04bd1d780a1411427e50dcf8,0.37,0.0002283,52129,61151,234,52172,0.0002283,0.0,,,live
2026-10-07T07:37:17Z,0xddbadab50698bffa1e02df1643309ad08bca7777,0x15495a44653b43aca35a43f72d0a274e4e7fafed3c7b81c7d2f6938edfa0f137,0.12,0.0002438,53003,57147,231,55710,0.0002438,0.0,,,live
2026-10-07T07:37:17Z,0xde819cb1cad1d510949e15f97190e2aa962e7777,0x0747bc9a8083066b77fd3c7085800e770c3c49c70986761baf90a248511c93c6,0.73,0.0001192,37768,19598,92,27244,0.0001192,0.0,,,live
2026-10-07T07:37:17Z,0xdea1f8e5e0db0f2ece3ab9f87f637f10bc271777,0x59906c40d430a461302f7c5aa5e71ccf24b468e13685bdb2a4a62527fe6230df,0.6,1.862e-05,22083,14534,66,18589,1.862e-05,0.0,,,live
2026-10-07T07:37:17Z,0xdf206d229cb4e725c3e0a0473dc7c1b2940bebb6,0xa56ead1fa4bc01acb581f983ab81b23a055f5d4a5e38ce44ff5c8c527ee4b24f,0.06,5.054e-07,5422,94,23,2808,5.054e-07,0.0,,,live
2026-10-07T07:37:17Z,0xdf8303387c3b53050133d4f98c28862751a87777,0xe40310dbdf069fa604151da259e3aa0aa91a15405d97401bbd24860766321975,0.59,0.0001845,46873,51187,205,42170,0.0001845,0.0,,,live
2026-10-07T07:37:17Z,0xdf92c095747f4671d79bb07172a6feb1bdc8fe50,0x5df7ad1909bb3bac9cf78092e4ee1bf7825a05decc3d40b39a8bee75d8f65d11,0.83,2.0044,20044,2,1,20044,2.0044,0.0,,,live
2026-10-07T07:37:17Z,0xdfa0263ad3992f1a1c12bc973d1da5ccffc1fc79,0x1059fe0f2a023e16bc75f6037364eef9e66ee08a8461dedd5ecf72a32123927b,0.2,7.468e-05,62217,32717,200,74685,7.468e-05,0.0,,,live
2026-10-07T07:37:17Z,0xdfc7e3542030419776be5c599daadd18a9b7aaac,0xda0ffead3406c7d4c033568b178f2a3aa3003ea5d614a84f2b45e5ab6918910a,0.64,1.104e-05,11043,375,10,11043,1.104e-05,0.0,,,live
2026-10-07T07:37:17Z,0xe0a9517b8d93d3ca17a2c0c86b00e92fe6aebda1,0x14c3df7a25966c6b462f4258c74af543203ff27d412364675c6a9fa42e86074e,0.85,0.0001468,99111,311628,808,146837,0.0001468,0.0,,,live
2026-10-07T07:37:17Z,0xe1243842e091f073841fc1ac9527ea7e64f168bd,0x5e16357a83d5ee8b900ae9c902dfbc829e71b5e9aee99af9215b5a9a42a93dc5,0.33,0.007944,2389559,488,9,7944483,0.007944,0.0,,,live
2026-10-07T07:37:17Z,0xe18dec6378753a8aa74c7eee39e15dd4bdc0e20b,0x718267019c1957ab9c94908ee38981d9d7f0bf9f71d4e6dff7ea30883a01ecd2,0.1,0.0003428,48698,98655,235,78308,0.0003428,0.0,,,live
2026-10-07T07:37:17Z,0xe2530539ae0655b919b7349f5119ec66012d9057,0xf511931fd6a5d4436a18acbe5f20b3ca047f79984573c4af01f983b935ad9d27,0.24,0.0001734,35080,42709,117,39616,0.0001734,0.0,,,live
2026-10-07T07:37:17Z,0xe25f436bfbbc62b92cf8c9f244e49bf3eaf27777,0x117cf1885780240e0fa953046d8cd0addaf37520bcc3189a45ebb79db72e0f44,0.28,0.0002513,54663,58140,233,57431,0.0002513,0.0,,,live
2026-10-07T07:37:17Z,0xe2d404b252ace52fa881e3c9f7fb2e5b401deeaa,0xf7545114d2ebc355a4624b9685c5c76b396399bfc656ec8de54cf408d7dd0352,0.9,8.889e-06,6041,213008,973,8890,0.0001571,94.3,,,live
2026-10-07T07:37:17Z,0xe2f842ed90765e1e87a2f0bcc76f846a023b0777,0xad645d8ce25a90c8011a6dc26441977bba6c3c4434b7b7d181ff5722db03a0be,0.92,2.778e-05,26993,48522,187,27732,2.778e-05,0.0,,,live
2026-10-07T07:37:17Z,0xe32a6c782ea61fa61a382f95b7f8f368dd207777,0xc90f7270415638cc815a0e3eb6e1cddcb1dc0f5420d62b43580a4512b8849998,0.47,0.0002023,49055,43850,176,46234,0.0002023,0.0,,,live
2026-10-07T07:37:17Z,0xe3477145951951bd048782dee30bb5499a185079,0x69b8bc9428121015016dd06a09110b32b15185c84afed09b1407e9b673b87153,0.36,0.0001751,35357,54143,185,40001,0.0001751,0.0,,,live
2026-10-07T07:37:17Z,0xe34930a3e06591081eb73ad7017ed5779dec080c,0x0c621e71df0cafd32ec43c7fd8252d3d207dee19,0.44,1.524e-05,7596,0,1,7596,1.524e-05,0.0,,,live
2026-10-07T07:37:17Z,0xe36e06ca66fb55d6568a16ffe4760178f51f4590,0xd4244cabae594943508877a9d17868f3a6cf390d8dce93ca3e4c1f69435e7737,1.51,3.906e-06,6012,95,15,3906,6.109e-05,93.6,,,live
2026-10-07T07:37:17Z,0xe3e3b42c776efeb2aab2d1ad4f8767e12123aec8,0x37491f70790ff0f8b25ae3fe003f5c4cf511c92a913e7e3c9cff9eb93d382940,0.1,0.0002131,38394,80993,238,48673,0.0002131,0.0,,,live
2026-10-07T07:37:17Z,0xe3eb6a6937c14afd15e2a18c45c415412436eb86,0x5756c3ea1f3806f5068634e60b19028a36d46a716b029cc788c0d34f8f546c71,0.12,0.0002234,111748,9798,50,223496,0.0002234,0.0,,,live
2026-10-07T07:37:17Z,0xe3f035a10b407bcd9a6842525f6c1e27d0657777,0xbd68582f0e3306143f98501d69a8115028e44b052890f9c29e12f58f202ed402,0.15,0.0002375,52324,60183,232,54282,0.0002375,0.0,,,live
2026-10-07T07:37:17Z,0xe484108dd95274678308925445e8d3f3f4dea777,0x48662325254462d70204937a3830db253ab090612f2906f2c7d42b49a7fbc5f4,0.71,2.759e-05,26960,43432,157,27545,2.759e-05,0.0,,,live
2026-10-07T07:37:17Z,0xe4e8aa009c7ece78c25af8518a40c6dfce42aba3,0xa9168f51b7d88be55c1820a8861a54776fa5e9144c0483a90b0422f6fb0080df,0.32,1.438e-07,12247,28925,647,14385,1.904e-07,24.5,,,live
2026-10-07T07:37:17Z,0xe51e7dc0732a2ce8cf12045bfcd348b18c3398d5,0x7d1de28ded06546b7ab1268d4a9d2de836a4b8dad8c7103d9a784099278362da,0.59,0.0001709,34924,46549,168,39048,0.0001709,0.0,,,live
2026-10-07T07:37:17Z,0xe56af4bfcc36ef1ec8c0239c5fdf654c0ee66777,0x105598e8863ee90514d6bece2eb6225b0a01edeb35b22f83c8712782e544691a,0.54,7.865e-06,14355,616,5,7850,7.865e-06,0.0,,,live
2026-10-07T07:37:17Z,0xe5942873054e7ffe1a1885ecb4567b565acd6e4a,0xf761e16a3921f388f03995ef58c3be7450b1c298b0a82594b630e09096598ef7,0.25,6.782e-06,6796,21263,531,6783,6.782e-06,0.0,,,live
2026-10-07T07:37:17Z,0xe59b0ff562a72881803802ea0382dde66e669b69,0x174820aa84d7c4c08bed69ad215cf37d7a121e8be24fc8f81a7fe517e146a981,0.59,8.059e-07,13182,1201,12,8060,8.059e-07,0.0,,,live
2026-10-07T07:37:17Z,0xe5b9e58850345d68ab46a4367bff10ddcf25e60e,0x09d38d96d71959d9a161313ca272d22239c5cdf1623fb1f1047a46f16a6c6e85,0.55,2.278e-05,26021,16401,148,22786,2.278e-05,0.0,,,live
2026-10-07T07:37:17Z,0xe670fea66a414b3aa3d5a1a692cf2be79fc21e18,0x72178195a7f64f768a1bb1a4f5a0edf96c9d352cb7ed5735a683c89f2d813ec3,1.89,1.993e-05,20013,352,6,19933,3.239e-05,38.5,,,live
2026-10-07T07:37:17Z,0xe67bba951bb3f342b5d23175df6600e167a77a56,0x3c4c54fa1b9148036bda49115a8e24613ed064a78c50fe6c979377748d60a503,0.63,5.457e-06,48541,55121,221,54577,5.457e-06,0.0,,,live
2026-10-07T07:37:17Z,0xe6e81dfc313722f2edd181f72bd9360b89f446fc,0xc913f088ee52a2c3111631e20da29e5dcc2cf6af83d5af400b85990955c04051,0.37,2.177e-05,28966,19007,203,21774,2.177e-05,0.0,,,live
2026-10-07T07:37:17Z,0xe6fbff598b15360d23b29cb7c85c1c074fbb0336,0x8d15d30b976bcb56ba03daef5d40649c8c3368e4ab444e85cfa4c10d65f13169,0.44,0.00034,49273,119334,239,77666,0.00034,0.0,,,live
2026-10-07T07:37:17Z,0xe79ba7c1841a86a57a488dccac2227cd7af34ba3,0x1487a7ebc5de8984a638dafbe4f4574dbce3aecc30b0b715dd45d4ffd1044ffa,0.5,1.015e-07,8634,6,10,10157,1.02e-07,0.5,,,live
2026-10-07T07:37:17Z,0xe7d0c84c86f84dc82b0efaffb2731081160d1e18,0xd6981a99e5a597adcd24a58295103d22a22fe292de06005ee4e44f46f4f48af5,0.55,1.997e-05,19977,2,6,19977,1.997e-05,0.0,,,live
2026-10-07T07:37:17Z,0xe7f404a2b56eef88af5cdd2df355af504f356bd0,0x7dd7961b06e40a70b76cc53e2aaafbb601fe3cbbb8c3e7d8616272da98fb1223,0.64,3.861e-06,5857,3314,65,3861,3.861e-06,0.0,,,live
2026-10-07T07:37:17Z,0xe88ab05885086252a7b43adf5642ddc1388a3ed2,0xc4ed9e791f6ed7cb3667b79296b209c36c56dab3,0.71,2.436e-05,20713,4,3,24368,2.436e-05,0.0,,,live
2026-10-07T07:37:17Z,0xe95a2f142761470203595fca1a5bbf7dde584cf3,0x860e61f4a42c65e2fb9afa0f79d13217c9ff67501f8a08288f1f558cd2bbc600,0.85,0.0003505,50199,109252,237,80061,0.0003505,0.0,,,live
2026-10-07T07:37:17Z,0xe96bbeec5ce1075318bf5e6a08cf1e0ceb491aa3,0x3b322852a86c60329eac7e2e3031a2808493ebba08da61646560a0b95c745276,0.83,4.989e-06,4990,5,3,4990,5.01e-06,0.4,,,live
2026-10-07T07:37:17Z,0xe9ac0071344a02b5a1ad5feabfb569093cff8777,0x4e799f284a781f336b9fa1e0c65556e0909c61d95293e5a9f82eece13a28c860,0.91,2.057e-05,23265,43556,175,20538,2.057e-05,0.0,,,live
2026-10-07T07:37:17Z,0xe9de5ae1e14076ad48e6f74f8090beb06097351a,0x0351662a406f95ec35abb2edd592268b50e9a977,0.73,1.506e-05,7482,0,1,7482,1.506e-05,0.0,,,live
2026-10-07T07:37:17Z,0xea0ec29314ce68b946e30e7ba15156321156c78a,0x4577a1fe83c0362e3d31a367f65ff20fe4f98eb7f558bdf0d5013b1db67d25ae,0.85,7.286e-06,7284,134,1,7287,7.286e-06,0.0,,,live
2026-10-07T07:37:17Z,0xea2619e61a4d2db3c6de382b80f6deb56e19e10b,0xcca26ecef8103e901ecfbaf68d0304ccb1dc50b7ad469bddc6eba40b61b790aa,0.18,9.103e-05,25077,16654,57,20791,9.103e-05,0.0,,,live
2026-10-07T07:37:17Z,0xea4662b78814f2e754e59c102a612e5c7786ead3,0x288d993e7faf95320b4df0ef63b96f1b0fe7434e06f1793a5f78aaa264bf8d5a,0.49,0.0003267,48242,102713,234,74639,0.0003267,0.0,,,live
2026-10-07T07:37:17Z,0xea986d56e3542a05d1c19a911abdbdf9f1072131,0x15f2a523a749d62a697c51375ad010b9dde267b81029831ea649ecd00e6d6e54,0.48,8.896e-06,13133,1720,12,8897,8.896e-06,0.0,,,live
2026-10-07T07:37:17Z,0xeaf85e0a67731be09bba301c39bc6f93ce66d409,0x2f3d7fec67dea9a10474413ae6ffc8befeb9212a0b66ff8632a0c735daecc163,0.73,2.386e-05,8810,12985,123,23868,2.386e-05,0.0,,,live
2026-10-07T07:37:17Z,0xeb049653e2e5b4ec839492f0e977473534580b1d,0xf822a50c4e5ad76daaa44124bbf0ef0c836c5c6a6e62a4327ab176dd21c0bf94,0.51,5.017e-06,5017,0,2,5017,5.017e-06,0.0,,,live
2026-10-07T07:37:17Z,0xeb135bc0b32f0ff78efe33ef45870a2fe5cd8b6d,0x4f4b2c6b1f20f7bd61731a4a5fe8e3ec701f9a65,0.95,1.508e-05,7490,2,3,7490,1.508e-05,0.0,,,live
2026-10-07T07:37:17Z,0xeb3df95e4efba2686bb2f04781456bcf83426d06,0x9224889d3f07495d0f4627168765974588bb4f9773b77c9ba1ad70e49e13765f,0.4,0.0002732,44184,98267,205,62419,0.0002732,0.0,,,live
2026-10-07T07:37:17Z,0xeb4e61af13759d344bf6c513b6069c5b873a57ee,0xfd354859ebc88bbb5939e3745d2105460086754e228579d2c5a1309ff21ef851,0.39,0.0001167,28863,27342,102,26660,0.0001167,0.0,,,live
2026-10-07T07:37:17Z,0xeb78ab486bacc86a147e7df645f27c51afe292a0,0x8b9a91708ee736cec7a6ec9b333511583bf10540b44a62a05c67fec86e9b36e4,0.43,5.56e-06,5561,1,4,5561,5.56e-06,0.0,,,live
2026-10-07T07:37:17Z,0xebae02686cc0c7578bf7d8c3f9a2f7e14dead777,0xfa48a487212ce9aff7c4419d4d3b9f38d7340af65951da866ad066672cfbdeb4,0.71,1.554e-05,20223,23252,93,15519,1.554e-05,0.0,,,live
2026-10-07T07:37:17Z,0xebaf29bf565397fdb43018a824eabb6b38d4aec8,0x2cc56d48dc9e4ae633c8500afcc0516a1d474877,0.49,1.521e-05,7580,0,1,7580,1.521e-05,0.0,,,live
2026-10-07T07:37:17Z,0xec5ec0605f59c1a449c9f46e706cae85ad71a2f5,0x645c1d513c07fe01547cc1975702e50c5602a4e410dba12859d073f729c294e3,0.52,1.888e-05,29140,12817,153,18889,1.888e-05,0.0,,,live
2026-10-07T07:37:17Z,0xec90cdf6ee6799ac4b1108e71e4a62e2eff01e18,0x5117a84188af7f1bb07f1d0875808e0c211a7045127398bcf68ae9bb3d8ffa7c,0.8,2.02e-05,20202,19,9,20202,2.02e-05,0.0,,,live
2026-10-07T07:37:17Z,0xece00ab5f09beb79041bc08ec4c03dd86fdbb6e6,0x655beab574165975d4e7fe10bdb6608c26d447bef2fddf38f1ce48ca9146d990,0.71,2.463e-06,21533,26750,123,24631,2.634e-06,6.5,,,live
2026-10-07T07:37:17Z,0xece3a0c0cdc4534fe1b1759d51fcf9929e57bd7e,0xd416bfe00c929ddf55d3653d470daa188b4def90e4b70e8dc0e8f4cb56335308,0.32,0.0001116,151281,93819,615,111693,0.0001116,0.0,,,live
2026-10-07T07:37:17Z,0xed69b54b163eb6cb8e4c634275d7b99f95c4b7c1,0x39b662c9d25e387c7a33b989b99005fb95c1ac6cd8088befae14639ea38e942b,0.16,2.613e-05,26133,2,3,26133,2.613e-05,0.0,,,live
2026-10-07T07:37:17Z,0xedb6b2a5cb28696fd573cf484f3e9ca3a34787bf,0x4eabddbf53f1c690731b2429f10967cbd11a8c177374b184ddb455964305d7b2,1.0,6.6e-06,6600,1906215,5555,6601,0.0001166,94.3,,,live
2026-10-07T07:37:17Z,0xee049979960d5e42b389b941ec45790ca7b6e1f7,0x92a4f531f82e1440d6e349bbc2ed42ba389e013f,2.78,7.487e-05,25383,15862,240,74880,0.03389,99.8,2,False,live
2026-10-07T07:37:17Z,0xee993fd9107c1b12d562b5655d09c2ec03c17777,0x299293078408e17f7dd683274d8755a9d8cf8856efa8a91cb972ccb878fd9426,0.26,8.822e-05,32361,6234,34,20157,8.822e-05,0.0,,,live
2026-10-07T07:37:17Z,0xeed7a016a8cdc86446db125e3ba7eb73757c3855,0x862f3bb41c8c622f2bc550d2b91f6e58ea35db386b1f581c98ec5e17335dbc68,0.36,0.0002736,44203,104489,233,62495,0.0002736,0.0,,,live
2026-10-07T07:37:17Z,0xeefb19bff2954b6237f12821be810533d380dc86,0x71e2b0187ad7b7bfcd9c3cc3ef408e509d7a31186fb5eeadfaffa7d7b763a9d2,0.86,2.718e-05,27188,1685590,3357,27188,0.0003488,92.2,,,live
2026-10-07T07:37:17Z,0xef78156375c9e0734cd532908ddeefd0951d7b14,0xead8dc7afa7e5c477f51257e91add67c4b29cde9,0.95,1.508e-05,7490,0,1,7490,1.508e-05,0.0,,,live
2026-10-07T07:37:17Z,0xefd4c93fe872a1deb2dfd4dfd67b4ee62f22bae3,0xece299bf114a84bdaa1ea2c26bc9578549fe19bfe43caed9f43944a657a3dd02,0.2,3.25e-05,32162,3682,21,32505,3.25e-05,0.0,,,live
2026-10-07T07:37:17Z,0xefef20c66a38b53b4c6e68e7b4291266e211931c,0xa366212c195d5e75559dc571def8752d8538ab54814024c43559298deb346694,0.68,1.153e-05,11481,1027,6,11532,1.153e-05,0.0,,,live
2026-10-07T07:37:17Z,0xeff32ea13680c316dd1cfda9df5e4e48c208e99d,0x4443725ca047831644c6d0ea1d3ef355804f44e4a914c4275b5214ca47d30807,0.42,5.33e-06,47959,71136,255,53309,5.967e-06,10.7,,,live
2026-10-07T07:37:17Z,0xeff3a90391c778d04297778e39650cca0c35243c,0x9aa1439c8ec448cc634988edfdb535cfe7de1406beeef940c187e4e933482b78,0.95,0.0003544,50469,95153,212,80952,0.0003544,0.0,,,live
2026-10-07T07:37:17Z,0xf05a3b054c5c507c39e6500a440c635e4c81486d,0xc57be081415015a0e13e7fc73487e44b6e6273c050979407b7b034d4f15d3b87,0.73,7.919e-06,13104,1133,15,7920,7.919e-06,0.0,,,live
2026-10-07T07:37:17Z,0xf10f0a0c79d977471c8ed21eb806ec24b3532415,0x9a3dd2793f1022f082fb32ade4b40c96db01d3cf3096958a13537e601d4c4325,0.51,0.0002696,43766,80678,242,61585,0.0002696,0.0,,,live
2026-10-07T07:37:17Z,0xf13f2d9f443dc218582f7e8762a2f9afb5a61e18,0x7f830e84df1efb6acbf6ed3974dcbd95a02c60c0d9b917c936bcd309f01e5b33,0.6,2.02e-05,20207,7548,90,20205,2.441e-05,17.2,,,live
2026-10-07T07:37:17Z,0xf16a3a86c61255eec306db0a36d67a45e7b86b8d,0xcbbaf16c0d803888ee48fbb449def6f57162fcb569e2514ab7befb6e6787e9d3,1.28,4.505e-05,6,0,3,1108,0.0001212,62.8,,,dead
2026-10-07T07:37:17Z,0xf1d958a5edd31308f02edd46cd9b6cc5e48fe8a4,0x3fa819218e5424d35b90ae6c4efd7fbd6cf8082b8d902f49996f893ca14ba919,1.46,0.3623,58712513,7906,33,362353124,0.3671,1.3,,,live
2026-10-07T07:37:17Z,0xf1db6171c2c9327dacfcd21234ffd1aeb3320348,0x74b7aa9130219a286fda4696c4db2fc51e861105b9009ec2db67ab956bd8e9e0,0.07,0.0002413,40908,78705,229,55112,0.0002413,0.0,,,live
2026-10-07T07:37:17Z,0xf21b6d9b337abfb40f91bbbb0b1c73ccc6cb45ea,0xddefc8467c9b77e3f2c1525e0cb0f453e4408fc0,0.26,0.001203,110153,4118434,9922,1203376,0.001203,0.0,,,live
2026-10-07T07:37:17Z,0xf23301ef7ac4a7bcbecec6a94ff8060787692226,0x6642db2a009f7df12d6dc42b0c646e6de9f761b2,0.43,1.522e-05,7588,0,1,7588,1.522e-05,0.0,,,live
2026-10-07T07:37:17Z,0xf294b0cfdec537300e8844db5a907b51584d7777,0xb3ae73b5e6d92842dafd564c549ed9b73697e0bbb1f6bd9a8eb6c32b6c9758c4,0.39,0.0002278,52074,67757,233,52064,0.0002278,0.0,,,live
2026-10-07T07:37:17Z,0xf29f1fb53363599ebcd83984b9fc25ef491ea31a,0x360132c87f5db02cdb30f560f794c46a6e769ee3867489ee2720bc8e97cce411,0.14,3.074e-05,30559,2224,8,30748,3.074e-05,0.0,,,live
2026-10-07T07:37:17Z,0xf2aeb007aa4d0dcd4e81177eaac70a45c76fdb51,0x66b0543f2cde4299bd8fd0d535e23f4131d017f70f555f4b53b6001a8048d8c7,0.13,0.0002763,137740,425444,899,276333,0.0002763,0.0,,,live
2026-10-07T07:37:17Z,0xf39159216026082b6f5975210465f2b27cd7433a,0x2e121f5f912261779d1bd911794c8118cbb96d57a27b88883b50de4b41c8259a,0.65,1.327e-07,13132,4393357,13710,13274,4.216e-06,96.9,,,live
2026-10-07T07:37:17Z,0xf3b81ca0db47c62f357536bf706fb9623909e77b,0xafe979a3a4bb81a0a22951af4d026b53a90f253db85f2f00b7ea5a45d9240a42,0.27,0.00133,115710,475021,962,133068,0.00133,0.0,,,live
2026-10-07T07:37:17Z,0xf3c1f79ca84ab6615a4dcc8862bb3dcdbc1826f3,0x3807b17846564830776e15c626210debe71339cce73b5005cff4b0e99427f3f3,0.08,8.575e-05,68577,47811,111,85754,8.575e-05,0.0,,,live
2026-10-07T07:37:17Z,0xf415bcb8a985e198091496fe58920b82d3877777,0x544cdc91a5001d28cd64bc600eb80c3ed13cb7310b98268ca2465dc888dc3d4d,0.92,0.000115,37046,17250,83,26276,0.000115,0.0,,,live
2026-10-07T07:37:17Z,0xf42da61932687ccb0677e70a32de61359b5ac9a5,0x9035bdd3e48026c43353c1152540fe032b301bfc02720ac4a7230ac40a0f93b2,0.24,6.595e-06,6608,19791,256,6595,6.595e-06,0.0,,,live
2026-10-07T07:37:17Z,0xf490ba0aaaef2ecc493a594b0ba609d4ad0fc09e,0x1380f2e377331e471e4beea1e2f9286366c08e985a0afd2dedb780c06172f833,0.84,2.0032,20032,2,1,20032,2.0032,0.0,,,live
2026-10-07T07:37:17Z,0xf4bc719d998fc88d98c314a6a300bc01f130741d,0x5850b5c3912c7b20c435cf407ebd591f0f2f83d8d1cf07cb109de2fdc8d9cca8,0.24,0.0002867,44461,91966,208,65482,0.0002867,0.0,,,live
2026-10-07T07:37:17Z,0xf640977bda22729b56383b7a466e22d0a8d6f781,0x93907665bf4aa1d0289b6a52061e4a3d46bc0b03bb67555c878494ff78b7bb6d,0.56,2.238e-05,23732,19818,153,22382,2.238e-05,0.0,,,live
2026-10-07T07:37:17Z,0xf6971fdc78ec989ce1ec98041316dca05458f869,0x23f3fd913605b2bd89bce049611cf3266afb77f1d8fe05624fa20553fe51828c,0.81,0.0001552,102703,148826,368,155281,0.0001552,0.0,,,live
2026-10-07T07:37:17Z,0xf697c9d80b02554367413c37162fbf2bad28bfd2,0x2cd484633755bdba227d361a8b359c15aecb25afed100fdfcf1f7e4dec26f907,0.32,6.712e-06,5587,19468,251,6713,6.712e-06,0.0,,,live
2026-10-07T07:37:17Z,0xf6d787d0a305ec224f2312f9633cf8c58a707777,0x89d7e14980ee04fbe08e0fe04b7e641d2367374e275638bec1668407dac2409b,0.41,0.0002486,54401,61280,231,56820,0.0002486,0.0,,,live
2026-10-07T07:37:17Z,0xf8cf5a5401da690682abacf179576422498e7777,0x49cdb63451e910b4b30c4e1687921b7d98c1b78682d01b90b6eab9d4806264ff,0.15,0.0002099,49185,50902,198,47969,0.0002099,0.0,,,live
2026-10-07T07:37:17Z,0xf8e0135abd31f5416458a6dbcbf5555af6547ac2,0x77109a6ed1bcf7023766faa340db371553e5b7a7,0.06,7.701e-13,0,36995,29,,2.73e-05,100.0,,,dead
2026-10-07T07:37:17Z,0xf8f1429c01aae0b35bb704c516643d0725b47b1d,0x2a8bfbbb2830569bb25e4b17b5eedf5bd7a73355a536a1fe7bbf7f12075e5217,0.51,5.017e-06,5017,1,3,5017,5.017e-06,0.0,,,live
2026-10-07T07:37:17Z,0xf930ed28c6b0398dcfaf7260eb593b25fa4d8777,0xed180790094b8197d43230b372dc1caa59434a6a99c8e32c7ed3421d46ef84a9,0.86,1.574e-05,20375,27856,99,15715,1.574e-05,0.0,,,live
2026-10-07T07:37:17Z,0xf93d626d600152455dfbf144ced2e16c79392bf2,0x92d90c732511e3ea357ef280038b5bcb96e632c55bb7cf908e60cfcaf3a3ca70,0.89,0.0001809,130968,250507,585,180964,0.0001809,0.0,,,live
2026-10-07T07:37:17Z,0xf94cccc10b6f4de2732f3c0cc3ca34ab24bb3538,0x40106c1c103c9c23b6ffd6af6880d4fc53979bbec2445dd6e96f424c54e06983,0.81,0.000321,48020,112470,231,73316,0.000321,0.0,,,live
2026-10-07T07:37:17Z,0xf9bebc691dcb571ce14ce326def9c57138d7a3df,0xa0cecd5f7e8bfbd313d53673ff9849822ff1ba3739b1cec0cb3baf2cbb0f81ba,0.42,7.104e-05,44041,1167091,4405,71047,0.000234,69.6,,,live
2026-10-07T07:37:17Z,0xf9d5b3ebb7ab64c8b76483c71718ed5f3c282635,0xff89b5363e3373676ba36a6581a63266334476a8b04dee36db1999dc91bc52aa,0.19,9.921e-08,9921,4,3,9921,9.921e-08,0.0,,,live
2026-10-07T07:37:17Z,0xfa31d04462746aaa24bc7e5626403e09e4b106ec,0x432733840e61898919abd6850d94e2a708621d82fa84656cea0db33142f610a3,15.95,0.0007831,87883,650999,3137,783141,0.00357691,78.1,,,live
2026-10-07T07:37:17Z,0xfa6ed9d2e3996d11b5ac61e0e47b072ddfb71e18,0x2aa72b3287d1b538adbeb0e38635b5de4c18b32230cd31478f99376a5f8e1b7f,0.35,2.011e-05,20119,2702,57,20114,2.011e-05,0.0,,,live
2026-10-07T07:37:17Z,0xfb7582cfd5926fcc912eeba38ad8d84711064839,0xf6a8d1feaa93f87c0c55125dfa47d946d1dcde986693637a94498601c37eb0aa,0.84,2.023e-05,9845,12835,136,20240,2.023e-05,0.0,,,live
2026-10-07T07:37:17Z,0xfb8dafa4ffe71d82cc255b5fa92b6d1d945c69d3,0x35713b4ad5d352bccb86c44c1a642c4ba3fc645ac6d130ec0599292ff2fe4c81,0.72,6.888e-06,6916,43630,2545,6889,4.317e-05,84.0,,,live
2026-10-07T07:37:17Z,0xfb99cbc8a014dbd50f618a122f21ca503184e22c,0x2c7c9afccc6539e321e182073e1372a558a7743389a24e9c1091ffd88b8f466b,0.34,0.0001634,163419,6,2,163419,0.0001634,0.0,,,live
2026-10-07T07:37:17Z,0xfbdf953a583cff807f1a2cbbd119b3a4682b97e5,0x6b5c748f2ef96f836766c0284d491c085c8bec44efeb35664b5bc2847691068b,0.41,1.518e-06,15128,914,17,15184,1.518e-06,0.0,,,live
2026-10-07T07:37:17Z,0xfc8efb9796718a29c8fea901fac49c23b0f5ea48,0x23d2affb8b68d2e44cc5f9cfec0d76e92d65480e4cd093e1a440bbd0660069f4,0.48,1.965e-05,31676,10347,153,19652,1.965e-05,0.0,,,live
2026-10-07T07:37:17Z,0xfd1c28ef54856dc02f8ef7de71805ea7bf111077,0xd8d58f53445b4af5081f8396307b9febbdbd01fc86018943aecda6f58c113678,0.56,4.889e-06,5823,192570,2375,4889,3.672e-05,86.7,,,live
2026-10-07T07:37:17Z,0xfd74addc2b229b271d27a27f5cb24046e461903a,0x6ab1840fc231cb3afd95ce3c859fe317f469db2b196eef566392c44a0bb47924,0.12,0.0003156,46704,109087,240,72094,0.0003156,0.0,,,live
2026-10-07T07:37:17Z,0xfd7e7fa024479f6813c503e6080831a389133b8e,0x645d58e38ad9872626c238441c8dde31d02c5c05ae2bd8445b9b1d5f69a7f9de,0.88,6.38e-05,56079,21555,73,63805,6.38e-05,0.0,,,live
2026-10-07T07:37:17Z,0xfdfce5e9b8d02c6e037ffd5918807a240b84fed4,0xbd21866b65d4fd8efda49e0631acbc58a6bc54d8d63d5500f884e084ca00cc67,0.63,5.554e-05,50475,16943,43,55547,5.554e-05,0.0,,,live
2026-10-07T07:37:17Z,0xfe196654722338e1694e95d2006c81f4e4832777,0xd3417b8510ef36b53f2bdfa21d8e7fc7837110d27570ce476bf2bcbec4b5e4c0,0.59,1.725e-05,21254,25889,107,17222,1.725e-05,0.0,,,live
2026-10-07T07:37:17Z,0xfe53fc99d4f01fc78474a86318ea4260102caf75,0xf3e70c2295dd63cdb3b024d3107c4c0d84104b9abc7d91ca3bda8f15ab82e4a8,0.54,6.305e-07,56961,2822786,2297,63059,8.684e-06,92.7,,,live
2026-10-07T07:37:17Z,0xfe638ad053084106e6170a6f03026cbd30659a90,0x88dc5fdd35b67e81d4df323c198f15eb48fc0dce,0.39,2.612e-06,2645,839643,3395,2613,0.0004981,99.5,,,live
2026-10-07T07:37:17Z,0xfea64e56a2b4aaa69f3ba089de22fc0c89b6b5be,0x1d67cb4ece913d3ee9ce84f1c000de65b367dfe74146f95a22d1c8b5669c21f0,0.29,0.0003593,50655,84585,238,82069,0.0003593,0.0,,,live
2026-10-07T07:37:17Z,0xff3c0045812b6ab6945db84e85293e321c6d973d,0x149ba5913df2a2c186c6cd790b9995af3c823466aab7f3540ddd935f8b2cce91,0.63,6.758e-06,6758,540,5,6758,6.778e-06,0.3,,,live
2026-10-07T07:37:17Z,0xff4c3278e735fa52b1012b06748407d26e047f18,0x5560b76440e9b6660ab6ca8c7ae1941c92abffcf,2.36,2.988e-06,2982,3224,2469,2988,0.001959,99.8,3,False,live
2026-10-07T07:37:17Z,0x6c844461db2bee97c785add6070ec8e5854653a5,0x21b94cf5942d2052516039cf25a0d627784b32f8,0.0,1.142e-05,11094,13648,72,11425,1.142e-05,0.0,,,live
2026-10-07T07:37:17Z,0x8b64fbb55f77836a7d1b38bfde1b9ea3b6cfc5af,0x9521e1fb0e08e6ad933a1bcda8aaaf779c97b1d7ed6f946da954094f10a84b29,0.0,0.0001024,77426,70901,206,102435,0.0001024,0.0,,,live
2026-10-07T07:37:17Z,0xdbf7011cfd647d9f8ff3b3672310fa20d54d7777,0xbe14260289417fae236eae8547a1e37174c6427beb20d5c6abb49c35c3ede584,0.01,0.0002294,51507,62126,232,52437,0.0002294,0.0,,,live
2026-10-07T07:37:17Z,0x5bd269137dca309f3fd6a799a979dfe4086d5c69,0xa2dec232f15f8e4662cbf18357cd8e9314df62552c61fcaeeb1903fbf973e2ab,0.01,0.0003051,45998,87580,236,69699,0.0003051,0.0,,,live
2026-10-07T07:37:17Z,0x148c826517eef20ed85829ef9f8bab3d4ce2766d,0x99e5e3939df9aeca4e2585341a0fd36dd8598fc4659b19db6885b61ec4aed12a,0.01,0.0003824,51493,110507,235,87348,0.0003824,0.0,,,live
2026-10-07T07:37:17Z,0x186f7ffee3216786d2380ea691f7aae98201751b,0xb30c2351c5707882e11ddf8792535aa14284ee39d1de2f4dacbb8a24cb569f5a,0.01,4.518e-05,68818,23522,103,45186,4.518e-05,0.0,,,live
2026-10-07T07:37:17Z,0x7d311b667603e3c739bf41fcdb500a9bdac0e922,0x6f9484f759d91e1763bc7e248ec40c87ef731178fbc3845fb7064b89478c04db,0.01,0.0001456,31753,39098,145,33256,0.0001456,0.0,,,live
2026-10-07T07:37:17Z,0x918a666e88d0729310a4007e3fa86feadd068677,0x2f1b2c2da3989fff95b74bca4f3692a53e93cefcdaa9ff8206842c3ecc86a05f,0.01,6.568e-06,6568,5441,30,6568,6.568e-06,0.0,,,live
2026-10-07T07:37:17Z,0x38ff1bed8d707b2346a3f3fdafe9d9c16f0c1e18,0xea727ef83370eda0f5e69f823370bc6778271eeb5fd099638aeb4d38918f3a79,0.01,1.996e-05,19965,19,6,19965,1.996e-05,0.0,,,live
2026-10-07T07:37:17Z,0x8798d0076d20a127a977c80522bcefa4a3ad629f,0x4d2f7469c43a7d0e0dd4f6bbba8289e4624ca5f2,0.01,0.0006803,81898,577094,685,680315,0.0006803,0.0,,,live
2026-10-07T07:37:17Z,0x659140c9ca2011a8a55f748c916b607f0d5b916d,0x14c5e90ca17432de5b3d955f4018374c58c6e6c8,0.01,1.899e-05,311107,24280,21,184268,1.899e-05,0.0,,,live
2026-10-07T07:37:17Z,0xdb4c68f9641f6843776e6babece9947a7ce77777,0xcc0ef82702238905984a48f1e3d49b10d37273437a7397b30b2614ffe01b2ae6,0.01,0.0002461,53310,67805,234,56244,0.0002461,0.0,,,live
2026-10-07T07:37:17Z,0x300e97993b8ca9cac96d361807ea1f73a71be7ad,0xf9cd51f515327a471ef00aea6957b0a15e1a1303aefcb61de1f397e2331c8bdd,0.01,0.0002923,44995,74689,199,66781,0.0002923,0.0,,,live
2026-10-07T07:37:17Z,0x762394d9d8eeb1f86ad9e580d7658da560f9ed13,0xdbf7a15ec7689d7a9e4b0aa43962e55c44679f85fbce15bdccda051195b98b71,0.01,0.0001295,83246,309070,883,129596,0.0001295,0.0,,,live
2026-10-07T07:37:17Z,0x4a31f6926dc4a3ca4552915b12090ad703a93943,0x2639e632dafa1b677884fe8e14e3f649c1338e401b27bdfb29ce0c50dd023225,0.01,0.0003326,47991,108439,239,75969,0.0003326,0.0,,,live
2026-10-07T07:37:17Z,0x0495bdec8762b263ca51ed11b6498fc9fd2043d6,0xabf61cd3d7c5b054afd1907ef5acefbb63f4a5c0b1b9017659eb18f11cf09643,0.01,5.196e-05,18975,5517,23,11867,5.196e-05,0.0,,,live
2026-10-07T07:37:17Z,0x385f4f8ae47651ce5f58f5265395a669f8281e18,0x46525dc119850396470f132c4a989d7192cb692139db891b5a4cdcd684c11b17,26.36,0.01621,671927,213888,1582,16215325,0.0636511,74.5,,,live
2026-10-07T07:37:17Z,0x583989209c18ee9c22c54e424a45604178896f70,0xfdfd2f58e215b790c69b8e3d86cd749f41857aef7905b21a2858b35575423a34,0.02,0.0001008,45368,161388,761,100882,0.0001008,0.0,,,live
2026-10-07T07:37:17Z,0xc4b67323fa21c9bdfacfa9438652416d9382fee1,0x9cec4994132c3f67975700ffd47633b194b460a4e911e1c39d0be83a3f14fd6d,0.02,1.003e-05,10038,1,8,10038,1.003e-05,0.0,,,live
2026-10-07T07:37:17Z,0x5e92788f798645b090823c9f538dce96bcb37777,0x7111476ce208a85c9c5f772135c9ac8438c49700fb5d8935937b9a1ad4ecfd38,0.02,0.0001353,39533,27659,123,30914,0.0001353,0.0,,,live
2026-10-07T07:37:17Z,0x5dc9ad6a0e7dcff98e1ad937dec6093444ef7c51,0xa2fea17434aa1f4affe17f19281e23904bb1421cdef87251ac39dc77221d88da,0.02,2.617e-05,26171,3,5,26171,2.617e-05,0.0,,,live
2026-10-07T07:37:17Z,0xad86b5afa0bafaf6bcfe0c816090fe2ce0da3425,0xe062c49b7bb00244eca0e2029cc673f4836abacd7b1a56516900d4fff2483cf4,0.02,6.571e-06,6572,5556,33,6572,6.571e-06,0.0,,,live
2026-10-07T07:37:17Z,0xc44b844975203370f6a3b03445dce0c329067777,0xa7b3f1a6054d9594527317a1e28cdb621e1fc1927283a8059e2bd9cdf4da67c1,0.03,0.000291,57982,62303,233,66511,0.000291,0.0,,,live
2026-10-07T07:37:17Z,0x773d67db2af5971f0f9f496dc41bb3e0d029e034,0x288fdc9b38a967d74b46d395172f2e09be9f7dba2c41dce64ee1112cd982395a,0.03,6.607e-06,6620,32803,439,6607,6.607e-06,0.0,,,live
2026-10-07T07:37:17Z,0x2dcf81fef10bbb7eaa1fc314dfe79cd70b30d61a,0x007430d964d7c72ef87f1dce7b1500ae14ca94cd5036224a71bc8d9c5c1db346,0.03,0.0003508,49299,112673,242,80137,0.0003508,0.0,,,live
2026-10-07T07:37:17Z,0xba440941f475646388f3424a5f9e5e74fe4f0726,0x11236b6ed2e9ef69f1d88b6c0990c7df192a57b6c26e625ecf31dfd90a36d53d,0.03,5.399e-05,78109,25443,109,53997,5.399e-05,0.0,,,live
2026-10-07T07:37:17Z,0x00796aaaa2d1bbc0598c8d594de10a39a989904f,0xfa56cf3069c4f3b1a7035c06c961b4b5c8692657c89aedeb406cfa02e877353f,0.03,0.0002367,40509,47919,163,54074,0.0002367,0.0,,,live
2026-10-07T07:37:17Z,0x686ef4f48a081d2a150cee8303c8e1079dd14d7f,0xcc26d0b2e1f380d10212aac555222fbf32af9e44e64bb553c85c8a6142ea5394,0.03,0.0001308,90858,165936,400,130830,0.0001308,0.0,,,live
2026-10-07T07:37:17Z,0x9cdec37293acd933aa0fb1bec77afc6821d9bd01,0xe7d68c90fa606ad422b620b5f501e754a8adfaf2421e68016bf3a83257a0215a,0.03,6.591e-06,6605,11999,42,6592,6.591e-06,0.0,,,live
2026-10-07T07:37:17Z,0xd3d398e52a838576d7a3162f9258c19ca0886924,0xff941c636d6dd893aa2c7706a534337a4c4afbe8af5347941a6647d19de5c59a,0.03,2.618e-05,26186,2,3,26186,2.618e-05,0.0,,,live
2026-10-07T07:37:17Z,0xe6edea1b0f69ad759576b0270c44bd9e5cfb7777,0xa8adb91dfba32006329500f07d93b19ad86cc4c3e081e2957d91de15b31e9ed1,0.03,0.0002047,48645,51660,187,46785,0.0002047,0.0,,,live
2026-10-07T07:37:17Z,0x8d5c72c2d8f037bb00f9ab84e40eb1eb3096c494,0x5104e5ad53bfcb30ce52a84f00163c86e4078759ebd5b676a0a6f993c114d8f7,0.03,2.717e-05,27171,481,4,27180,2.717e-05,0.0,,,live
2026-10-07T07:37:17Z,0x0633e0021c0e739cc59998bba1cc5a38431ffc95,0x7241e6b1eed9c3a1566a69b6780ac43d0f8d80bcb43fa0f00d37e93fac9734b5,0.03,6.574e-06,6575,5542,31,6575,6.574e-06,0.0,,,live
2026-10-07T07:37:17Z,0xc6ae836db065fc26b1a4eea89fbd727d15aa7301,0x17b2359cbd4a5c37987ad3f2be734c1c6815148000c53c98530235ee44938a93,0.03,0.0001502,32269,39288,127,34312,0.0001502,0.0,,,live
2026-10-07T07:37:17Z,0xa11384abdef69a787c87934bd789623393eb3f61,0x4a0af0e2be085c6c67ba5c7fc78ecdd6ad99e4d8c32123a3f12b41d8882655f8,0.03,2.715e-05,27145,468,4,27153,2.715e-05,0.0,,,live
2026-10-07T07:37:17Z,0xc37ced23d91405f0942d68e12024ea4e1dcafda3,0xa3f931446d3dae6ee0b4f5b2e63141e6dc4bd973f6e7e1254d92426d573fe874,0.03,2.631e-05,26320,56,6,26320,2.631e-05,0.0,,,live
2026-10-07T07:37:17Z,0xfddca99df55950b58bb8c1d7e6f4610f7d6b7777,0x5e1e3e4bb075ad024886c47ae5dde6e6e05bb714a947517590c59400327ade99,0.03,0.0001832,46045,38644,156,41876,0.0001832,0.0,,,live
2026-10-07T07:37:17Z,0xecf5c785842403c05467ce02cdef5107073d87fb,0x97a889b92d34011e13df3a8fb5d0f2cf3ab4fdbe9b2b8f2638e50e91bb9da3a8,0.03,0.0003457,48950,113944,235,78957,0.0003457,0.0,,,live
2026-10-07T07:37:17Z,0x08acaf3b51be14f67a637fdecc52fddafa325140,0x826653b5ccc1e4b9e9c19d2a78dd2a184613c3f07e106cec1b53bd7a63f4ca3b,0.03,0.0001427,38675,46080,287,142710,0.0001427,0.0,,,live
2026-10-07T07:37:17Z,0xbe639b4df40f8e90b32a0d3fb55142230c43c7cb,0x088d38e1ac1766b62a8267f95e6c85c204142f9aa51c56038f2280804213765f,0.04,2.621e-05,26213,281780,617,26213,2.621e-05,0.0,,,live
2026-10-07T07:37:17Z,0x2eeb6ba4b74366ec533fab3e20d7946775ca8866,0x4c3de600e6567015f867fc5f83f930099c0070762e05968d2bf2f52aae300a38,0.04,0.0002797,44058,88440,233,63891,0.0002797,0.0,,,live
2026-10-07T07:37:17Z,0x4fdf822a7156affdd0f3088932f679fb70045ae3,0xf747741f2e4556912141dda55ff7303bda16f20d26222296f14bafcdc8b44193,0.04,0.0001583,158304,1,3,158304,0.0001583,0.0,,,live
2026-10-07T07:37:17Z,0xe58e2ebbcf58863bbbd1ffa1582c1106d6905217,0xb525d633b921511be4e631badac35148e4b9f151dabfc09539526b76b93b932d,0.04,4.797e-05,18240,5444,22,10957,4.797e-05,0.0,,,live
2026-10-07T07:37:17Z,0x0327c901e28fd98f9528d7aba1bab51e28347777,0xae20591c3969dd0bcf1fd20c85b0c5495f8e3ef8148c2e2edcfe215d82cb7f96,0.04,0.0002292,51502,61282,233,52383,0.0002292,0.0,,,live
2026-10-07T07:37:17Z,0x023fc9b4594f9ef031dbac43aed4c2043c7bcdbe,0xcfe3866636b1501c1f06955ca14ea7e9e11ec71c154e334a166b98d7eeda361a,0.04,0.0003078,46215,100136,234,70301,0.0003078,0.0,,,live
2026-10-07T07:37:17Z,0xf544ab5e68473089f4ac9e1a449e6231946aef86,0x512219f537587fa50649451fd5fab615a18df4421aac4b831ee1ce7e0da82b0b,0.04,0.0001272,82270,309493,882,127232,0.0001272,0.0,,,live
2026-10-07T07:37:17Z,0x1b0b4a868ca6fc3cc970a8fdbf2fbd6396ab7a0a,0x54382cc4eeecdebe7e1b5aec71deda8ad985cf1e0fea98038809fc018e23ec39,0.05,6.57e-06,6571,5588,34,6571,6.57e-06,0.0,,,live
2026-10-07T07:37:17Z,0x95fe13a39e5aca7ea26773cb5b61ba859eb25f26,0x6678be302b79ac71fe23a98ee0ddea960bd544ee971b89b10d8a4da04eab4ab8,0.05,2.001e-05,20019,6,60,20019,2.001e-05,0.0,,,live
2026-10-07T07:37:17Z,0xbfe2d9a62409e67e41e2473bc7afe758b64d7777,0xdbfa293f5601a9ea5cdd0892e0e0770eef8b43f965e3cb829e4cf2cbdb9fa0a9,0.05,0.0002387,52505,61131,231,54561,0.0002387,0.0,,,live
2026-10-07T07:37:17Z,0x4237145102a0a7b38e040fe4b766b758f0e06e4d,0xb46d536645531e04a27492c656613661de44622ecc6a1e72473062ccd023cf7f,0.05,0.0002839,44336,83459,237,64843,0.0002839,0.0,,,live
2026-10-07T07:37:17Z,0xac5254231f1bfce67b711d2bed6f095389416382,0xdd2eeaaebb7b36c82168f533378fc047f1d0f562c582b821ebe817a1c1106f7c,0.05,0.000377,51136,132898,230,86119,0.000377,0.0,,,live
2026-10-07T07:37:17Z,0x02597d18a5b45c5c8665f3bd4981af2dd974ebab,0xadae31e96a3aada588915cd58ef42ca17cc59b23,0.05,0.0003196,41055,19243,29,319612,0.0003196,0.0,,,live
2026-10-07T07:37:17Z,0x12ef87bb7e49204a1bea8bba742cb8edc46b84ab,0xbe48f9f3dc035dc386443613ee33e852181b205ff91ba40eea84530039d281d8,0.05,0.0001027,26664,29952,89,23474,0.0001027,0.0,,,live
