run_utc,token_address,pair_address,age_days,price_usd,liquidity_usd,volume_24h_usd,txns_24h,market_cap_usd,peak_price_usd,drawdown_pct,filters_passed,pass,status
2026-10-10T03:37:14Z,0x002a07f0ad9502937ef3418e6710d6a6177a2777,0xcb1b6a00bc419fa37955a7d0973e30929038aa0d2017235796c093ec4bdc1245,0.62,2.245e-05,23342,58409,198,22416,2.245e-05,0.0,,,live
2026-10-10T03:37:14Z,0x00546e617fc566671ae8dc23555508e9da02a24e,0x6fd68e0752c4fc516d303abc4e3fcdb990e91bd29235aed4834a6d599437b5e5,0.96,3.96e-05,16160,2348,9,9046,3.96e-05,0.0,,,live
2026-10-10T03:37:14Z,0x0067df66190a1375bd6abd6964cf95a8ceaa0777,0x0e85aad079f68a7df1189920897feffbf291e63822206627600c2035bcd86f2d,0.35,1.41e-05,18446,11348,52,14073,1.41e-05,0.0,,,live
2026-10-10T03:37:14Z,0x01e451cfa4ac2e307c3e35664ad047cc87f19d62,0x2058a0dc41912b669f2ee06d120ee561c4f08cc8d81c30a15c86fba4578cdaac,0.44,0.0002469,40319,91566,235,56402,0.0002469,0.0,,,live
2026-10-10T03:37:14Z,0x021973be6656c4199ee355672a4baa3776e7e8e7,0x9a08cac2e6761708394997fab91cf799bd3905ab4cc9c5f131d75d37bee214bb,0.42,0.0001018,75715,49040,65,101821,0.0001018,0.0,,,live
2026-10-10T03:37:14Z,0x0234683ebe3d859d824d225513371693069c4bd3,0x753c18219b32557ea0852a483c3da83d2b3fa009458214ab498ffc945c5bdcde,0.42,2.68e-05,23914,33272,254,26803,2.68e-05,0.0,,,live
2026-10-10T03:37:14Z,0x024809abdec0e562f528122b074585ae6234bb73,0x911e7684b787b15d6bf59a0b23b1238ae985082a972d3531a4c07a289d3523b0,1.39,,,,,,,,,,dead
2026-10-10T03:37:14Z,0x0268c55ad3cad2e2c21894953a515fd3e64a51b2,0x2a26f738d8b823022e88cc9e6b80c430567f42cd3497db0014c1639c609535d6,0.23,6.209e-05,0,36655,180,1025,6.209e-05,0.0,,,dead
2026-10-10T03:37:14Z,0x02930c9e73284f9728d267e86ac64771a1aaa394,0xdc0fa764ceed6f26af81766d430af642ed60144c0537fe26e3ff96550bc8525a,2.28,7.79e-05,77876,164,4,77761,7.795e-05,0.1,3,False,live
2026-10-10T03:37:14Z,0x02bf615496526f134ad8965f0c822db2c36fc204,0x5c26569215648a7b4b4c4a2e71d6147f511e44c06897e76a7ee025fc3e5b1ad8,0.04,0.0001013,29409,30152,390,101360,0.0001013,0.0,,,live
2026-10-10T03:37:14Z,0x02c8d11f6a16759169340bcadce8cf8897e31248,0x1ad43a916bfe8e16980ca877d2e01cc0ea048b06c0730a452897121e9e3b9377,0.78,4.76e-06,32100,51383,377,47602,4.76e-06,0.0,,,live
2026-10-10T03:37:14Z,0x02e3468f8f97aa05705896018f9cd0746bbc95bd,0xda550e8c66fac645d30ecd3ba750e0a8c3e9ea98a91858122f788440eecebdab,1.12,6.327e-06,6352,5,4,6327,6.349e-06,0.3,,,live
2026-10-10T03:37:14Z,0x03593991b09b1daa8c647bd6add61f58e3ffeb5b,0x668eb41d891204cca9160254c0a3ebdae8b7727f1c498d878bdc78170a14b497,2.64,,,,,,,,,,dead
2026-10-10T03:37:14Z,0x03628e541a491ca0a49a4f557cd155860895d809,0xc21242393028fb3339e9c1743adc5407f03ed0472aafeccd2a78b66edd8c106f,0.8,2.524e-05,25249,118,7,25249,2.524e-05,0.0,,,live
2026-10-10T03:37:14Z,0x036a74b3f80f2235c681284c213b49b6cbbf40cf,0x3b033afb75c765258b5e0199e6ba247363642851,1.35,1.33e-05,9973,22492,93,43915,4.27e-05,68.9,,,live
2026-10-10T03:37:14Z,0x03cf4a9b1a2d85f4e5f3ff97b7f5485d3562c3e3,0x1fea5f1b5d99cfa021aab0cea25eb62ede5a492078e5b9f374b93d3f931c65e4,1.47,,,,,,,,,,dead
2026-10-10T03:37:14Z,0x03d681ed15c045b8ce3a5b49a3eee71bf6f55777,0x8a8c2b83f7a0ba7af86a87b816e1c77934809da4d63e64fffbf4c5a472bd785a,0.82,2.206e-05,23144,52508,172,22018,2.206e-05,0.0,,,live
2026-10-10T03:37:14Z,0x03d9f8717e95d491a1cad748fae435d4bc8a5778,0x65e0be750f8d562249148b5c8d2f3bd646b49bda7600bb9620ee84de909ef4dd,0.53,5.582e-06,38538,53971,238,55829,5.582e-06,0.0,,,live
2026-10-10T03:37:14Z,0x03eb6f5f1f78fef13210d43aa26ef58901b628a4,0x28296e0b3763b474e9f63313fbdfa25624c133e943dfd7bbe8ff23d2e9ee4139,0.16,6.252e-06,6252,3,2,6252,6.252e-06,0.0,,,live
2026-10-10T03:37:14Z,0x03efeb3d2c8c898c4172e5a0ced99ad2f368446d,0x88f30aaf1e604576fbb1aa5a031544a5b4a81bc8a3035d3de9a2e84c4aa8ae4d,0.17,0.000318,45753,97338,233,72647,0.000318,0.0,,,live
2026-10-10T03:37:14Z,0x041c5ff33be9681178e27031007392362f57d866,0x72edae42d59a40c186f5419949bf1259bccfc3362c5d7c3bc04cf2c5305ab86a,0.36,8.562e-06,6251,5,1,8563,8.562e-06,0.0,,,live
2026-10-10T03:37:14Z,0x043567c89e50ddb8526146e7c92e5117bc7e4777,0x6b88cb6051aac0635db15137b119c2cc88260fbc982c6eefeec361cae38f8845,1.4,,,,,,,,,,dead
2026-10-10T03:37:14Z,0x0440c232558e19d6b9e2f5b1ee7682f8f49dd485,0x0624b0e454bee43ed846e22631f6f762d16433e8852e50e8089f21cee756adec,1.26,3.259e-06,4639,4467,182,3259,7.349e-05,95.6,,,live
2026-10-10T03:37:14Z,0x04cf62c7a81bf99aee15b7ef4faeadfb26327777,0xdfd5c49c1ce18d8424b9ecc213e230564182ae866354c0e128ed8c66a31ebdac,0.44,6.879e-05,27495,5244,25,15719,6.879e-05,0.0,,,live
2026-10-10T03:37:14Z,0x050214b31ce1156a7a1431d416303c19e2f67777,0x9634428c503528b481729fcd5b13e70efe75b4318029a90e5983beb1c689972c,0.8,0.0001878,45534,48080,233,42921,0.0001878,0.0,,,live
2026-10-10T03:37:14Z,0x05a3d1cd21d0c88145e82600e62e7e496e0f222b,0xcb065fa4a74c6f28ae0fb9f6f2a0bd376726a12682220691f2906cf2a3ad7f34,0.24,2.98,99925,15069,53,1956017,2.98,0.0,,,live
2026-10-10T03:37:14Z,0x05b5ef317092902d52f7815c2b487d8cedf8d1ca,0xc21264c0837bac0d95b147c0124d4477941e9adb440db9435fda12fcdbb5395f,0.72,3.49e-05,25979,33646,254,34904,3.49e-05,0.0,,,live
2026-10-10T03:37:14Z,0x05b89ba527d8c677f143f133c9dafa122a25dcef,0x6a6b6a09a7586750e0534333b2fc2905e6553c0236d2b3fb99eded6231362a9f,0.27,0.0001992,36183,70729,223,45515,0.0001992,0.0,,,live
2026-10-10T03:37:14Z,0x05d5c0d1143303cc02975392cdb8b5f45f8f6777,0x1954f8dd82ec7738356801d7cd2dfd7f2d14f2c03014a0766dad7d9badf241de,0.75,7.907e-06,13870,2751,12,7892,7.907e-06,0.0,,,live
2026-10-10T03:37:14Z,0x066da2ee6e177e076480953379493dcfe996b649,0x953d2bcb4fe93396648eff8b443d52c9c6d99118583ed1dea6bd4dedcd4748a9,0.93,5.451e-06,5451,0,1,5451,5.451e-06,0.0,,,live
2026-10-10T03:37:14Z,0x06c61d027d0549eaff33d45f6af9b6cd4c6f0c92,0xd754423910aae41b679c89600e3dd2ef804464fd433b224065eec59d2a606025,0.2,0.000156,32060,41921,165,35646,0.000156,0.0,,,live
2026-10-10T03:37:14Z,0x06c6958b6cf4b1530c64dc3928970e798ec3a452,0x3c4842554950ecb3f6ec86c3204a7b77da0d40d0,0.42,6.734e-06,6729,416,7,6734,1.564e-05,56.9,,,live
2026-10-10T03:37:14Z,0x06f39889eb69a0325781e7ab9f053f0f89e59bf7,0x6e5cb0a943d6c3f57d7c7f9e3040a2d2b862a2274672083d5b5223817b1649fc,0.49,2.488e-05,24890,1,2,24890,2.488e-05,0.0,,,live
2026-10-10T03:37:14Z,0x0768dfd5c901fa550b33e5f4c318ad967dd0b777,0xb5dac60e2c01e1093cb83704d36127ba41e4dfb6b51c0c4ef7aef80e496dfc57,0.06,9.437e-06,15118,4324,14,9419,9.437e-06,0.0,,,live
2026-10-10T03:37:14Z,0x07ac385b1c6344ef7a56f9fd277c4ffef9612b92,0xee08d5d9739d222eafb6834bb0e984021be56545a5e24a8aecebd069ab14a796,0.7,1.011e-07,10114,4107644,9863,10115,3.499e-06,97.1,,,live
2026-10-10T03:37:14Z,0x07e788eee3fdebdaefae54619beea4b1a9ed88c6,0xdf0b47f0490809d412dfdf1c57470921fdc6da4344d27d2eafd917887e9eb82e,0.38,0.0002553,40941,84266,235,58315,0.0002553,0.0,,,live
2026-10-10T03:37:14Z,0x0830a9dd26a04e959657ab6788d45f5725590c32,0x5408ad4b4f1d5091b99953af963500a792f47bc3,21.79,0.0009901,282279,8528,181,1279335,0.00126957,22.0,,,live
2026-10-10T03:37:14Z,0x0844c20399c3d7bdc430263b4173af1d4f76e703,0x4a0f9a9101819c61df4adc4c97d0d95e37c6b77b40a7d6ae1d9e8829fc90240d,0.98,4.844e-06,32385,48807,371,48449,4.844e-06,0.0,,,live
2026-10-10T03:37:14Z,0x086cca768bfbd05043e12c4ea161adb357281e18,0xa26c13436ce3b96b113932ea4045c04f73835077cb7dab4cf9a90c7596bb19bb,1.04,2.004e-05,20047,1,3,20047,2.004e-05,0.0,,,live
2026-10-10T03:37:14Z,0x08b01d3c703ff7fac0c2d67703a3b0cca9de6777,0x764884f433dee18d902dd959c4befed954328356fc350548e847835e5bff23e6,0.2,1.088e-05,16215,7134,24,10860,1.088e-05,0.0,,,live
2026-10-10T03:37:14Z,0x08e0fb7f508a6fda0c9c692aabfd1cac59a0dba3,0x81886b00a3afd0ce23d35befff24f3cf363f7f0a6dd1a9c765c2718cf4fe115d,1.34,1.069e-07,10722,6,3,10696,1.069e-07,0.0,,,live
2026-10-10T03:37:14Z,0x08eeafa8af021fda49a65eec4e2182f6f873c811,0x4402b3006265be3408833791d8d02f4de99b608c0098eea9fcac5f2467ff5c67,0.95,0.0003443,47596,116399,232,78654,0.0003443,0.0,,,live
2026-10-10T03:37:14Z,0x095b8b79bf556aa17f3acdaab44e8652ce2080bb,0x2801853e1b9f05c203ace3d0cffd144b0f2aad080dc707c7a198ce47c1ac9cf3,0.21,0.0002112,37301,74497,234,48256,0.0002112,0.0,,,live
2026-10-10T03:37:14Z,0x0964573a3b57552a737d7c4390d29b606cdce493,0x905cf473786d15d268ba654afdd96863b97c17c44484831d52caacbcaee3b05e,0.3,0.0001819,34528,65727,233,41547,0.0001819,0.0,,,live
2026-10-10T03:37:14Z,0x097b75fbf125654416f3ff8bc4be7a503e4bafb6,0xf22aee7d367b5fdfbb62157a20a3542eddf4c1f7e13b9c849e9e6db221108321,0.61,5.038e-06,5039,8,4,5039,5.045e-06,0.1,,,live
2026-10-10T03:37:14Z,0x098a12b5e35e48e017c1f9204d961c202a53f155,0x954504550ca82c07a36423c25ce0ad3a53bf46b5e60f4fc718932a031a6f598a,1.38,,,,,,,,,,dead
2026-10-10T03:37:14Z,0x0a0245d2b5c7a490a58ddad1543e9ba1334d9e4d,0x72a4a757fdce99c683d84e0f96e53b9d81ba5c5e7c459c0e38ac4ed3467ba848,0.51,0.0001905,35420,70007,239,43513,0.0001905,0.0,,,live
2026-10-10T03:37:14Z,0x0a07af1a7b1af1beb10897f51f7669ca453871c5,0xc3b76234819bc98f4a7d621e276bc61fdb2f850abc38da34745098d9c9af6e7a,0.47,5.741e-06,41418,51618,379,57412,5.741e-06,0.0,,,live
2026-10-10T03:37:14Z,0x0a5e9ddbe4fcae0a7a90d839acdba32b86719692,0xd3d449165b659974fdb65f6d4571db5ad0282c0d7dff5a38b6e4e23d2d0b07e8,0.85,0.0002944,44134,102727,238,67257,0.0002944,0.0,,,live
2026-10-10T03:37:14Z,0x0a8b4763c71ac39101b3b8a97e62da0b81549a4f,0x13c339deb9ea2f31a6616e89aa097940667d77fa5de2de063f7bcf04b75dd8e5,28.4,0.000359,49851,52025,329,351413,0.0038084,90.6,,,live
2026-10-10T03:37:14Z,0x0aaabd4233ebf9ea1aef09697ac946d8200c7777,0xc2b90c9186041062d4fbebe04fba70e6fad03d9c80f433f5386f9dcd31c17f2c,0.71,0.0001742,43822,39796,201,39807,0.0001742,0.0,,,live
2026-10-10T03:37:14Z,0x0abb7b218afddde298090d2e5113eebf77982d86,0x69a8d61f85af1d8230962c6dad49d93cf829acff667808b479603cb0cf30d4fc,0.28,5.37e-06,34317,53306,237,53706,5.37e-06,0.0,,,live
2026-10-10T03:37:14Z,0x0aee3f19679c13162a1d566ccd477cece2ca2b6a,0x6e1c5386c13929ce27be55c7901c0732013a5478a4998d93e6b2ebce888e88a6,0.51,6.305e-06,43404,70519,256,63058,6.305e-06,0.0,,,live
2026-10-10T03:37:14Z,0x0b1bc10f841a70d2ad0affb542b1cad8b393e6eb,0x60e3c7b881a5993dfa33e182f13ccb62fda36b0c20337625e73cadb7147194ca,0.63,0.3086,237139,0,1,237139,0.3086,0.0,,,live
2026-10-10T03:37:14Z,0x0b2e28b21120e8a11fe8d4624bf4ca44bae7fefb,0x84a5ccd18659cb5e60e0bbb809dbb97b819ca39fd280b5c84518d5308a99d4b2,0.83,0.0002873,43596,75319,245,65623,0.0002873,0.0,,,live
2026-10-10T03:37:14Z,0x0b43c68bc0837e5307a3d3c32fe88ee601d1d171,0x94d42f8a1cdb9debc3f365943e627c7aa10d6226795fe4d2ef5d401df66e51d6,3.64,3.75e-06,5654,344,15,3735,4.767e-05,92.1,1,False,live
2026-10-10T03:37:14Z,0x0b57f635b6420f2283d2bd0ce159da8dff364f65,0x1e9219df6ce4523dc6be2c41ae4c92d05d17e6c6b5f348dc8f97d39372cc94d9,0.42,9.855e-05,74131,176750,412,98553,0.0001024,3.8,,,live
2026-10-10T03:37:14Z,0x0b7c6c138dc75622f4200d157b13fb93e6bd94fa,0x5291cfd042d8a771a510534ee31090bc4f4dc72724871e8f321aecfd12332a9a,7.49,0.1083,10836523,13543313,661,108360061,0.167232,35.2,6,True,live
2026-10-10T03:37:14Z,0x0bdf62368afae6ff4dc80e77dfe254d8a29b73dd,0x79988a4d12010c9d96eb23daf6c6149194fdbd426094d38558c78729cfbd7402,0.36,4.905e-06,32568,47586,375,49051,4.905e-06,0.0,,,live
2026-10-10T03:37:14Z,0x0be0fc4ba4eebe2840e8bd014ef05e0480024e3e,0x688e0e5c5b7fd2e7aaeec479b10561cecedeb658e3e9c433320d86045ec2582b,0.14,4.989e-05,73925,19629,95,49899,4.989e-05,0.0,,,live
2026-10-10T03:37:14Z,0x0bffda7a9a912c033b65568fdf2e498f4668b777,0x1b5b095efc0c3aaf1fd1997cd10fabe880a2734173cccf17257c7672a5290d90,0.97,2.333e-05,23775,45612,141,23290,2.333e-05,0.0,,,live
2026-10-10T03:37:14Z,0x0c65604fac0c89b1b300421570b3c80d922d22b6,0xb516051c5fedb88f1139feda1d18ebba7119f3f01532c410d054af30cfeac0d2,0.68,6.238e-06,6239,1,3,6239,6.238e-06,0.0,,,live
2026-10-10T03:37:14Z,0x0d11d2913b9e8fc9e0fb0941199fb613e60f8725,0xa1fc903bf8df4805509ee37ff4e8dae98c6b0e0c08fd5e0c18c483a7be6d4b27,0.32,0.000238,39505,73542,236,54373,0.000238,0.0,,,live
2026-10-10T03:37:14Z,0x0d3b66ba799e4681ba8243c0e64c27629cef6ca3,0x5e6e7d9f354d773dc88733a3a4c1eabc56e4d5a37fcd01b1df49d7ffc68e7030,1.09,0.02965,2,14,9,29656331,0.02965,0.0,,,dead
2026-10-10T03:37:14Z,0x0d5aafcc78f711b297f6d99b8684d4ba0d975d05,0x131747e9a12e2d861f4c384ee3c5f3dd1a1ed322b33135de868f753d327426a9,1.43,0.001401,8,1,2,1401849,0.001401,0.0,,,dead
2026-10-10T03:37:14Z,0x0d674bc46a76b54bce065e38ae4f53430a42f878,0xab98d46d197caa8d37519c72f98b3192138f565f8433fdb418c56d1c969d43b4,0.11,0.0002033,36591,53485,157,46452,0.0002033,0.0,,,live
2026-10-10T03:37:14Z,0x0d99a407731a700591c6fb33b69e2097a181ad4f,0x17f20885ff8bb926babdf25b0c47020ae78b7d4e736618b20382aab3d27d07a4,0.16,6.253e-06,6254,3,2,6254,6.253e-06,0.0,,,live
2026-10-10T03:37:14Z,0x0de27801f30e72a8812789d44808b17bc58ef934,0x5c3526b0a28591860b20e35e08b790744cf4b9f23800a75bda85721c99838afa,0.44,0.0002803,42968,105769,219,64020,0.0002803,0.0,,,live
2026-10-10T03:37:14Z,0x0e1ceae15a8aa7df57962ba41d9c35aaa8f87777,0xdcca7eda4e0aeb33743566aefcc36a7ff9d933c2064fda47e489da5f8287e4e1,0.99,2.699e-05,25546,56092,181,26937,2.699e-05,0.0,,,live
2026-10-10T03:37:14Z,0x0eb10c5f396bfbcc0db3532b41dc461a23f7e777,0x43955a00f68374ef25b811831d69ce2600c7237f0d35f787ecb46292ad40a6a6,1.45,,,,,,,,,,dead
2026-10-10T03:37:14Z,0x0f7c21512d58dcddf77b05fe350d96fccbd37f42,0x6c9a89dd8ff81f840f7dadbd05f8372f1ed3197a58fa67ff46e8ca78dd81993f,0.4,0.0002465,34230,212425,1266,246558,0.0004486,45.1,,,live
2026-10-10T03:37:14Z,0x0f94a628a05a86bf2df6bebf8150132b27e6c9b4,0xefd2727de02aa94b3310c46e582981d3b7f726caa5c81e7da36442e3d3658816,2.99,7.484e-06,7992,2977,77,7485,0.0002205,96.6,1,False,live
2026-10-10T03:37:14Z,0x0fe02d9f6a043b128a9a74ddfcd7859676247777,0x3ccf4ae5c1ef81288c2fdcc5153ba2cda25f3d4bea55d5406d861fb07c82a8c3,0.3,0.0002066,47545,45853,210,47211,0.0002066,0.0,,,live
2026-10-10T03:37:14Z,0x0fe4ecad42d8a68f24285da958bc2d5a688aba3b,0xf3226e2530f323fde647ac8e52b123536a43f7ba1df505cf6b625a5d4ed95efd,1.35,,,,,,,,,,dead
2026-10-10T03:37:14Z,0x100765a16f42636bd84ee1e86bc5107b84bcdba3,0x8111082d181841cbd123e82bced032b1331140332b6ce3da37f53a6b24ed736c,2.6,2.965e-06,98048,75659,1809,296514,1.07e-05,72.3,4,False,live
2026-10-10T03:37:14Z,0x103f15bc437bc4de5bd7ed83f4276d24ce9c3b3b,0x17adcdea1080d18bb1e63c016ce3570bff679c862bb38d60c773a46c5d5a7610,0.35,0.0002765,42642,104162,232,63166,0.0002765,0.0,,,live
2026-10-10T03:37:14Z,0x1087a18d054033ce7a2d7a418ef6ebb7b33feba3,0x2ad0e9d0cd16853ba4c5c7883d89959ec8a823ba0027714560a5d1b6a93afb9d,0.22,1.016e-07,10164,3,5,10164,1.016e-07,0.0,,,live
2026-10-10T03:37:14Z,0x1099e0422381c450c6b0ce24a49638dadf37e68e,0x9584ce11973d148452081506a272bf72d07bc40941fd2dbd2eb0fbde5cb8ddbe,0.44,0.000184,34804,66796,231,42027,0.000184,0.0,,,live
2026-10-10T03:37:14Z,0x109b383a42305dc48855b9b791c202002c6b391f,0xfae05f0de699abfb7541108b42be62bf10587d0732f7be1be260c28a9f235ce0,3.36,0.000575,76840,96219,606,529564,0.000575,0.0,5,False,live
2026-10-10T03:37:14Z,0x1107cd4a71b9788792ad1a2614d86e0d150c7777,0xf3676ec9b7fb8133f6da94cd2e2024ab78bd7ed248ba21cb96ff49559820b214,0.21,0.000185,45069,41768,192,42281,0.000185,0.0,,,live
2026-10-10T03:37:14Z,0x1172ddf080cc375f977dd3117050c8d494a15acc,0xb80213352935dae8615565659d02e1012175d947725412f96fbec46334a36e4d,1.39,3.443e-06,3443,8150,753,3443,1.601e-05,78.5,,,live
2026-10-10T03:37:14Z,0x117cdcbf8933c10a8186ff0ebc529041c461243c,0x23edde0e2d024e611a884a6814c4792c13099cf3a0fb1637010b623fdb8253e4,0.23,5.541e-05,77848,24036,165,1089,5.541e-05,0.0,,,live
2026-10-10T03:37:14Z,0x1181eb95e25f7012dbc43c63115648ddd437306b,0xd83dd242240d1c90b85e43c76a0fcf526481a81c2dc3c862134a806e20b8daa4,0.89,1.418e-05,14188,2,3,14188,1.418e-05,0.0,,,live
2026-10-10T03:37:14Z,0x120cf52cabde394bd68939d2c483e83900e35777,0x52f27e248f128e1a504a9bb589a4dde0d07651f47447cb003a9456208a4e7955,0.74,1.7e-05,20327,28913,113,16972,1.7e-05,0.0,,,live
2026-10-10T03:37:14Z,0x12117684a02659d47c864d82feaee6db93c57a96,0xddbcd456ec71246b8e2bbbe55f9830f8458a1de1,1.4,,,,,,,,,,dead
2026-10-10T03:37:14Z,0x1227a1e5310db52730e33a55f9e63b2ad2c3311e,0x0c47713755c20cd306e120236cda3e69b84384c3e114e668ab0cc2fbb5fa7972,1.35,,,,,,,,,,dead
2026-10-10T03:37:14Z,0x123a51f1c972e38193ceccf72eadc94528b17777,0xd52f4360c6ec1380c5b5d8913bef9f2edcfdba2d5a5b6d7552ed09f81960085c,0.95,0.0002415,51475,60315,227,55197,0.0002415,0.0,,,live
2026-10-10T03:37:14Z,0x128921d774ebc8d4387736da52811cb31d3a40d1,0x87dc36ed3fe9bc2a0d0cf4e9e5f9fcac810c68b46488d677eb769923af31ab03,1.38,,,,,,,,,,dead
2026-10-10T03:37:14Z,0x12907d2b2482c03f54cae66f3fc9938f97318d44,0xd92366a96c47803accbb45017523c3bc1fbf8918,0.07,0.0003949,60278,334816,305,394944,0.0003952,0.1,,,live
2026-10-10T03:37:14Z,0x12e227d0cc9b2020e7a4bc7f4fc08bc0dd93bf82,0xed1f9b6764670114f72688abd0cb5871f2b08b753c412c2abda2141c31284db1,0.3,0.0003139,45389,98278,239,71710,0.0003139,0.0,,,live
2026-10-10T03:37:14Z,0x12fdec639463d3f94bdfae57155c670da5846e3a,0x899c35e7f80392c6c027207e6b7e270460dd682b,0.16,1.023e-12,0,38166,30,,3.041e-05,100.0,,,dead
2026-10-10T03:37:14Z,0x13227e385d938b2e5eee3b3ccad5d56b79454777,0x4c7494b028194b4b0e32e3d1b6b23350618e2e23bd73f1937ae42d2b77bbe189,0.85,2.307e-05,23657,44828,152,23030,2.307e-05,0.0,,,live
2026-10-10T03:37:14Z,0x13372a1e9fc367ec8ac02e0d52565ba9fb9f80dd,0x33cc7e190497fbdad2d7482b76ebb6be3ab3264012d89f3a4583f62bf07e77bc,0.23,2.925e-05,56211,1239,7,29253,2.925e-05,0.0,,,live
2026-10-10T03:37:14Z,0x13c4bc32e29a23cc434ff245e3452c90c59566f3,0xa1deaf84c09e2ef4233520e1535a8a343600b835,1.47,0.001963,48842,9258,61,68723,0.001963,0.0,,,live
2026-10-10T03:37:14Z,0x13cb7cad2b504e939dfb52e0e63a7567d7988777,0xe184d7b75928f67f463218c63295175bd71667555d017ab86caa1508bed85e9a,0.94,1.8e-05,20851,26466,88,17966,1.8e-05,0.0,,,live
2026-10-10T03:37:14Z,0x14434c6223d6f1073300b7db15682e7ce2912b1d,0x4d4efd288673d6180260b361e9e7dab5bdffa27f33448d7c2128573f86840f4b,0.44,5.032e-06,5032,0,1,5032,5.032e-06,0.0,,,live
2026-10-10T03:37:14Z,0x145736aa9ca08f4fb054a72212cbc47ecb881ecc,0x88da3e1ba90bb1c75eaa2ec21dd7c8daddeae403,0.79,1.516e-05,7619,0,1,7619,1.516e-05,0.0,,,live
2026-10-10T03:37:14Z,0x145ea30c719f8a56eb01fc3dcec8aa6212e9055c,0x148044d4cb4f61a799600fc86e58d3e7445de1e068c60ca038396565eb7da7cc,0.23,2.866e-05,55961,1068,4,28661,2.866e-05,0.0,,,live
2026-10-10T03:37:14Z,0x146f9b31459c98843f33b916198f21af6e44cfa9,0xceec005b961ee3d4dcb249467c138c29ea693f5f486f763f5dd41c7aa225aac1,0.16,6.251e-06,6252,3,2,6252,6.251e-06,0.0,,,live
2026-10-10T03:37:14Z,0x147fb7ff0ed070a6c6e502ae6beffc17e4dc4d1d,0x877cd2179c0d6552e793785ec7f32e351e45b8de07b0904095569a9ed634f6b7,0.46,1.63e-05,15593,7073,94,16308,1.63e-05,0.0,,,live
2026-10-10T03:37:14Z,0x149299882990324167fadfbc876bdd4ef664cb6f,0xb72be2aaa3431578fc5a30a12ac0c7d39e2caaa85f450ccc70b2c15f1041a2e9,0.21,2.191e-05,465020,12555098,11090,2191179,2.191e-05,0.0,,,live
2026-10-10T03:37:14Z,0x1493b5f88eeb2698ebf542f1f093efb19dad53c7,0xd3591e6a698d20771130d7e00daa9f9fdbc5839656ee7e156e3591ada1cc03fc,0.15,4.363e-06,4324,27170,275,4364,9.5e-06,54.1,,,live
2026-10-10T03:37:14Z,0x14ab044a259334a39828b569a94b89b239596540,0xed2cfba9ad10863286846fc3e9e644b7c0d4c5ba2927226d505d2acf68628e52,0.96,9.105e-05,70347,182313,286,91054,9.105e-05,0.0,,,live
2026-10-10T03:37:14Z,0x14c728405c1619287adcaa72fec938ee55eb4657,0x531a606ed66e179f08b1865313b531b6b2d1f114a1f3f6b0e7dcd85888e1d571,0.44,0.0001617,101946,119033,327,161798,0.0001617,0.0,,,live
2026-10-10T03:37:14Z,0x151ded9cc7737ee543737ed0ad13eafdb59e1e18,0xd7fa3f2ee9ac809e618beedf46190c7f1e58daaddbe78ff83112013ee46e12bc,0.2,1.999e-05,19999,2455,24,19995,1.999e-05,0.0,,,live
2026-10-10T03:37:14Z,0x1550b1ebadb84c9325dda491712aa9fc0e87ad67,0xbfebd951352676af28a52882b799c680cd240562,0.05,1.018e-05,153388,1717,9,78445,1.018e-05,0.0,,,live
2026-10-10T03:37:14Z,0x155afca4423b27cbcaca4713ac67aa8997e36592,0xe7a835d69c69e6409b93675bd0e51e3f100fdb06e269a80a85140c9c864b3ed5,0.61,2.612e-05,26109,571,8,26122,2.612e-05,0.0,,,live
2026-10-10T03:37:14Z,0x155c5c77c44e79d85de03460a1f2a11beb00e777,0xf57051b331af06f8a4d7da0b5fe23b502ff0e56d645512d03a6913c409a88084,0.68,2.081e-05,22430,52426,175,20775,2.081e-05,0.0,,,live
2026-10-10T03:37:14Z,0x15d65727f69dd3922aa705dd6b14ae9e2b991a09,0x8f03dc0923d42cc703b6fc9b98f272b02af44f12d699fe66ee78a6d6b4668375,0.61,2.524e-05,25248,139,5,25248,2.524e-05,0.0,,,live
2026-10-10T03:37:14Z,0x161df5b70bf96ad9c2fdafa10538a78ba2e11576,0xb0ac5bcbb95e27eabbb00ef53b8dba534a810fd2657de544ab6435d27d4a4b0d,0.81,0.0002541,41036,83078,233,58048,0.0002541,0.0,,,live
2026-10-10T03:37:14Z,0x16313666716ba38e92e33a23cbbe5867b6e86232,0x5f8679fe957771f9234577826cad0c36fdbc4690c5851f7513d58b80cbb5ac65,0.92,0.000166,103793,1332423,1882,166069,0.0002489,33.3,,,live
2026-10-10T03:37:14Z,0x1675037993913d1de9b294aef02d84771422c95d,0xdc165eea5d55582a911643455a39702650003e79fa5aed2fa053296b05ed4154,0.59,0.0002013,36467,60860,222,45989,0.0002013,0.0,,,live
2026-10-10T03:37:14Z,0x16795ffd85b70402a8c4b75f4ffe7620359e86dc,0x79d340d930a974c16dc1d98d372985bd08ee69afb26a24126f565d9c4ec1920b,0.1,0.0002287,38828,75975,222,52241,0.0002287,0.0,,,live
2026-10-10T03:37:14Z,0x169dbe9aa431db05a3f2086fb690e8bc1e064794,0x8ea0384cc8c6b03b6fafa253056d7530e76475f6a48afabff47344eddc023fd1,2.59,0.0004144,246324,222317,1531,414472,0.0004144,0.0,6,True,live
2026-10-10T03:37:14Z,0x16a7065faa3365dc7e1d6582b895f8a8f93095b1,0x84db238a646fd29bf29adaffb27b539009ee43d9,0.17,1.513e-05,7605,0,1,7605,1.513e-05,0.0,,,live
2026-10-10T03:37:14Z,0x16fae7a844aeeab8db020367b36cb3dd3d640777,0x289e55d569a9aa9f07a45c17e784681714ca10d1382342aa2e2f4ace60e964a6,0.14,1.396e-05,18357,19080,60,13936,1.396e-05,0.0,,,live
2026-10-10T03:37:14Z,0x17071e42eb2936fd9ab968c1ef76e52097364ab8,0x9bb765c6d40cbf00ec93f18b620d3c04c360321d,0.17,2.675e-07,0,6030,67,,0.0114,100.0,,,dead
2026-10-10T03:37:14Z,0x1748cc3564aeb850601cb0fd215a83e5a52cc777,0x79beccb71feba78bbc068baebb3447a5a1fb68cc9d1121c7453ef8144b9c45b9,0.28,7.463e-06,13407,2752,13,7449,7.463e-06,0.0,,,live
2026-10-10T03:37:14Z,0x1749f792be5c2ce7fa549551a61898ea712ec777,0xbcec5aeac420c7feda040fa46d65649855c652558d7999f73c6a23a438d80a83,0.94,1.836e-05,21069,30852,118,18334,1.836e-05,0.0,,,live
2026-10-10T03:37:14Z,0x175e434a55136700398321a9463c9a0a8ff2bc1a,0x0f8244a1936e92f3a51110edb929f86ca2864e75c21b1649d95734514749f516,1.37,,,,,,,,,,dead
2026-10-10T03:37:14Z,0x176291b310d16b2cc55f462c950b540341fe9b1e,0x22e9a308f98bd188753349f9ad24d0a253566264d53d48b30543a1a905dc377a,0.12,0.000325,133033,1305834,4658,325091,0.000325,0.0,,,live
2026-10-10T03:37:14Z,0x178eb89e78b28faa9c13a33e9ee9d604e890ad63,0xe04aaefcb80b3e9e07f9629e998ca928df974779e8c7ae59a677b84094287760,0.89,4.606e-05,17431,3679,17,10521,4.606e-05,0.0,,,live
2026-10-10T03:37:14Z,0x1815593da5445e7972e1c6a648943aaa3ce9fe54,0x7d098c78454f53511a7571912f8d69bd0236f9d63fbec5e1618bc6f5353872b2,0.46,0.00032,45925,96916,228,73098,0.00032,0.0,,,live
2026-10-10T03:37:14Z,0x182ab47637cdca2168f169c88cd5ca99bf6b9c3b,0x68ebd2e3f5a5f48a664e558138dd4c6b6d4fbec7e89fcc6840ed52b56df3be4f,1.4,,,,,,,,,,dead
2026-10-10T03:37:14Z,0x1879441e62f8e2bbbc0d8ef4cb242eb49dd10f4b,0x6e4692dca1e25456ddf0ff0bbe45732a12952a72344ff04c3becf2b4c48fb081,0.61,0.0002465,40340,58343,158,56311,0.0002465,0.0,,,live
2026-10-10T03:37:14Z,0x188a0dffbb07570d78983820b65bec4a8bdafff0,0x3376329505c7287ef942a74fdb070f6ceaa265020a55d5503f8d3137ae535861,0.82,0.0002895,43774,91038,237,66140,0.0002895,0.0,,,live
2026-10-10T03:37:14Z,0x189028f210b2aa81e5d2797751b43d8a67ab3149,0x464aeef417619d015bc3bfca63ec619933ea55afc47f3866c5ad4cbd711712c1,1.35,,,,,,,,,,dead
2026-10-10T03:37:14Z,0x1898d84c200943bb21a76306e611dd23515653ab,0xf50228748fd5ac17be3c0ed0d31c035c9b6025ebd3e7d32bdccbde8afcec9c10,0.53,8.966e-05,69578,2840805,7117,89661,0.0003564,74.8,,,live
2026-10-10T03:37:14Z,0x18a6d32403dcd2fa5f6f9e39e5a42c71ec9b9f7d,0x00c962fc5f5ff62d10a156ab0f9b73e112335b765ec403ef4db3f430799dadcf,0.14,0.0002622,41563,90758,240,59894,0.0002622,0.0,,,live
2026-10-10T03:37:14Z,0x18bb820a3abe7014588d838668aacc2aafb809e7,0xafcdc446b2d6601426c8432033b4bfd1e9f3abc27eec887aa8fa0ca66d269955,0.44,5.028e-06,5029,0,2,5029,5.028e-06,0.0,,,live
2026-10-10T03:37:14Z,0x192bb3866443faf847d7e61cf81fb36e3fe3fb4f,0x0b140d20e1eb13eb480bc817dc298716062015dc4fc29b3388c179efc8280b67,0.67,0.0001205,84915,176074,636,120562,0.0001205,0.0,,,live
2026-10-10T03:37:14Z,0x192e5b5cf3105928259ecfdc2b62c6052a492a4a,0x2b540372664f15fb439de81bb17c1449dad785ae,0.34,1.425e-05,11915,3793,11,14253,1.425e-05,0.0,,,live
2026-10-10T03:37:14Z,0x1940c4ff2c3dc4bec71405f5947a5d7622a3cf5b,0x6a8627fa0df30957a5a6139928cdd11c4ca6eac9b869c0f8d11a192e00c63edf,1.05,0.003457,3319021,682,2037,3457302,0.0102,66.1,,,live
2026-10-10T03:37:14Z,0x1955d3b7ee8291dfbc8188e73409a42654913a25,0x7b1478d98e6fc5507f0871b2e13053da5e7f641a1d8a8b056b3c11589a57b84c,2.9,1212.6,17494,325,22,26893,1332.58,9.0,2,False,live
2026-10-10T03:37:14Z,0x195cabe49d53dd225be88cb5ed8565dfe18b7217,0x9c427bd1f2910f0fb23d7f549cd678b44096511a10ad7c5f61deacd5f67c6d5a,0.13,7.202e-05,50683,444451,2061,72029,8.3e-05,13.2,,,live
2026-10-10T03:37:14Z,0x19885fee35948792f8171878acf844eff5dfe2ee,0xcdc13154bfc2b84d758309158da154875784d2b27a23a4266ccbd49de44d828d,0.67,4.656e-05,17514,4721,16,10635,4.656e-05,0.0,,,live
2026-10-10T03:37:14Z,0x19dcb63c4d2f29a6f077f094a4f858fc790145e1,0x835f8dfd0065bb0538b3944f286baafd70a779d433cb76a8a27e6ad0a4517892,4.02,0.0001754,38695,130940,1641,174942,0.0007933,77.9,4,False,live
2026-10-10T03:37:14Z,0x19e1a923780731943018e9214ed904b80fde5abb,0x1c07b050f24d949ebe2b5fedef95800709301021a5e61d5ce1643ea4458c2121,0.88,3.555e-06,37698,29321,134,35552,3.555e-06,0.0,,,live
2026-10-10T03:37:14Z,0x1a4bb609cf69a11d4aabb401a9b912fd6c97f777,0xaa4b8560e44eadfd03b5c1882f9313507aa388d848e8f321eb779beab96e94a2,0.17,2.31e-05,23623,56105,183,23061,2.31e-05,0.0,,,live
2026-10-10T03:37:14Z,0x1a4e808a8ae5f83958ae04447f2d8e8b3adb20a0,0x1dc681a28a78c58f9fe4c0418d834ac97718e1a7f7ba1d0d01ea0165b25753a8,0.28,0.0002872,43435,104545,219,65609,0.0002872,0.0,,,live
2026-10-10T03:37:14Z,0x1b1a579a75ca565683c1dba4d621e7bf8a15903e,0x363b7d4f59d3abd6111acfdb9e9f98f4d0171bd52e753809b5042ede8599a958,0.18,0.0001068,64889,298534,897,106850,0.0001068,0.0,,,live
2026-10-10T03:37:14Z,0x1b5f11b4004cb4666a2ca656aa855f17037dc862,0xe0a8edac306e9b0ff2f6066492aea08210e348e60c63bf741241a9e24c488558,0.16,3.06e-05,30303,3918,29,30600,3.06e-05,0.0,,,live
2026-10-10T03:37:14Z,0x1ba52cd01107ca44cf6afb48dbaa29a5481c8777,0xe6e0889c27a8a699924b2bca648c862737092a0b2e31dff3e2bbb976c325673c,0.04,2.151e-05,22816,31509,112,21475,2.151e-05,0.0,,,live
2026-10-10T03:37:14Z,0x1bb8e56ce5f95c181e8d994cd2406004b9a7de0e,0x3f9b0aa82eb63d025d943c7d03539dd5cbb645cd521171a9f9f4716927065e1e,0.13,0.0002836,43213,83381,229,64786,0.0002836,0.0,,,live
2026-10-10T03:37:14Z,0x1bbfc3cf63a1f2c2646891715601cf3cd9e2038d,0x41f6d123c046c302c57b65542bbf2ff0294289c8f2877864d6340622c53041d9,0.96,5.311e-06,37384,53089,237,53118,5.311e-06,0.0,,,live
2026-10-10T03:37:14Z,0x1bcdff88b8fb3e20a2cd1ea78beb0ca0b63fd83b,0xe403ee9435f7ff7bea58adc2132f8e5f06428a4b9e13740831b695e11a4d52db,0.1,0.0001495,31378,37823,158,34147,0.0001495,0.0,,,live
2026-10-10T03:37:14Z,0x1c1c2ce500670766733f9b4d9edcf72d1b5e86fd,0x9aea708d6990728a99ca1b8ba1324c12a9a15624e6593332cd113f0c95b96f48,0.9,0.000167,33177,63407,231,38143,0.000167,0.0,,,live
2026-10-10T03:37:14Z,0x1c3cc09fcc1ade69b89ce7253d22630018af1281,0xb5f90199aa66d09425f0972d561b31011dd1a5761e13dcbae6f511c55a9472ac,1.37,,,,,,,,,,dead
2026-10-10T03:37:14Z,0x1c5da34c3703fabf78bb84c832bbb39bbba5ab54,0x713b538edfe69f37a30a4b9dc1c06c5fcf4be172c2f145d6080e04a5b5e679f0,1.36,,,,,,,,,,dead
2026-10-10T03:37:14Z,0x1c90df607dfa7666661b47665d8bedb4d66a3587,0xf6f9b8fb67c6c203fb3d28d2efafbb65aa41c18d45b245f1c2ed8a79ec031188,0.84,5.055e-06,5056,0,1,5056,5.055e-06,0.0,,,live
2026-10-10T03:37:14Z,0x1c9ecd3f44cd0eb73c4159870b8ba33e4fab2b25,0x5e5d06fc5ca3857cc7758c25d7f0602c464dce5a8fa3791c56bcd86328f1d14b,0.24,2.895e-05,55962,1075,4,28952,2.895e-05,0.0,,,live
2026-10-10T03:37:14Z,0x1ce51fdabdab814f437b87db486e94bd06bb7126,0x32d165f7f2961485198981c0c6e675f3f07ca63bdcc7c7eda112452ca698879a,0.59,0.0001427,118642,453497,1071,142792,0.0001427,0.0,,,live
2026-10-10T03:37:14Z,0x1d02284f28eef71bdc00d191497f0ccdbb6e81e6,0xc7c9d2af1d4af62c5d62ede468b334cdc0b50247ce180c3069d13b2c5d495443,0.14,5.026e-06,5026,332,10,5026,5.026e-06,0.0,,,live
2026-10-10T03:37:14Z,0x1d2586813cdcf17dec56b19c1c09d0ced050c799,0x9e3e0a505d006df3e48b4628954c85d28a3b911d5f76290bb4204174bd972fb7,2.92,1.243e-05,10303,6304,225,11569,0.0002272,94.5,2,False,live
2026-10-10T03:37:14Z,0x1da81ca017949efbe07972776580d04592ba9b63,0xf05301a0f49598ba66be16af7207fb365c78a4d7a3cec8ce7ae981ec0e6b5248,16.35,3.544e-05,17394,89562,1069,35327,0.00152526,97.7,,,live
2026-10-10T03:37:14Z,0x1df6b307e3f87d835e4b5f02797530f4f7860d46,0xe0bde32dcfccc0f0fad8be9348a3f836e987e9118e1467b75e590435cf651ec5,0.6,4.619e-05,71105,16977,80,46193,4.619e-05,0.0,,,live
2026-10-10T03:37:14Z,0x1e5467dc9f51394892b38f300de291e35c86bd71,0x3c010612a3326af06953206010e496844dbd450772accdc81d079863c66d26df,0.76,7.836e-05,92332,41425,283,78369,7.836e-05,0.0,,,live
2026-10-10T03:37:14Z,0x1e8624e76fa1cfcab345f5654a2ee24c9a4687bb,0x5d968fe6a828f16858c411e22d7c00ae7b146137d9274c39d0c454af0d51894e,0.39,0.0001818,109503,129131,343,181842,0.0001818,0.0,,,live
2026-10-10T03:37:14Z,0x1e972c7fe4db85b06e7f0de304f7b5b7e861380f,0xdae3270558638502329c1db2d2532019727103625080940eadc2629ea27f2b5a,0.69,5.484e-06,46724,61410,253,54840,5.484e-06,0.0,,,live
2026-10-10T03:37:14Z,0x1edff1116032d83486a68724d5948b257533abeb,0xabd3d1a7d1df20fb48e3233338c8544a3bc0454b4bae375db0d8573a8f9c1ce6,0.49,4.992e-05,45610,11412,30,49923,4.992e-05,0.0,,,live
2026-10-10T03:37:14Z,0x1ee597b613b530fb55fa38e94f8021c74abb273c,0xb91b044948963349ef0e3415590b72c504d6a1f159fa98f7e54de21bb4ad830d,0.6,5.077e-06,5077,11207,60,5067,5.089e-06,0.2,,,live
2026-10-10T03:37:14Z,0x1ef0947b85bf8fdf3aba4b44b21affe681ba68c5,0x19e1b20a5daaf7e50a40d429d831f36f3564ad7e2cb578c249b4d35f9555223f,0.09,0.0001591,32383,50673,185,36349,0.0001591,0.0,,,live
2026-10-10T03:37:14Z,0x1ef95d694cfef4ce737b495388b7fc2b58ce7c4e,0xdd9240a8f1b652a3cf6e4c8bbdc631912aa813cb61e5866cb0de75b0a946fafa,0.26,4.965e-05,47109,8954,25,49660,4.965e-05,0.0,,,live
2026-10-10T03:37:14Z,0x1f6d7cfd34d8a95749a1ae8c0a26dafdfcf07d00,0x3206f712e6e27945c89e74bdaa886e5a2dfa11109706e566f2922714c57095e1,0.99,0.0003196,45932,95133,224,73008,0.0003196,0.0,,,live
2026-10-10T03:37:14Z,0x1f7eacc2f67b07458c9406a194baaf16fc387777,0x6cf571af9dcb5985a52da52b2dce91665f7fe095c1aba1684d78d3f9a2e3097f,1.45,,,,,,,,,,dead
2026-10-10T03:37:14Z,0x1fac75d4ee75e80d9357ceb31a3275ecdd1db3bb,0x7e1b9e9472071f6ccb147681730ca245d3aba974,0.42,2.522e-06,2543,2241426,3952,2522,0.0006504,99.6,,,live
2026-10-10T03:37:14Z,0x1ff2b3ca0baa7809218ac29c6faed15b1f731cc1,0x77e37a5ac6311a7af2b58ba798da8a63f457fb95c48e03fa827918ca45636170,0.99,3.726e-05,36032,35037,227,37267,3.726e-05,0.0,,,live
2026-10-10T03:37:14Z,0x200584b3bf535094ce6a001f3cfab5813e960777,0x35ca144df706e904b8154512324690f20f7f3b104cb47781d732f8954d9911d8,0.69,1.658e-05,20036,14962,60,16557,1.658e-05,0.0,,,live
2026-10-10T03:37:14Z,0x20502a9d3c40680a492dc219c22ee296257b6ef4,0xd3565af0c092b815d48aa838e0e1de277c401d271ea0360875fc1d671abd4ff0,0.15,0.0002137,37509,53306,197,48830,0.0002137,0.0,,,live
2026-10-10T03:37:14Z,0x2051ac7d7cb01d5e4e95b3621687218284e31e18,0x6f44f6278c73a6cdb90eac54f8e6bf6ca13881a399bf5aeb5f6e0376e777189a,0.27,2.021e-05,20226,1916,87,20214,2.083e-05,3.0,,,live
2026-10-10T03:37:14Z,0x206dd6687a367c06d656b77e30d8c817c5ec9d84,0xb13dc98f0042aa65f05df1995a46d654db5a2ce8348f12ad996aefddcf74fcc7,1.36,,,,,,,,,,dead
2026-10-10T03:37:14Z,0x20a4c26d6c7bf29812ae4fc01886f39732f2b2e7,0x6928da3201a809c630a6fd3ec5b88a5d692b6f5ef831b38cd39fc77f3d50244b,0.43,9.845e-06,16241,4374,41,9846,9.845e-06,0.0,,,live
2026-10-10T03:37:14Z,0x20b0f338eb7ef6f191d8fc104c0e6f03f7f53437,0x2d7344aab9f507f334b350b5b56e8f223e9b5bf7974f79eb8c0944867526f59a,0.48,5.884e-05,51661,50329,325,58841,5.884e-05,0.0,,,live
2026-10-10T03:37:14Z,0x20bb1a7b682e392b40324ae8ace3d1d429ec6001,0x4565fc5f3336a22a57901ac088f65f6ef4a622cc40d0e604d9b7693abb3c714a,0.79,0.0001407,30490,41572,119,32143,0.0001407,0.0,,,live
2026-10-10T03:37:14Z,0x212671f9a1b52e251a2a05481ed098bfa89c1849,0x122e438ec5a2831520c601012bfeefffb6e700f9545369ef0e482a32d1bc4906,0.82,0.3227,129002,5678423,6455,3227898,1.052,69.3,,,live
2026-10-10T03:37:14Z,0x21551503bcbeafa2abea7831de8598eafbed9a79,0x7d169fd139e79f524367a1a23f2c29eced9b961fd45db61b9513539fbf206a49,5.2,6.567e-05,23672,30403,578,65672,0.000303606,78.4,3,False,live
2026-10-10T03:37:14Z,0x2166476d0f3575326eb5ce5e225cf6cce04f079c,0xe4b7456d8481a34819e48c15bf7545e02abd39b24c13915c3eff3fe83e214aee,0.99,0.0003529,48226,122558,230,80613,0.0003529,0.0,,,live
2026-10-10T03:37:14Z,0x21a1c756e3e9990250bd6eb38ca071d2748588de,0x7381c772697e96724b3301c785e85af314d54bc4bd6b2c465bb824fc4f0aa82d,0.72,2.113e-05,19040,11279,83,21134,2.113e-05,0.0,,,live
2026-10-10T03:37:14Z,0x22309350f5139cd3b71d9881dedd4a31f1937976,0x80e98906afbee1f2e99534b026adc8fa2e29ee92,0.76,1.517e-05,7624,0,1,7624,1.517e-05,0.0,,,live
2026-10-10T03:37:14Z,0x224546294efd27f5e1f7c3205e477c31b11e2e6a,0x410ee8e95492b73486f5b3d099fb5b0a0461df61ed771aa10d2435bc9332f231,0.91,0.0002108,37276,84080,231,48162,0.0002108,0.0,,,live
2026-10-10T03:37:14Z,0x224a794031d54e49b46919ade2c55ff255dfdd97,0x3939ce55ec4e0ff8df9aa6469a795c793da06d55,4.16,2.678e-06,2674,3,3,2678,0.01903,100.0,1,False,live
2026-10-10T03:37:14Z,0x224e6ce9ddb816b9c1485a40225c9b5cf7b7165d,0x9cf9e193a9cecbe19f1ffe6c343ae6b8d97d98e3374b5e821c36009b5e73d954,0.28,3.597e-05,15366,248,3,8217,3.597e-05,0.0,,,live
2026-10-10T03:37:14Z,0x22569d15c51d020482f7b2e3c88387299e58009f,0x79947d237242df9b679e0c4d180cd121783f48aa482f3c1684c79537f612405d,0.81,2.75e-05,27449,1218,12,27508,2.75e-05,0.0,,,live
2026-10-10T03:37:14Z,0x2273cd41a88f2243a36163ce79e13a24a2c5614d,0x5099985b6c5ef71fa97a7204ee1c360a7dd253072555be395fdb8b0a7ebef687,0.28,6.221e-06,6221,0,2,6221,6.221e-06,0.0,,,live
2026-10-10T03:37:14Z,0x2282c5d5022ab080429f2d94faf7228226d03782,0x00c015183fc01a40ffc66e9f643b83990d7685a274192078cca361d7d9b82220,0.99,6.305e-06,6331,64637,2055,6306,6.326e-06,0.3,,,live
2026-10-10T03:37:14Z,0x229e00469edc13cead1eaee3830c725629587777,0xd52e3789c7a8d433ce755934e366a3b124d9db134b1694715aaa49709d7cbd09,0.06,0.0002191,49104,55018,231,50070,0.0002191,0.0,,,live
2026-10-10T03:37:14Z,0x22a68ae074150397c42d968ec050cd1ff3501a51,0xb5e9ffb179c2fe9b9bb8737ea0b128b933069770,3.47,0.0004953,346773,0,4,495390,0.0005409,8.4,3,False,live
2026-10-10T03:37:14Z,0x22b0ecd08b4dc6c8355ed54f306955a70c8a2777,0xe5edc271d67bd4d8436e0a5457b7537b80ba56dd8b7cf9f6ea735eeadbe1ae44,1.35,,,,,,,,,,dead
2026-10-10T03:37:14Z,0x22bac53184d68225c1a963dd766a4f081283f487,0xcc4c121ac2c5bb6bbd0f1bde9e96e21b7a63366cca76fbdf91af439a153eae94,0.51,8.928e-05,69372,38246,135,89289,8.928e-05,0.0,,,live
2026-10-10T03:37:14Z,0x22cec5be07a446fcdd032f88c7e0935ac7919bdc,0xaa89ee77172056aeb50ef16efb85e1656975bacb,0.86,1.514e-05,7609,0,1,7609,1.514e-05,0.0,,,live
2026-10-10T03:37:14Z,0x22eb9f1c5385ed74257da42d8021916c2d837135,0xe85a8f60ad2b0b7e97b745bac661671223100ea6089fe8ff0e93ba7d6894bdea,22.38,2.406e-05,16720,3514,52,24061,0.00471535,99.5,,,live
2026-10-10T03:37:14Z,0x22ff1467c43b4d7a91401633b42b85a4cb03db9c,0x7c178a3f55e8a586203d7be976a348890767036a15cddaa46cfaf8d4a73e2afc,0.47,4.769e-05,21658,82898,903,47693,8.639e-05,44.8,,,live
2026-10-10T03:37:14Z,0x23567e51980db99c513c527a283d188c8e4c6788,0x56cdaeb5ab77dc4475e2aa4cc6c4646dde0edac0ae098b44ad0d6eb1b4ef07ae,2.19,0.0003283,77373,10081,262,328381,0.0007086,53.7,3,False,live
2026-10-10T03:37:14Z,0x238e40b75ae78a1388a14e517d855893e92e58db,0xd2e55bf2b9389719cd157105f30ad329ef17820a2cccc3809b8afbaa17245d85,8.46,0.0004178,59714,25789,205,417872,0.00453603,90.8,2,False,live
2026-10-10T03:37:14Z,0x23f3c6e4364f924ee398e13e2fe9d93e3bb8c777,0xbe826840879066a4df9017dafeb554ba43beaec664e093f1a1560b16ae14c389,0.8,2.312e-05,23695,55181,189,23082,2.312e-05,0.0,,,live
2026-10-10T03:37:14Z,0x240d042475235527b2079e1280a9491acb9c19dc,0xec4f471934a09093e5fe91b41f155d60e44717a818560e09841d4325ed54089d,1.48,,,,,,,,,,dead
2026-10-10T03:37:14Z,0x242edd4e4cd50b13b46d950911beef96d0f9cebd,0x7020b1109f484597e4133a5bebc381ff671816b1dfbaf367ba14fc5c74851fde,0.51,0.000156,36486,913980,7470,155552,0.0003674,57.5,,,live
2026-10-10T03:37:14Z,0x24673dc012d71ca8c256243724a22f644610d411,0xc4e4cb48b9b53ff557b918e2d0c079db96f9846225ab6f1e9b66c48eb1dbfd3c,0.39,2.508e-07,25086,55419,554,25086,2.515e-07,0.3,,,live
2026-10-10T03:37:14Z,0x24b71dd91d9c5369c0f61177aa0f06382760d183,0xeb6510d3925c348678f69725af217eac64674bfb119d4989c0efd694832f3ea7,0.73,9.431e-06,15946,1803,15,9432,9.431e-06,0.0,,,live
2026-10-10T03:37:14Z,0x24e03c65fc20e4e079995016cc33c3208bd44e9d,0xc6c71491ead38a9b21ccb936347688caa4de8a6737952a55d225c043124b7bd1,0.48,0.001257,6790,0,1,7544,0.001257,0.0,,,live
2026-10-10T03:37:14Z,0x24eeaf955afde68a289094a5e1257fa9b1448777,0xb00339d3e11f5eba2bb1c2fbf2fa5beb9dcadc058171fa537386fb3d5585a330,0.73,1.87e-05,21312,42834,151,18670,1.87e-05,0.0,,,live
2026-10-10T03:37:14Z,0x2521a9b5f0a605a47f6692645c25f74ec16dc3e5,0x6560b53ea5dc6c39802fcd4f4137609c0794fc5ee68a82e06dd93c5877fc9147,0.69,0.0002864,43453,84087,227,65427,0.0002864,0.0,,,live
2026-10-10T03:37:14Z,0x255ea4a944a271075d91661c16d871cd12d5d777,0xeeb4b8b151667d48df2d068f528c64bc921df2ae473293b32f80270b74a1e1f0,0.23,2.757e-05,25771,58686,193,27518,2.757e-05,0.0,,,live
2026-10-10T03:37:14Z,0x25a922badeec2410a7ba8c9eacfd85f69ea25777,0x9d6882b3145566322ce0ad87d17240d4f8a98b44212522590ce190bc61b645e1,0.48,2.105e-05,22547,22656,79,21015,2.105e-05,0.0,,,live
2026-10-10T03:37:14Z,0x264f4472a622dbcd1c67d5ed05ce55e3997ef1f4,0x9be50ec29db6a666c08a013b8a0c49615a36b0ca069a9b332ba786a0ba98a5ee,0.48,6.232e-06,6232,0,1,6232,6.232e-06,0.0,,,live
2026-10-10T03:37:14Z,0x26c7fe256a2b793cd039ce22b11138d4f63c27d8,0xcc82def550dc4597d15fd560ab5f46aa7115a529f9edfd1c453b62c67f5a5398,0.3,6.212e-06,6212,494,3,6212,6.212e-06,0.0,,,live
2026-10-10T03:37:14Z,0x26f9099e51380d92c8da7838aa49b564a27c0662,0x0153aee8561b4ef990d15f881e7ef5168126d80d2da6f8b5153ccdbc2115b5cc,1.44,,,,,,,,,,dead
2026-10-10T03:37:14Z,0x272fff3307f439ee6606471eca02ffddd72d7777,0xe3d044e7f4d2469f5c4550410a81284f48356097b25920533a02f145633e3e7c,0.65,0.0002226,49605,51850,237,50866,0.0002226,0.0,,,live
2026-10-10T03:37:14Z,0x2741dae86c4bbcd060c6bf7398263fa98459d777,0xbac944b2a98116c548815cfe5b4848405c871ccad7107b736525e3030e01a5e0,0.07,3.066e-05,27255,57052,194,30607,3.066e-05,0.0,,,live
2026-10-10T03:37:14Z,0x27b0dfac680869c8ba9a0bcaf81c081b6c957777,0x912cb772b513fb69300fc24c427c31b40ea612c3d81fe41a30c63f88e0257a3d,0.53,0.000164,42471,47551,234,37487,0.000164,0.0,,,live
2026-10-10T03:37:14Z,0x27c703c452f1c8c876fc45d8ac7b0f2f9d9a1e18,0x7f3434786b29bd4bc6d0db7c6031d99a6ad45b3814c2be92f871fd3d87e5a6db,0.35,2e-05,20011,1590,21,20008,2e-05,0.0,,,live
2026-10-10T03:37:14Z,0x27d3b5a7ecfda702ffde1b2c2abe98eedac7749e,0xae48637e492711cfc0aced68e226843a7c9fce56d18bf8730dc99f90451e3d4b,0.28,3.575e-05,15319,738,5,8167,3.575e-05,0.0,,,live
2026-10-10T03:37:14Z,0x27efd2991c312ca27c0c66ceda0e6a132ecaa305,0x4ed6d2ca8ce015acb46842643281e8b4ed3a2298aad453bcbb51a336ebe62fb0,0.81,0.0003276,156100,618498,1187,327666,0.0003276,0.0,,,live
2026-10-10T03:37:14Z,0x27f5a9c3dfa4262ffa0a1c8603e8a2f097c7bba3,0xf53ad35067646eacaeb8f9703c7dceab5732cb00b9bc663aa3b833dddf7a7079,0.36,1.019e-07,10190,1,3,10190,1.019e-07,0.0,,,live
2026-10-10T03:37:14Z,0x27fdc1a092e052ae07e750f26d1b5f50fb5f6777,0x6d52127a88d0abe6c623bdd8eef65cc4a6eada8f262268f809faab3dcd226d0b,0.96,1.141e-05,16623,6317,27,11394,1.141e-05,0.0,,,live
2026-10-10T03:37:14Z,0x280cb83fd8fbab9a65e4d0dd2a5aafcd79943acc,0x8ee76b1b4ca43a875bdace4cfa20b839d79849847a48cc9c25f3768ddd3fb95a,0.64,2.673e-05,26710,834,8,26738,2.673e-05,0.0,,,live
2026-10-10T03:37:14Z,0x28190dd51a30320e7fc100124a50e4b497df7777,0x07fecbb76f6474002c70a18bae7bb7b98b2fc6f035117cd99d017813dc6e7658,0.69,0.0001811,44605,52035,238,41395,0.0001811,0.0,,,live
2026-10-10T03:37:14Z,0x281df3574c1c8ad59c8e825b4efdc9b5d62c0f33,0xf7d110d67d4588f79b901788403a1c9436d7819b,1.82,,,,,,,,,,dead
2026-10-10T03:37:14Z,0x283798c6ef3e00caa3fe17768a86dcb4d1b8d22d,0x762387457d9d91428fda07c2639c85a3552b6427e818d41bf58b89530bd1c215,3.35,2.81e-06,4680,8725,143,2810,5.78206e-05,95.1,2,False,live
2026-10-10T03:37:14Z,0x2853470c4208668e2ef530493b414cfba8df1e82,0x16f04a30acd7ce850ff041ec73aff496a4779ad9200df51325c2d4dd7bca4838,0.75,1.1e-05,11002,1,1,11002,1.1e-05,0.0,,,live
2026-10-10T03:37:14Z,0x291677f7f0bbf128350da588d9f91b337753cba3,0x33cb3dc63f17d3c16cc776be15a3f55425e77720c84287b29faf640724aec24b,1.53,1.025e-07,10277,2801,46,10258,2.611e-07,60.7,,,live
2026-10-10T03:37:14Z,0x2945c6823fab3fb1140f96daf6233d1ec69a6568,0x8debf3419669ee6ad01564c5eda51504bf8dc0890db33fd5a4f583b2d7961088,0.27,0.0002445,40081,82947,224,55852,0.0002445,0.0,,,live
2026-10-10T03:37:14Z,0x2970e8f0982c40c0f88520413f5013fab6b67777,0x0cc0a244bb9bf432286d9b14a8ddcb0c1205fe4e2693c89fbe5f2baf996a4a60,0.1,0.0001251,37066,25614,133,28596,0.0001251,0.0,,,live
2026-10-10T03:37:14Z,0x298ddb7f0b3852cdefc6716f1e6e909f37004777,0x942198e2ddcf534e92e9fd8315cb58cdcf0aad087004fc7504289bd13867c691,0.8,2.833e-05,26233,52445,187,28277,2.833e-05,0.0,,,live
2026-10-10T03:37:14Z,0x29baa031e77ebd0470d994b4a4de7b4bf2417777,0xd946478fb6d6456d195e0add80d7e70eb9d6d87319460560dd0bd73784944603,0.51,8.536e-05,30600,7591,43,19506,8.536e-05,0.0,,,live
2026-10-10T03:37:14Z,0x2a00e5cd6d8459bf8384ca7be43be29da811cbb1,0x02bb463de1ee72e3af6f2767a4b17730c8ea355ebdf77a3b50b30df0d13bb7d4,0.16,6.252e-06,6253,3,2,6253,6.252e-06,0.0,,,live
2026-10-10T03:37:14Z,0x2a318f81081ca306057c32df719e8dfeb1be420d,0x4da29ab58641e52034d5d8903c09058adbfa6befd6e108fb0d5d724bbbd0baf7,0.51,2.487e-05,24877,1,2,24877,2.487e-05,0.0,,,live
2026-10-10T03:37:14Z,0x2a9b0add73d593df8913089d476e8a49cea44ea5,0x073ea6d387166a22f15764c3e64b65dfde5b6e2174ecd9942468325e78493d28,0.34,1.051e-05,8736,3208,58,10517,1.051e-05,0.0,,,live
2026-10-10T03:37:14Z,0x2a9bbc7499a7f214c75c8d7e8a061ac0760720c9,0x94afe34b9abbc14605446723895808b2ddb5defca58d9cc6c8b0396fca660dda,1.35,,,,,,,,,,dead
2026-10-10T03:37:14Z,0x2acfb6e183fe949de40fb74d1fece0282ad25e8b,0x3f1b883105dab6a08c141ae60b25ea144ffae6090b97a1228ed813db89efebae,0.91,6.307e-06,41432,71362,258,63070,6.307e-06,0.0,,,live
2026-10-10T03:37:14Z,0x2aef634a398cf147504e32eca43b5ce50d5a4a6d,0x8156e513fd88390e135a78409265ec83f44e39f2f6f18ed093e51069ec00c17c,0.51,2.487e-05,24877,1,2,24877,2.487e-05,0.0,,,live
2026-10-10T03:37:14Z,0x2afaf89c6f19848ca74a3524741dbe5253a8af6b,0xf6aba7e0aa1e922bd228083150bc8c2a22af1b0c3031687a534ade2402dc1421,0.16,6.253e-06,6253,3,2,6253,6.253e-06,0.0,,,live
2026-10-10T03:37:14Z,0x2b277feead578fa775581df55e36981310af859c,0x9bc70570efc196a7483457fd7a1e95076a35d5d13fc21f8a7f771f89f1a886d0,0.73,0.0002811,43119,89654,235,64214,0.0002811,0.0,,,live
2026-10-10T03:37:14Z,0x2b3cf0b460d26bee3d923a1281e03e103c1f86e8,0x66f367445f771eafdcd3b1f638731c1194144643,1.69,1.726e-05,8672,40,42,8599,1.726e-05,0.0,,,live
2026-10-10T03:37:14Z,0x2b80597efde8f38b21ea9f48ae4ea2c07d1a1777,0x78cd45843d8aa9fb50108d30b32cf0147f17c3d5eb47a44bf3881d8bb5466e3f,0.14,1.507e-05,19086,11055,37,15043,1.507e-05,0.0,,,live
2026-10-10T03:37:14Z,0x2bb1f7f1a18ab4b686716f4034ea8481e5257777,0x16b3e46fa0c3e8392d6a49f1cf070623ab8dec2949dcc903bb7741c42c3648bc,0.92,0.0002107,48165,47989,234,48159,0.0002107,0.0,,,live
2026-10-10T03:37:14Z,0x2bc1931e7f3e72521fc18f1a23b23780d13c7777,0xca3c134df7e624a165212699601f32a58d838cc39a85f99179a03355ad9a17f7,1.34,,,,,,,,,,dead
2026-10-10T03:37:14Z,0x2bda8f93da91da9d7cd44a026c2be88e080dac87,0x840d275374da4407315a3514e984fd61e977acfeb401b73eab67520527e1fde4,0.96,0.0003126,45407,107858,231,71400,0.0003126,0.0,,,live
2026-10-10T03:37:14Z,0x2c25cd057ca4bbb30e986706f329073725df7777,0x739f7cbc490f867f98acfc5afcc49ab7c2b145df40d3e5ff94ca6046be0851d9,0.38,0.000188,45369,47573,226,42965,0.000188,0.0,,,live
2026-10-10T03:37:14Z,0x2c3de5863745446b1833dd62ba9a857f0e549ba3,0x68e89e2ae94f55559039d64043c2701a5b073f82b409a66e6f2fe75d6f1922bd,0.23,1.094e-07,11001,5329,63,10945,1.094e-07,0.0,,,live
2026-10-10T03:37:14Z,0x2c485454078dbf75ee866fea42d00af657f2d7c7,0x9a7f94a41da6fd3fc2a747df45aecbd32ebabd33f247b92543ff024e3d9596b3,0.63,4.172e-05,16617,2292,11,9531,4.172e-05,0.0,,,live
2026-10-10T03:37:14Z,0x2c67844781f690514298e2b4ed64a363e8bb5ab0,0x2552fc725483334f8f7f43e26ab3cde7de68545e4ee78a6eb57a14abad0f9442,0.6,3.143e-05,31065,7429,24,31434,3.143e-05,0.0,,,live
2026-10-10T03:37:14Z,0x2c86829406fd6940e38f3622f7a5a5f118457777,0x9cf505e9c9c4793d4e97bd91c0aaf73a1eb8d57244a8839e21015fcae004e92c,1.38,,,,,,,,,,dead
2026-10-10T03:37:14Z,0x2c8eb5e6f914dcfa3315f44eda130baf80977c01,0x6a8aecd512353d8eaa838e2f26b1fce2e4711b57dbb5527a1fbb4438ac1f7e43,0.38,3.041e-06,5095,11450,112,3042,3.057e-06,0.5,,,live
2026-10-10T03:37:14Z,0x2caf693f29504c87b8c90cbe7d6dddf0e1a6e04f,0x78d314cf639c7cf06660815a5bda34cc9a978c01f1f7b28c397635b41530c088,3.83,1.639e-05,11828,11625,139,16142,0.0001248,86.9,2,False,live
2026-10-10T03:37:14Z,0x2d1b9f1b6f9a6c0dc6fe9079a3f89e1c38560d5e,0x124239c9ac321b588e9b6569e78ecbd3183f02380418650099f2b821e0c1a374,0.31,4.63e-05,17415,2892,13,10575,4.63e-05,0.0,,,live
2026-10-10T03:37:14Z,0x2d22d54867b1bdccd01d18b20e0136816b62301b,0x4955e68bca08dc1c24a05a0bcfc24ac3a56004d0fed46c46371f464ac94d2575,0.26,0.04975,7090,0,1,7463,0.04975,0.0,,,live
2026-10-10T03:37:14Z,0x2d58fe66843ac98de7fdc9fd41c755b7abdc73c2,0xf8c835ae8a52bddb67fdb25dc65e6fee06d5a65b330f96de44dca06378c2a771,0.83,5.211e-06,45648,52370,376,52118,5.211e-06,0.0,,,live
2026-10-10T03:37:14Z,0x2d75dde916295ef46063bde8bc6ff838524ee46e,0x421b568fc86df765adb3caecdef405d1282809187bd575ca9213d80cb13d4c1e,0.64,0.0002369,39596,75267,223,54126,0.0002369,0.0,,,live
2026-10-10T03:37:14Z,0x2d9fcf16b52698dd6ddf535dbf619b94cc59f747,0x8adb2b46cbab011a912e8a8b1f40d2dc040954a0288b72d9ee3a40f994c0e44e,0.09,2.999e-05,57325,2404,10,29999,2.999e-05,0.0,,,live
2026-10-10T03:37:14Z,0x2daa471d73ada0c59794d46675412ddb3dcc8777,0x6732721b703f89444b4c2856c7382d542ded000720ba3b0f4335df10d0e6503e,0.48,2.733e-05,25689,59080,196,27281,2.733e-05,0.0,,,live
2026-10-10T03:37:14Z,0x2e0163a2c55902023be552afa6d931ad01c3a6f0,0x06ad5800e89e5a39400952efbd3be28024a30d68f159dcfdf31b4b6cf5c90a65,0.48,0.0001927,35683,65617,201,44024,0.0001927,0.0,,,live
2026-10-10T03:37:14Z,0x2e0847e8910a9732eb3fb1bb4b70a580adad4fe3,0x34d0dc122cf9a8eb296fc5e0d3a233625d7d19b7,3.06,351.64,1013676,1738057,3403,6070331,353.99,0.7,6,True,live
2026-10-10T03:37:14Z,0x2e13fb1341375420c6ed9c3843f1d6f208fca777,0xf45f327a71b93e09e48a51720b62aa6a7f275b445f28d55c6b0319d71c99f6aa,1.36,,,,,,,,,,dead
2026-10-10T03:37:14Z,0x2e2a84ae1d422135f8a8b3cef3f0d528d3fc23cf,0x64e776004e5b42bcaddd5057c1463c8b83870e64999266389fadbd8312ed612e,0.3,8.945e-05,69472,895645,2264,89452,0.0001111,19.5,,,live
2026-10-10T03:37:14Z,0x2e38b924293fd458f77a4ef549b1b81d33120d01,0x3bad6215f6be7db2c05299cc00b91fbfdc62038cd313e7722cdb805b5862044e,0.67,4.514e-05,17244,4803,15,10310,4.514e-05,0.0,,,live
2026-10-10T03:37:14Z,0x2ed35f95897006a6caba21cf8e1cbf3e54847cf2,0x8537b07d3c2798074113b91ece1efca936acc9c7b2c3e2f641fefa215728cae9,0.71,2.808e-05,27246,32578,252,28085,2.808e-05,0.0,,,live
2026-10-10T03:37:14Z,0x2f23ef42cf13ef457bbb85a3e2cbda1232f77777,0xed0bae577db33be8c375e31d0cf5ce4ac688e773baf387ce5a927f48a6ef3d2c,0.31,6.943e-05,27538,2393,17,15865,6.943e-05,0.0,,,live
2026-10-10T03:37:14Z,0x2fb87ab257c110731e385c8a01bb6e6730db0919,0x181b5aae3e80e3fbf28d0061e3e712d276c27c13166b4c2ce7a98d6dba41ec37,1.36,,,,,,,,,,dead
2026-10-10T03:37:14Z,0x2fe0681044c17fe012a3d7dcf6c0509e82ea1111,0x4b641ea6caf9a2848fb9307a57a905c5a49450a85a8e38975493cce36baff0fe,0.51,6.223e-06,6224,3,10,6224,6.238e-06,0.2,,,live
2026-10-10T03:37:14Z,0x2ffb64f696e942bf368edb0984030a9d0b45f060,0x04b81f3838179fe46a9308950c9bf8c2acbe27af477cd608999038890395986a,0.36,1.032e-05,9807,7,2,10323,1.032e-05,0.0,,,live
2026-10-10T03:37:14Z,0x3000b2370ce142a94500ca2a0ee0a512e3b9c670,0x7dc29a5046e518eee1e739bb75f288701aa7fcbed6e0f591e9bc8f278ed705bd,0.73,2.954e-05,29192,32081,253,29543,2.954e-05,0.0,,,live
2026-10-10T03:37:14Z,0x3060733a628242dbff992ad2d46810128f4859f8,0xace0ed48866601108a409f48cdd8525a01079724,0.15,7.306e-14,0,22744,94,,1.527e-05,100.0,,,dead
2026-10-10T03:37:14Z,0x3068ca5ad4672071aac07f8c592af1b457db2660,0x057f1fc0dcf73bc2878873dea60a66551b62d3266cf83e8c31c4bf001620469e,0.18,3.149e-05,31101,3764,31,31491,3.149e-05,0.0,,,live
2026-10-10T03:37:14Z,0x307cbdee1a6e746040a04e45a27013a16f7d7777,0x0aec63affa3c16fd63fc684a1978ec6d110032817ec110c0d13d1a9cf5c8ca79,0.13,0.0002104,48060,47335,229,48081,0.0002104,0.0,,,live
2026-10-10T03:37:14Z,0x308da49c53d3f352e5fe48f1ca4b3d71fbc47777,0x964476a4e01507a852b532b9d03c6d30bcb2d0d286d856d354ea368aa172af2e,0.76,0.0002169,48964,50702,233,49579,0.0002169,0.0,,,live
2026-10-10T03:37:14Z,0x309eebf2b90d1db1c41e34cd01e2aa0b5e5d4b49,0x59668c09c0758f9e8ace38c184360e020576fd52,0.37,0.00933,303333,7912268,11009,9330824,0.01221,23.6,,,live
2026-10-10T03:37:14Z,0x30b7c98dfd8f0d69c873b1afeec7953472b644d2,0x4769de9765b6fa1bd6bbdfeda9630309d073f7bd6cef19de59fa1717cc24c635,0.52,2.492e-05,24921,1,2,24921,2.492e-05,0.0,,,live
2026-10-10T03:37:14Z,0x31019a60f496946c4d78b8cc3265e0b621d55065,0x4a1606d53f789b6b0ee648fb0d7ca2c39862090301e219909f986187254073da,0.79,5.545e-06,44016,65026,250,55459,5.545e-06,0.0,,,live
2026-10-10T03:37:14Z,0x3102628278fd1e8f9285098c170301e0be09550b,0xb35d225dd15faa9e23bab9ef8920996212e2adccafa6b2c008ce096dff81b465,0.52,2.794e-05,27853,1495,7,27942,2.794e-05,0.0,,,live
2026-10-10T03:37:14Z,0x3183d125610725e1b507fc78ae5a16376609495f,0x8927186a3ceccc96e63cac2d6fb37e9fd099321ecb0518fb50fe1131e9795081,6.18,0.0006656,109464,49433,845,599118,0.00170518,61.0,3,False,live
2026-10-10T03:37:14Z,0x31ce5e29cc1d817bc35c417ba18a97036df092dc,0x88d40c8393a8dfe306e46bcef8568c29a4d4a192607fa45dd48477b5e3041361,0.87,3.058e-05,57989,3152,13,30584,3.058e-05,0.0,,,live
2026-10-10T03:37:14Z,0x3201fbe1ecf57c84c2886fed7c9eb2f3021b7777,0xc5bf58bbe63713efbbe124e5ecf18526624d8127942d0d05ea5a2a45cd7bf1e6,0.43,0.0001966,46409,49929,231,44935,0.0001966,0.0,,,live
2026-10-10T03:37:14Z,0x32197107a371f21ff675e73107683552e6117777,0xf64e73788f1f4dd4d814f5975cf7cac10544d805be416488e44b49d2a07b96e0,0.28,0.0001955,46270,49176,217,44680,0.0001955,0.0,,,live
2026-10-10T03:37:14Z,0x3225cb3bedd1bb147f94b5816942a3b0235c58be,0x8bcfc9039d986dd6d08b3a9bf67e48a45f0918b94a22300f1c2687aa4c89073f,0.32,0.0002968,44116,88084,235,67806,0.0002968,0.0,,,live
2026-10-10T03:37:14Z,0x323fe2ccc5b8fabe2263ded25602d8c5b48b2432,0xd6f53bb195ff1e3c2e7c65e90255dbf2ec854398b3007e2886f8e869f47c1cdf,0.11,0.0001796,34386,50205,197,41022,0.0001796,0.0,,,live
2026-10-10T03:37:14Z,0x327c6bfe07f0f60ae7b47f1f51c12a2912c3f4c0,0xd0b72f9777e8ea9855e57a04fb629666c869b4b5b30a25308e553e609c1a07a1,0.17,0.0001977,36074,72352,231,45162,0.0001977,0.0,,,live
2026-10-10T03:37:14Z,0x32cda1abbfa80c7c75478175ed767a1b07411111,0x6643a946373589fa5b8ce6f5d3e96a78c8d7d6dee37d5d776122466a82d886d3,0.51,1.243e-05,12435,1,18,12435,1.243e-05,0.0,,,live
2026-10-10T03:37:14Z,0x3315552231697ca5bb57697e4bc3878597b9dceb,0xa1de7ca655b6acea88262e362cd3ae0bd5ac23aabc9e19a86381655eebd623c6,0.53,0.0002833,43226,86794,233,64721,0.0002833,0.0,,,live
2026-10-10T03:37:14Z,0x33176d5db355caf3af9cc62cd6db4a05b728f6be,0xc03ca31a2e0303bf3ed61ac6ebffceb500c714e9166f2a717e853795a8d7f59c,1.42,,,,,,,,,,dead
2026-10-10T03:37:14Z,0x337bacb7ef60a80c1c8eef9e5c6f6418a0d16470,0x271b9e111964f358bd9c03d08cd940b1fc5cf25f9f7d7a7eacb2bc793e04e02f,0.78,0.0001621,102372,382864,1229,162149,0.0001621,0.0,,,live
2026-10-10T03:37:14Z,0x33c5f9d69857b3fa67cf90d44ebf3fa4d6887777,0xb59b0336bc5b813be2bebdf2b4efaf9e5d37ac8adb2596f2ee0775226179c702,0.05,0.000193,46081,50737,231,44114,0.000193,0.0,,,live
2026-10-10T03:37:14Z,0x33d09ce973e49b0b16f8d1a30fd09c7641505f88,0xec350a5a95d130b91773c17692ddb9d364e1cc24863d3783dd045413ab9f611b,0.59,8.331e-06,7123,0,1,7498,8.331e-06,0.0,,,live
2026-10-10T03:37:14Z,0x33d901d3d5e9a768bb06676c11e302bcbbc8b2dc,0xbf2409c88be9f6e9bd96cbcf145c0ab94ad641d7af2289593f96edd1facf5f82,0.62,304.78,304583618,4429671,6340,304781820,304.97,0.1,,,live
2026-10-10T03:37:14Z,0x346fc4cd968ef218dc2d4ff3ef5379e6365ec829,0xfa72a9495b7e2d38a737664c961a3d0c89bcdf605b9dc3788bc0a1301d71304e,0.77,2.617e-05,26157,576,7,26170,2.617e-05,0.0,,,live
2026-10-10T03:37:14Z,0x34915f3811de586696eb161330c77085799d9777,0x21a2ab8293cf70b02fe94a606f09d5a1fb1664fea0b40b37e8fccd434698b55d,0.43,2.358e-05,23841,41831,140,23536,2.358e-05,0.0,,,live
2026-10-10T03:37:14Z,0x34ab72991834855395f1e67724124ef56541ec9a,0x5ad09c1d6a000e7eb0debef0e5c1b90f66d6d9b775c3da98c2666b1e7554dd91,0.51,6.267e-05,46235,434464,2039,62675,6.267e-05,0.0,,,live
2026-10-10T03:37:14Z,0x34db9790fbd8eb6f33a1f141e2cf10673552436c,0x2df4fef7bf544b51b800111ab143499e5a2a0b32b083ff96c540a817ff303d73,0.75,0.0002754,42717,93572,222,62919,0.0002754,0.0,,,live
2026-10-10T03:37:14Z,0x34fc97dd80ed918740f8564f70bc27a090d696ef,0xab7a90c9fc78a694060421a2c11a2eb803c2fcef2cbb241c749c82a52c13d138,0.23,2.946e-05,56738,1337,6,29462,2.946e-05,0.0,,,live
2026-10-10T03:37:14Z,0x3532bac889ac54f35b180b5793806032c243f6dc,0xc40c6a4490d17b548669d574a0990bd15fc26c904ce62c14f9627fe74cda8494,0.91,5.015e-05,20696,86124,1133,47330,6.631e-05,24.4,,,live
2026-10-10T03:37:14Z,0x35452a86ea20c0e45589ba78e7bc1244dedc2768,0xaa64f80b0001143addcc90459a20e1a6b63551c7cf3b150121f8de9fe9bfacb9,0.75,6.262e-06,12512,0,3,6262,6.262e-06,0.0,,,live
2026-10-10T03:37:14Z,0x35837af9087442c37b8b754b516a164e18a07777,0x73835e1928c4f84d73eea8bb692b0f868257dde6d82c31da8b153063d7001eae,0.22,0.0001951,46245,50067,232,44596,0.0001951,0.0,,,live
2026-10-10T03:37:14Z,0x358c8521652c738f6ffe23c227e39b3cca030161,0x2a5ed13696ebc754af91f2336f8f83c108ee03e2,0.16,7.646e-13,0,24175,22,,1.78e-05,100.0,,,dead
2026-10-10T03:37:14Z,0x35c18177c5ffd71691f5f66fe2ccdc24d4b31777,0x67ad25e5109295cf82ba417cc1733067bab8e0a995362da9510c46677110a18e,0.11,1.44e-05,18658,10541,46,14373,1.44e-05,0.0,,,live
2026-10-10T03:37:14Z,0x3638ae0903451acef1c417350c60d35cdc074777,0x6272f7fa3d08d24f11857bef5a6857f91574b5e2d4509d30a745a143638a4121,0.27,1.91e-05,21462,38612,127,19070,1.91e-05,0.0,,,live
2026-10-10T03:37:14Z,0x3658360460e47239fab35c88305df1b9d330cfdd,0xac14f1488b7ab88ce11ddaa20665f5886f4c5f5638a156a5ad6295ffbbd35c5d,0.52,7.032e-05,58768,134861,825,70325,7.032e-05,0.0,,,live
2026-10-10T03:37:14Z,0x365ca18fbc248c1291d6cd04f1a97d2497dce777,0x7f511c64fc12f682427dc03e799ee9329352ccae4804c0e803a2d1ff87c79fd6,0.76,3.023e-05,27118,55382,181,30172,3.023e-05,0.0,,,live
2026-10-10T03:37:14Z,0x367f777f2eeb227faa74b587cfddd3c995f99777,0xe1371d95a5083b28b32eeb571896d1803936003e08e100ccbaf03ed3091b3c01,1.48,,,,,,,,,,dead
2026-10-10T03:37:14Z,0x36aeae032be16f82fa13d27624af907239a22540,0x4a259fd54664bc5c67113292a9e6f36f7c5089c7b23328ea5f4a470066244b55,0.62,0.0002124,37476,66457,183,48529,0.0002124,0.0,,,live
2026-10-10T03:37:14Z,0x374cd58b5adface47cac555daa6a02dfb6fa0777,0x45ca3ada24e5f99a406772bdf2151659e946b2fd459adbfbbcca6bc5456a2c09,0.73,1.267e-05,17547,23523,87,12648,1.267e-05,0.0,,,live
2026-10-10T03:37:14Z,0x375710c2fb51bd80b8aef9fd97e85d53e0527934,0x2673d5f209d7bb266a3019c2a3873e3690e52f7a,0.17,5.751e-13,0,32237,30,,1.873e-05,100.0,,,dead
2026-10-10T03:37:14Z,0x3767ab62b2d3052e337a7448b60fbccc0fc67777,0xab518373f79d00906a8c255e210c9e80a4a621ae4297665f3b0fa212e235b0e9,0.12,0.0002078,47777,47900,209,47483,0.0002078,0.0,,,live
2026-10-10T03:37:14Z,0x378a50eac56f45fb74e4ce7f1962dbca33515c14,0x2dc884e5ca605cd70f8177655aeb62f0e4caaef85c1fba477e6c27ad8cb884c0,10.61,0.09131,2526,660,10,1519971,1.04604,91.3,,,live
2026-10-10T03:37:14Z,0x37a40838c2d05c775c84f91852ebb93986fec270,0x7b6ca231ef237284b53069bd7cc28b71701de68510b8ca342b89c26c90b0aa83,0.81,2.532e-05,25326,154,5,25327,2.532e-05,0.0,,,live
2026-10-10T03:37:14Z,0x3810311196d49931ea414c5857a09f1ee1ef0ba3,0x193a44150999ea55c3559ce577c6cb8682f4cffd47915bb87964c99a6f1f7c4b,0.18,1.024e-07,8705,3,15,10241,1.024e-07,0.0,,,live
2026-10-10T03:37:14Z,0x384bed880a5bd6834504079d3a5ef097d9a0d560,0x6dd47702af1b3466c031b26d3a14fe09ce991828f1070f32f4ed5a83e9144880,28.18,0.0006601,36452,99,10,18515,0.770428,99.9,,,live
2026-10-10T03:37:14Z,0x385f4f8ae47651ce5f58f5265395a669f8281e18,0x46525dc119850396470f132c4a989d7192cb692139db891b5a4cdcd684c11b17,29.2,0.0135,546383,67900,785,13501019,0.0636511,78.8,,,live
2026-10-10T03:37:14Z,0x3862d1b1ad424f566eac0b26c739621e0fcf7777,0x52e33e3dd4c08b1a76d93f2999de647d8ddd3f010696725e84877ff9aba05284,0.68,0.0001939,46148,53471,240,44309,0.0001939,0.0,,,live
2026-10-10T03:37:14Z,0x38b82c5afa1ae9b4498931a2bacc7c84f305d2a3,0xaa4f3e5fed6d42d0f8b26ad80a7e90d5f3634abfc40eab154e4ed8fc827aaee2,1.49,1.237e-05,10486,11040,318,12248,0.0002082,94.1,,,live
2026-10-10T03:37:14Z,0x38c38551da4f91d76bf4ab8e18b2a0d3be542777,0x2d0bef4d0296dfe81ccd4fc63cff128b621007192e4bd6cce4bc232d4cd84fa0,0.23,2.26e-05,23336,26853,102,22564,2.26e-05,0.0,,,live
2026-10-10T03:37:14Z,0x38e3a5b34185460464ee120dafefbb612f924777,0x52f187a27a5278c4ed2b5c5cc5fe0b878b0de6018e2c40971821df9efe519938,0.48,2.574e-05,24980,50473,180,25693,2.574e-05,0.0,,,live
2026-10-10T03:37:14Z,0x3922e2deee94832465066c73e87ee3b99c4297dd,0x0de9c98c190e1348dda0f6c63ad6a7d0fed3558d6eb0115f401bfcb5eb9bb13d,0.38,5.973e-06,42179,53611,237,59737,5.973e-06,0.0,,,live
2026-10-10T03:37:14Z,0x397463402ae64bf77eb4fb35e24199bd1bc57777,0xb1bb62d117333cad74ffff701de1146cb53de86c8f2f8cd52fbfe297ab850531,0.4,0.0002204,49195,51879,233,50364,0.0002204,0.0,,,live
2026-10-10T03:37:14Z,0x3983a5bff04753b2931725922c44500f79ba1b07,0x0df59ddabe452d6acc35ebbe90c6e9675de93b5defde413f1d60df2acb89a778,0.53,2.458e-07,24586,5,3,24586,2.458e-07,0.0,,,live
2026-10-10T03:37:14Z,0x39d757bd99f509e761d39448cef0e7c9d20e1e18,0xfe603eb485bd2627c87ca72df7b75cd67838ff1f1bd376918365e0be41e82c24,1.2,2.055e-05,20609,108,9,20559,2.055e-05,0.0,,,live
2026-10-10T03:37:14Z,0x3a20cea3e3d59a7da43853fc6c6f40d67e0c61af,0x9ddacccd44927fe3fdfbeec6d8c95495eaeac7cf220dbc6361fb61e9d97e65bb,1.0,7.83e-06,48376,19627,62,78310,7.83e-06,0.0,,,live
2026-10-10T03:37:14Z,0x3aeda74e4a3f998a98d1d0ab7b15e5fb201a9777,0x07a04dc0a799cef4d459bfc2044e366fea19741555829794083d22cdb87fae57,0.75,1.228e-05,17286,16264,57,12259,1.228e-05,0.0,,,live
2026-10-10T03:37:14Z,0x3b2c8fd5a3cba2092c08ad76c5108b60ee4c8777,0x3e3bcfa2ef445114f9220401f99a360a7f732c08a94b3862123e7f503d26ffe6,0.99,8.003e-06,13914,2575,12,7987,8.003e-06,0.0,,,live
2026-10-10T03:37:14Z,0x3b47226c143af7cf7d366473b529d6d6dd247777,0x1da5720e59c06eac9c633a6c6d2fc9b7248fb13cfc0d520c5ead97db3a15e703,0.24,0.0001861,45142,49802,231,42543,0.0001861,0.0,,,live
2026-10-10T03:37:14Z,0x3b8f310fabf26a480eb24a098991d68b3ac22777,0xae61552738d01b65d4bf37a1a17ce351727a46af557c8e105c10a5370d741223,0.77,2.168e-05,22954,52617,177,21646,2.168e-05,0.0,,,live
2026-10-10T03:37:14Z,0x3bb6ae6abd139302a1d20a1391cc71f09bc419c8,0x79c35e09403238aa90fb6beef4a67680e3ec94f0b940be7e43fb98039f095a89,0.69,0.000218,37910,66316,232,49801,0.000218,0.0,,,live
2026-10-10T03:37:14Z,0x3bdb6fe38f6a1017581b3bc1ee19030ab42be777,0xd4ec5dfae8fd3a98d6d0654af1c06183a1a9927b660af511e20efa38e454e66b,0.76,1.016e-05,15714,5216,25,10144,1.016e-05,0.0,,,live
2026-10-10T03:37:14Z,0x3be4eeea6c49a1859be023b0c0acd442faacb762,0x5d93b6eb10a1b6bf57e5a925ea393efc428f64f838ad843c0ac30ba1335beebc,0.07,0.0002211,38208,73391,234,50518,0.0002211,0.0,,,live
2026-10-10T03:37:14Z,0x3c6c8eb3f325aae8be1670475c0804d59fcc8c75,0xe998a40de4ca9ea24daaa5b3d6a89646d68aace697d9b77387fb7e7e3e8f91b7,0.62,9.948e-05,5029,235,10,9948,9.948e-05,0.0,,,live
2026-10-10T03:37:14Z,0x3c7b315837d8732bf6378932ad218cdc4096e6d0,0xf95564b4218df8432306f915f7144a08f512e43acbe8c0264b8ffbd761c37a56,2.84,3.593e-05,17515,22810,343,30910,0.0001611,77.7,3,False,live
2026-10-10T03:37:14Z,0x3ca8c1bf9178c5cdc9cfb932ddd9bcdf4054eaf9,0x08130e7a25bb21d8c72265a30445623ba2bbf0f48bfafa3f02599c31c474780e,1.39,,,,,,,,,,dead
2026-10-10T03:37:14Z,0x3ccc990d3fa66a284124352910b8e10ce895e165,0x36c92f4a5e240f4a2c3e764a0bff3cc94720eb6c,0.81,5.055e-06,5056,0,1,5056,5.055e-06,0.0,,,live
2026-10-10T03:37:14Z,0x3cfd611ee777c11a8532e5c3d47deb1bd29eb2c3,0xc15e21508e85ad3723cf9b28655f612cc7b2bdee,0.75,0.0002487,243734,1,7,248708,0.0002503,0.6,,,live
2026-10-10T03:37:14Z,0x3d1f3866b2f352170ca53e161998b5d5f595d3e4,0x78600cfa65e80604d21c5ef9198714a2472c3b7d814b5ffa76dff4bd8eadc5ea,0.76,2.501e-05,25012,2,6,25012,2.501e-05,0.0,,,live
2026-10-10T03:37:14Z,0x3d2b3c43b4e6c0534e8c54c6bb1c7d53fb9a2777,0x53a9e93d4e6a3a926f066f895e9e985e384acb3c1bc7ae3b4475026ece0abb75,0.95,2.706e-05,25561,57737,187,27014,2.706e-05,0.0,,,live
2026-10-10T03:37:14Z,0x3d2c8937b937ceadc8d22fd012a4f0fe7791d274,0x442a3faad4ec12cec5c8f7adafd1b544d56f3822c4166bd5428204aee13423ee,0.23,2.838e-05,55648,836,5,28383,2.838e-05,0.0,,,live
2026-10-10T03:37:14Z,0x3d822844f13964b98861705aba17c78993bee713,0x96da11a5b3476559134d53f60a9122d884c6d97b97d6cea2029d4e1d9e0e7737,0.94,0.0001272,87708,235069,698,127216,0.0001272,0.0,,,live
2026-10-10T03:37:14Z,0x3d8ba8a4eb2a44b50dad8395651a6761db8ef5ef,0x5d28d82641de0793374ff5be3ed169fb7af8fa648d947c99a8f2b61860512190,1.39,,,,,,,,,,dead
2026-10-10T03:37:14Z,0x3dc260acf4a5fc8c29229b605c2842346c0f9777,0xfca1fe7e41b7fb014d90ff4b888fdf8a7e2e6adee67b9a10f14c2c33fd4d881d,0.21,8.396e-06,14234,3658,18,8380,8.396e-06,0.0,,,live
2026-10-10T03:37:14Z,0x3dc57b7657670d9617fe2d7bd49e6656055a4558,0xe2603d8bc1f0e8abc2f4a0dd4ef8dc96503174bae88b6d849f746cdb1852c56e,0.75,5.494e-06,46892,48908,223,54944,5.494e-06,0.0,,,live
2026-10-10T03:37:14Z,0x3e2f7e9f96643538ec0c06dc324fdd2767736028,0xd1f15f6e886fd06f0edf55ae44da3c83eca781183970b98045605d447cbf2e0b,0.4,2.482e-05,24829,434418,1000,24829,0.0002092,88.1,,,live
2026-10-10T03:37:14Z,0x3e5be7dc74e839fd2df3b59f5b4c67e07cd71111,0x0449fc09566f1066827cb07683dbddd524be05c359e618a15d92fa931d5c2752,0.51,1.24e-05,12400,4,20,12400,1.242e-05,0.2,,,live
2026-10-10T03:37:14Z,0x3e6109f06fc369d5ac8af64c7a4b74a2b8387777,0x5cb03435ac63ae20bd18b6e1070bd7cac21fbd30e16987cb3d75d230c6667284,1.4,,,,,,,,,,dead
2026-10-10T03:37:14Z,0x3e6eb0dbba75afc975161b3219406063e3b2de65,0x8ab1a5aee1712265ff8b8ccd23b45bb780755be913cb57131a4064c8f764e604,0.19,0.0002613,41463,95492,241,59690,0.0002613,0.0,,,live
2026-10-10T03:37:14Z,0x3e7ceb13db72703bb6c9883f4b0b1961acbe7777,0xe25921b5e9f997acd9575132b81786f36f05cb115560c22ad9ca3bca8d7cdbc8,0.28,0.0001954,46265,50136,227,44660,0.0001954,0.0,,,live
2026-10-10T03:37:14Z,0x3e7de339bbad93f68fc60ae4af2300b86ed4c629,0x7762c05c2ab5fd3c7765c73ec7e434ef2ce735e34bea2b8e2c14c2cae115e42e,1.48,,,,,,,,,,dead
2026-10-10T03:37:14Z,0x3ee47c2dc0bcd2ad6a2c1d7876872460b8147777,0x32808881b519c118b8f149c435c6df655f0fb34ec078be4544b9069ed189d4c5,1.43,,,,,,,,,,dead
2026-10-10T03:37:14Z,0x3effdecd100dad23aadb2b9424ccb861efe778b6,0x78681291cf3c4a8956e63f91179712ea90398c8c210fb32da6aaae5f1257b9c8,0.71,3.403e-05,30330,30974,254,34032,3.403e-05,0.0,,,live
2026-10-10T03:37:14Z,0x3f0bbfbaf9da146f7aaf60303733471eaac8cbb3,0xd5c91eeff9121ab5cbf855ba4a6668191c01d161675f375b04370e8aaa78a11c,0.07,2.837e-05,55544,598,2,28377,2.837e-05,0.0,,,live
2026-10-10T03:37:14Z,0x3f234a77e5782738fbaf6755ec4b2fedb76abfc3,0x5236b6c6b76fd9a2acb56e7a967873d480156752f237acaa3a8d905e30e56a77,1.47,6.27e-06,6296,1,2,6271,6.27e-06,0.0,,,live
2026-10-10T03:37:14Z,0x3f8062fb24d186baaee61f61369d6b99d368b4c2,0x7cbf9c3bc491c0ce70c47ba6a4a2c596d69722e5a0105cda956e1f7faa174714,0.31,7.672e-06,7287,122,3,7672,7.672e-06,0.0,,,live
2026-10-10T03:37:14Z,0x3fa2d23997577c78967af1197da56a2f06dbe77d,0xd732f98c6d746bf71aa12cb297134ef307a52df5e81914b30fdd761324e760ac,0.63,0.0002371,39601,71227,211,54171,0.0002371,0.0,,,live
2026-10-10T03:37:14Z,0x3ffe423bdf8e488ea9ac8134e1b7e3bbf8cba777,0x9057404b1581986f3c7e77a23d3480a428be7f921f57ce67d7445372d5cf8e91,0.68,2.584e-05,24994,24479,99,25797,2.584e-05,0.0,,,live
2026-10-10T03:37:14Z,0x4038264f275f93d468235f39bda4b2954bc67777,0x63bc44a24f514064cb489b36a1697d11e3354a633264cbf469a807f92dc12c71,0.17,0.0001941,46155,46469,225,44356,0.0001941,0.0,,,live
2026-10-10T03:37:14Z,0x407720065abf98b75e8b8bb73e5741cf1fdee0c1,0x4f695934e5ebdcd9268a1cc34dd357de4dd17eecaaa041674a409909af187792,0.89,0.0002124,37458,70631,237,48516,0.0002124,0.0,,,live
2026-10-10T03:37:14Z,0x407e6b32ea152f3f569b6f78a59de7feb8ae3ae8,0x4d8d8fa048c1beead09bf013b2eea84916297aa862fda23932616e518739704b,0.05,0.0003111,45305,104628,228,71070,0.0003111,0.0,,,live
2026-10-10T03:37:14Z,0x4091d5d2048aa96a03272080d46a05dadbbc0777,0x6a3867f496b20fc5eada6a0d27ccc1c6502e084fc3d77226cb22cf0b37e53d10,1.42,,,,,,,,,,dead
2026-10-10T03:37:14Z,0x40960ac97ad50a228b1dffa7019026dfb0627777,0xb42c30a72f7d0f9f320b07bfd05cefeb320ca793113ae8a152d91da72627bc4e,0.74,0.0001852,45208,47454,230,42328,0.0001852,0.0,,,live
2026-10-10T03:37:14Z,0x40bf79e4d7de54c3b3789baa8776ad970d205777,0x480977764c4088f4e55f2ca7a9ba0f0f5d70c92e6e714bb55806e9855d817295,0.78,1.661e-05,20092,59521,189,16587,1.661e-05,0.0,,,live
2026-10-10T03:37:14Z,0x40ee90a66e8b707488fb44b73e3c426febae9bf8,0x8b00d9c6e5d3ef348e2ceef1106b539a777ab4ab66f1b3f44658ebeac01d3300,0.18,2.101e-05,14690,137358,2338,21019,3.499e-05,40.0,,,live
2026-10-10T03:37:14Z,0x40f8492d4ac6d7b4a7a5082a65333b3aeba47777,0x4da23901d1a39e1f9e1a9f4a2622af2a9161ff5dde620f729c4d98ae3a816e7e,0.94,0.0001661,42698,34460,164,37957,0.0001661,0.0,,,live
2026-10-10T03:37:14Z,0x413630e6c2b6536892b958e3ea6f58a3515a1d30,0xab95e91d2c860403943be4b2ed365ac557c50e3a64421f9cb936ac71565cbd45,0.18,0.0001463,31039,42064,168,33425,0.0001463,0.0,,,live
2026-10-10T03:37:14Z,0x413b3965fa4864f42122981192c12e4b4b0c7681,0xd1f60c657c2283a9cdda64441635d73909b399eb9445f34d3ba09257878c4ce9,0.47,1.638e-05,362216,12109722,14314,1638891,1.638e-05,0.0,,,live
2026-10-10T03:37:14Z,0x413f9e9663d6352aa2e5b8acbd2c7fc185f24777,0xc50db7baaff2fd4795570a37fa5db3fd996930cff034b98b563b54d04cbaa143,0.87,1.064e-05,16071,7233,25,10625,1.064e-05,0.0,,,live
2026-10-10T03:37:14Z,0x4158caee80a13f0a8e67a677c559ca3f91db9777,0xa462eec7a68e97f526cddad62d1dc49eb839edefe3a811663cd037737d8d7b21,0.78,3.082e-05,27374,51800,190,30762,3.082e-05,0.0,,,live
2026-10-10T03:37:14Z,0x416d0c4b431cfa33b4a4974e3dfc9f5089137148,0x81af43b4a865633cd16c9758569cdb5846c54caf,13.24,24.73,70021,32855,142,107992,1308.59,98.1,,,live
2026-10-10T03:37:14Z,0x41b6507348903574246e570dd28f00e4e5728777,0x0ca21cce2bcfb48cba4631449487c363e0d9e25e86754e626ba793cd4213c158,0.92,2.352e-05,23875,49791,195,23481,2.352e-05,0.0,,,live
2026-10-10T03:37:14Z,0x41f27016821d23e58a89299259e6799d6e82bec6,0x0627978fff36c4014be550cb3e90673a3b18ec37b935a82577efa8b6353c77f5,0.24,6.738e-06,48363,47115,232,67382,6.738e-06,0.0,,,live
2026-10-10T03:37:14Z,0x41f3573001cc8147c199991acd494d057d272944,0x5dccdf761e95629d894434dcb9a1fa66d326af3862dfdbc51a771b481f9e808c,0.16,6.25e-06,6251,2,2,6251,6.25e-06,0.0,,,live
2026-10-10T03:37:14Z,0x42028460169b02ffdaa1efc947c70e9c64ad4c41,0x28ccadceda48aeb8fc85230d60575314930fd54343c0697ef97facdb9f31f4a7,1.36,,,,,,,,,,dead
2026-10-10T03:37:14Z,0x42d4df9975b68e38b2120bc7815d8a49fc7a3777,0x70b2cb66d2c400b6a38f1f2c071de16080963daf6fc7f68e10439aba5d98016c,0.89,7.072e-06,13085,1980,12,7058,7.072e-06,0.0,,,live
2026-10-10T03:37:14Z,0x430c34a706e977b03f3149b6eca7a9b315d11e18,0xa985540658f9c00ac10c86a44f356b96ace251c925799b01eb30e6ae8bb54d2f,0.69,1.96e-05,19608,3,12,19608,1.96e-05,0.0,,,live
2026-10-10T03:37:14Z,0x43ce89c583ec299b9170136934ff30797ae7bdf8,0xbafe78f5d465266c50500245d0d9ee5982fafee362e3b159a28f352a5aeee510,0.94,0.0002873,43522,90904,237,65636,0.0002873,0.0,,,live
2026-10-10T03:37:14Z,0x4444f2bfcb76f23ad8e411f11976c1a8fc592bd7,0x36c1a5c9b0fa0d94dadf8a638bdb0e35b56d6126083353634cde9a80d74676c5,0.61,0.0001613,32665,49784,171,36863,0.0001613,0.0,,,live
2026-10-10T03:37:14Z,0x4451ca0fb3306c6eb3a397d0a33c392498a0ee31,0x66ed91eccace73156c57d94f9f6631069c2c21a3f129da45a48ee98eb257d0e4,0.95,0.0001708,33551,55324,190,39014,0.0001708,0.0,,,live
2026-10-10T03:37:14Z,0x446b5fddec510b17ff36022ad832be4d9bc93bf0,0xec4cd7e4d2e8cdaf1ccd906dfd09b92f3eae07fc8aa8808c168a7a9352798d15,0.7,0.0001763,34082,46508,176,40274,0.0001763,0.0,,,live
2026-10-10T03:37:14Z,0x4483c8f5f34d6b09a6bd8b2e12b4245ff1552777,0xff12f354b6be0115eb0085de7de1d7f04be484c5c8ef4323e2d51f16b8460e8c,0.75,2.483e-05,24567,54267,179,24783,2.483e-05,0.0,,,live
2026-10-10T03:37:14Z,0x44873bee882ecb75b2f11b395ef158374e2a26c6,0x898cf713fc34afbe90bc8101c11f925b4a3dd72daa33f624a206e03120b0eaf4,0.21,0.000306,44889,95497,210,69910,0.000306,0.0,,,live
2026-10-10T03:37:14Z,0x44bd7f46f71a8c1691f0fbdd5feea5916f4f7bee,0xae2b8300e072aeb64752c2605f9fba0e9df7b43055cef72506a96607a1e07f5f,3.28,4.632e-06,6559,203,24,4632,4.603e-05,89.9,1,False,live
2026-10-10T03:37:14Z,0x44fbcbc32c5ed3ec68a05dc63f0a4432b0a67777,0x431e1557bb32410769418a1dfa9354fe56fb3537bf0ffafbe4da1e6479084475,0.32,0.0001941,46067,44938,230,44360,0.0001941,0.0,,,live
2026-10-10T03:37:14Z,0x45068ace846144ddfbe5f70f9d7c915905c719de,0xf7203767026f894460bacdcd67a1cccfe77072932e7a18cfe6bcb9ca91761a9e,0.35,0.0002465,40258,69712,239,56302,0.0002465,0.0,,,live
2026-10-10T03:37:14Z,0x452d1f744dfde7240f075ad088148ea57aa9c777,0x40e3a396251dab087aa26703b00089868cdfd1e240f37f3991f00679e321bd66,0.84,1.928e-05,21633,63155,197,19244,1.928e-05,0.0,,,live
2026-10-10T03:37:14Z,0x45a9ae57ae0af10517882f0576b000304f917777,0x8c05997a4995436318d9f3d460ced9c2ba9f962d2c2b037a03b2f2f7b1e094c4,1.0,0.0002338,50690,42238,152,53437,0.0002338,0.0,,,live
2026-10-10T03:37:14Z,0x45e5e6969d7641ca8080adecf2ea72f67e83532e,0x64c25647021c496d5464af265418e81c7fdd888d2478a55e9cf595ba0e85c96d,0.08,0.0003148,45589,98249,232,71912,0.0003148,0.0,,,live
2026-10-10T03:37:14Z,0x45ffc4716d3010f2b2ff8774537a84d5807f4eb4,0x7c7f1135e2424d799179371e95038194382d9b2d,26.51,0.09578,15542,166,214,93357683,0.09578,0.0,,,live
2026-10-10T03:37:14Z,0x4623c583b855e3baa0fb29153c437fec27485ba3,0x800c77e70ca852f1ed97e1f5a5ee1394b99c6c583404d7536a158ee10ee9c9b1,0.4,1.029e-07,10306,4510,90,10297,1.097e-07,6.2,,,live
2026-10-10T03:37:14Z,0x4674adcfb1bf9c531b5b03b93059e5251088bfb5,0x4829d043a8a198b5714dac7b007b2ef6c2b45d5261e7778cd980b94077315200,0.7,0.0003086,45091,94230,230,70493,0.0003086,0.0,,,live
2026-10-10T03:37:14Z,0x468c730ab39164a1c969043c56779133222cf019,0x5e97889490efa4158a5ed87c5feea768c630036b9d51129b20d22a96bc3203dc,0.61,6.324e-06,6349,71950,2487,6324,6.324e-06,0.0,,,live
2026-10-10T03:37:14Z,0x469b0839c2cb83d71b67fcd1850c30e8253e7777,0x6953bbf46d5742219d31c02aa9d2d2da151b526378579f16b9076ba7275bacc0,1.44,,,,,,,,,,dead
2026-10-10T03:37:14Z,0x46a56761f15fea6d18f13a2aeef510908eb852b1,0x2a1d6159dd2ad04d3c71560fcd5455c13a6c563c0d9739f0408d7561e0d7e5e1,28.51,1.806e-05,10922,645,8,18062,8.78452e-05,79.4,,,live
2026-10-10T03:37:14Z,0x46c92af79f8a18f7853d024d974d28b0458e7777,0x1e4f0947d95256f032aaba5df55b7f203f4dfdf0e4423732839cf82041dfcc3c,0.9,0.0001861,45247,51524,235,42523,0.0001861,0.0,,,live
2026-10-10T03:37:14Z,0x46d0906cecad15b18a317613594fcec377882086,0x7064ca597128fc037eda0dcd289036cfa48516db6e528301b6a1b99168ec57d6,0.73,2.501e-05,25016,2,6,25016,2.501e-05,0.0,,,live
2026-10-10T03:37:14Z,0x476809e520a46e1797f6bb168f83d146c165ec39,0x5249825fcbbfadba6a4ca50de459199a1beb37d23d796a015a66c45b347b36cd,0.44,4.236e-06,32481,51982,379,42362,4.236e-06,0.0,,,live
2026-10-10T03:37:14Z,0x47a898260ba03a3100acaf3fb73ff939a00ea61d,0x1edf4f86fa82462fdd58af9232186ad88f236fe7063838e9d2aba3e47293e6cf,1.39,,,,,,,,,,dead
2026-10-10T03:37:14Z,0x47b537f7c2c2183967fe5ba883291b8ada490db6,0x08a577c64162ff70293b60b7058d991ab5eeeaa8677a3cc8379bff71805e8a4f,3.73,2.192e-05,13681,42097,415,20956,6.5692e-05,66.6,3,False,live
2026-10-10T03:37:14Z,0x47c084ac65914f35f12190862f7fa7a617531334,0x757329365a29424c5562487108d76fe9da15e826ba5be29717d88f102bec7d96,1.43,,,,,,,,,,dead
2026-10-10T03:37:14Z,0x47cc79aa56530abb44c5f8b648dcf625f06cf10a,0x913a66772026b42bd3b83922647b8554936c33a0ad6ae3fd0ed104fd66846d70,0.08,1.973e-05,12976,47597,1103,19141,1.973e-05,0.0,,,live
2026-10-10T03:37:14Z,0x47fd30bf2f36009d650e18fc235de372873de555,0x48cde3849ed747050db530dd8311cad0243a1613c1fe6f15bc91f46911c61ffd,0.3,0.0002872,43414,76016,226,65606,0.0002872,0.0,,,live
2026-10-10T03:37:14Z,0x4879cd5fe9f57213618435fa2ad19f398326370d,0xe50a6ed732448eb8b5f4328d2646694cf57c54be90342ea585350470e91293e5,2.53,1.527e-05,11417,23915,610,14458,8.424e-05,81.9,3,False,live
2026-10-10T03:37:14Z,0x498a7c8457274e8d0f710ba2871dd909603a1747,0x1d872e022d11d45a0751ac16ce823b25d253000f,0.15,4.864e-05,0,12073,83,48649,4.864e-05,0.0,,,dead
2026-10-10T03:37:14Z,0x49ad03ed120735f6e5a486ada9597dcbf0423b8f,0x1e1ae75b26952221b42c779c479248af15849d01b82f0a126b79a2ae58657355,1.0,0.0002085,37066,52275,149,47622,0.0002085,0.0,,,live
2026-10-10T03:37:14Z,0x49eab8438f69d21096dfffc76738e37dc92cb3ae,0xe279b1917c69c8af6d36a8693d0cdf555b4e8ab0997a80519fbca9ddd2278d19,3.68,3.423e-06,5391,120,6,3424,5.603e-05,93.9,1,False,live
2026-10-10T03:37:14Z,0x49fb66338190a2f7ddb1b50d5e6865fc4d377777,0x12b8c0b8523632fa789bb1fc4dc32e16e5bbc1d4e48e6524b5ab8e6fa1900aaf,0.07,0.0001967,46529,48590,228,44951,0.0001967,0.0,,,live
2026-10-10T03:37:14Z,0x49fdfe53cc850c1f72c45e24886d423642b45ea2,0xe88c7fb8dd1af287d278ab1ea678475116bd52ce302f6fab4d24a4f2d2a9c110,0.84,5.053e-06,5054,0,1,5054,5.053e-06,0.0,,,live
2026-10-10T03:37:14Z,0x4a596fee6c29a21eeb35ae8a5cadc39da1db2360,0x16b070d1c854cc156263088804e260709542eae0b045bfa4bf7b0c2ac44fe820,0.11,0.0001343,29735,34957,141,30675,0.0001343,0.0,,,live
2026-10-10T03:37:14Z,0x4b89dd76bf7993f7aa82ab8e99f2ce901f246fee,0x8278965bf7f0a464bea54bfe8265ac4d9e118be30a7e3eae15723d576521b0a9,0.7,2.573e-05,25728,401,5,25734,2.573e-05,0.0,,,live
2026-10-10T03:37:14Z,0x4bc57e8ee8c3d0d1419bce948a1810c2cab01584,0xcb6db0c2cea9af8e6f165089394b5f1db25e3ae9f4f394434fc475e34e212177,0.7,2.492e-05,24929,2,3,24929,2.492e-05,0.0,,,live
2026-10-10T03:37:14Z,0x4bfb64896cc64490607236f7c91f98b026e21e18,0xb77e829024ef2cddc7d0f76269baee54c287bbb4c0efa234aabfd89812382c8f,0.23,2.005e-05,20083,14515,357,20058,2.022e-05,0.8,,,live
2026-10-10T03:37:14Z,0x4c106862a5d95619414a7e5add90f51f2eea3116,0xfad53634d11dd8ba9b19076def3dc6ff8b8c9336d5a3943c880328af76f4723b,0.24,4.64e-05,43062,9118,28,46409,4.64e-05,0.0,,,live
2026-10-10T03:37:14Z,0x4c466b0616668351967745e0f833e54dfc51730c,0x7c299746e750164d83f7d2daf8cc7e8ab6814d1351741f53ae872329999174e6,1.45,,,,,,,,,,dead
2026-10-10T03:37:14Z,0x4c68d8032e16b4ec5f3a4dad7ba873c891a90166,0x4aaef48f1e07bb6df32a0b3dcffa4638b7f2fe5ec57f7d33486422f8a82a4232,0.87,3.163e-05,58641,4141,17,31637,3.163e-05,0.0,,,live
2026-10-10T03:37:14Z,0x4c70aee738f705732b577bcd89b0623583feb0d1,0xa24b847907dfb8a3ed609f04acc5fdc8b187c48099403e6160bafabc23cbf48e,0.61,2.493e-05,24936,1,2,24936,2.493e-05,0.0,,,live
2026-10-10T03:37:14Z,0x4cc3e55f95cab91b1a3ea5d59fdeaeb94ecf7388,0xfb6da3b6fcfa9431155cc345177fa339b0f0f6b59790c865f8f6d8e2d89e3f64,0.52,0.0001686,33328,57570,187,38527,0.0001686,0.0,,,live
2026-10-10T03:37:14Z,0x4cc41797e320ed9efc480ac5f9eb7f7067f37777,0xb15e2968a1a03726faf73a74ee3120b3c0964659b2ef10ffcd0e2b293caf9760,0.31,6.266e-05,26162,2706,13,14318,6.266e-05,0.0,,,live
2026-10-10T03:37:14Z,0x4cf204acabdacb63ecd705afc2b1c4029f3c0777,0xcaff541579910abc5fe4e75ce5340f4db8a9583b978f3935ad381ace05dd3811,0.24,1.169e-05,16789,5063,20,11668,1.169e-05,0.0,,,live
2026-10-10T03:37:14Z,0x4cf4061a8d59211dbcf5177fe94a7fc7e07fa45e,0xa1b7dbc967865e0ff896ca4871e12f5b4fd231f513dc963b1bc35979cc53c213,4.26,5.828e-05,6347,3384,102,5808,9.6599e-05,39.7,3,False,live
2026-10-10T03:37:14Z,0x4d066ab4d924b7b3d01c6ecbfc142efe33aeb7fa,0x671b0a6a58ddd96af8b3927aa3d44d6c8cb074120e0b2a55dbe662b36bf915c6,20.32,2.102e-05,13400,24492,289,20396,0.00108639,98.1,,,live
2026-10-10T03:37:14Z,0x4d4fc8e9da5f4c8f826bd73847e4644d7cb00dcc,0x9bc84e74a718636d032778ba6970efd1c8147e47a18387fb5c27a0627b08b472,1.33,9.812e-08,7,2,3,9813,2.845e-06,96.6,,,dead
2026-10-10T03:37:14Z,0x4d942ed7ecc58203dbbaae596e19029d99ed7777,0x74b72da57f9db7949adf3e2771dda1e16b6e31aefd5e3e3636ca2a5e21dd3409,0.87,0.0001955,46436,51161,233,44678,0.0001955,0.0,,,live
2026-10-10T03:37:14Z,0x4dc9da81fa378181e113d7c67f77adc5cd857602,0xc8e72e2d5965e801ad910bedbbf17f95c947587cac1ba1b3d55f675d28cee473,0.45,0.001649,106097,145655,532,1649200,0.001679,1.8,,,live
2026-10-10T03:37:14Z,0x4dcc63d03d0c1c84fcc1dd9ebdb52b972f30641d,0xa6637607945e0814504e922c63dd04739e5411ec46467464dbdbbb57a2e33fac,0.47,0.0002769,42732,70346,239,63249,0.0002769,0.0,,,live
2026-10-10T03:37:14Z,0x4dd2e51ddbb781a5983af30120ddf673646fd1d2,0x5f080b3beacaa57d81fcf39334150ef61f8382fd09f4e61917c1ab634aae726d,0.86,7.219e-06,46503,43258,224,72192,7.219e-06,0.0,,,live
2026-10-10T03:37:14Z,0x4dd6e5cc33b9c63401234884f44aecbd1d11c750,0xae551bf45025e1e68bc4978bae3a28a920cf786061aad04f23f0f41cb0b05f5e,0.52,2.524e-05,25247,6103,6,25248,2.524e-05,0.0,,,live
2026-10-10T03:37:14Z,0x4df21d5f54cde6c6b9fbebb9d74f1d8d67927777,0x61837b0ed6c54dbc832921a28b15a301d8a6d6c3418988e0e43233866a14c89c,0.19,0.0001821,44705,42957,197,41615,0.0001821,0.0,,,live
2026-10-10T03:37:14Z,0x4df3994db6192f2e430a318e906d09f0ae956718,0xaba30566b2ae4c8f53bf0d04541beb5dedbf21682f090b17a4ef7be59f9ca17e,1.48,,,,,,,,,,dead
2026-10-10T03:37:14Z,0x4e268f8d9e3886f5ec2bf27c7929c61faf467777,0x063a06d7b11b06faf4e84c4360a55ba6b16d3fb6b7ea9caaa9cb109c4cbec13b,0.19,0.0001346,38444,23516,119,30774,0.0001346,0.0,,,live
2026-10-10T03:37:14Z,0x4e2c833aa2bb8b8153b995424cae393136f0c777,0x00a7c7b14dde167bba7fe5ea19b5807edef5380d10687b59456d71b3ac168092,0.44,1.95e-05,21711,56618,200,19463,1.95e-05,0.0,,,live
2026-10-10T03:37:14Z,0x4e70bcc22da651a6e26e7ab9e6b4d4d8db5310d9,0x4361c54594d9ea9c6e14c5f6d571a4e5c0bf0631c016eb026af4ab982ad93570,0.06,2.461e-07,24610,139,4,24610,2.461e-07,0.0,,,live
2026-10-10T03:37:14Z,0x4ec30ab60a84916743cc6aaf5a9338b06f8f8e5c,0x19586f702150ce9478c840dad31be295a87f2faee7fcb2d9cc03a7ccd294bbd4,0.42,4.322e-05,40686,7938,22,43225,4.322e-05,0.0,,,live
2026-10-10T03:37:14Z,0x4ee7ba1b62d8d19c41b4cdefadf34fc1aa97cba3,0xebb816e07aab8a15129fafa2a4459b350b6f08b48cd5b7e82ad5be088c1a52d3,0.27,1.016e-07,8640,29,10,10165,1.016e-07,0.0,,,live
2026-10-10T03:37:14Z,0x4eec4c7389a200b74be8ded44906b6523c3ff026,0x68fadf53c99b0c466c11d668895fbbe74b6c6543836ce14eb7a58a2dce03e6a1,1.44,,,,,,,,,,dead
2026-10-10T03:37:14Z,0x4f1857c09b727c335fe8ebaf21e19c7b7ac1282a,0xd98a2abca354ead56b4c1182df41f99a0b119778a85b1f7d5e7a0a3b30924081,0.4,6.043e-05,52600,1673995,3600,60437,0.0006657,90.9,,,live
2026-10-10T03:37:14Z,0x4f5100a3cc140060512402a7e47ae522ad10afa5,0xf2c082ce3581d2ff2340f82725ef56fde1ca437469ef85cc1d7553b7415f009c,0.28,5.872e-05,19636,8618,35,13412,5.872e-05,0.0,,,live
2026-10-10T03:37:14Z,0x4fbd7e2071523c32d52115c4c730514d79fe40db,0x25be4d46461e88d3660997ce6befe0cc9eff4f1472172eea90fd0015d643cf52,0.24,4.701e-05,45037,91948,285,47013,4.701e-05,0.0,,,live
2026-10-10T03:37:14Z,0x4fec605bdc6be92c6ad6e2308bc085f2a3b41e9f,0x2ba5fed9f02c95916152435109a90e73c7ce11e76a588bd5ff92696976be1339,0.42,8.469e-07,12306,1683,13,8469,8.469e-07,0.0,,,live
2026-10-10T03:37:14Z,0x500a02a20b0b0a3f3efccfc0559543f5743bd1c4,0x336ff94eba8a6ddc6b022e90fbe04cab9376fd68bab5b120810076a8555334c2,1.98,0.4903,20374,1194,19,78451146,0.4903,0.0,,,live
2026-10-10T03:37:14Z,0x5040d75dd94ed8f0fb00c0a16fac3ca957751e18,0xb6fa487ccfa0107877d7b0d780ba19c7d2e4ce032391556f41578d4afb3bea33,0.75,1.987e-05,19870,80,6,19870,1.987e-05,0.0,,,live
2026-10-10T03:37:14Z,0x505b0fa5aecdbc9f446573e6b02bb0efdf9c4247,0x6f53fc4b552d78733eddf1828db7023f34f6ab7f282353c2175d7f493b9ce660,1.43,,,,,,,,,,dead
2026-10-10T03:37:14Z,0x50964a1b2425d962fd8f6c97e3f827a195087282,0x452b3c4a021db9ff515b8db2d8370336e759ea97,0.71,5.096e-06,5097,0,1,5097,5.096e-06,0.0,,,live
2026-10-10T03:37:14Z,0x50d163a87fb8b39268cbf692cfbaf76a8f1e0066,0x85affa754030fcca24451003c55c935daa9a8be2dd5011f960ee81aa90f12151,1.08,4.312e-05,19183,103375,1404,41571,9.682e-05,55.5,,,live
2026-10-10T03:37:14Z,0x50f3ebb2e2b9454b37a3f7617a82fabefdb57777,0x6047b93936501f613d2f64441eab4b945f744fa65e9cd380ce4aa363bff3cc24,0.94,0.000215,48612,50236,238,49131,0.000215,0.0,,,live
2026-10-10T03:37:14Z,0x51033af63f9c90910f7736316edce43cc5e0a82a,0x993ee474799c7aa248e2e090227e4fc7a450989d9b7b946f0bc2b81476e04c14,0.78,0.0002297,38995,69219,238,52467,0.0002297,0.0,,,live
2026-10-10T03:37:14Z,0x5143d805b0c9e973029e7a8e1248a53fb37d7086,0xe98cc1609fe167b70553684d029d4a0de0ff3233,0.26,2.765e-10,1,482962,1915,,0.0002102,100.0,,,dead
2026-10-10T03:37:14Z,0x5170dceec3284f0ffdde845a89273b1a694d7777,0xaa3f4d8a6a2995a6daeb2c0e16650074cebd9fe65a664906f5392db8562f6ddd,0.93,0.0001763,44044,44393,224,40302,0.0001763,0.0,,,live
2026-10-10T03:37:14Z,0x51de3d9656acb0b5712222b3d44739ef39ed7777,0xe0c2c6d3c2b964cc01642eff6622d91d2aa16f808589742361b09a85be7a3184,0.63,0.0001877,45490,49859,223,42887,0.0001877,0.0,,,live
2026-10-10T03:37:14Z,0x520fdafca62193fd12309f7500e13cf81d844777,0x362474048431ffb0bf9068e8e25099cc7791ef30195c8838f5b42b5a25a2cf43,0.73,2.937e-05,26700,57089,196,29321,2.937e-05,0.0,,,live
2026-10-10T03:37:14Z,0x5270395fa73e1bab3d5d278342b9ed85a0b50777,0x8f0b94034106fc08a1d1ad53b4b8527fa3fffc1b3b366122085b481c0360e6a6,0.76,2.221e-05,23241,49699,166,22171,2.221e-05,0.0,,,live
2026-10-10T03:37:14Z,0x5272c9d80bcdb5bb00824f1d47abc8c11895b2de,0x9a53787f9a356da996c87681e2346271c9b8b034,1.69,1.147e-05,10061,3283,38,10406,2.662e-05,56.9,,,live
2026-10-10T03:37:14Z,0x534258f825ae71646a8c72af5a8264dc174d1e18,0xfe7e1f7005256416810e14e3001efe6078eef749c95cd71e7a139a64d43f446b,0.67,1.964e-05,19652,1777,33,19649,1.964e-05,0.0,,,live
2026-10-10T03:37:14Z,0x534b48b793daab75c00365e842308fb0b67e7777,0x6b33ec3970e370d3e851f7f04613d68435d927b20d9fe7c2cb5cf1a450f0af3a,0.85,0.0001795,44481,48526,234,41029,0.0001795,0.0,,,live
2026-10-10T03:37:14Z,0x53c0d75b09a58764b5958e315c80f8c70a737ab3,0xf2995cfa03d3c388da7443188a893afa3210e6869a714d8c1860c5dd8995e334,1.46,,,,,,,,,,dead
2026-10-10T03:37:14Z,0x53ecedd29afab48b8cebbcf6de93e1da1e970777,0xd6c991af15e75a0d8912139e3900f4e154098e9974dc5fea6e5220472ccc1ba0,0.14,2.163e-05,22858,61937,197,21597,2.163e-05,0.0,,,live
2026-10-10T03:37:14Z,0x5417eaece3885552e777fcf133254e641449ae73,0xa5646674f1481a4175be56a413514a0bee8ff70ffeb4d05cc13af6dffc95933e,2.43,3.97e-06,3875,415,19,3971,3.176e-05,87.5,1,False,live
2026-10-10T03:37:14Z,0x544c15a58b4800c8521b632ad1d9fa60ae191777,0xf4791adfe92c0b03a66908e436bf0eaceeacc1042c84e6ec4e1766afcb408dca,1.39,,,,,,,,,,dead
2026-10-10T03:37:14Z,0x5476c3cc8ca9255fa286d66a4bd892b9c7d446d5,0x4f8429cbfba3fc14516a4e6a6b472e7e3410fdede9e33b12430f3061c46256d8,0.61,6.355e-05,54717,95471,212,63558,6.355e-05,0.0,,,live
2026-10-10T03:37:14Z,0x55555555a2b898ba0d5bd50bfc3dbc883ed43866,0x6a4369206a5ffac2d71588623588bd45a1cea97000f78215081911f91a0886b3,0.31,0.008253,8254,738,16,8254,0.008283,0.4,,,live
2026-10-10T03:37:14Z,0x5587469bbbb8996ff09811ae6d19550aff1ba6e8,0xdf6f0d4410b7a96aa1b500cfad68a64e44b792e56cd8bf91642a8a777c12a41b,0.43,7.651e-07,12324,1200,13,7652,7.651e-07,0.0,,,live
2026-10-10T03:37:14Z,0x558d270eef2eac4e13c25469b921df93046ca724,0xa5b3513dd473d11ce2675fcf8fe149e28571e07815f04f50bb62e7204dbf8aec,0.68,2.358e-05,26423,30082,257,23588,2.358e-05,0.0,,,live
2026-10-10T03:37:14Z,0x55df388da20fa72279731e6f813f87530bb016be,0x794aef4efd7beeca4868e6014b5cf119e04969e1bdb0c02f676ac0a5a5a2ec8b,0.31,8.174e-06,43155,45880,234,81745,8.174e-06,0.0,,,live
2026-10-10T03:37:14Z,0x561c67c31870c5e254d0e4823c0928de4cbd7777,0xf499bd66e25136e6c05e53d1e9b13f70fbf3f4eefc9782b724a70a818289f4e0,0.09,0.0001906,45767,48753,230,43556,0.0001906,0.0,,,live
2026-10-10T03:37:14Z,0x5622cab84bf65d32a09de8451c34b2886a1cf777,0xa064a32fb2c73613060a6cd507641240cf97412938c2665526b483b757873923,0.97,2.265e-05,23424,39210,130,22612,2.265e-05,0.0,,,live
2026-10-10T03:37:14Z,0x56235c1315f5daef6908960b61f01e2227a47777,0xd9bb6d1ff8d3f511b86b0f8199d8d28a3342b12d0adab79341fab9afdda458e6,0.64,0.0001712,43463,41314,203,39126,0.0001712,0.0,,,live
2026-10-10T03:37:14Z,0x5628dc5161d46f6c52896bfc73578a1f7e84c777,0x089279d6aedc69210d4233cac686f46cbbdc58e836c5eea81d5ad0504c23acd4,0.3,1.388e-05,18283,16341,56,13856,1.388e-05,0.0,,,live
2026-10-10T03:37:14Z,0x564420444b73a7c62b492ce6c8b0cfbab5518777,0x4ced012ce902ac4b2c9af851e945dcc426f1b39bf2c51404ee83338e38e4bce7,0.06,9.617e-06,15261,6657,29,9599,9.617e-06,0.0,,,live
2026-10-10T03:37:14Z,0x5765b40bfedd96a8b83800c13afa2466492ef9b9,0x1d778a0cb48f966358d30dba1e5714cb86a68eea,0.32,2.489e-06,2567,6372962,18566,2490,0.004052,99.9,,,live
2026-10-10T03:37:14Z,0x578ef0a068229ef2c1c803d51bb5e5e58ab684af,0x6b7f05ac8206dadfa4bb3f94fad6b6107a4d00c95628a8c5962b41f04d2d996f,0.93,0.0002049,36768,61918,230,46811,0.0002049,0.0,,,live
2026-10-10T03:37:14Z,0x579544a4526789cad54f00fb03653f642327f45e,0xf79921e4b9d709d5689998b77e72e5b3be73cbd04f8e3baea683142fdef8a06e,0.99,6.597e-05,56164,49106,264,65974,6.597e-05,0.0,,,live
2026-10-10T03:37:14Z,0x57cdcc0238f7afea4e58507413cd8582994a7777,0xb41f25165a79fa9b8bf3c37b68f3215f8173f456612526c6dfce84c57aac1719,0.29,1.814e-05,20888,30413,100,18108,1.814e-05,0.0,,,live
2026-10-10T03:37:14Z,0x57e87e84bd8d2d83bcec1fc3d0ad3c97c5fe1888,0x6db411e4caa4817ae572150ffc278d2932f31979531a703cf3bc8149ea78ed1c,0.13,0.0002274,38696,60927,233,51952,0.0002274,0.0,,,live
2026-10-10T03:37:14Z,0x58499d549efb37652b776c8b155ba5a2b7c88777,0xb2b5f74afc093d40a691358e824820ba6dd17cbe0894151e09572ca58a6c273a,0.81,1.469e-05,18903,19267,81,14668,1.469e-05,0.0,,,live
2026-10-10T03:37:14Z,0x586d84b4765b15edfa91ab29de30556cba92ca39,0x49a7c4445b9be3441f0a5431c6de649520b1428015e89ae524a42cba3bbe452a,0.16,6.13e-06,37011,48057,381,61301,6.13e-06,0.0,,,live
2026-10-10T03:37:14Z,0x587539e0593c53be062dc91f10e9d727b7964a1a,0xf1b877c30ce23ca5da9739e1ff9d9a443cee17a048b0a540fd3a85685d0cb7e8,0.16,9.954e-05,62095,296391,885,99544,0.0001437,30.7,,,live
2026-10-10T03:37:14Z,0x58c31afc1c7f1f4896fb7441e2fe0642dc5c1e18,0x37b692868b3b0cc6ad50d736d2721ba2d8560baad9093f79604265b1d0fc758b,0.23,2.001e-05,20029,6769,138,20017,2.016e-05,0.7,,,live
2026-10-10T03:37:14Z,0x58c91a811275df41758a96457e4a951cdfc0b9ea,0x2d0f2e3e47d4945c4a3779e7b84358005d6fa2828fd967479e2a40ff89dfd7cc,0.43,4.129e-05,39225,14277,33,41295,4.129e-05,0.0,,,live
2026-10-10T03:37:14Z,0x58cd0369db08dc9a1c7f8055b1e09c4bec18d68d,0x5d38a18485502da0e3419512a47ad87d4621301eaa59baf412b8f9216846fbab,1.41,,,,,,,,,,dead
2026-10-10T03:37:14Z,0x58f4f2810a65e556081789a946fbabbc3705e777,0x475c1b004a9750735dbfb3550e9cbf4359c40496e9f85bd68a337bd3e0acf6b0,0.38,3.182e-05,27680,52531,159,31767,3.185e-05,0.1,,,live
2026-10-10T03:37:14Z,0x5920919d31e48ba7d3aa70356d074c3a65013fb9,0xabbc0c5c38c61eb17ca2b951829374fe42d438562ba762474922bd925b9cd18d,0.05,0.0002298,38932,66232,233,52503,0.0002298,0.0,,,live
2026-10-10T03:37:14Z,0x5930f9b8815c659da74a208e2e3d648473d243f2,0x6d5910737fdd3f6b63490929161d8b27ddd4520ba67d4ae0cf0a1f7f0654d22d,0.62,2.563e-05,25628,330,8,25632,2.563e-05,0.0,,,live
2026-10-10T03:37:14Z,0x59452fcd5232e798d173dfdfb19d0093ef180d7e,0xb01ea79c8720e685d84f33bba38bee0f94acb8f0021a6810848a5f916a96a160,0.19,0.0003063,44898,92167,232,69961,0.0003063,0.0,,,live
2026-10-10T03:37:14Z,0x5947077a9dba7011e2be36c3074a57a3c428b043,0xa9841c38f25cf64d455bd284766db81de4ff4a76fbff4ef28a19e3011cbc5a02,1.34,,,,,,,,,,dead
2026-10-10T03:37:14Z,0x595ea19dc51102625f350330e1103e1a73020f4f,0xee229d0061607c41ab1e75c018ba46be0c5ad12aa3eeb045ce43e477c3336238,0.51,9.205e-05,70808,25885,71,92056,9.205e-05,0.0,,,live
2026-10-10T03:37:14Z,0x599a100e7cc4419e30a67b20dad6a5f98adbead7,0xb2eca971385e37dee166ca8354ad147cb93378914f24eda21f6f4d695195eeea,1.35,,,,,,,,,,dead
2026-10-10T03:37:14Z,0x59f52796d308503ccc7005aadf824b9afee07777,0x2b377688895cfb3b001ba2d98d6e2bb9ebf72a32b1d4d755f5588f7ac8ffb111,0.8,0.0001767,44130,50510,231,40388,0.0001767,0.0,,,live
2026-10-10T03:37:14Z,0x5a0c0382231590e47ae3e97c0ef5d0deff7a2307,0xc7c4ffa93fc3a2f3dcec2aa7d88ad57492958a65e26bb7fa041d3b9a1a07b8de,0.4,7.665e-07,12343,1206,19,7665,7.665e-07,0.0,,,live
2026-10-10T03:37:14Z,0x5a28eae8d5d58a9befa7f1b67964163e75a56777,0x73615e8d2cae81127d6e6f74c26146380238578266152b277afb337ad2b55127,0.44,1.053e-05,15956,9186,34,10513,1.053e-05,0.0,,,live
2026-10-10T03:37:14Z,0x5a451ae6c49ab4838d0b9487a4ddfd53be257777,0x6ae0deeffcee834825cc416b5000942f701df15cab97677fbdbf85565ab24f0c,0.16,0.000203,47211,49382,234,46403,0.000203,0.0,,,live
2026-10-10T03:37:14Z,0x5a7206160dc823642721927aaed415a933420d53,0xc0b07eee6695a88be5e2b2f85abfc8a3d8e521dbc1987f93a176e8dea3bab52f,0.85,2.7e-06,133634,11355023,11726,270051,8.699e-06,69.0,,,live
2026-10-10T03:37:14Z,0x5b52c9cc6a60c65c020c080b188af10217c74754,0xee998b48444fd1de40221b9ca923c70499ec55fe78af40625e511870f053ceae,0.8,1.006e-05,10056,2,2,10066,1.006e-05,0.0,,,live
2026-10-10T03:37:14Z,0x5b952795573140f857941a1c82e650f0b66e426c,0x7102e66d134a3a4cf6e0225a2e25a505f991e8c2933eb40987952d175396b7db,1.35,,,,,,,,,,dead
2026-10-10T03:37:14Z,0x5c31ca29ad6ffd51aaca14ecc73f5cb52e021e18,0x409f5b28fa522c9e4725a72ebc4fde742d419df12c4ff2a1e76fd4792687b7ea,1.47,,,,,,,,,,dead
2026-10-10T03:37:14Z,0x5c80d9939811862c00be37f4840d1e597dac0a56,0xcde16c88db70da1163398de55037a4390bb225e4,1.51,,,,,,,,,,dead
2026-10-10T03:37:14Z,0x5ca1e852d1f294f7389204a81bb40a20d2d7bf41,0xbfe4e2ec594d8c0dfe91a6adcbc6a2d818f6eaf56da5298de6105aab5ed5598f,0.12,0.0002977,44287,95018,231,68000,0.0002977,0.0,,,live
2026-10-10T03:37:14Z,0x5cab77742bfe7a24239963a7ee74b5b98cc58f66,0xd9e89c3b4c623f81f3178e72a2f26c63d630182a0d34d65fcc7eeaa3c2ec141d,0.91,0.0002674,41983,75450,242,61094,0.0002674,0.0,,,live
2026-10-10T03:37:14Z,0x5d2e64b55792d972b99de0cbe92e1bc932a8057b,0x4d5739034565f9a7fc65d4d38f77e7b4ddb5950435d6842c9e5bc6151f80aa7f,1.43,,,,,,,,,,dead
2026-10-10T03:37:14Z,0x5d61a17d21bf83f4a7a4cf993a4c9b46b2481777,0x6e519d3a5e9b644571837781e16daa31c45dcb4db615ae5cdc65b955bf491ae1,0.6,1.15e-05,16701,7188,28,11480,1.15e-05,0.0,,,live
2026-10-10T03:37:14Z,0x5d6ca2ef84b2a55f46e44297980ca10038fbd247,0xdbc33e0446e98f82534a616fe6b4f268a5961a7807b6177faf7ac83bb6ccc72a,1.26,2.856e-06,4343,2026,77,2856,1.068e-05,73.3,,,live
2026-10-10T03:37:14Z,0x5d84ed5a14492e0fd0e3ea4a9265988ed728543e,0xdd62d60448e0c63efbaa97b3aadde4bc4dd1ae317107d4685e8227c409e98221,1.34,,,,,,,,,,dead
2026-10-10T03:37:14Z,0x5e37710cb0cccb3c896a62d9b4969a0883419777,0x62044c42ea143f63119fe226a7934538ff6e428f79364f608e575d30432ec05d,0.6,2.333e-05,23792,64114,195,23286,2.333e-05,0.0,,,live
2026-10-10T03:37:14Z,0x5e4e8bda4c647a95658211184dd8af5815ea1e18,0xd36daa584248bc359d9d8c95c07675da9b4b7cbf3ff99cd21c10fd4a8c187e65,0.19,1.996e-05,19961,49,6,19961,1.996e-05,0.0,,,live
2026-10-10T03:37:14Z,0x5e8314c66a029e97a1b4b23a4df35b50c1e3f1aa,0x1419fa99fc5b7a0d79e93395be922e5b7d30b5d7088a5ca7264c6dfb90dd5215,0.64,2.583e-05,25827,393,5,25833,2.583e-05,0.0,,,live
2026-10-10T03:37:14Z,0x5e8dde998511c81eafce4eaf455d58c9ee5d90d1,0xd6c6cd94f064aef0a2c6389c80fe0445192d9fb8,1.4,,,,,,,,,,dead
2026-10-10T03:37:14Z,0x5eff0eab98e167d264cecccce576b9fb8e2bfa43,0x9d6e5484b2eaa3c907fa925d05c6f12bdaa2655038f1161ebdfdaf355f16c3d7,0.27,7.131e-05,21647,14673,67,16289,7.131e-05,0.0,,,live
2026-10-10T03:37:14Z,0x5f780d633ce0a4879de9405b2518db13ae784777,0xa99755bc0413a526145258ee2e081e7c0c6e02de3e2c30e239ad325ea4aaf505,0.18,2.768e-05,25852,45529,166,27634,2.768e-05,0.0,,,live
2026-10-10T03:37:14Z,0x5fc54b6cbc5ccd9b112ddff3326caeeaba33d168,0x339cb720899e12b9851df69496963f7d588a4ed5ae37874ea1e91693ce5e1598,2.13,0.9468,9507079,126,3,946825501,1.006,5.9,3,False,live
2026-10-10T03:37:14Z,0x5fcbdf8254f43ddca05e8b3f515a7d34d93f94cc,0x843322e35961c344bad16e04dde419fff82eb58ee04180a86b841b6bb43942cd,3.15,3.486e-06,5450,21,5,3382,6.56186e-05,94.7,1,False,live
2026-10-10T03:37:14Z,0x60ab0109a2ea32a8021748f21186fe6845fb7777,0xfdb86d342620eaf8c698a649d5bb98df3900412d5f05d481660f7d7beadcbafc,0.35,0.0001838,44896,49702,230,42015,0.0001838,0.0,,,live
2026-10-10T03:37:14Z,0x60b5d0c127cd65eedac2d073273e6dbd959e61b6,0x9669d451b50be1dbd006aa8f3acc8ba155f5c67492ca2844a694ddc8f57f113c,1.42,,,,,,,,,,dead
2026-10-10T03:37:14Z,0x612283649435710963cbc5dd39c3885864767777,0x36d3e4eab58d6be5cc34d8b36d08541715d02cef40cece8d3d9057c95cfb366a,1.36,,,,,,,,,,dead
2026-10-10T03:37:14Z,0x6135b982ab490af13db1274b807ec5f149fb7777,0x9a7b9018589b6ab99667c747fc218eae45bd46169974c9c6b2776c1ff8e2355a,0.61,0.0001883,45563,46596,223,43032,0.0001883,0.0,,,live
2026-10-10T03:37:14Z,0x61389525d3006567898dc2d7cc95fecf47de8804,0xebe20db1d4438089443a82d8f4bf6bb1bfa6942efb43e649396c76a9fc0b8873,0.62,2.619e-05,26176,1499,15,26190,2.619e-05,0.0,,,live
2026-10-10T03:37:14Z,0x614f458c0a0de70ec7fc84380440e422465a5ca0,0xe1b8dc17bf8edd1be1f0e78d20c2e4ffe5ab8479,1.16,1.088e-05,9960,1291,27,10889,1.292e-05,15.8,,,live
2026-10-10T03:37:14Z,0x61dabce28e75272f335029cc3f06fe4c9952b42d,0x2558d625ee7f285865198ba8c6493313c944b32491dc99f068966e78e63b5d24,0.38,0.001068,7480,0,1,7480,0.001068,0.0,,,live
2026-10-10T03:37:14Z,0x61e0deba0a6bd1d0df92af816739449c861e3cce,0xeac7a9ef9babd0ca9a579d30fe194c31dfbdca970e0531977308cc2429768b0e,0.43,0.0001411,34700,1088186,8500,140320,0.0002747,48.6,,,live
2026-10-10T03:37:14Z,0x6249630179060ff065a186db74fe2b9e41cfdf18,0x2e0417209b1b39457f49b0a2287fd528455f693e92b4d7ff91a68675f5c68346,0.91,2.5e-05,25008,998896,2821,25008,0.0003481,92.8,,,live
2026-10-10T03:37:14Z,0x624ca2040b11b89455e49845c24efce416a11f52,0xdb563785d31816dd801ae92b9577558e87a22dab8889c7e9cab72cd15afd343e,0.87,4.513e-06,33858,50066,367,45135,4.513e-06,0.0,,,live
2026-10-10T03:37:14Z,0x62532443ec7a82c77ab12c4122852b2c95220c34,0xebc3a1b62ee1e8cbab9da0b4448c0ef9c031b1e399eaad539c676580530c1803,0.68,0.0002861,43416,96833,231,65365,0.0002861,0.0,,,live
2026-10-10T03:37:14Z,0x62671c96d2bf1652864d89cf99e700a1ccf77777,0x058dad76e8cb1a2183d55e2cfdeb62f9ed13fed242aeac9023e075f3487a81da,0.98,0.0002585,53341,55992,235,59083,0.0002585,0.0,,,live
2026-10-10T03:37:14Z,0x62979aeeb503413c4eab0085266e3b27870d8a89,0x0ec1546d9212befce8498d85a8c3523aaaa088124b5bb94f3000e0d06ca249b6,0.76,0.0001842,34951,64767,234,42087,0.0001842,0.0,,,live
2026-10-10T03:37:14Z,0x62b46667d432503818860a762c52e5768960672d,0x3be54f9960c054ceb61a1c3dc5d26ba53bab881e426279f1d61514df90956c6d,0.84,6.444e-06,38153,70534,255,64444,6.444e-06,0.0,,,live
2026-10-10T03:37:14Z,0x6306cb51aa217f37d7e93adbe2d85696ec6f7777,0x3b18ec9a1b31b7d922e338af070edbe97d01a8dda28599f5c700eb4305f3ccf8,0.44,6.114e-05,25921,518,4,13971,6.114e-05,0.0,,,live
2026-10-10T03:37:14Z,0x633ca61fb9906de8b87330cc8487bc44b5bae2a0,0x7598ff8f556ac1de38c2ee8cd1b6751b69665f802747fcf979977b0556bc9904,0.64,5.829e-05,51345,64342,170,58292,5.829e-05,0.0,,,live
2026-10-10T03:37:14Z,0x63758166e7f36f2e68a15ef2a1d8a6d44de42efd,0xb7a5a496940cccadd7e7e8a2ba307555f1ee8e6581a4b671b08d2694178d087c,1.71,1.164e-05,10505,1381,24,11647,4.104e-05,71.6,,,live
2026-10-10T03:37:14Z,0x63c12667638f2ae6fc6ae09b43d98ec84a8586ea,0x0d023852c8ca6599d25446b8f78c61c17105e26af5c9761607e26326e78f5f2c,18.17,855.46,312795,55412,346,5978780,2791.43,69.4,,,live
2026-10-10T03:37:14Z,0x63c639888582d7a550f734c00b0949715d852205,0x8bbb30ea29e4d52d7fd52d78e7ecc3accef450d1d5166051bf8ead5bf3afb60f,1.44,,,,,,,,,,dead
2026-10-10T03:37:14Z,0x63fe11730a977a6e1638109a9f2821cefcef390c,0x66e66caf2fe368188f4d3c2a8770b6cf1adfdd66abd992698d2e2eed7bd125a7,2.15,2.873e-06,4954,68,5,2873,2.3e-05,87.5,1,False,live
2026-10-10T03:37:14Z,0x6405c1304b7c8353ebdf38f5a4952fbce0e50442,0x0ebb67ea9e7c641e26376c63b78b28b9b0d9c8de427b68950851008d07c4acf4,0.5,2.486e-05,24868,2,4,24868,2.486e-05,0.0,,,live
2026-10-10T03:37:14Z,0x6406000dad50aad383ae76a2ff0c01ad14562d81,0xa1c3ce35ff6268faeace84f38377af81d7e6e998badb3d0b7752a6d39fbae857,0.42,0.0003652,165712,327135,925,365211,0.0003652,0.0,,,live
2026-10-10T03:37:14Z,0x64148c0f28902ae9401077019aeb6b017587d547,0x4951177f820db7bbb81331543f443cb15c4f09090faa200273aa73df126f8692,1.48,,,,,,,,,,dead
2026-10-10T03:37:14Z,0x6435630d6b9b44039963061ed55755c93caad5cb,0x64d17f2478cf3a436895c34d023f5da724551eb62c8d26d4fd1c0513a175124f,0.83,0.0002691,42196,71017,241,61464,0.0002691,0.0,,,live
2026-10-10T03:37:14Z,0x6446a072e4f0df4c4a85ff7c69756bf5e84f65d9,0x90cf8450f83a0ef3965293b188b2d70819c47465,0.13,1.887e-13,0,35619,31,,1.842e-05,100.0,,,dead
2026-10-10T03:37:14Z,0x646a9ebb1c56632e203de6deb75d2b3028890a9b,0xdaeeb761e12c0946db9d40d2204628dbc3699128,0.37,12.0028,120900,317775,757,520856,14.31,16.1,,,live
2026-10-10T03:37:14Z,0x646c0204a6583b36dfc73609897008b94c1f2ff2,0xc4297d52ac1a8e28785fb01001d198f912bf8d2611ba9fcfac09fab8ad09b3d9,0.1,1.243e-05,12432,375,11,12432,1.243e-05,0.0,,,live
2026-10-10T03:37:14Z,0x64877c3da8f0ec25ee273a3b84d2e34975d0ca16,0x1a58e013da7c7a1788e098314d955901ebc77beaef9e1441f52173e856431a09,2.35,0.7003,15086,8551,115,23344,4.55,84.6,2,False,live
2026-10-10T03:37:14Z,0x648f8ac20c046ce0b31a3e0e54396c8bbfc3266b,0xa69ec50f361fc88331f11cbeb8cb14aaa628f9e99c6a656aa342a8942703fe3c,0.12,0.0002369,39510,71016,238,54123,0.0002369,0.0,,,live
2026-10-10T03:37:14Z,0x64c9d8c86379d94e79673efe1c8d5376f61be701,0x62be05ca233e751bb62aca8773e372b1e62d8ab6c1415570081ef39d25d7f187,0.07,9.826e-06,9827,5,2,9827,9.826e-06,0.0,,,live
2026-10-10T03:37:14Z,0x64d4a66401a81ddd8f1680c0e9f1b7d6148f5da7,0x73d2580e67c4d1d6f1490f41258011e2b9b621880b8f8f9e811c424ecac39614,0.83,0.0002547,41052,94030,240,58176,0.0002547,0.0,,,live
2026-10-10T03:37:14Z,0x6569986cb5b0013eeb351c9ce96e0aed60a22f2a,0xa0bf41aab54d302997954e917c15a26913e57587458cd5dbb23c4b1f8543a9d1,0.76,0.0001733,131194,155304,940,1819,0.0001733,0.0,,,live
2026-10-10T03:37:14Z,0x6572919b0dc83925c1c43cf621bf4dc321f8bc68,0x62284d9ea5589e6f08287e5acc93baec48a154e85395a324078e1fd91a25218e,0.22,0.0002765,42630,90330,237,63162,0.0002765,0.0,,,live
2026-10-10T03:37:14Z,0x658b0616ad86430629fad92cc2f738fd65aba576,0xb1fff4c77cf2671a2c014fa6ad31692c86e7ca474e7893ac34fd130042dd328e,0.31,0.0001983,36067,54567,196,45312,0.0001983,0.0,,,live
2026-10-10T03:37:14Z,0x65db16b2440a0162f90e43e2cdc39dd0cbc84f99,0xeb89bc20e214a7a9f29db6a7ddd6c4ed2ece31dd21961337f9fe4cc28190804b,0.92,0.0002366,39527,90649,229,54045,0.0002366,0.0,,,live
2026-10-10T03:37:14Z,0x65ead2bf886e533cdfbe9c83bdca263146503daf,0xbc1dde3f2b602845bfac28f39cdb2677e0cac30855bcb455912f525bbd9cdf39,0.6,0.000278,42843,91765,235,63506,0.000278,0.0,,,live
2026-10-10T03:37:14Z,0x65fdecfe6a0bc86cc44f152a4f22ec49ce374777,0xf84805b2994fbfc0af3825ed4f4baffc152b8636949806f96c4a87b31162472b,0.67,1.29e-05,17662,11604,41,12881,1.29e-05,0.0,,,live
2026-10-10T03:37:14Z,0x6609956f716af86922a325e9a2754c30e84908ae,0x34345df66578a74b1a0dbd25cda02d584e78f5e25b37d6bea2f682e994f3899a,0.87,4.983e-05,49831,2,10,49831,4.983e-05,0.0,,,live
2026-10-10T03:37:14Z,0x6625391aa9f599f6c3b40463259d06a1bf434d93,0xe495a6647ec5f33b372dc8c4e37dbb64e997c5bee49ff33725e6ac606f4b3a19,0.98,6.287e-06,6300,10057,10,6287,6.287e-06,0.0,,,live
2026-10-10T03:37:14Z,0x6634094e355a29e0f27896c818eed076febfe0aa,0x19c58d62df9212c184b346be6cf7be9a491772de76d407ca0f487cbfde4ba922,0.79,7.801e-05,22701,16754,58,17819,7.801e-05,0.0,,,live
2026-10-10T03:37:14Z,0x66985ca466ad68d2426a7599776b0264f650de51,0x671cbacc44f56fb94e5cddd19ac79b7d26f9614021734ccd7c2baf45fac88c88,0.24,0.000312,45261,98767,236,71278,0.000312,0.0,,,live
2026-10-10T03:37:14Z,0x66a844fcbf4705dbde3c97394d5a4c9822e8f35b,0xc24358e11113cb53b2de3971028e3bb0e47991c3af8e5e10aab517a15b9f4a18,1.94,4.93e-05,20519,24448,326,44851,8.402e-05,41.3,,,live
2026-10-10T03:37:14Z,0x66b1e970a7cba697c56c06fba140694bd4342e53,0x1eb80293826bcc84abaf0d5c54cedb98f9fd75af3cdc6d8ccc9a16f2a7ab780d,0.91,3.509e-05,30876,8856134,20242,35100,0.000257,86.3,,,live
2026-10-10T03:37:14Z,0x671b10853db92f7fabf11f84301c9607d2ac1e18,0xf37ecdfe982c042526d055a722aa8e272ad6b95cee56a492892b42ee1b3a846f,1.2,2.161e-05,21608,34,9,21618,2.161e-05,0.0,,,live
2026-10-10T03:37:14Z,0x6743ecc451c753a7a1f22e99716ce7ae7bea7777,0xd84029d73973888cf705d94b663a483358bcbf046ac7e89e4da22996b8e33a05,0.52,0.0001747,43796,45707,210,39917,0.0001747,0.0,,,live
2026-10-10T03:37:14Z,0x67c51c928d5d8383f3a58fc591a4e6f6463949ed,0x77d31f9362c1c9cbe18d091dabe7568ed8316fd27d2469ea11e41cbc9d3912c0,27.75,0.0002186,21872822,1171,20,91994117,0.00026885,18.7,,,live
2026-10-10T03:37:14Z,0x680926fd7128e0b7f60ceb9bfe44da5887e26777,0x33ce9f2ef41cc73e49e88cab32b436078c1d1c914e7d6998b12adf63a66613a6,0.91,2.519e-05,24706,45943,172,25149,2.519e-05,0.0,,,live
2026-10-10T03:37:14Z,0x682c84463a18f7db43fd468ea78125b753af4777,0xd93b79d2ef831df632bb1eb225107780c803f5973762c3ac4fdb358579c39be3,0.9,2.136e-05,22730,58331,180,21320,2.136e-05,0.0,,,live
2026-10-10T03:37:14Z,0x6881e4904ca95aaf338756423b1174d4384e4777,0x2a4f703b8b1cf03927c05d9e74440edb9a412e68bf85a023b9c7ab89aabe57db,0.79,2.447e-05,24360,42133,148,24425,2.447e-05,0.0,,,live
2026-10-10T03:37:14Z,0x697d32af333a196f8fff0f7d239be765a0b91a0b,0xa7830c2ab935b7d6ba7a539658cf53b8817a72643586e2a1d53b30013552c9cf,0.6,0.0002441,40181,73595,239,55772,0.0002441,0.0,,,live
2026-10-10T03:37:14Z,0x6987208517acf09614a10ca9526089d4762a1e18,0xc905fb142dc0d09af28e620c6a0dbc7a7ec9a8d84a40faae73922aad01417d8c,1.58,,,,,,,,,,dead
2026-10-10T03:37:14Z,0x69be076c80fade3f428ed34784c03eb81213555a,0xeb3c904165d9385a079a5a892d6e89b1b6b086bc9f4aedf4b5e93291bc226d59,0.88,0.0001981,36187,66918,212,45251,0.0001981,0.0,,,live
2026-10-10T03:37:14Z,0x69f045c79e398b78a8310e21ef5bc287ed3d47d0,0x899e5f516c9442df1325564ce3cd99a73551295779316b6165fe285496822519,3.15,2.681e-06,4773,9,6,2682,2.532e-05,89.4,1,False,live
2026-10-10T03:37:14Z,0x6a3ecfbcbe1a45aa96cee9e30e704f719cd6b07a,0x0f8a39e2bdb7ef4cf058a871188571da19e9ac049832e0388039c589e6db417d,0.87,0.0002108,37323,71005,235,48162,0.0002108,0.0,,,live
2026-10-10T03:37:14Z,0x6a4baa4db064f2e3c5a06a43c65f771315ee3777,0x5330d76e7a5487e8ff576355e4297732b67f1232cef111cbba68c3a5a1aacabc,0.13,1.637e-05,19893,18827,61,16341,1.637e-05,0.0,,,live
2026-10-10T03:37:14Z,0x6a6a57d1e94eb586c5b505a1c81434bda3d6ed97,0x104b7921a26f5b6f63068475ff20634c46f8df8a0eda01b04ac5696e4ba849f3,9.58,0.01409,1413239,1818624,210,14097555,0.0223196,36.9,5,False,live
2026-10-10T03:37:14Z,0x6a821f15eab87599e3031f570ccdcc46b8634f82,0x577425973a1b312af26d10068beb860050e986cd15238c49d104b8922cd97b86,0.53,2.492e-05,24921,1,2,24921,2.492e-05,0.0,,,live
2026-10-10T03:37:14Z,0x6ad935cf1e6be1dfbfd1d22fb31401b158c51ba3,0x1da84fc485bb5b304105c6cb1aa4a26277fdc232bfce7deae560d5446766a420,0.76,1.016e-07,8641,2,8,10165,1.02e-07,0.4,,,live
2026-10-10T03:37:14Z,0x6b5765f3f9d955555f7da581b3bfd98cb06647d7,0xa2f54e61931c57ce47bba56f575ba59cc2bbfebad9682f4e1ba27036cfa232aa,1.48,,,,,,,,,,dead
2026-10-10T03:37:14Z,0x6b853019228f92efd822cc3c795c2cb0dc49cfea,0xbbf9caf08d2b271c6e19b98597764906b6b6d4a907981d896b1a14ef75d87bcc,0.1,1.033,105243,1004563,4816,206725,1.033,0.0,,,live
2026-10-10T03:37:14Z,0x6b92b9cd3bacb6321467a7b68d1b995721bc5fe7,0x7a34f156b264da441d9bb74101c7de7287ec968047348b444c8bd34213a0e07c,1.0,0.0001063,107568,47871,279,106388,0.0001063,0.0,,,live
2026-10-10T03:37:14Z,0x6c2bd282dfc60c2ea0a4ecf24225caf2318a3b9d,0xf8b3e47286c2624bddd5e6e1eb3447fb746d5d9950c3e96b614e144380fcf8d1,0.95,0.0002467,40292,81989,235,56366,0.0002467,0.0,,,live
2026-10-10T03:37:14Z,0x6c2f69717ddec95542442ede423dbfd78f2447f8,0x5d3583fc538e6ef32995d6666edf1ae6d88a5f1f715a48a65cb3ce7d4054646b,0.28,3.504e-05,15155,152,3,8004,3.504e-05,0.0,,,live
2026-10-10T03:37:14Z,0x6c5be71814ac0bc7c43a5dd3f86b0c728a16a777,0xfc83db88aa323b46dcbdb0a7e85e0acd430832298fd9d7c758d569e5089aaf6b,0.88,1.895e-05,21444,37581,138,18918,1.895e-05,0.0,,,live
2026-10-10T03:37:14Z,0x6c7b9782674eb22699512b7b4426bea2ffb97777,0x657ffa4e0da5761762870e34da90b32b56d289abaea8da20b6bcce5fa3985725,0.05,2.458e-05,24395,48951,163,24539,2.458e-05,0.0,,,live
2026-10-10T03:37:14Z,0x6c90920d9e243055bad13913f481324e20273322,0x755240c522edfbe79cd5074890c8fe7a017f9d72a5c2da46b17d243985cd170b,0.89,6.254e-06,6254,0,1,6254,6.254e-06,0.0,,,live
2026-10-10T03:37:14Z,0x6ca34e63f0f2adefb6369381d26bc6627cac4e6c,0x7a2968084788de6993a45f6eafb331a2b9da611b380b174e6f987c60f6ea0f56,1.46,,,,,,,,,,dead
2026-10-10T03:37:14Z,0x6d07b0f44d23f0001c2a7dfb89445e24e258d5a0,0xdb988581544a0fe0b111b3fde3d0d6423d9c0ac1a32af3b510677f3b5ff262d6,0.64,2.71e-05,27065,1014,12,27106,2.71e-05,0.0,,,live
2026-10-10T03:37:14Z,0x6d18dd0a6dbe29f5ab3f728319e942606e026370,0x8e2efc8cf051e451cfad7d2c56103b36aa0c55c83c02f638c329a744fcfb1b86,0.59,2.524e-05,25157,77171,411,25243,2.524e-05,0.0,,,live
2026-10-10T03:37:14Z,0x6d4f8916d923be4625940ba13791a166c13a5ba3,0x9673771cf5a97c77f2fdbc51495403eecd32930ddc449b01250d55d012e47376,1.1,1.027e-07,8736,0,2,10274,1.027e-07,0.0,,,live
2026-10-10T03:37:14Z,0x6d6d10bbdfc07e58ac32096aa9a394b79f574247,0xdcf22f840ae52d91c468428656f01a44127cfaae254ef76f02bcff2f98432c4b,0.9,0.0002435,40066,80186,228,55628,0.0002435,0.0,,,live
2026-10-10T03:37:14Z,0x6d97c88ebe8b08ddca9c51dafa5a4cb3affba0b6,0x76e9f6a900f44130421dffec13f03830b27bfea44528ca7ae79764a3874048fd,0.23,1.491e-06,6340,0,1,7458,1.491e-06,0.0,,,live
2026-10-10T03:37:14Z,0x6dc01d3571fdf723c6f78ee8a316526aef377777,0x5b1e3ee665eac1fb3f5cf0b9e9e10e2bfa6774e1e4de2962f46adfc509e7c0ce,0.85,0.0002144,48629,54945,238,48992,0.0002144,0.0,,,live
2026-10-10T03:37:14Z,0x6e130c7b3d2876fefea2855a74237c3285da98c1,0x95c0612478e959ae4ecaea140ed6d6c269a8015687311a0f235148f79814659d,1.35,,,,,,,,,,dead
2026-10-10T03:37:14Z,0x6e1b9731a54ba613de8efc7ad1bd471b5d26df29,0x48a1ed14142cb12f7726c2f3afab6a0f06956c2cd0390f398dec7d07dc570b33,0.89,0.0002604,41454,79015,222,59489,0.0002604,0.0,,,live
2026-10-10T03:37:14Z,0x6e4e475bcbb1a60a47d82ab86a24688ed5825120,0x72d8bb4d2ae9e03e33e05430d510b340da0ee14dcce4d8e294c3e513253a6411,0.31,0.0001103,26882,29399,118,25196,0.0001103,0.0,,,live
2026-10-10T03:37:14Z,0x6efc593fe2de41a76beb008f604619aa75f3ef11,0x121d12b0f068a83c2a4568e12bae1bd79548bb4aacaea98866c6caccc7ec6daa,0.06,0.0002262,38638,71246,238,51669,0.0002262,0.0,,,live
2026-10-10T03:37:14Z,0x6effbf4438140222b8a6e7bd0dc3245206946fce,0x7c01efade09995658699ed3c0519628af562bc2823032abd4aed7556c85018e5,4.38,4.737e-05,20109,11007,211,46905,0.000955575,95.0,2,False,live
2026-10-10T03:37:14Z,0x6f2e13dc2a2007ff67f05b5da1b4cc7bc3b5c0aa,0x0638146763e941de596ff0be8e199ac44b89da22350dcdf6fec74ec6703f991b,0.09,0.0002802,42979,87965,224,64018,0.0002802,0.0,,,live
2026-10-10T03:37:14Z,0x6f3c1d575ed7bddff35227d9abeee76d9387c777,0xfb2492fd0d18d8321ac4b7901b23e4e3fdee39bb2f26bb04a2a03f93729870b0,0.05,2.114e-05,22619,55255,184,21105,2.114e-05,0.0,,,live
2026-10-10T03:37:14Z,0x6f416d65730078094cef629fc65597e1b99544f2,0x725d3965a9cc7386a54e2fc877c6095acf76e2946ba3c5f057e2e8cf331b5a88,0.6,4.99e-05,49905,9669,50,49905,4.99e-05,0.0,,,live
2026-10-10T03:37:14Z,0x6fa0230c40e691471052a73c0b7670c7c0241c1e,0x966e54b5428d7c7afbe59ad6f9e56b05bd624df444beca06b64e06ea75df08ab,0.8,0.0002218,38289,68196,235,50673,0.0002218,0.0,,,live
2026-10-10T03:37:14Z,0x7095847d2f4cb74061fd173646b65652450f10fa,0x3525554c21b53b27a7a1a352f4040187fdf42b353fe5c9b43fb2a024b4bf87b0,0.74,0.0002644,41845,94071,238,60394,0.0002644,0.0,,,live
2026-10-10T03:37:14Z,0x70b93f97217cac273434cac7ec03701cfe8ff777,0xd33edbe5303559b435be7f9b8f2dcc421c40f1a115626e6af55851bcc0ed36a9,0.21,1.059e-05,15993,4983,20,10579,1.059e-05,0.0,,,live
2026-10-10T03:37:14Z,0x70c78d4431b302274c78e9c1da06173aedbd85a8,0x83b2a7409f8e05cbd2aa7514d9eb898e373e7350dd62a4c9c9d8dbf0aa603c17,0.22,3.967e-05,37949,35961,242,39678,3.967e-05,0.0,,,live
2026-10-10T03:37:14Z,0x70ca7920137466ce2ae4f6364e3f4f503cf5c28e,0xce73d4f579ddceb7af6447cb105eac58588c0e17cc81e17b5f6e2a932e3de5ed,0.2,0.0002096,81365,1189407,2996,209626,0.0002096,0.0,,,live
2026-10-10T03:37:14Z,0x70e9df3702627d21b1a99cc899e372bddd56326b,0x7f05f615d9f61399ed230e37649b0664a6fb3fdd434ec255ee2a54bbac3cfede,0.97,0.0002497,66916,340699,2164,249795,0.0002497,0.0,,,live
2026-10-10T03:37:14Z,0x7164c03b400871be125ae5e38a6886a7d4c1e673,0xf58f82da086fb058cba4541b62200f07d88642bbd839c08772e771a6079e2693,0.69,0.0003171,45707,97468,235,72443,0.0003171,0.0,,,live
2026-10-10T03:37:14Z,0x717d38587504b79e2e888c860bd1569c0d5984af,0x8da021f34c2f2a95696c4fd842b0cd0cc4e18468,3.46,2.661e-06,2659,131,6,2661,0.01924,100.0,1,False,live
2026-10-10T03:37:14Z,0x7186dd6765473702ef85223167358d1379e03b13,0x8880fc00bd146a9a9351949249b4bc0722d28c62e64463cf08a11c4376eda519,0.22,6.636e-05,56334,24390,39,66364,6.636e-05,0.0,,,live
2026-10-10T03:37:14Z,0x71a9a0e1864ec6668b1d3aaa383b34279e44c261,0x9e861e357b50a3d5473bf6a52100d565c856a54b60ae6f6663a0590ea4dad27c,0.86,0.0002546,41023,76969,230,58150,0.0002546,0.0,,,live
2026-10-10T03:37:14Z,0x71bda50744741c2ac7072810b57eb7b3b9365592,0x20d7e7fa96bc2029399e7520eb71642fda007e08c9aeef39ba14b997f1af0c49,0.98,0.0002502,40641,79438,237,57164,0.0002502,0.0,,,live
2026-10-10T03:37:14Z,0x71ce4b2cfc0aa966ae3f35fb5df752fba6543777,0xb609a152ee2170278f813c90323bac89c4680c125ae220e35f6f6bee36055083,1.47,,,,,,,,,,dead
2026-10-10T03:37:14Z,0x71d55369487419d2dad62b17cd5f95ed94dc8045,0xb51801ff14276e8438260f93ffa48ac6c4b1f175ffc75af2f0e24c0b0058e36e,0.6,4.989e-05,49894,6136,61,49894,4.989e-05,0.0,,,live
2026-10-10T03:37:14Z,0x71e90ac4da3fa0bf129d3d49a290bd9d9d085755,0x0843e8aefb01ef1b44ec91181897249628b011c74b01dfc601bad2d38aa5351e,1.36,,,,,,,,,,dead
2026-10-10T03:37:14Z,0x71f8b06fcbf081ac3808f2b8fcdf0cb1fd2b7777,0xa91d07035fb66b38867451be020c73b5161e9738e4ed50b0dfb34a4ab6de237f,1.46,,,,,,,,,,dead
2026-10-10T03:37:14Z,0x72533fa2446845c1e2cf88b5d64a63689ca34df3,0xb40fb6776ebdcbf3b6c2194a505fe8c766b253bfec0e20bf78a9f62ec0b81d91,0.83,5.018e-06,5018,0,1,5018,5.018e-06,0.0,,,live
2026-10-10T03:37:14Z,0x72558c6d7964611e96e3f65a96002e32f0a3b89a,0x4eb607be1146d8a9eef1546cd5e48d9abf8e20b6ed817fb58717c59fec33974f,1.47,,,,,,,,,,dead
2026-10-10T03:37:14Z,0x729b0a3b34936de64cdeb8822cef8661d6ebaa8b,0xcde57518bfc8fbedc3e36f26d2e56c447e255de5e8f28f98b678329e132a6c31,0.63,3.909e-05,16083,2173,12,8930,3.909e-05,0.0,,,live
2026-10-10T03:37:14Z,0x72cc4b837fa5dff1e769df0f0b195aa2bd967777,0x497c8b9c33de54be91c7ef254f849fe9b5a5fbd01783b80d888b9b73cca5b8eb,0.39,0.000207,47656,52791,234,47317,0.000207,0.0,,,live
2026-10-10T03:37:14Z,0x730afa05ccb407ad73fa9585ca1e00dfe7a63cce,0xbbb2508f3b4c8efac2fbad8b2a538c2ec66213c82fed2aeeba809918d34f8ec9,0.23,1.431e-06,56927,2014572,6879,143148,1.431e-06,0.0,,,live
2026-10-10T03:37:14Z,0x73297bce3ba855357cfec71ac5dd2db7cf83f096,0xf36ded2a7a42474347b2631f4a0029b61acd5c5e,0.17,6.932e-05,1,74001,273,69325,0.0001015,31.7,,,dead
2026-10-10T03:37:14Z,0x7351d7b09e8d7517ecef36b070af98e027b0c777,0xe461e20ceea6b417b5b7ee6c4dbe30fd0e49fb947c8b73dbd1e2552aed6a43dc,0.22,2.668e-05,25361,39192,141,26631,2.668e-05,0.0,,,live
2026-10-10T03:37:14Z,0x73a2906dbe2dfcc54f906c2ee80d5517c773bf9c,0x1e65da3a4687c5636414789b6d0f8d25779b1148910710a3ba24f4b845717e0a,0.87,0.0002672,42020,88769,234,61044,0.0002672,0.0,,,live
2026-10-10T03:37:14Z,0x73e0165c627a413df5284e4e7e8bea5a0e8ba777,0x8bbe4c65ed362e86743aea95e3fc1494226e7d62f9488a03786f61cab905292c,0.83,2.639e-05,25314,49879,195,26343,2.639e-05,0.0,,,live
2026-10-10T03:37:14Z,0x73f3813f280bd8402a8598f0ea0d53c8ea3bfbf3,0xf0c2aea94ac9bbdf51282e3a3548a3620740422da91a85f8e787e63709de2faa,0.61,2.493e-05,24937,2,3,24937,2.493e-05,0.0,,,live
2026-10-10T03:37:14Z,0x73fe1757e225f01a496edd46a4656986686c7777,0xb60b0ff25f064e13027e9fbf09a555185565021ed1a353654630027a194ca586,0.62,0.0001967,46535,50757,235,44959,0.0001967,0.0,,,live
2026-10-10T03:37:14Z,0x7422b01a08785bed25537966d03a1175cf428b1d,0xee58e104b31c8696bbe5c8cbb085312a5794d2cb844238fac860a548fde5eefc,0.4,5.027e-06,5028,0,1,5028,5.027e-06,0.0,,,live
2026-10-10T03:37:14Z,0x743e96bce2de953637c3070c3790018f9bfc1e18,0x76c8f2fad35249b50f0d8889fd721c231afdc22f1b16ea2e2eebdaf47343dcff,1.43,,,,,,,,,,dead
2026-10-10T03:37:14Z,0x744816b6f63c47339c6e80a6766df1db686bbba3,0x02a71b747f1b0e78425ec3592a89dee07c63030f90aff3e75d013cbd6da08997,1.51,,,,,,,,,,dead
2026-10-10T03:37:14Z,0x7461ef5fae7cb52459cd8ff2e05abad417ca2e96,0x7da0f53a44e3d5e0f0e37d3d5bf1a03ef52f32644ff7e8e8f227102304543d0c,0.38,0.0001802,108948,915527,2105,180294,0.0001996,9.7,,,live
2026-10-10T03:37:14Z,0x749c168acbfba9523d3bbc0abc42fceeb299c777,0x1b8333373fa99b2e7b97305b66d84dd0be4efbf75f343816b3139b4f2f97b30d,0.98,2.338e-05,23800,54336,182,23344,2.338e-05,0.0,,,live
2026-10-10T03:37:14Z,0x74a6613694e7f75b733c1f7e1aed5fac2a8221c1,0x696bf1e8da5bd43ab04f5a6e78df43894e2ec281dceec38fd0e6b27ff419a54f,0.22,5.506e-06,34823,72294,258,55061,5.506e-06,0.0,,,live
2026-10-10T03:37:14Z,0x74d73e214a4ae16a9c5b5bdf358f01125e3a6084,0x9895a31b3394bd0cea60b92198c7a803b6530ddec9735e21275c4455978ec1ce,0.48,6.21e-06,41103,71215,255,62107,6.21e-06,0.0,,,live
2026-10-10T03:37:14Z,0x74e631e10d7b039d4f12fe503263787e9970951e,0xbc3902718150de28f0bf1deee6d30dc46342aa913a70adb742445c40fc741364,1.47,,,,,,,,,,dead
2026-10-10T03:37:14Z,0x74fb459f42f9318203bbb78329956336bb1a0f8a,0xca55be53af8d5c9beb2bf73f3ce9f400fea3f80cb3cfa5b2922241e794f9ace6,0.24,2.913e-05,56408,912,3,29136,2.913e-05,0.0,,,live
2026-10-10T03:37:14Z,0x7535e8ef56988014b5112469abebe070c68046d1,0x43c1ce10255308476526cbb2da6e6a2a4ca723277fce5faa379035fa9b6c6dc9,0.7,4.09e-05,27662,34075,259,40907,4.09e-05,0.0,,,live
2026-10-10T03:37:14Z,0x75460e515cd13be2d5b7061569a69971693f7777,0x468abd0e6f98fbbc15879cc57baaac9c35ee0977270c8893879685d971777276,0.79,0.0001783,44320,52631,234,40749,0.0001783,0.0,,,live
2026-10-10T03:37:14Z,0x7565acd9db62303bb3b91d46a0ddf0ee20a89615,0x65dbe444839623872bd2f3264791fbeb7ba582e834361b1f404433833b4a6ba0,0.92,4.932e-06,44364,52038,224,49324,4.932e-06,0.0,,,live
2026-10-10T03:37:14Z,0x759f9f88a6f8c23c6c5473368c6b38006c2fd816,0x946610d04ca551979baaaa1e4ca7c17ec04f7c7035fe60aa507a2862d613adc9,0.8,4.244e-05,40151,7574,16,42445,4.244e-05,0.0,,,live
2026-10-10T03:37:14Z,0x75fe472bf9e2e8bd208d898e5f99a9e1613aad97,0xc891fea9173a34d2556cf05075109f6057a4e5360989f4abf11e956784067027,1.47,,,,,,,,,,dead
2026-10-10T03:37:14Z,0x76121b289aef8938a7b6b7c49f831344fb9e666a,0xe58cc0c15355bdcdce65c6d0dbd2fe3d54e37ed5a97d3c9349d0f9b74450284a,0.17,7.607e-06,7630,1496,53,7607,7.828e-06,2.8,,,live
2026-10-10T03:37:14Z,0x7647c3f986673d7c30fee5b356acb62d35db0777,0x6851374eb59116216b83baf370eccf217323da3cc94954a4f85b24e5031de37a,0.1,1.867e-05,21250,54076,183,18634,1.867e-05,0.0,,,live
2026-10-10T03:37:14Z,0x764bfb25f07420eef767f3d0117484c1cce729ce,0xf141e1a2b90517aca7004b7ab675d9e0b63cb38a8e4e08d063c17e32a12a9c04,0.52,0.0005515,165682,6107935,14823,551575,0.0007207,23.5,,,live
2026-10-10T03:37:14Z,0x764d7c9e08196195613371dffa69ffbc5f54e065,0x87f22b7353e6a369da147f2a77d0f07167e7d07386826afd8482f52855c9f5e2,1.45,,,,,,,,,,dead
2026-10-10T03:37:14Z,0x7658a6c080276684ef2de7cb0d81d125c494b777,0x12d8757b89898ed861e7e7f667f3d190b714e95712e8fc9edc213a1c849d9b90,0.86,2.864e-05,26361,57508,188,28594,2.864e-05,0.0,,,live
2026-10-10T03:37:14Z,0x765a6c0f077c60705d2cf7637e06e1d2243c7782,0xb603af66095810932fa2ab81a77512b5b4d9d676920f1d4b9fb05861301a4b88,3.06,2.591e-06,4143,20,45,2591,2.206e-05,88.3,1,False,live
2026-10-10T03:37:14Z,0x76d957d07075c90b58dc2475f49087a862cb4315,0x710df98fd828a0b4ab8fb9840b855fbbc7127ee3,2.21,1.848e-07,13676,24749,160,18490,4.16e-07,55.6,3,False,live
2026-10-10T03:37:14Z,0x76e0dafd15a4a9846c051c56fb441435c07bddb7,0x6c3a864a7a958a0475beea8b17e5d0c18211b77ab454f9ea86371ecc05eb0549,0.73,0.0002425,40049,80171,237,55396,0.0002425,0.0,,,live
2026-10-10T03:37:14Z,0x76eb2f64217b3763f47b4a14c039f8b94e921e18,0xca061ec61f0a01e7f3b05f16746707db97c9131a400a8447d0c8332eaeab0a8f,1.2,2.132e-05,21315,2,3,21323,2.132e-05,0.0,,,live
2026-10-10T03:37:14Z,0x76eca84688630be531810dedb0d6d7a5d69cba26,0x20a4afb534906f4d10cf17d244259bb51765364c81ef53126157b1566b1b2a3e,0.7,2.952e-05,27262,30636,252,29523,2.952e-05,0.0,,,live
2026-10-10T03:37:14Z,0x7706c18ee62f64452e779db29a70c32f97e69f49,0x6cabefd907a486bbd5974ebcfae85d768d19113fc6129ce0e3697bd77bb9ab7f,6.34,0.0001437,30812,69948,539,128013,0.00038732,62.9,3,False,live
2026-10-10T03:37:14Z,0x771e3e41813761315b87ba5a17f3ac00c4c8d341,0xd7b199a6871848c46d699234c2aa37fd537cf485f953ea84ab311711541e8f43,1.45,,,,,,,,,,dead
2026-10-10T03:37:14Z,0x773735fd6e534e948356edec44cee2a795661d04,0x9e9cae3192586ed4a69d027215aa1bb7c95f909c33b48afd4eb9b47d7477c4a4,1.44,,,,,,,,,,dead
2026-10-10T03:37:14Z,0x7770a4ed648fe475ded6cf532ca3b0d9133eb6d9,0xc0a904d9a65e1fe708b921942a828a47d330218ed094b3d93388a071bae9b6ab,0.3,3.521e-05,596929,17722804,15603,3521412,3.521e-05,0.0,,,live
2026-10-10T03:37:14Z,0x777704f29e4959eb83adfb6851404c34f0f1b36a,0xb21ba6f80be337a59f0fc882dce0fe6dcc56041327b73866dfeaeec21a418cf8,1.38,,,,,,,,,,dead
2026-10-10T03:37:14Z,0x77e4b050b1251a1e63f263e27db9f251f58a7777,0x76fc2122b5409edad4ce07b4ae7df61c729a36cbb73ba03771811adbdfb6a94f,0.9,2.466e-05,24437,51390,191,24619,2.466e-05,0.0,,,live
2026-10-10T03:37:14Z,0x78809991162a1a6cd2e475bd5f06c1733bc2a777,0xdd4a794acf5f605948b1b95d336c7ca1ee50829b20d26caacf7691dafac8725d,0.36,3.211e-05,27826,58804,174,32047,3.211e-05,0.0,,,live
2026-10-10T03:37:14Z,0x78f6172a45ea80bc33f4403f57b9e51f7706bba3,0xbc67a4d8ee23fa6122ba2714a7193d41a0f468178066e3a2365987ceeefc4ba6,2.08,,,,,,,,,,dead
2026-10-10T03:37:14Z,0x79069e5e022ba60972885fc471f1c6a545786359,0xb0c62f949721c63f632cb5191415a675b9c75ce019a2f19debb50710b78d89f6,0.15,5.246e-05,47378,152053,913,52464,6.925e-05,24.2,,,live
2026-10-10T03:37:14Z,0x790edc4db7ed0605bf28749fb8e257b3d0e2e112,0x9f98e8d6b33f7d43e8cd130fba271616d4a6973702c839e55cdaafd4ae91917d,1.48,,,,,,,,,,dead
2026-10-10T03:37:14Z,0x79550992cb9ccc2f83a57ee5c99158a47bcd7777,0xfa28bf781c4f6111c8a511c520e3f9071d994466bd4c467dfc0cc442b1dd0574,0.2,0.0001981,46647,52052,231,45279,0.0001981,0.0,,,live
2026-10-10T03:37:14Z,0x79a9520255247008a076a8020770d51ecebb5777,0x9bba4c0ef7eef48e5a656facaf8a8c4f551d2dffde0f4c045a882e5fa1fc6e14,0.28,8.176e-06,14037,2020,8,8161,8.176e-06,0.0,,,live
2026-10-10T03:37:14Z,0x79a98efbf930330e95dc9bc4dc416514e6f639a4,0xd455788ff9398a98d0ef06e21a051b06bd36e2707993df2ac88d5cf8f084da03,0.7,5.814e-06,35960,53620,238,58143,5.814e-06,0.0,,,live
2026-10-10T03:37:14Z,0x7a373e4dc79c1b2373f02024d48be838dff26777,0xd00f935a339212a3e8f7efc500cb4362cbb9aa5d9dabef99dfedb0c7854819fe,1.34,,,,,,,,,,dead
2026-10-10T03:37:14Z,0x7a375fadfddf1a8fcfe2572b290b23e09ecabad7,0xd9f8e641fc0bc0e46def14860e023116e0d02beb4a7a69129255df31adaa5154,1.35,,,,,,,,,,dead
2026-10-10T03:37:14Z,0x7a3aad0c3d4a1263ed3bd03fe094db93b6ab7777,0x4e4dfa39f7d1c8f081d787434b2f43d7c7f00aae39a4554135f542432ed415bb,0.88,0.0002137,48531,46182,232,48832,0.0002144,0.3,,,live
2026-10-10T03:37:14Z,0x7a449e319d39e24e0781d226f26b8da73837b777,0x20d0d83b0f2ad685f3306995de506b4d223d09ebbeed4e8d2661c44462fe0c73,1.35,,,,,,,,,,dead
2026-10-10T03:37:14Z,0x7a5f826143884b78b458c1a0045497903ffb46da,0xee0c46c9168e7588dbd895bdbc3bf9c1a42ba952f50bae74109c8d7722409a1b,0.84,8.017e-07,69690,8930203,7705,80179,3.019e-06,73.4,,,live
2026-10-10T03:37:14Z,0x7ab08aedad4fb2fb8cfaac3b2caf2819642b7f59,0x0df03e4e8418887497b4e27ab7fb5319b2517c0970786f05a4497e605a303109,0.16,6.259e-06,6259,399,13,6259,6.44e-06,2.8,,,live
2026-10-10T03:37:14Z,0x7b3e2cc2cf2669300a664aad8208544b9278baac,0x647e9b4632864b88ae6e76827e810eb869ba36207e3d77fadeb79b4cd088cff7,1.44,,,,,,,,,,dead
2026-10-10T03:37:14Z,0x7b96ddebdd4442567523162a75075cb014a987f2,0xad1b5d312f588e0b2ebd0c48d763c885c17c15e723ca16d2733844c193728278,0.35,0.0007481,695744,31,13,748112,0.0007481,0.0,,,live
2026-10-10T03:37:14Z,0x7ba0e1d3ac1663dc84579125797dd553cdebf8df,0xc4206dea52b75c9d51a5145306406bbf283c5089f5d176be4c17e1dfa996a8ee,0.28,1.507e-05,6782,0,1,7536,1.507e-05,0.0,,,live
2026-10-10T03:37:14Z,0x7bd1dcab5a277ea5ad123ae489313cc05395f65a,0x009b8cd0f55e4648f70d1777fba8f233c6d3b640a0cd2be6a9682a611ec912d9,0.14,6.736e-05,85516,37674,185,634,6.736e-05,0.0,,,live
2026-10-10T03:37:14Z,0x7c697303c9a60ad67c28d2f250fa3f9887ac1766,0xd2deba58d8ce187e1fba509f54cff53d51a91bfb843197441a156ef5e0790955,0.4,8.855e-06,8829,224444,2730,8856,7.622e-05,88.4,,,live
2026-10-10T03:37:14Z,0x7c7e804b725ca16c16317f1aaab6505c97bd1e18,0xfdc89845db4c3ba8acc2d89ca391c000c9c5a8ec621b4f4cad99558d07ba5deb,0.52,1.979e-05,19793,526,24,19792,2.047e-05,3.3,,,live
2026-10-10T03:37:14Z,0x7c9723aa51fe002e90536adcec64832d3bb260c7,0x0f0ad77c60aa397ad77a9d0eb0c55989c5c7625511439d7765ccf6f97e99c2dd,1.47,,,,,,,,,,dead
2026-10-10T03:37:14Z,0x7ca44942346b1a75bed844e0d80f3fdf9d3da05b,0x17b12bfd7b009bf38665e04450fcb7764ca880dbfe7f95bf8d6950d3dc36c9b0,0.95,4.977e-05,9674,74372,602,16590,6.371e-05,21.9,,,live
2026-10-10T03:37:14Z,0x7cad009956c52304d20226441e5bd2bbba600669,0xb1aae74b2dd6bd344ce4bada54f2fadf8cf756107c6f260f397165f60e48e115,0.05,0.0002761,42680,69981,236,63073,0.0002761,0.0,,,live
2026-10-10T03:37:14Z,0x7cc90fb363286875f9cfc47eaa1f1a8241d03f3f,0x6a9e713f1dc2c0cf415614430efce83293bcb8e34e4c307f6c4b9cb62ad29e63,1.0,7.044e-05,87925,32885,222,785,7.044e-05,0.0,,,live
2026-10-10T03:37:14Z,0x7cd1aa57e7e73d53b4d4b49370c96066cf4f1634,0xb281e514c0c143634338e803edcdd7974ab9ef724dc215360bd3763622fb5a80,1.09,1.443e-06,104547,6568327,5887,144338,1.168e-05,87.6,,,live
2026-10-10T03:37:14Z,0x7cdbb09b58c346197c2d1e77e223a20f7b8bba08,0xf53df907d816b6a6f52efc3143e0ab0ca89b0d5a7db9d24ec0048f19e3f193d8,0.44,5.206e-05,47099,17014,47,52064,5.206e-05,0.0,,,live
2026-10-10T03:37:14Z,0x7d1987cae8ba42622d084034708886972dd0d681,0xc5b2190b6d817b21b54672b61f7136d2388f6ef26444b66bc3fee2b8a2115e28,0.09,0.000244,40106,65807,228,55746,0.000244,0.0,,,live
2026-10-10T03:37:14Z,0x7d516c9a73a4be0f041554519d6fa1419a97ba7a,0x8e5354f0f7a3e02a4438af8605c3e9a8fab45004,2.3,0.0002556,65250,103623,601,255673,0.002579,90.1,5,False,live
2026-10-10T03:37:14Z,0x7d5eb4ee66943fc90d0e71d2b40aeb5b6faca1c6,0xba727009cbec8b9eeb67bb74947c0e6a8c004f0e,2.44,,,,,,,,,,dead
2026-10-10T03:37:14Z,0x7dec15fdd1b39c04b5463bba46e1983f3bc47777,0x0d4b3f184f9146508d9d4171263811cc5cd1ad480821cbc5ea5cbc193e6eaa67,0.99,0.0002501,52424,55450,236,57154,0.0002501,0.0,,,live
2026-10-10T03:37:14Z,0x7df48391010010bcb9a9fc2af3f9e2f468e603be,0x7e5cb510ea989f95387525ba720c0fa73bc9244f448bde9d29de02cfd5887d5e,0.16,2.486e-05,24869,2,5,24869,2.486e-05,0.0,,,live
2026-10-10T03:37:14Z,0x7df559a382a89f540e6e515bfec23163638857f0,0x1db30820d7f8dd625fbabe94d7bad00a165d3dfedbab73d28fec48b53d80dc27,0.39,0.003767,6781,0,1,7534,0.003767,0.0,,,live
2026-10-10T03:37:14Z,0x7e0c563e7bcab0ae96a3199ca806236a77617777,0xd58a08c963d636cc0863299e22c0a3b93a5755d0fd04355aa485957c6d085502,0.67,0.0001941,46225,48534,230,44356,0.0001941,0.0,,,live
2026-10-10T03:37:14Z,0x7e2c37f6f37c20a01907f5a634b925c85c0d2fb9,0x265909afc69f4d1383c5bedfaa64143df9f452f29274140a71bd689339650f95,1.15,0.0004818,109808,186279,1066,6180,0.0004818,0.0,,,live
2026-10-10T03:37:14Z,0x7e3d746e6418381e3fcef1f635c5fad48b0715e3,0xc9982362135dbabe1614dfa52a530494e618ec0758b0b923eafbbdeb37c3004a,1.41,,,,,,,,,,dead
2026-10-10T03:37:14Z,0x7e4baf49185b8667fd6832c5cafc56c277427777,0x0ac62de917f7b67702a91c5d7087fae5ebfa7b0bb39ccfc16c7cf9d7f6376e95,0.21,8.139e-05,29863,7762,40,18597,8.139e-05,0.0,,,live
2026-10-10T03:37:14Z,0x7e4d5f78b303c9246327f39071a7c5b14c284ba3,0x4f3d31a237df9dc929fa66ee967d6f209bba6d126796318d52cb66ded082ec9e,0.18,1.017e-07,10174,0,5,10174,1.017e-07,0.0,,,live
2026-10-10T03:37:14Z,0x7eb1d7132517573e0954f3d0322242900e095c04,0x095792e7939b850afd46de53266025b241a3f637bbc6fe5f8c379bc623e2307b,0.23,2.913e-05,56102,1220,6,29140,2.913e-05,0.0,,,live
2026-10-10T03:37:14Z,0x7ec55bfc4ca9c3127157e4a6d3e583a812d2ad33,0x1f803c03069fc93891a0acc6a79a09c1d62ccb15ead8e4d209c6bc4740622042,1.2,4.566e-06,6242,15913,254,4562,1.564e-05,70.8,,,live
2026-10-10T03:37:14Z,0x7eebda046d451bc7a7d12491eff72a861aa8136e,0xd8a01cde92d5072bf981614b2592e01640b8c962,1.58,0.002617,159800,3175539,9181,2617113,0.0171,84.7,,,live
2026-10-10T03:37:14Z,0x7f70681355251f29345e1850d06c85727ebd539c,0x112d0d83f8694a2c24c7094bfc8c933b86a5d100,0.14,8.129e-05,51269,1352189,4233,81293,0.0001182,31.2,,,live
2026-10-10T03:37:14Z,0x7f916fd0b6f15c9af4d9de34696e6f031d6a7777,0x370b7cdd585faf6803cecfb5fc6771b1cde3c2dfba0d54161d8e3922b7715cf9,1.43,,,,,,,,,,dead
2026-10-10T03:37:14Z,0x7fe20f7ff2ad973584f2a154abecd04e397c2158,0xbc6edd306fcfa31d4bc8bf2119e29a962306c4d3e794ed7b5ab9681522b7f65b,0.23,0.0002894,43588,86723,233,66112,0.0002894,0.0,,,live
2026-10-10T03:37:14Z,0x802944607ec8e158147728be732c3ed6bea1960d,0x7775bc9625bf2a38810d434fcb19d89a7024b5e041bb7060b03c8e1ae5a17bf4,0.88,0.0001043,26267,18731,96,23835,0.0001043,0.0,,,live
2026-10-10T03:37:14Z,0x802ca85c16e3b038add1f197e37159b4c0fd829e,0x14a488f457334387f9d74bffb702376c4144c81d,0.13,5.995e-05,38993,1305725,5232,59955,5.995e-05,0.0,,,live
2026-10-10T03:37:14Z,0x8036d837a195afb640e09872c753bc032aad6777,0xee4ec6d143fa28f554f1f7ae740e4b55e873145e7cb44fa025ecf8dfd9809d6e,0.94,7.34e-06,13315,1852,11,7326,7.34e-06,0.0,,,live
2026-10-10T03:37:14Z,0x803fc92a394bdc0b1aa44247e9221c4182236777,0x5b81b36c59758c343fbc456d7d6b4ac566c135e2a8aea1711043e834b5a6cfb1,0.07,2.598e-05,25087,55166,190,25936,2.598e-05,0.0,,,live
2026-10-10T03:37:14Z,0x804d44835cc8d32a05c63f750e186e05174952cb,0x4661e7ab4e1fb69eb2e6f73189a79b50dc8d4ce97ac7cb24ff7f20911e1f6092,0.15,6.233e-06,6233,0,1,6233,6.233e-06,0.0,,,live
2026-10-10T03:37:14Z,0x80877fe12ede96f807422d5d4ee4f4c47cebc8ff,0x26dd43b1be6b08ee36562e6c3ed807bb4b6f526f12413a693c788116e151eeb6,7.59,0.001635,103917,39994,136,1141940,0.002236,26.9,3,False,live
2026-10-10T03:37:14Z,0x8093f5c69702eb5ba59ff38d3e55618a21831e18,0x0705d27fb53a719061cfd62b2085e69ecd04c4dfd1fd800a05a7c2905c108d89,0.07,2.277e-05,23540,28542,516,22771,2.278e-05,0.0,,,live
2026-10-10T03:37:14Z,0x80a7f127267067ffd7df5624e18d4fda5dfe4e65,0x7a87674b6f79319da47e27002a720f971033ba7c9a1e9b79fb555263a29458f1,0.11,5.724e-06,47726,25415,149,57240,5.724e-06,0.0,,,live
2026-10-10T03:37:14Z,0x80ddd7c5ac6bff0cc52cea7c720077b73dac6777,0x23407005c741effcd5032acb8524bfd41bf317568754e6daa5488f18ffae8906,0.79,1.725e-05,20449,21874,71,17217,1.725e-05,0.0,,,live
2026-10-10T03:37:14Z,0x810884d7fd45190023ef512abdceaa1faf16e777,0xcb056cc9163a9ed0c891c67ceb2b84af041386b12cd12e341397f5ddd382f24b,0.86,1.727e-05,20461,16921,62,17238,1.727e-05,0.0,,,live
2026-10-10T03:37:14Z,0x812143682138c1cc266b83f9d78c9b28a4b270f4,0x6b163dd325101e5736af588d1649e41ad3064c53c5e0b037d366a97fd1110a43,0.8,0.0002693,42186,81332,239,61513,0.0002693,0.0,,,live
2026-10-10T03:37:14Z,0x81cf2457f9cdf1ba758e10ff6db5c004b5af8777,0x859b697f907b683bd74c61ca24f487255dbc5636998d5c9bd8889e2c77d16f9b,0.16,2.547e-05,24803,56842,195,25422,2.547e-05,0.0,,,live
2026-10-10T03:37:14Z,0x81dd18f6649dda1c5967ce9a0ec9e8941f2385d3,0xee48a6cce97225b3a6b76bfd0dc66068a7015e05cf24403cd3eb0b74dc589185,0.87,0.000309,45206,93525,231,70575,0.000309,0.0,,,live
2026-10-10T03:37:14Z,0x81e3dc1098e4b5087923dbd3abba4122163a1e18,0xd4778654d28e32052a84a82d5da0e6cbfeda8f38f26dd84fb0e0ffdafcb3a361,1.63,,,,,,,,,,dead
2026-10-10T03:37:14Z,0x8243caf77f4a6eb9b5e373c9dbb723c83cb45d52,0x666ca8a38803473daa3eb43816eef80d805a41e3757ca3d15626de1bfb4f899d,0.24,5.439e-05,48673,11925,32,54398,5.439e-05,0.0,,,live
2026-10-10T03:37:14Z,0x825abfe9134726dd6e954c02c0dc6a9a961a96e0,0xc59b9551eec10c3eff8857870915749d2c05c1756554a19b27b4d8774007a0fc,0.6,0.0003153,45662,93170,236,72027,0.0003153,0.0,,,live
2026-10-10T03:37:14Z,0x8262dd8c12f3d1513ff65986dc96775cc3484b77,0xf977813c283d7e6e08701bb523abf81d6babd1da43bbbd842ebf4dbd79885500,0.78,1.1e-05,11010,5,1,11010,1.1e-05,0.0,,,live
2026-10-10T03:37:14Z,0x828ecb134a45b9a5eefb55d7155c58c045a0007f,0xcdf281c2a061661e1f6d76d2239e76a1173b3f7f,3.64,0.0004955,402628,0,4,495589,0.0005445,9.0,3,False,live
2026-10-10T03:37:14Z,0x82bc33dc33ea34580ceaec384b9fcc847be522e8,0xe0ec6329bdb14e4bf86b3e2a1ad034c364b4007ab6aaf7fc31c78dbe634bbb5f,0.47,0.0002932,43970,111881,225,66967,0.0002932,0.0,,,live
2026-10-10T03:37:14Z,0x832acfd912b923f836c5e7e1a2b24dfe22353f18,0xfa4020df369dc20aa317fe9696a5c8a5a54f9103,0.27,0.001119,1007602,1093,9,1119555,0.001119,0.0,,,live
2026-10-10T03:37:14Z,0x83321a250fc48dfa25b2a3cef749f315f723c777,0xf958dc626b4a9922f1ffe800fb74230882a42315f9016c4dd2098f5f16383f0b,0.34,2.39e-05,24016,54376,181,23862,2.39e-05,0.0,,,live
2026-10-10T03:37:14Z,0x83a49b808f8d5e02cb2931cd2352988f498e5ba3,0x541bedd98337d22c46ff8196494f14e7d9922ddedf07b74df44c7020487e5fdf,22.48,7.718e-06,122017,41053,692,771866,0.000146975,94.7,,,live
2026-10-10T03:37:14Z,0x83c986edd92b5ec9ccf346718d5ccf104557c777,0xf76ddb38d07ffd54b9d7c0ac0303407cc5a1583ed1f911e1a6b4559c1c7168d9,0.18,2.269e-05,23419,51870,187,22653,2.269e-05,0.0,,,live
2026-10-10T03:37:14Z,0x84171e7226f1f58fe58981404f2acafc9cee5624,0xdb023e5a7341110f20df46c0f149349c316cbee50b022c7845ee1e51bf5a141b,0.63,4.072e-05,16410,2510,11,9302,4.072e-05,0.0,,,live
2026-10-10T03:37:14Z,0x842afe00f7be533ba91ccadadcad9915361a7777,0x0694d47402b410adb45dabb07b21a5c8b9242d61d5a109eead39001f240e7b54,0.94,9.708e-06,15312,2344,12,9689,9.708e-06,0.0,,,live
2026-10-10T03:37:14Z,0x8474b542820f76b090bf58592febbc622a7200b2,0xe69ff1aa3b12ffd951e54ec81223510d8865f799248e51f93c37c639e9be4f3a,3.75,5.209e-06,6673,972,47,5033,0.0001045,95.0,1,False,live
2026-10-10T03:37:14Z,0x8475d9df4cfa4e9d494fb9a80c0a7103040a8511,0x269397e5f7ca2ef981fa83bbc07b900bf5db00a9695513f1182277355fd09a24,1.44,,,,,,,,,,dead
2026-10-10T03:37:14Z,0x84c4ee6356ac500b65e43d89a0610b4cdc689135,0xe66c2518c487aab3d2652dee4a65a720654d2818e58e80d0d891d387a03d4c87,0.4,0.0002495,40537,70767,242,56995,0.0002495,0.0,,,live
2026-10-10T03:37:14Z,0x84d14ec82a63e15a81a3ed872e536a2c96561733,0xf683fd7bfdebe833f0d6110e105c9daa3da22a53274385204c142b25412c6d92,1.5,,,,,,,,,,dead
2026-10-10T03:37:14Z,0x854d81db85876fc5e52fdc8b7fe779b120eee777,0xd1cca2279dcb38d39f66e6a029905eaa7151f685fe40a1e2ef11f89d8e21e4ee,0.71,1.919e-05,21579,48299,191,19157,1.919e-05,0.0,,,live
2026-10-10T03:37:14Z,0x8593d1e2d74f9f83493ad2dcd931848ee1c0a481,0xb32c2a67e5087bff09be17c37f41504b7a771f5f4f861cb5aeb3f97145c04701,0.71,2.487e-05,24874,3480,108,24874,2.535e-05,1.9,,,live
2026-10-10T03:37:14Z,0x85a0aff7e2f1e0dbdc584027203d1e63c61e9afe,0x26c0fa22738ca2bd6c6a4ba1c94e24b43c04cde4fddd3975853f098a2e48340b,0.1,0.0002263,38628,67799,229,51705,0.0002263,0.0,,,live
2026-10-10T03:37:14Z,0x85a4fc2987bf6a39042fefa16df9fba74fd397b9,0x805ef58d41295dde30ff01395c9560eb761b62b308edbd11879242d90dfe5d84,0.81,0.0004591,53578,144623,636,292445,0.0004591,0.0,,,live
2026-10-10T03:37:14Z,0x86371b75f8ad5594cd0d7bd2a1578f0a1d8a6777,0xe2f51edaf0ffc9d423ebaf963bc3680b10a8c6706d0afe97ee38dab6688dfd79,1.44,,,,,,,,,,dead
2026-10-10T03:37:14Z,0x8651b02f9c5ae48bd253850aef5278456cda2d2a,0x8aa7e2c2f65576987935295c52c81ec4bb82f5b0,0.11,0.0001421,26702,12087,24,142174,0.0001421,0.0,,,live
2026-10-10T03:37:14Z,0x865f97e58cd57191aedc4e67a8da77c863eb455e,0x992e13af91dee607e5869f0fb0c6a951032d3c673e469c33077ff62cad698007,0.32,0.0003542,7067,0,1,7439,0.0003542,0.0,,,live
2026-10-10T03:37:14Z,0x8665a7953129582ba336f070d1304e28a5d49b4c,0x6a620dfa1119d2a671aedd19ae7cef43f8a9fa00,0.11,6.648e-05,8865,28370,245,22160,6.648e-05,0.0,,,live
2026-10-10T03:37:14Z,0x86af99052db086a66af7d764bb04d3abb81b485f,0xda36b25534a3bbdd02ed2644c04d9d20933e2e3484592db23fbb21cfc4c7e8fd,0.46,1.919e-05,12799,225424,3450,19198,6.661e-05,71.2,,,live
2026-10-10T03:37:14Z,0x86d4c270d57cb41f84b201f7f55f6726d1620c0c,0x8e5c9aeba44600873e8a58796b919251de686cd4da444edde57a9239095c0dba,0.07,1.402e-05,13713,48040,716,14022,2.561e-05,45.3,,,live
2026-10-10T03:37:14Z,0x86d8052bfbae8194c51fcfb27cf8af7e51d7c432,0x083c92eb95dae5f22992543b70205fbc637f1dbe01ca664474b1734e2c6c6842,0.23,7.548e-05,61737,57914,142,75480,7.548e-05,0.0,,,live
2026-10-10T03:37:14Z,0x86f4160990e6d397be2aeabfb9183acfd911bcf2,0xa17326036b47dc4b605039620b51a032eb7da23a7cc3980b0c80ede943d42bb7,1.43,,,,,,,,,,dead
2026-10-10T03:37:14Z,0x870ad91a43591ca84d5a8398a687aea398e52034,0x6259f215a4f8270837170c424542a40d32160154eed21c40b27a30d65858664c,0.61,8.625e-05,67841,140121,367,86255,8.625e-05,0.0,,,live
2026-10-10T03:37:14Z,0x87b7815aecf64127feba062c38a5478fcbbc5e54,0x68acacbc6f869ea918ed52ec53bdff995bfed0a04bc92f1b772d9fde7ef737cb,0.18,1.1e-05,11010,5,1,11010,1.1e-05,0.0,,,live
2026-10-10T03:37:14Z,0x87cf5aa1b50c766686404e25186c5106d4a29347,0x9f64edf53a7b66b8bde90b60a38bf306a33a6b440301c6c71f64590e310740e3,1.44,,,,,,,,,,dead
2026-10-10T03:37:14Z,0x883a9bf5719acb9a6c6f51b3008d358436ef7777,0x23ca17e2c4dfeb3d7e11c048948d6984bc786eef04261de57be48882a5ae1919,1.35,,,,,,,,,,dead
2026-10-10T03:37:14Z,0x88a067d17c1b8746ecf131e43e79dd67bdb77777,0x0b6da2147550a9470c029f4f180592d886eb8d37ba3a001c59f679c97c6f6b02,0.15,0.0001885,45486,49036,231,43084,0.0001885,0.0,,,live
2026-10-10T03:37:14Z,0x88c412414e8b79bee55677dd1e359cc9ad6769ca,0x52cdfccaa70b949ea100e1860a4294c984e885d7721c99cd729c4a817d3eef55,2.57,,,,,,,,,,dead
2026-10-10T03:37:14Z,0x88d6291d7277763b43f43a7a361bee67d4311dea,0xb0d9a1a6d0fef3c887f8f9df9d8c02fcae4e4c864016e9eb4236818a0bc35750,0.92,0.000247,40386,82314,237,56431,0.000247,0.0,,,live
2026-10-10T03:37:14Z,0x8920ff3b63dd291329bc5fd0f20f01946c7e7777,0xcce11ddc8e71bf1bc22f56b30ebe2c70898542f97593773ebb3b871e32a36f47,0.11,0.0001816,44654,47456,226,41507,0.0001816,0.0,,,live
2026-10-10T03:37:14Z,0x89252e9fe804c86c2bb234e0932d0eb7ce517a35,0x737bfa935f775a95ba55fad5b9c55ad7220fbec72d6faef685426593b535bb36,1.47,,,,,,,,,,dead
2026-10-10T03:37:14Z,0x89438950605cbb2cb1ab66ae3695cc25d11e6777,0x5d77f45f23685f302e58c2ee78ea5850e199bc4f961c8b666c627ab2ebda3807,0.79,2.122e-05,22684,51541,195,21187,2.122e-05,0.0,,,live
2026-10-10T03:37:14Z,0x897d151787ca84994ac8df68500f17e587794796,0x6e7fdabe9b3ddbe1d6e2b3585163fe56662edd2255a71151dd2d02ff87fc495f,4.17,0.0001401,34584,61449,626,135959,0.0002069,32.3,4,False,live
2026-10-10T03:37:14Z,0x89b76dcdda801f2e456765742c64950eb2a0c93c,0x8f6f9a474cbaa1b6b7cab7efa61073f08cc0dc9768214f65fa66a158208fd115,4.34,0.0007752,81333,426916,2632,762332,0.0007752,0.0,6,True,live
2026-10-10T03:37:14Z,0x89dd5d0c0a6b8680fa5eacc5eb2e579e75cd6772,0xe33e240eed8badb96b68c9ade5314407f0af6efaabd370b8d1781ebb44c94382,0.2,7.77e-06,46621,45848,237,77702,7.77e-06,0.0,,,live
2026-10-10T03:37:14Z,0x8a277697e2ada2c32d98e40e524356939fdecb70,0x251f49cb7ecd54c30e6abfa2813505fc57c099e317493dc207adc0b16dea3d20,0.12,7.533e-06,7487,19690,135,7533,7.533e-06,0.0,,,live
2026-10-10T03:37:14Z,0x8a6e0401d58a24e6bb918ba9ff34d21e55311ffa,0x40776d7490276b9404795dbae6391d437bdae13f7386d8a9d43aa8a6f70ef0a3,0.84,0.0002171,37896,67036,235,49587,0.0002171,0.0,,,live
2026-10-10T03:37:14Z,0x8ac21748392a3981a3a496454bc217fcb0398ba3,0xd364f6ac6d33bbf32fe2ddc1cc78cb178ed8401b500a2f59bc9e080906e49c2b,0.21,1.032e-07,10331,1491,45,10321,1.032e-07,0.0,,,live
2026-10-10T03:37:14Z,0x8ad3e6f17537fd9b04a786febfa7f00c016ffeec,0x8660c267d2d8663aa291c4440323f41ef140ea0a6541e13e3417ae8f3686ba2f,0.75,1.1e-05,11002,1,1,11002,1.1e-05,0.0,,,live
2026-10-10T03:37:14Z,0x8ad983bf2b6acd59556050185c1db86d3e731e18,0x3767adde0d122372247b1191752771b3236fa51beff5ef03dc159ae1317f156d,1.22,1.6e-05,16024,3,3,16009,1.656e-05,3.4,,,live
2026-10-10T03:37:14Z,0x8adb88f79c991d572d82144ae6ca8516df2420fc,0xb19ec756e668081f992c5da15cb81da54711f421ce6fa0ec5baa6ebefb796924,0.43,8.535e-05,26988,112290,1673,84914,9.593e-05,11.0,,,live
2026-10-10T03:37:14Z,0x8b1cfb4c73d645a2f70d992f5b8b1a41f8584a70,0xdfa93fb4a34fd3d614b494cdbb67aa5683346ce572bc8362f8a6a8afc71dddcc,1.38,,,,,,,,,,dead
2026-10-10T03:37:14Z,0x8b40faabf6695e642f46cad30ce596e59fd7c25d,0xe92abb9b34537e9f1d8d802b9332bdf4787397f70ca0aff0a11b4cdb4bb2934b,0.98,6.35e-06,6401,127407,5052,6351,7.845e-05,91.9,,,live
2026-10-10T03:37:14Z,0x8b765cc4e407b04b32b53111ad3d5ff26813a777,0x4bab5dcbbdda81279698f929939130b15d3ada54001c82ac9b0ce89581d0846d,0.4,2.289e-05,23507,49461,181,22851,2.289e-05,0.0,,,live
2026-10-10T03:37:14Z,0x8b835b7e4fb7dca4abceeab613d39d0a392ef2dd,0x16ed940f882e82034711ed5d6b12066c138edb989045b27575d5dd031db4f612,1.94,4.043e-06,5876,5714,176,4044,0.0001406,97.1,,,live
2026-10-10T03:37:14Z,0x8b9362d5b679613b743b28ca9375d9857c5b47c6,0xb748739925de9702cab4869d2ecd620fd33faa12cdf1e899b67ada9216ed35fa,1.43,,,,,,,,,,dead
2026-10-10T03:37:14Z,0x8c407c3de216dac72fd9d38f1ca9687767b6ba68,0xe9f5424d4a366cd96ca2ab5cc9b90399ca2baf062d0e0a506825ca43177b6b17,0.19,6.237e-06,6238,0,1,6238,6.237e-06,0.0,,,live
2026-10-10T03:37:14Z,0x8c50bd15f90a59d873abc822f8e5e47a953b9328,0xfeec69eed544d5298df098c030b177a25e7e49e7c6cf4601e1245db6659a9b3d,0.31,0.0002999,44350,117918,223,68513,0.0002999,0.0,,,live
2026-10-10T03:37:14Z,0x8c5e11bcbf851a6b389e962df33a6e31f50830f5,0x63bc191269934c274a177fe520b9cb9ee26c6377b18e2cf690fae265a774e170,0.97,0.0003445,47686,103905,222,78683,0.0003445,0.0,,,live
2026-10-10T03:37:14Z,0x8c7ed08ca5bd6df98bcb455809bb9f8444e17777,0x9e428fd39e6b124f9138c3858df3092cf9e9bbddd02f8199ba4bcb41aea5e307,0.08,0.0002188,49083,50210,229,50013,0.0002188,0.0,,,live
2026-10-10T03:37:14Z,0x8cbd09479cf83db16bbc27f09c99aa637eda6777,0xafc9e04fe3cd751aff4db7cba0cbd3798604f64c146f7264068dd3b17c5c237f,1.39,,,,,,,,,,dead
2026-10-10T03:37:14Z,0x8ccc5f1f2e076f404d764646d662dc0fdecee1e6,0x47f311db79b8c84a515c27500d33f221dd0b2097021e8d185d7ebe3be5c7e16c,0.17,0.0003056,44847,101933,234,69814,0.0003056,0.0,,,live
2026-10-10T03:37:14Z,0x8cdb033120c84c9503f898e0dfeec845b41e3777,0x8dfae21e8d8d55764707e3c4df2ebb0555c92b7643129410e9946a178892fb8d,0.7,2.075e-05,22399,39740,143,20715,2.075e-05,0.0,,,live
2026-10-10T03:37:14Z,0x8d1abeb789478a15ab8b0dd3ff09ead0c199bfa7,0xd13a021ef4746d0b3c7cf511831afac98d1d007e02cf8b5c3ba51abb23819dcd,0.97,5.222e-06,45629,34666,203,52230,5.222e-06,0.0,,,live
2026-10-10T03:37:14Z,0x8d3fe2272e9f21670fe27ff04f09f2d4cf461d46,0xfd9212248c6d0f54512384495a4952424046801a3ab404078450c1636ef976cd,0.62,0.0001219,28396,35292,141,27863,0.0001219,0.0,,,live
2026-10-10T03:37:14Z,0x8dc2c654be64da35795471549427c4ef5e93cb5b,0xfc031f6bcde00f6bbf8402f2e714bb0d8643ee91001b497d8f0baffe84498d3a,0.62,0.0001664,33146,36779,148,38016,0.0001664,0.0,,,live
2026-10-10T03:37:14Z,0x8e21c8b05cd9bf701a740989f3b2dcf0e7333c55,0xfc2dd8378f010ede062d7b76b673fdc2c7f9808bf56bb0f27138debc5774b9d5,0.94,0.0002132,37495,71430,241,48716,0.0002132,0.0,,,live
2026-10-10T03:37:14Z,0x8e41fd25e85e624560fa50ff9f117a02cd30b8b3,0x7608c38ea8cc2082b043e886185979942cdeb58e,5.51,4.983e-06,4555,1063,20,4984,0.0452,100.0,1,False,live
2026-10-10T03:37:14Z,0x8e5c643e263776a01b8d898a0b0a233cd132f5ff,0xa3b6330812f1ebe45dadef0f99a01075ff17a5393be3dc7ad9fca32256a59323,0.71,0.0002106,37319,65615,231,48115,0.0002106,0.0,,,live
2026-10-10T03:37:14Z,0x8e6d0d9d4afd8f254618f2ede5de0d411199c378,0x5dba8305d95c3f5d71c8a35cc4c158b13af40854690735b0957edc6ee4db3828,0.77,5.096e-06,5097,0,1,5097,5.096e-06,0.0,,,live
2026-10-10T03:37:14Z,0x8e8893e73405f6f38c827f3a66909649bc83e50e,0x1addc49bd531903b195ef7fe9ab7fa9b98051005503bcd8a8dc7628063f5b602,0.39,6.286e-05,46260,409698,2034,62862,7.588e-05,17.2,,,live
2026-10-10T03:37:14Z,0x8eef8674e08786eb7af28a86e3b098d28482a2c3,0x1ddb0dbb526c4263563bf8da74cfce9470d3e6dbdd203e63a8870b527edf4fbb,0.21,0.0002212,38164,63142,206,50532,0.0002212,0.0,,,live
2026-10-10T03:37:14Z,0x8efde1dc0b0e85b6af77009dc0c9d7053791a2a4,0x47db78fd6d633b58aadb4de4b773e1337ffbcf98,0.32,1.506e-05,7573,0,1,7573,1.506e-05,0.0,,,live
2026-10-10T03:37:14Z,0x8f218f0897f65639f5eda33bb19742f2f95aecb8,0x7fe7fcbbfab73cd681b25502100891dc6fa05e075ac34d5ab4862227dd863ab7,1.48,,,,,,,,,,dead
2026-10-10T03:37:14Z,0x8f65ff3fc9f717a620daabb4fd24cd0f23bed5ad,0x733f29637060337a403a5106538b750711d5bdaf9d11f1982ff63e1b7b7294d5,0.52,3.59e-05,15387,706,4,8201,3.59e-05,0.0,,,live
2026-10-10T03:37:14Z,0x8f8d87c8eeae43ab3464a8b566cec9ace4254ba3,0xed386e059a47be31dface22b85ae9b2d4206b9360acdab9f6d4e360f319fec52,1.48,,,,,,,,,,dead
2026-10-10T03:37:14Z,0x8f9362d78e05323dfbb6c11bc7d0fd607c061e18,0x241952ead2795e464fcc69c5f8d005479036d647583452c2fd64c7cb59d18019,0.07,2.828e-05,28030,131777,944,28286,3.154e-05,10.3,,,live
2026-10-10T03:37:14Z,0x8fa601e2c9aa3b69120c3eaa83a1cdf836728239,0xcaeae64a270b58d6bb6387b62464b66947dec8cf6b385359220bad4b2894752a,0.77,0.0001575,32297,52823,164,35985,0.0001575,0.0,,,live
2026-10-10T03:37:14Z,0x905b061ad7aa6985dfc6b2dadb86225f1ad43f0e,0x6235bf5c542e81a4167c2cc5988e13ca756fdd05,0.24,5.678e-07,5560,3577,380,3124,5.678e-07,0.0,,,live
2026-10-10T03:37:14Z,0x90d709ff6cdbddb3f4d924d1ca1bb39b084940a9,0x575b7e2a321741f56f554674b54e28a65703d3e63e31dbedda42a614228bd852,0.61,2.61e-05,26088,560,5,26101,2.61e-05,0.0,,,live
2026-10-10T03:37:14Z,0x90f83e8ff30ba5a6c064c03eba49286493a07777,0x67d59ebc2f5555e31120071dd4fa59c4b6c4fadf7c7442f26400e6ed6a3972e7,0.62,0.0002298,50332,51051,234,52516,0.0002298,0.0,,,live
2026-10-10T03:37:14Z,0x91190add04a5b7edead115f0ef05614627c2a9cb,0x1dada0944e6a1ad3bf04c0c39dea5e6e3776bc08,2.11,3.95e-06,3784,3227370,6489,3951,0.01726,100.0,3,False,live
2026-10-10T03:37:14Z,0x917362c6da24a63b8824f0cf0f16c47afcc5bc4c,0x3a77c8c08fc2354c3cb98ceb85961e9d9e063b2be55a47c54e8796fbb8179b7a,0.47,2.583e-05,25831,1774,12,25838,2.583e-05,0.0,,,live
2026-10-10T03:37:14Z,0x91a2dae9699f0b82540b5886b0d8759c22820ba3,0x40a433930370f6cdf0a78debc2c6dd599c23bd428c0d67dd8b5373e4f101557f,23.91,2.265e-05,535599,120850,1130,2265086,0.000473364,95.2,,,live
2026-10-10T03:37:14Z,0x922ea58103348ac1b04005b41a82053e7dc81e18,0xc1d8d6c53fd02f7b6477c7b74d5f229dddc6cc407e70ce6b3885caf0073e0ffa,1.55,,,,,,,,,,dead
2026-10-10T03:37:14Z,0x924f24982cd3252393b0fc40385af963556d2777,0x94938999ce362a5172b92c85ec2574f7fd45b6d3a5fa2ef4b3344f20ad237ef3,1.34,,,,,,,,,,dead
2026-10-10T03:37:14Z,0x925a765660b2b727259df09816bf1de939cce239,0x1321da2f5f189386f200f33366e7adb56a98331e169935f2c60ccd3b965552b3,0.74,0.0002214,38297,71392,236,50586,0.0002214,0.0,,,live
2026-10-10T03:37:14Z,0x927b50e4ce03671d5a505922750edcc9cb734ad4,0x10f2a61a3cb3f8f4ddc2c1bd57dacd4fb38f794333a6110044af81d86d416a4c,2.92,7.277e-06,7883,4653,115,7046,8.932e-05,91.9,2,False,live
2026-10-10T03:37:14Z,0x933d2502406e7bd8f6ff05ab8e1dc9711af6e94d,0x92f79e84a994eb741988834f9bcd4d76cbacbcc7babfc54d4ac4d8f3d8f55364,0.77,2.506e-05,25062,569077,1309,25062,0.0001593,84.3,,,live
2026-10-10T03:37:14Z,0x933d9c4313414c4ed00ba420ab9d98473c68d351,0x836880c9b3a46873cd9ac53fd8bbe29c07192d2df2317e56acea39f55811ff5d,0.73,5.086e-06,36486,73199,256,50865,5.086e-06,0.0,,,live
2026-10-10T03:37:14Z,0x935421dae02c5c739d8a35440a8fd557050531b2,0xcad356f8f0239c8280a6b06529f33543ec934270,0.06,0.0001429,21,2054504,3120,142951,0.0007694,81.4,,,dead
2026-10-10T03:37:14Z,0x937ff502cece43dd10c93057f11103088b951e18,0x3ce002707216dde1738352735bdabfd38903e39e50b7842b28328c0beac999c0,0.07,0.0001613,134684,140618,1460,161383,0.0001613,0.0,,,live
2026-10-10T03:37:14Z,0x93a7334ae11dda710d3efa92888905c4b6561798,0x737dc0ae1d59e2f1b3814f6d2f427772dd52b505cc67b22bf7207a2c2c7d7b36,0.43,0.0003132,45363,93999,227,71552,0.0003132,0.0,,,live
2026-10-10T03:37:14Z,0x93f8613789d92232041bfef2e7a185fea9984476,0x32439da8101734e840536f9548865330ea5f16eb515b1a8828888135c32a84f7,0.42,0.0002437,40033,80862,224,55675,0.0002437,0.0,,,live
2026-10-10T03:37:14Z,0x9402adb0206a1a0de8b355c688bc8b095d598777,0x0477c5c69d5ea78321e5a502998b359f5c3e0871c41cebe79eadf16579345a64,0.13,1.825e-05,21005,52287,164,18216,1.825e-05,0.0,,,live
2026-10-10T03:37:14Z,0x940a0edc908669bc46c70f4a48b712cff0f00777,0x5f4397dae60f7293dd04d1e4c031f5f1426c01917323a464d75ed528b02c64df,0.85,2.001e-05,22032,49828,169,19979,2.001e-05,0.0,,,live
2026-10-10T03:37:14Z,0x94318f428398fe880a0d25e90fa7bede60585ea5,0xe5ff77e98b58c7dab5f372cdbab62d8f1e2841edb2e1873c81a652dcb1e1d0ec,0.8,2.961e-05,29421,2204,11,29615,2.961e-05,0.0,,,live
2026-10-10T03:37:14Z,0x9434680dbb6451de226c10b67389147767263777,0xdc9df9659f7cac256748ed5a67cb7e4e95543a65edca3325137562c4409dcbba,0.23,2.51e-05,24591,53387,183,25059,2.51e-05,0.0,,,live
2026-10-10T03:37:14Z,0x9445da00af7868b71e0a8009b1ead6af0c692577,0x0bafc2a83e6fcc86389d383bafde5338d4fd3ad2ce5c9d4d7ef341f16a2e8e45,0.93,5.309e-06,43050,52582,374,53090,5.309e-06,0.0,,,live
2026-10-10T03:37:14Z,0x949f6a74f161e119ce768e7450237896e1e26d41,0x7e2c3c3ffbcaec087d095894961ad1332f7281aacf5fecfc13f9db2f277c1550,0.6,3.599e-05,34401,52468,238,35993,3.599e-05,0.0,,,live
2026-10-10T03:37:14Z,0x94c211d73ce57cde62e64d6d2dfea16d62566777,0x2bd8c60decd6261230f06d324cbf3181c6883aca488c6299a8570a64ed19a471,0.72,1.702e-05,20326,22061,83,16992,1.702e-05,0.0,,,live
2026-10-10T03:37:14Z,0x94c8eec8c3e5e4f377c0fe78ff012c90f7de3777,0xdd4a57c2ab1a1fc5f3d9b7101be356a8d4c560aaca184fbb2524bd0040a399bb,0.09,8.926e-06,14691,9258,30,8909,8.926e-06,0.0,,,live
2026-10-10T03:37:14Z,0x94f4553b582d4925a432768d340eefca23d80854,0xf77dedf6799eeeb12816fe43e12a63ad7c03bf91507e99c1d715515ea5155b05,1.46,1.316e-05,11529,18627,273,13135,2.066e-05,36.3,,,live
2026-10-10T03:37:14Z,0x96003d7d4f6b8d7466ce423fcecc916f7f901c90,0xf8195d1f494bef04945bb382411240ef8cfd9dc6ac23696208666d2ffea28e52,2.32,0.0001257,32763,123336,830,121226,0.000271734,53.7,5,False,live
2026-10-10T03:37:14Z,0x96678efa296c882a100fcbef36d589d8c5df1d6d,0xd3e46f3641c6b2668f9c7a5e98786262084b6a69d36dc84728ec3a43883a6631,0.81,2.685e-05,26822,902,6,26854,2.685e-05,0.0,,,live
2026-10-10T03:37:14Z,0x9685db20154556a186e09f4af351454239bf9705,0x41c64f600c65959e05843263d14540b7e66c71ed,0.05,5.566e-08,0,5703,61,,0.009698,100.0,,,dead
2026-10-10T03:37:14Z,0x96890107bd8a6d762900445270f822384f733c4b,0x4a09822a6264886499a4974733dc0e45df0e5d67a27c2bba98b14eab45fd8096,0.77,6.295e-05,20423,5586,23,14379,6.295e-05,0.0,,,live
2026-10-10T03:37:14Z,0x96c1d7e3711622184c82a8fcbaaf1eed5b9f8122,0xc2673c01f8a1de0aa48b8e8e5f52914e904c7a677751a141bd08fc148ac2621f,0.34,0.0002322,39048,65364,229,53038,0.0002322,0.0,,,live
2026-10-10T03:37:14Z,0x96c5bf16a38bff3a7d2b0b17564cc47afabc1111,0x8db9e20943251c33c459be7347364147d792586eed4ee6e847e3e01fd931159a,0.51,1.239e-05,12397,5,12,12397,1.243e-05,0.3,,,live
2026-10-10T03:37:14Z,0x970b93ca582cf4170e72e141fccac6a7d4d6c7ed,0xbdaf2a60a8458a524f91a7ca41b14b093a15d7976de343cbdef95b21f2e4850b,0.7,2.537e-05,25371,228,9,25373,2.537e-05,0.0,,,live
2026-10-10T03:37:14Z,0x9716e2daac243e9534597404fcc189b259062332,0x026989a3b5c88d2f1b9769f92779e280178bc49628b4894f577516500541f3f1,1.45,,,,,,,,,,dead
2026-10-10T03:37:14Z,0x97382232ac120f1621b5ec9a9ce0d63550778777,0x5d54aaef5aa40c815f62262aba7230f7ea19600cab32eef91e3336c25dc6d18c,0.59,2.799e-05,26039,46687,176,27935,2.799e-05,0.0,,,live
2026-10-10T03:37:14Z,0x97775e2c9a0bbb6977b5a60d3c78192c85847a83,0x28c2270d976fffb3d9826085c8fa1a68220f1710c27bf2409e76ce8d3b0eb200,1.23,5.91e-10,1,9,15,59,1.179e-05,100.0,,,dead
2026-10-10T03:37:14Z,0x977bbdbd3bc8c8e0435af7677d10f87fc7dc44df,0x3e0ab77a4ac64339aab8edb35e16f18d620ab2b2325d0c5b342eb1fd593b6401,1.47,,,,,,,,,,dead
2026-10-10T03:37:14Z,0x981b64dc5eb43e3a7ccf3093ead341a56fce4777,0xb415e122948662588d6d5d554f1a242e82ece8a8ceb7937d80353a33c537acbe,0.72,2.097e-05,22557,51247,195,20938,2.097e-05,0.0,,,live
2026-10-10T03:37:14Z,0x99326425d5cdc81eb6900d104de1551b89160885,0x7a1246e6ec15f644e5d19edde12addadb8c313644553ba3ab64689b030d26331,0.44,8.556e-05,56506,282382,893,85564,8.556e-05,0.0,,,live
2026-10-10T03:37:14Z,0x99397215297b36c1a43469d1b07722955a9e3777,0xd6e2c40f66c562e6f7b991bdd3266c62ed2a20ba1293af6e9448c907273c3b1c,0.36,1.636e-05,19855,14789,52,16335,1.636e-05,0.0,,,live
2026-10-10T03:37:14Z,0x996bb656835bc5a3805878bf45f15b2ee477baa8,0x0cfdee18ecf7ce75d0f4da25e982265e926bfe887f89294542ee76cf18d8ffdd,0.85,0.0002893,43727,89072,231,66085,0.0002893,0.0,,,live
2026-10-10T03:37:14Z,0x998af7a4ebafbd5851befffc3d27f3b2b90f7777,0xad155fb0beac96389dbcd06e966d8e0ca1f7ecf2d0a68b32e43354c2002075a3,0.35,0.0002144,48483,49709,231,48994,0.0002144,0.0,,,live
2026-10-10T03:37:14Z,0x99950d0d10477fa9d0700904e3a4563d442a7777,0x56e7aa4bbc10581d566856cb0b719000e74626516a16be3205d9f17417d1aacf,0.59,0.0001863,45304,51459,232,42585,0.0001863,0.0,,,live
2026-10-10T03:37:14Z,0x99e8c402f8e27cbb28cb9a76d1e3d17fbcedcc7f,0x227cd960c2754a2c378b95956e3aec834b22e2d6186ccab7cbb5580005967748,0.96,0.0002864,43448,97433,234,65423,0.0002864,0.0,,,live
2026-10-10T03:37:14Z,0x99ef0b630eda86ccdcfd0fcf3e13278173657777,0x94f617c178a441d3dce26e820b7b968177d0e6dd32e1d38ff5318bcf5e802888,1.38,,,,,,,,,,dead
2026-10-10T03:37:14Z,0x9ab39d6a00bfc14ebcd47cf5aa0a42026127c777,0xca241518eff37a1802fd4595f718133267439ad1994d2e5758f37748671bb23c,0.95,2.468e-05,24431,44667,161,24634,2.468e-05,0.0,,,live
2026-10-10T03:37:14Z,0x9ac4d65332acf47d0b3f6c4fb121ad3417e67777,0x4508fd3f0a77f531ef1ab391d2dc19f110fa90c2c3eda26d413f5f0a7a93bf30,0.49,0.0001348,38485,34426,159,30816,0.0001348,0.0,,,live
2026-10-10T03:37:14Z,0x9ad56c5f95208be3c6feb7da5accb48ec1873f5c,0x6e80dcd7861decd6c5defa302df444ef92653274ccd7223b2c1d6b692cf3eb9f,4.34,1.006,19125133,37,3,50301073,1.01092,0.5,3,False,live
2026-10-10T03:37:14Z,0x9ae9208d2615ce4eee721cec9b27d48027b87777,0x4becce6ba9ab5fd3fd5727887c01876a7c4e6f87c15cfefbf56b794b8e72aa7c,0.48,0.0002437,51817,57362,237,55702,0.0002437,0.0,,,live
2026-10-10T03:37:14Z,0x9af3c6b90e471d1e76a207c0c2d65ae8f5075001,0x84df61cffad6803de62b29d0b6f405c4a361c6aa9b83a12cee092bdabee25f42,0.8,2.544e-05,25444,214,4,25445,2.544e-05,0.0,,,live
2026-10-10T03:37:14Z,0x9b457df8d01eac59d6714a5221404bdab2461e18,0x2d57df5643a5ac355d8d29ff435dd75cc1eb8afc063565112a63140be1e52f0b,3.26,2.115e-05,21581,1,6,21156,2.553e-05,17.2,2,False,live
2026-10-10T03:37:14Z,0x9bc3ea686324d5e8efb4b1c806a9868f2a1b6980,0x59a5902956247cb744b9ea9da63ef2dbf93385af855bd047e281ffad5b0bbd6f,0.36,0.0002254,38487,62203,231,51481,0.0002254,0.0,,,live
2026-10-10T03:37:14Z,0x9c5836c9b342e62a472614dced3efc0943ae74b5,0x3ea1badde776ed39696c7478f2f89d0417b8830069881acb2b5fda3c069d53a9,0.77,0.0002045,36802,72058,240,46725,0.0002045,0.0,,,live
2026-10-10T03:37:14Z,0x9c6360bfa59325ebd3865af446ded055a80b40ea,0xe17f62cd545d988434ec7c05ed3162e6e86107e7dadb613e149f217fd9e9a1da,0.28,3.67e-05,15521,326,3,8384,3.67e-05,0.0,,,live
2026-10-10T03:37:14Z,0x9cc465e8c3d4c4fa0d3b4684b0bfcd405512a08b,0xaa19feac859e3daffb0ce9699a4fa256a089cf9bebc3d0886738e854ac147dd8,0.61,0.0002494,40609,78576,230,56972,0.0002494,0.0,,,live
2026-10-10T03:37:14Z,0x9d071a663fee2a2f851c0755ee7a3f6db9596777,0xd7275df4b5fd95d11262c2c570bfdfa85dc952421886482f645e32dbe6e8ac73,0.49,2.126e-05,22675,40831,162,21227,2.126e-05,0.0,,,live
2026-10-10T03:37:14Z,0x9d2a731025afebfd291b1f0c36378c1e072b9bf8,0x8ec8898ba46d1fe577de1546a3928b617d520a4cab92fccfd611c13a9b20ec94,0.15,1.244e-06,53342,3139421,9396,124488,1.244e-06,0.0,,,live
2026-10-10T03:37:14Z,0x9d537c753cc808d654a067faefbdeaf85c40aa8c,0x7db1c177bdd061a166bcd27b064300370695a77d554c2c600ca795eb684d828b,0.84,0.0003198,45999,85738,214,73059,0.0003198,0.0,,,live
2026-10-10T03:37:14Z,0x9d6607b7afca3bb32c55c49bb5a62f6a3037344f,0x57a94f4700eb6c236745cc3c04513bd41046a32f776e094feb786e2cc2b74636,1.02,1.023e-07,10229,1430295,4575,10230,7.54e-07,86.4,,,live
2026-10-10T03:37:14Z,0x9d6692f43a3f4e822d4bc6507af03759253a2777,0xedcf5c1bade10a49005804aeee0dc9164ef21c409e507852f6f95caf57b4fa05,0.89,6.784e-06,12816,2625,13,6771,6.784e-06,0.0,,,live
2026-10-10T03:37:14Z,0x9d736d8e3b4d951430dd80fc4d576a79ad4cc1b2,0x4ff2da272d069d7d8f467cfffb0abd0eb6d7dcc1ccc9ffc3db92c0b205a6b2da,0.28,4.939e-05,46904,8848,26,49397,4.939e-05,0.0,,,live
2026-10-10T03:37:14Z,0x9d80917ca9b07abe663d5bcc0d601ba99aa087ca,0x3d63692e698bae62bb81a328b25fb33b08a8b4ead38817678d2cc889215e006e,0.77,2.5e-05,25010,3,7,25010,2.5e-05,0.0,,,live
2026-10-10T03:37:14Z,0x9dade398fbe832441b471343e073d6ebae137777,0xa1a56c89509c82ee43179a9a095818871401854b74c4a8a5cbede8ca648d51e1,1.47,,,,,,,,,,dead
2026-10-10T03:37:14Z,0x9e4a054400f06c1966f2857cbed98917dd34a7d9,0x9e5491fada0e2d47f7532154ecbd9147c36b8c99190f759319784eb51574cfd5,0.05,1.196e-05,44849,225156,581,119632,1.196e-05,0.0,,,live
2026-10-10T03:37:14Z,0x9e7598c9b3ca57e8b82973093203722336a3b898,0x3f3132bb7514ba3fbf2875672fda81948a4f5001e46ddfe2b4e56735780b8f20,0.81,0.0002483,40546,83639,230,56724,0.0002483,0.0,,,live
2026-10-10T03:37:14Z,0x9e8b2eb82cffae8fce012416a8555dad540c3532,0xbfc4d0fffe8accfd8fa3efd0b5accbd284dccff995e73909001ba80464a0e9e1,0.72,4.117e-05,28368,35547,255,41172,4.117e-05,0.0,,,live
2026-10-10T03:37:14Z,0x9e9462f7e365174e317a306c43af6db204311aac,0xf879ef6ac3f5b1bdd6e6f71a426b5ab7f612415059c3e8d8feea54fde0535f94,0.6,6.36e-06,6371,15770,411,6360,1.073e-05,40.7,,,live
2026-10-10T03:37:14Z,0x9eb01a5bd4c7cd608c39bc75e5c9549bce5f0777,0x6cba3acdde906ee3556b1752382fda9aa1523e3135a7ed75ac5af8a7408e6a8c,0.09,1.914e-05,21512,26624,91,19103,1.914e-05,0.0,,,live
2026-10-10T03:37:14Z,0x9ede322019359dfc4c7e888f91ff7b3383ede777,0xdf2e8dd9f282b339dd91b0dfbeb712fa194381ea8c0a31d7baee1eafa48ae3ed,0.63,2.356e-05,23916,34551,120,23514,2.356e-05,0.0,,,live
2026-10-10T03:37:14Z,0x9f4ba41f91a59a34e17ee8c9eb3a51363b11abd5,0xd23635812197b00b0ea0fd0e36021740c7951fb34ff1ca79260052b47e9769bc,22.51,0.0009022,87760,73098,432,850684,0.001145,21.2,,,live
2026-10-10T03:37:14Z,0x9f4d48abc95c7b8b278471d136c7530259d03c5f,0x938bf04698bd6e7f9ec920d42976fa7af8438eb876fd90827cee914831480ddb,0.67,5.162e-05,18440,8496,32,11791,5.162e-05,0.0,,,live
2026-10-10T03:37:14Z,0x9f4fb330515b5c65c5348d0c3688d98d3fddea01,0x74e8311d05d09d6142c5bedc4ad03518595f6becebeff4ed247b6c1bb83888eb,0.22,0.0002979,7076,0,1,7448,0.0002979,0.0,,,live
2026-10-10T03:37:14Z,0x9f84f44b12c355c221c517ab942fe55da0a04545,0xedad8ae67dbaa1f7883b115ecb6d5ea8530da7814d45cf483aa8c0271368cbc3,0.67,0.0002091,37156,64778,232,47767,0.0002091,0.0,,,live
2026-10-10T03:37:14Z,0x9fa37f81a5db729c7a161d845a59a6d68a7e6777,0x8450c3eb2272483baefc35bfbd1176a8d5616bb63b5eef6a9f31de6734aad49f,0.52,1.904e-05,21449,50903,187,19003,1.904e-05,0.0,,,live
2026-10-10T03:37:14Z,0x9fba635c0f6241a73cf34eb7a318ed5466b8683d,0x6d6ea481d774569935261ba1c6d533e2b6669ed8,0.48,2.484e-06,2488,1270760,3601,2484,0.0007498,99.7,,,live
2026-10-10T03:37:14Z,0x9fe203a4ad406b4cd5eb4351ab78d7b2bccc9e26,0x668681690b4ac81e7ac5f5afff3055d41a51b3b4e86c754db8775538ce0d9bf1,1.35,,,,,,,,,,dead
2026-10-10T03:37:14Z,0xa0062b3625c5168571a8a1af50e1082179e330a2,0x8afba2d59bf331f5cb0e28bad4f28b4075fedfbd5474571503bf79f2fce3d065,0.36,5.123e-06,5124,0,2,5124,5.123e-06,0.0,,,live
2026-10-10T03:37:14Z,0xa0486d2f633716a8dbd989ec96cf0abd5f48091c,0x027c69f550ae2e7bfbb4586aa1bc3a9bd5a7b3fb344a102caf0907b5dbfe980f,0.8,2.624e-05,26228,607,7,26243,2.624e-05,0.0,,,live
2026-10-10T03:37:14Z,0xa0563e61152d3b5753a1baaa8937a8575421a64b,0xbcda5410db60d4b542d7ed5fb9969904d29f731c,0.79,1.518e-05,7630,1,3,7630,1.518e-05,0.0,,,live
2026-10-10T03:37:14Z,0xa07f1926ba15f4eb34e269f1accd176e32dcd039,0x14ca8e9b72b52adfd15ade79fb5e518acca3fa79880f69e631e2a9d20c18a4ba,2.57,2.924e-06,4997,38,7,2924,5.076e-06,42.4,2,False,live
2026-10-10T03:37:14Z,0xa0ca01c7374da704a6c9325acce75903ee971e18,0xb60b013d6d3bebfac0f1ce0b927be9eb9fd5202ec6e920264ab942a1b2b31df5,0.59,2.001e-05,20020,5,3,20020,2.001e-05,0.0,,,live
2026-10-10T03:37:14Z,0xa125085e461580fdf7564624ac6e678d2db41e18,0x190d824c883118eba3a80af0c8f3a44975eca92189c8c9ca49dfd0c259aed915,0.27,1.997e-05,19978,52,12,19978,1.997e-05,0.0,,,live
2026-10-10T03:37:14Z,0xa1301d44bed599df70b7d3eaef6c9d62b06d7777,0x12f63d39a87bb91e5d482b3ac2ba319fdf847da6591ed42f2c2f7af6ab58bdc0,0.31,1.97e-05,21774,31420,111,19670,1.97e-05,0.0,,,live
2026-10-10T03:37:14Z,0xa153f07bb28815289211555091d5590b8c577777,0x8c7d8126b63641c5a57e1b550d1eedd196a098e43cb57c4fe5216bf430225d36,0.86,0.0001951,46378,46147,231,44592,0.0001951,0.0,,,live
2026-10-10T03:37:14Z,0xa176beeef3d4266e0fee51a428519792ebcc7777,0x786abba8229e0ddf31b87d234c3723bf2426df903960bb8bee47368710038234,0.97,0.0002427,51684,57521,237,55457,0.0002427,0.0,,,live
2026-10-10T03:37:14Z,0xa177b7312d1ced93288d74ceee307f2cdf635cfb,0xa90cc1405a3f4627e84baade6359dec3f225cf109861b433a9d4c7ef86894836,0.94,5.13e-06,5130,0,2,5130,5.13e-06,0.0,,,live
2026-10-10T03:37:14Z,0xa17befbf398480a91d2948809175e74b174916a5,0x851bf3485edbf77acc6ae5d270169d998102db0a53e86d7e67eb859643fd483e,0.42,0.0002058,36790,67361,235,47019,0.0002058,0.0,,,live
2026-10-10T03:37:14Z,0xa18b58f25a3c387a627d1cfeb1d44a702e327ff7,0xd9e848d3f8eddef7164ee9d8e7d7a6d22175dcbc56082b7c56e7b6df9b527bb8,0.61,2.493e-05,24938,3,6,24938,2.493e-05,0.0,,,live
2026-10-10T03:37:14Z,0xa194554545ec155202e0882951a05d21292a7d07,0xe7c16ed0013154bccc7679baae6980d227df02b0ff637cf0bb9b44c9a46c7fc2,0.73,6.721e-05,85940,32267,213,67215,6.721e-05,0.0,,,live
2026-10-10T03:37:14Z,0xa1b3a639e9c1f34732a06f0ab02fcae25cc57233,0x6085221e9cfcbd96455db0b85223ec9f39f1d486771958eadeb2eeb837661cb3,0.71,6.448e-06,6525,161309,777,6449,7.703e-05,91.6,,,live
2026-10-10T03:37:14Z,0xa1b98b5246a207ebc17cc571e97e4864bba31777,0x7582acb87dd214cfbbf1398ed7dd0c61d421b6d94be86cd5bbacc18dc6c77933,0.61,2.82e-05,26157,51166,187,28150,2.82e-05,0.0,,,live
2026-10-10T03:37:14Z,0xa1f99d6084e41b16715a9d6d504df6994e7d4777,0x062f4526949dca78120242b1d4510e428cb420752ffb9d79296d7d53b1f5daa7,0.68,2.442e-05,24297,58536,189,24379,2.442e-05,0.0,,,live
2026-10-10T03:37:14Z,0xa20baf0c1176cccab01c1db0a9c53a822cb418b4,0xec1f78dc90e6c22879659ad6ebd21b755a15d903629bce34554380c18749722f,2.58,0.1245,14547792,7270823,14,124504503,0.1291,3.6,4,False,live
2026-10-10T03:37:14Z,0xa2250d22d7eb8bf6534ff1cee20ffc98110fa8ee,0x7a8190c379a922755ba0272e167b562ca5356b997678b65e43d4324f19bce088,0.21,0.0003819,174063,820067,1367,371835,0.0003819,0.0,,,live
2026-10-10T03:37:14Z,0xa24a69b8fe0c87223b518067bbef5bf8fcef6932,0x9abd49a47701b212cb1656f6264537e310713a38ee4fd6b0798bb81541ed718d,0.75,1.1e-05,11002,1,1,11002,1.1e-05,0.0,,,live
2026-10-10T03:37:14Z,0xa24c5f25042b127a00d347ab1a47018f38039777,0x7e8af65169143462a8c9336020bed7e021eed7e0b9a0df5555791d1a20769310,0.09,2.667e-05,25399,51074,163,26624,2.667e-05,0.0,,,live
2026-10-10T03:37:14Z,0xa373ccd8e0ee4932766b75a22e7ecdf413737777,0x432541cace0ad79aa37d39348b8a5934c34f0108fd691590b73d2796a7e6004a,0.44,0.0001781,44231,45748,170,40701,0.0001781,0.0,,,live
2026-10-10T03:37:14Z,0xa3762cada2a7577a25354c3b7387daa749b6f967,0x0cc8cfd30a105566acb0d222c506c4d49ac60220784b0b7b7ee24fae9131d6c7,0.98,0.0001077,78717,168851,254,107796,0.0001077,0.0,,,live
2026-10-10T03:37:14Z,0xa37d551f2a768af49ec5a1df68efbfac91971bd3,0x58714a8820176196130caa0ccefc45079ac47fc73c2f6700079b2dfc62306c8a,0.06,0.01603,17546,26253,160,335629,0.017,5.7,,,live
2026-10-10T03:37:14Z,0xa385e14be6066291fa063a0f49efeba2365d7777,0x2b1f5ede775a164d150edc695a4bec65e61b4a6ff66cbb43049ef720c5262a9a,0.89,0.0002184,49046,54643,235,49905,0.0002184,0.0,,,live
2026-10-10T03:37:14Z,0xa39e8fcfd20915800eddf1a222ea1559d79ad52f,0x9e30c973007ceeb377997bd3ffae661e911eed0d,0.23,0.00107,963780,13,13,1070867,0.00107,0.0,,,live
2026-10-10T03:37:14Z,0xa3b8ff52f8c6b571057bd17f442c72837cd123da,0x1a2fd4055c4fde91da48af3f0a05bc4728690b8f97aaa773fda66e79763ec39e,0.59,9.009e-05,69714,202972,525,90097,9.009e-05,0.0,,,live
2026-10-10T03:37:14Z,0xa3c6c03c9b55cd9acb2ce8b3bc6192dd827afee6,0x127d6ab26a2a14fea62bd789cc4a0def761482e7fbfd439a84744bc7d14eb1ed,0.76,8.421e-06,44060,46813,234,84213,8.421e-06,0.0,,,live
2026-10-10T03:37:14Z,0xa3c9b2adeef14d6b73202942a6d3da82c1d13f45,0xf89df7e4a63bb8c3f72ad97b20d6b071cc07e7f134f352ad86390092e3d41177,0.77,2.501e-05,25010,3,7,25010,2.501e-05,0.0,,,live
2026-10-10T03:37:14Z,0xa3ca3f42a3d4d21cbe6926db2242daeec1331e18,0xaf8400d87bf01f1358380e369f8737b8dd817b8493e3e4af129e1950477803c2,1.51,,,,,,,,,,dead
2026-10-10T03:37:14Z,0xa3fc008c71e53daf2b194d3639ebd38e5f5e6ba3,0x0efa3306e54cd245f163fc0ea4f0e5ffdeadd41fe4e30bc6f7af0753476f9dcb,1.41,,,,,,,,,,dead
2026-10-10T03:37:14Z,0xa40a31de595cc47838b8d39d1fcd205a40bcf619,0xf26eb00a233b48d433766b5dbfe650719169ea3e140f455d2b4a8fc816a346ca,0.46,8.486e-07,12330,1688,15,8486,8.486e-07,0.0,,,live
2026-10-10T03:37:14Z,0xa420c24db07f0b4099b5d3a506f959aa797f83ef,0x0d18422d4f150d826ebe0d75eaac779af2993048aff0d35776559598eb1f5b28,0.06,0.0001484,31296,38155,112,33895,0.0001484,0.0,,,live
2026-10-10T03:37:14Z,0xa440bb82269d3cf12cd9faf24680df7c50b970eb,0x509e376753d76e470118855f7321d9d028224d0126a6125f7c194150e827dc63,0.51,3.702e-05,15615,1288,5,8457,3.702e-05,0.0,,,live
2026-10-10T03:37:14Z,0xa44930652990b9ca033679bfef951d8fb1321ba3,0x2b669eda5eeb08737fd04fc178b8b4bf796d24c219bd938432a64b6a9fb9298d,3.45,2.17e-07,18474,413,22,21706,2.703e-07,19.7,2,False,live
2026-10-10T03:37:14Z,0xa47c1171ee08774ad90bddea35987e1b663ca23d,0xa6679f095070b9d745587870eaede2c85ccb3e227091d403464b5327a1e57133,0.61,0.0001462,31071,33909,131,33407,0.0001462,0.0,,,live
2026-10-10T03:37:14Z,0xa4ad11abf07af22198ecf457d15a3c1a66d47777,0x661441a49e1aaeb4c073cdbbc1a18876ef7adc8aeada23f6fc984e2258c93f51,0.92,0.0001689,43131,49945,230,38609,0.0001689,0.0,,,live
2026-10-10T03:37:14Z,0xa4c96ddde6be5df55cb2267980dc1f3b78ef3c40,0x2a928e9986997d8ef8c2906f9508be93bd17b1071fc0a2c3bbbc835abd629923,0.7,5.272e-05,22899,40095,624,52729,5.272e-05,0.0,,,live
2026-10-10T03:37:14Z,0xa549fb94f2b375e9fb865ea6047388aebfaef777,0xedb5412b1bb0e34b9aa3e3666f6be4dca48667574a95c000b1338c01235ff6cf,0.21,2.032e-05,22165,43369,133,20289,2.032e-05,0.0,,,live
2026-10-10T03:37:14Z,0xa5c5aee3977b29787d6da17d6347c88c055fd9e4,0xef40404e2192e7313d05772ae6535da12aea5d9f83c16a1efb7aeb2c613e717d,0.81,2.501e-05,25020,1,3,25020,2.501e-05,0.0,,,live
2026-10-10T03:37:14Z,0xa5c8cc9fbe4b41b383edb70348d28dd287c63e18,0xddc30709002e268d820bda2b6f8b59675e7e9b2f42c3bc5c80caa123f77336f3,5.44,6.116e-05,22846,15196,1522,60310,0.000175272,65.1,3,False,live
2026-10-10T03:37:14Z,0xa6573964098c72f5e67c178ce4b95066fb3ed628,0xb273edf3a4470c016bf01c7e0d5f8b17c01c6bd8daea294dad651bd5a243f87f,0.64,2.54e-05,25402,181,8,25404,2.54e-05,0.0,,,live
2026-10-10T03:37:14Z,0xa677e74829fc053cea3ca679b902f54f27ccfeff,0xd1ca6bcbed9405b7327763ee2dbb2db12ecd62f79c30511dcf722bb67185222c,1.47,,,,,,,,,,dead
2026-10-10T03:37:14Z,0xa6f628345aed792b564b105706d141327454486c,0xd8367220cc1146eaaace3ae99b52fbfa6e374e89812682cdac252d55c435074b,0.16,6.249e-06,6250,2,2,6250,6.249e-06,0.0,,,live
2026-10-10T03:37:14Z,0xa74f62386bdac20b9beb63b0751a03576dbf63ad,0x58f7287b1f0a37e9700f104b852bdf80dc23a0d227dceaea75adc6988b681f6f,1.32,2.153e-06,126941,6279176,5908,215393,3.301e-05,93.5,,,live
2026-10-10T03:37:14Z,0xa7b9ec5b9f3278ed5a943fc4841f12be9b0e9777,0x9952f2f2821a43bd379fba7631debe6c6baf33b5c1b791cd7ab8a6eb72c7aa37,0.5,2.055e-05,22294,60999,194,20512,2.055e-05,0.0,,,live
2026-10-10T03:37:14Z,0xa7e4bbc23906ef599ec6a2c659afe9056f108ba3,0x34cc609e69319c0aee774a1125c2d61b5e0735e34441fe5b388b2ff74e26425f,0.48,1.058e-07,10592,1408,46,10583,1.058e-07,0.0,,,live
2026-10-10T03:37:14Z,0xa80a7fa58f1c9536303e86098c2fe465ff06b880,0xb079e0509ea69704e0f84e5b5a332b80f1300e10b04ef71218e63713da2deb8a,1.44,,,,,,,,,,dead
2026-10-10T03:37:14Z,0xa822824e43084ba9c63dfeebee56c4d1ddf75777,0xe1cad8c9f1558af1c32cdd92174a2e704461a5675bf727deb7fe14200500c9fa,0.74,2.016e-05,22135,53756,191,20124,2.016e-05,0.0,,,live
2026-10-10T03:37:14Z,0xa82ff488c066045b17eec7ebddee6b5a9f633777,0xbe1c685568ef9c534c4da18e2c0a293461992bbc460e22ec77c16afe84fe768f,1.43,,,,,,,,,,dead
2026-10-10T03:37:14Z,0xa83085cff4d5c9f57cf13a1071b713c3e4324c4f,0x5a64fecfb3fced04eed335646112db27be4d39c9a925ce6a4a87a4622b4c6d33,0.31,0.0001002,100258,24,2,100258,0.0001002,0.0,,,live
2026-10-10T03:37:14Z,0xa8345dd153ed81116a26ba5bd863902e3d2d2a80,0xc60ed59861e4755905e3f585db64e5e7b6102c1317a8e064c5103a1a6d143d3f,0.77,0.000164,32956,54601,165,37474,0.000164,0.0,,,live
2026-10-10T03:37:14Z,0xa86a61a859b8a215116cbccfacb1ea52a5333455,0x8b40f71aae77ffbe30430541c374cd2ae9a3a0439bed7d9582063a7502d1ef33,3.47,1.163e-05,9967,7637,152,11633,8.082e-05,85.6,2,False,live
2026-10-10T03:37:14Z,0xa8936b7148efda48226de8c06706c8f7b0f85c98,0xd42db345a4bd4df194902102fddc4edbb46f6b63c805cd242b359884d3e86e88,18.36,2.202e-05,13716,1370,15,21164,0.000157768,86.0,,,live
2026-10-10T03:37:14Z,0xa8a822c11262a64f1aff8d54c172b1f90817d5c9,0x53fae889cbe1c4a2b15a3906faca29dca626780eb1fc0b45769c27d71db64702,0.85,0.0002244,38528,70708,238,51255,0.0002244,0.0,,,live
2026-10-10T03:37:14Z,0xa8c11bff4744676c7c2738f38fe890a1fa8c30d3,0xeb78ca9fe0894049d83f8f9824a7b1258d269269b383ef3f9cceb5d34fbef994,0.89,0.0003001,44525,100884,238,68547,0.0003001,0.0,,,live
2026-10-10T03:37:14Z,0xa8d73d638cc242180478f5173af56d1af5d17777,0x830badad1a76a8d99e57739f1ffb01fd4c97f5ee26f16f1718be7646047289b2,1.35,,,,,,,,,,dead
2026-10-10T03:37:14Z,0xa8dd8c6122a34e46a1d15cf767031744172a7006,0x2b97f2f547fcdca05bd8185c6ba607747c9d83647f36f66380d196623dd52f82,0.72,0.0002928,43999,95531,232,66896,0.0002928,0.0,,,live
2026-10-10T03:37:14Z,0xa8fbd709b41d8c3177d46bbf1df6a874d7201f15,0x05eed77cf181a229373b676fb384ac93845c5aa9dc7c570d786fa92834ee23b8,0.68,5.413e-06,6797,32030,350,5413,7.239e-05,92.5,,,live
2026-10-10T03:37:14Z,0xa94ed5216e19087e910e3bf43dd6b8bd1355684d,0xb7ffc671839c032ef14139b506dbab95a2f0f980d4ee86a76fc05f1c1c40841f,0.1,0.3784,3886818,11223368,1931,3784658,0.3784,0.0,,,live
2026-10-10T03:37:14Z,0xa979a46fc929e5883e0749d3257c3b19d9118013,0x9418f117153edfd2c75999e0680b9863e1b432b3d5aa7a4f82587f1f80e0c687,0.52,0.0002261,38591,76373,224,51655,0.0002261,0.0,,,live
2026-10-10T03:37:14Z,0xa9b3f4eb708a152cad7998fbf3dee79cdcaf6777,0x655bb7eed982a08df4ef559d938346e2adf9a45eb452ea0bd4fcc06aa75588a3,1.37,,,,,,,,,,dead
2026-10-10T03:37:14Z,0xa9c9e8dd4b0dfb987a52b3914a20c4439a0d7777,0x6e94ab77a657774ce73ae1f9303b2b75d34b71ac5bcf682ee2a14e74c57e5ad2,0.51,2.27e-05,23424,42703,150,22663,2.27e-05,0.0,,,live
2026-10-10T03:37:14Z,0xa9db6d3fb987257767b7227b7df5fad099004571,0xc1a9ee78142fe666e8586351ed3c6d35eb92f38428716261536a4d9d44d61448,3.13,0.3691,14551851,30546514,43,369175388,0.3826,3.5,5,False,live
2026-10-10T03:37:14Z,0xa9f5bb41870be05efa49ba234c9bcef48bf7fa4f,0x37383d18d965b64a22937ab8732dfdfe24d7edf0be86389b8778497658432f29,0.74,0.0002642,41812,76696,230,60346,0.0002642,0.0,,,live
2026-10-10T03:37:14Z,0xa9ff2a975f78245f8dab2252f88cc04a2a9e3b43,0x67154e938aa6b6dd731057cc0db1e96582d91527c2f60756134446a81011fd54,0.06,8.804e-05,24102,15425,56,20109,8.804e-05,0.0,,,live
2026-10-10T03:37:14Z,0xaa04a56e5906329c58333d60c93fed35779a4ecb,0x643b28d78976db02bde26e45dae4b085121683ca22bf1289c763c7ee1bc2d521,0.15,6.274e-05,46294,430855,2045,62740,6.459e-05,2.9,,,live
2026-10-10T03:37:14Z,0xaa078077deaf5a105d065d1139149fda7ba66c10,0x7ebdb3d91e2fd617cd281d3e1e4cf8e164e2594ab0f004abfd19c2778a91a527,0.06,0.0002607,41478,74565,199,59544,0.0002607,0.0,,,live
2026-10-10T03:37:14Z,0xaa07a0e9209e16ac99708c3ec70159c6ef3128a3,0xea9f200e13055b82f175f44f592c4c13dd8c9d9320a66487d3c5cd90d68550ef,19.85,0.06434,959602,1238956,2241,61132397,0.123459,47.9,,,live
2026-10-10T03:37:14Z,0xaa07f927b255756e947eafb2778db2c3fc9a28a3,0x678e63072d59c9d072cb16ce6f4c4289a01bfc3a5ca903774ee798525210f033,3.16,0.05202,14828320,10378783,16,49427766,0.05207,0.1,5,False,live
2026-10-10T03:37:14Z,0xaa08e4d7c9ad9a8a7b84293caaa9d8eaf7842bcc,0x8aca105817d21865ccdf04b2ee76c76ebe209219985400a7227cc09289a4f7ad,1.39,,,,,,,,,,dead
2026-10-10T03:37:14Z,0xaa3b129e4906009e228a060340601260de068ff5,0x79c499dba9e823b53286fbc5da47f3512d501918,0.87,3.255e-06,3205,14299160,41012,3255,0.01644,100.0,,,live
2026-10-10T03:37:14Z,0xaa5751ff3fb61e613993b2eb4eab1fce017081fc,0x2f509c6e2675a1a7945902c64ba4aefaef32b2fbf34245f12078a1d0573db170,15.41,0.001792,123666,391205,1253,1760078,0.00316245,43.3,,,live
2026-10-10T03:37:14Z,0xaa649224ce105f543d8da216dbc460704748f777,0x76171653b2e38a9b62c8e7862fbdec6ff8ea04e32c127353e4aaccecfc402f43,1.38,,,,,,,,,,dead
2026-10-10T03:37:14Z,0xaa7ac45cdee37e402aae2da5b2bfa25ea0658777,0xfd516afc1e7ec87124a26bd65d7228aea1843bba469913d0c7890bbbcac0a612,0.19,1.335e-05,17959,10298,41,13331,1.335e-05,0.0,,,live
2026-10-10T03:37:14Z,0xaaf52b6e3c0ce74dabedaf6faea3c4aeb5297777,0x441e832203a5f8830d909a1fc752d254212a3a9ce2d2936ec7ae38959cab5d03,0.63,0.0001262,37326,26735,138,28857,0.0001262,0.0,,,live
2026-10-10T03:37:14Z,0xab2bc12a3a2fb8a843f0621ef8c7072dc9ba3777,0x2b6a45e1f301c23565bcc0869f2dc10f7bd6baeadf876689c4d3d3899c04ebef,0.47,2.231e-05,23235,58065,190,22268,2.231e-05,0.0,,,live
2026-10-10T03:37:14Z,0xab49110a7ef71d0dfc386008da8f0f7ce6cb6b9f,0xd3bb3d3a4c3e607eae451133d05aba6bd0cc9717236842de95db2a5714b9e2cd,1.44,,,,,,,,,,dead
2026-10-10T03:37:14Z,0xab626b4211e9350e5446637a1557df94dfd00777,0x4c6939b42484d273bf2063ed2582f20d55eab52be2fca34c0c180de00872c31a,0.62,8.834e-06,14641,1398,10,8817,8.834e-06,0.0,,,live
2026-10-10T03:37:14Z,0xab65eac133ff87cead6f05d2b54c7cc2e4683ef1,0x404c1243a9b5ae6516d37747206ee98e31ec73b5d8e26fb7a6c83c11c82cd319,0.26,4.975e-06,44443,68196,260,49754,4.975e-06,0.0,,,live
2026-10-10T03:37:14Z,0xab74e7da5d7b1a7d3b2d64ee4377d54eeb9ecf00,0x3ab993c34eefc77e8c5de6f24dd820962a3dcc68840f1dc2876bca6bcbe1fea3,0.97,0.0001164,27722,24311,81,26595,0.0001164,0.0,,,live
2026-10-10T03:37:14Z,0xab7b762b6426e3146c9635db2cab199a20ad8777,0xd902886bab03d08becb873e882cb0a2d616e83c6ff0a7d37a9a8a5487a07c3c2,0.62,2.06e-05,22359,24087,109,20569,2.06e-05,0.0,,,live
2026-10-10T03:37:14Z,0xabf5f596bc6fa4f2dd6227be0c0982067a2e1e18,0xd511dcf3d398ad6345a15307f43b2c9c227d017f9e54be9f906ac4a02073ef6b,0.47,2.005e-05,20055,3,9,20055,2.005e-05,0.0,,,live
2026-10-10T03:37:14Z,0xac30b94e0652fd85ad13fab0d224d5a1200de4e5,0x66abb51da419bd1e7169adcf904f3a3bd5939733,0.09,0.0002374,22,1593045,2464,237480,0.001036,77.1,,,dead
2026-10-10T03:37:14Z,0xacae9af2101e6cb941c5f84210706f25dfba6241,0xe1c6032db8c3d2af931e5a920dc0d8444b0dfd4ad8f9e65e1505a054b9f9d212,0.69,3.154e-05,28764,29260,241,31548,3.154e-05,0.0,,,live
2026-10-10T03:37:14Z,0xad04c643e1fbc35e2917ce2643c0e1aea3a07777,0x6f78d9e1d70468694cbd0cd2b86de8b06e274c285a05fd73dd350d1edd36702b,0.12,0.000225,49705,49879,238,51416,0.000225,0.0,,,live
2026-10-10T03:37:14Z,0xad126f37fd935a8d47e8aff841cc3bb8ab256777,0x38af9e980f63fe4491a269881f9d1f0dd8d623496d48464f6f147e82e4ceeaca,0.47,1.524e-05,19204,25886,108,15212,1.524e-05,0.0,,,live
2026-10-10T03:37:14Z,0xad4d04cb9daba0fd0472e11eb8a9db0d3318efc8,0xa193ebf0af4ed1289376f4005ba120aaa94b1c6ea474440ee430e2d0552bd999,0.25,4.386e-05,19350,81021,1426,42646,4.683e-05,6.3,,,live
2026-10-10T03:37:14Z,0xad5bc3c06443d356062c6b45a2926d45e1083777,0x2504dcfa45cbc8a52dabe96335c154edaa552ce0e783a95e093ef91d2f9b5e5b,0.92,1.393e-05,18387,11313,40,13909,1.393e-05,0.0,,,live
2026-10-10T03:37:14Z,0xad7f2f40ecc5c8e1ee2041df1fde6e572f9b1e18,0x66a94991bb50ae9a65fcd9c15e830b7d94d85a375b46b857a9ee475597728516,0.11,2.732e-05,26913,100498,2658,27326,2.732e-05,0.0,,,live
2026-10-10T03:37:14Z,0xada6d494d3285464f2afbb708b1fa9b02b7fde55,0xec2ea76dc7a8f488216458f8fb77fdf568088eed5ce650c7977584cc1ac760ae,0.86,8.522e-05,100135,42761,182,85221,8.522e-05,0.0,,,live
2026-10-10T03:37:14Z,0xadd60e99d5ae96769b1009b981c8a2013af15743,0x94598b94429728d803f1fd454898a861898a901010dab8ba3207d5bc357210e9,0.23,0.000261,41391,72243,240,59616,0.000261,0.0,,,live
2026-10-10T03:37:14Z,0xadfb164b5db92fb2f721719261c431185a49344f,0x6ac7d898a3c0c773af2005f2130e9f8cbeb836337d1f22b3f72791e1088b2dfe,1.04,1.18e-05,8830,180389,2532,11805,0.000101,88.3,,,live
2026-10-10T03:37:14Z,0xae0677d2d2992113e438def7f62a0b21f4c09b0c,0xbc03c18b9c9b7e9d7e8b0acc6ee18c4f3f842841,0.79,5.048e-06,5049,0,1,5049,5.048e-06,0.0,,,live
2026-10-10T03:37:14Z,0xae2e345f99fda05029138cbcc1d766da98181777,0xb494f8c417cad192f1723dcd6f504f508b80d04bf3990fa031ef841358a863cd,0.93,2.027e-05,22151,50673,182,20233,2.027e-05,0.0,,,live
2026-10-10T03:37:14Z,0xae395404361ec126b1ffe225c55188efde821e18,0xaeed81e04ac1f021e80cd8f59dc5f8af7f883ba7b87e689fb029916aee838c2d,0.14,1.998e-05,19988,1225,18,19985,1.998e-05,0.0,,,live
2026-10-10T03:37:14Z,0xae7e16142537a93a69fb5e9e84c5896f619f0777,0x68ea0ca2689afca8fe94781b0c3f991a8ec219273e203abf504f08ee760f937b,0.75,9.435e-06,15150,2846,12,9417,9.435e-06,0.0,,,live
2026-10-10T03:37:14Z,0xae86e86d1a4a699bfdd322d6e6d6ac1238a9a3ab,0x926943d4b412b4a3a58152ddd353824867506dd483508fed6a20ddfcd30cde6f,0.71,3.943e-05,28356,33767,257,39431,3.943e-05,0.0,,,live
2026-10-10T03:37:14Z,0xaeb1f8e4dd7be8e544f9dfd54ec1e8c9af014621,0xfe4eb5b25606d82feddfdf7f708e3fe58fb19807574c516a47873b693b6c6591,0.16,0.0002892,43635,72715,236,66067,0.0002892,0.0,,,live
2026-10-10T03:37:14Z,0xaeb2cef6e8cbbd77a6a36acd042a281d875432a9,0x3a1cd9546d05b31c181abff4657ea5b5cab62b35beea58dbd457121919efec3f,0.53,0.0001252,28746,38808,165,28611,0.0001252,0.0,,,live
2026-10-10T03:37:14Z,0xaebdb3c99412a657f9e2fb2e6ba3280116b0660f,0x47e7786c418906ef1ebf6be8dedf3e299156bff586737698ee03d80e37ff5738,0.49,0.0001089,79224,71530,189,108957,0.0001089,0.0,,,live
2026-10-10T03:37:14Z,0xaec6133d956c10d6e5cb9d9ba757411dc4af6777,0x9f855147b67bededab70753f5d80b3fa3f590e50a8d8c8df348d49ca2bfc4dd3,0.62,8.618e-06,14459,2305,11,8602,8.618e-06,0.0,,,live
2026-10-10T03:37:14Z,0xaeeffe97ac89efb3c98832b2183870b43f1e52e0,0x3afe0f2a0b6fdc39fb8ed593f9efcefde5df429fb2f454bb0a72f5fc6471df67,0.43,0.0002523,40713,72149,238,57635,0.0002523,0.0,,,live
2026-10-10T03:37:14Z,0xaf089685237efdd6dd6619fe9893f8551b657777,0xe014b0952f17b7cab24bfdc3414de5a7e9dc76529ff0c7b9a5b97b5aee6c23c6,1.38,,,,,,,,,,dead
2026-10-10T03:37:14Z,0xaf72bf6f4fc9e2475fbd2f93a858b39758c67543,0x6a1998901a07187eb86f84b1f842f4ff6cafdb197366efefeb310d46cffabb0a,0.26,0.0003169,45642,97708,231,72400,0.0003169,0.0,,,live
2026-10-10T03:37:14Z,0xafb205af7b1e9cc699ce4bde3bd27b5536b9f777,0x9e72b02f4a77b1ad365cbec810c439fac275c39917299e7457ac85b8c7546ab2,0.46,2.448e-05,24334,56867,199,24441,2.448e-05,0.0,,,live
2026-10-10T03:37:14Z,0xafc2a4cd0dd13b2e65715e42af968bf7111afa71,0xbb72c71dfbb7d4155d1a18f1d3e03488d614f4ece8b99f8d622a84419f6fd002,0.6,0.0002231,38385,66371,236,50977,0.0002231,0.0,,,live
2026-10-10T03:37:14Z,0xafd462f443661ab359ca1b412550c606f3c47777,0x0ffac217b45521b69c350a109f0158f34d202bc98ff0131c1efe9f5ccd97a790,0.3,0.0002099,47899,45896,221,47974,0.0002099,0.0,,,live
2026-10-10T03:37:14Z,0xb0150424a6e09165872b7e050337bbc7fd7c4d00,0xdae8cccd442dadc5b39e2a6e66b603e85a7584165aa4fa6a37f0d904493c6d25,0.89,2.065e-06,24857,11945,246,20659,2.065e-06,0.0,,,live
2026-10-10T03:37:14Z,0xb01e18f7b61d8117907a9c16270a5a1002ab282f,0x595d9b0a8e9f91505f5cd07aa24e545a1f8d3cdcd46bad7970fd90d747edce23,0.28,0.000194,35692,74811,217,44311,0.000194,0.0,,,live
2026-10-10T03:37:14Z,0xb0352ebf47f9256efe31ea2a80cad69cbedde3d1,0xe92bb9325f95c8a1c63c265dfde2df313d60d3979fc2549d712863bbac6a4eb0,0.42,6.95e-05,11794,171712,1288,23165,8.756e-05,20.6,,,live
2026-10-10T03:37:14Z,0xb03965fbd94e7cf6c9675ad3e68554a229337777,0x6cfc4bdf3915f46f529427ab1924952d9202f6c0565a3bd0adb31d4451e784dc,0.82,8.295e-05,30248,8582,48,18954,8.295e-05,0.0,,,live
2026-10-10T03:37:14Z,0xb05a24a45d242e78f15b1a72c7e44f3f1d34f1ba,0x66fa7f534fd7a4ec28df51b4ea08866493ab95a2,1.61,3.29e-06,3234,551,30,3290,0.01199,100.0,,,live
2026-10-10T03:37:14Z,0xb095d16d463ea501eaebab75938c6816e271ffd3,0x1b401a312ca8694ae0aba269a4a6d72c5a8cf4040202a6be1058a318d98a3f12,0.2,0.0001563,32084,38177,144,35699,0.0001563,0.0,,,live
2026-10-10T03:37:14Z,0xb0b97f185e9338750c2d9e882e3f4ab6e0c06777,0xb2129ef27687e4f7a8b9980490fe2f7aa29f55f54f07c4cd4eef462f391337ff,0.27,2.092e-05,22461,42172,136,20883,2.092e-05,0.0,,,live
2026-10-10T03:37:14Z,0xb10e359bd403d5b1a6aa250f6dcf7fb07686c972,0x48b07961081a4ddcad63eeaf66293e10c8854469,2.67,2.794e-06,2786,41,7,2794,0.01313,100.0,1,False,live
2026-10-10T03:37:14Z,0xb12247c68cba7267d7ca477f06e97294df5fed46,0x2e3acf04cf640a0e24fc3de951accd781fc5485cc585fc48ce987f12bc29d33f,1.34,,,,,,,,,,dead
2026-10-10T03:37:14Z,0xb16da430ce52bcb49e945eb5b9819631ed775777,0x33cec9247d6216c2337d61038157b75f95c6887ae903f07e96c030b1c5f1e7d8,0.2,1.864e-05,21227,48222,150,18610,1.864e-05,0.0,,,live
2026-10-10T03:37:14Z,0xb18a4bcf9018bedb1fcb90ed80f87087151c09f4,0x206211d456a3a9dbe45e13507aac5131ace9c716,3.65,2.663e-06,2661,54,3,2664,0.01692,100.0,1,False,live
2026-10-10T03:37:14Z,0xb1e0fef307384b6feca05f6b7a578ad49b77d5f4,0x83c1bd19136e24e1f11c55c1b6036971c050d06c82756774ed91207a07e69f74,0.85,4.155e-06,38119,19506,132,41553,4.155e-06,0.0,,,live
2026-10-10T03:37:14Z,0xb1fe7e9e5c03d98578d830a1b5d21b298cd71319,0x9bfc36584a1f35d9a877673c7752530ac5dd9bb6ef904e35c8bdc31324ddf5d0,0.97,6.25e-06,6251,0,1,6251,6.25e-06,0.0,,,live
2026-10-10T03:37:14Z,0xb285f7513b560ac7f40f926150bf3b44211463c2,0xc5ae2ac439a91c17eb6539520660d32435da9489fb1fb80a84bb5ed1cdb388ae,0.23,2.847e-05,55500,441,4,28476,2.847e-05,0.0,,,live
2026-10-10T03:37:14Z,0xb2f2ad3d419c4ff1ebeb517d087e33edff4f593c,0xcf9268c76fcdbab0f2dd3a56e6814269ec04bf70b4e916ae4452f68b5952f47b,0.16,0.0002733,42419,118359,225,62435,0.0002733,0.0,,,live
2026-10-10T03:37:14Z,0xb32aae27cca48e47069b356b460c68c0a3acb766,0x85db09c61f85ca0db7cc3e9b214f5e9104be40b34fa3154cf9523317aba177a5,0.92,5.197e-05,18526,3834,22,11872,5.197e-05,0.0,,,live
2026-10-10T03:37:14Z,0xb3450e57e8ab61c3ebb5b50a14c6b6b35c4e7777,0x07c96e81e191aab980fae78f3d65bcb2ad378ffd09962cf17168667b1b517d98,0.23,0.0001838,44858,47970,230,42012,0.0001838,0.0,,,live
2026-10-10T03:37:14Z,0xb3547f646b2f0c3251f44b257fb5fad0cdc774a9,0x4896ba0dd7b0707789892cc601ebef2e3f48fe64018d4673efb37e9714daa9df,0.79,0.0002087,37133,53200,204,47677,0.0002087,0.0,,,live
2026-10-10T03:37:14Z,0xb363202df533f79ecfe0be6f1e0781e43343eb5c,0x0fd838bbcf76031be6c770cf4e55f9a97b55bbf3,3.44,4.81e-06,4703,1852,20,4811,2.183e-05,78.0,1,False,live
2026-10-10T03:37:14Z,0xb3790dc66f46ffc956a649f830371ed021202f98,0x8d80c853ad1920ad279f90f53dda1ae39ab46187c592f35a690842929e3afc38,0.69,3.688e-05,28657,32921,257,36886,3.688e-05,0.0,,,live
2026-10-10T03:37:14Z,0xb3a238e4d5c23c1cda1f62149340777299db7777,0x44856e7539cbf36500fbcb907e19fd4ff129b01c0df4f3b747a2b5e377d90473,0.71,0.0001961,46452,52433,200,44814,0.0001961,0.0,,,live
2026-10-10T03:37:14Z,0xb3ba5cd8b4810611293d2b319c45924e621a3b2a,0xf8de605205c55d0628ace5e130ee540315e49c0d,0.86,5.046e-06,5047,0,1,5047,5.046e-06,0.0,,,live
2026-10-10T03:37:14Z,0xb3bca328f9e086ed2d40a51bacb32da4283b7777,0x6c382e9a225d571c80251c86a8a2c591187251d732a921890c64d4569319524b,0.91,0.0002189,49044,48752,239,50023,0.0002189,0.0,,,live
2026-10-10T03:37:14Z,0xb3da417a8b0e4b24bb2051bda47862e9329768a4,0x569ae77f9886a7ad1f66d6196f2c88963c3c5136236a57192f74935046115338,0.61,5.065e-06,5066,2201,31,5066,6.443e-06,21.4,,,live
2026-10-10T03:37:14Z,0xb3e2289595af192c1ac481a2962f070d14920777,0x7bd8d13cedc38f08c37ba21f3b6db4dcd1ad662be51fca99847fbb7ffc19cd3a,1.47,,,,,,,,,,dead
2026-10-10T03:37:14Z,0xb41fa9a5cdd0700d842b5eff434abf25c8a67777,0x3585fd54fc81a17a2659e5bbaa27a568376e76fedf0228efa94356864a42eb51,0.77,0.0002044,47502,49330,228,46706,0.0002044,0.0,,,live
2026-10-10T03:37:14Z,0xb41fb236e029190bf3ea647bc95821b42daa0788,0xb8f9a27bec520926860760d878a2c5c4d96b0c195ced94aaa0f554db98a2d97e,0.76,0.0002465,40420,70799,237,56311,0.0002465,0.0,,,live
2026-10-10T03:37:14Z,0xb428bf3579df8f20bb8494b71976733f389a2777,0x45f8983fd5635799a8fe0f0b29e74836f2087cd28bbb364442d89827fc0b6739,0.17,1.718e-05,20379,30448,99,17153,1.718e-05,0.0,,,live
2026-10-10T03:37:14Z,0xb429f5a4f73acc7c006936ae869c6df96613ab92,0xc6d7e29d8e3ce073576b8f58c049a39a30015166d5c78fe38d77d9c56c570817,0.15,0.0001489,0,34629,149,34020,0.0001489,0.0,,,dead
2026-10-10T03:37:14Z,0xb484b1216beaca0a9093de83be11f22b83ae26e7,0x990192cb8f0cca2dcf62b9da3e2004815ec6e5b82f5c63b8eb9af7d58e2b5409,2.7,0.0007066,3,1,12,10778,0.001018,30.6,2,False,dead
2026-10-10T03:37:14Z,0xb489068e1d48cda3e4c9a5f1ff526aa7fc9496d7,0x510ca40b4dc915a45b07d9c8f5fb501b62d0124a98a554b3efaaefbe7f6ca53a,1.43,6.084e-05,22786,107037,990,59140,0.0001135,46.4,,,live
2026-10-10T03:37:14Z,0xb4913362999126a5822cde54b47bb40fde9d7777,0xdb8e87c45cc95c02bbe2753f7d0804e00395fcf9965b5eccadc329d8fc05f707,0.1,0.0001705,43286,46501,220,38966,0.0001705,0.0,,,live
2026-10-10T03:37:14Z,0xb4a1b8928fdfbfb93115be52af7253bfa4a69153,0x5d2f934f6d80a8aa8acf9ea589ad8102bda51e968390162e854769548ec42e02,1.38,,,,,,,,,,dead
2026-10-10T03:37:14Z,0xb4d83974d856ee71f054d8073cca70f82d0c6777,0xa0e5e5cefae7bebf844078f917688996fba2ee863399d38b6c48dd2bacb0407e,0.77,2.588e-05,25085,33981,113,25833,2.588e-05,0.0,,,live
2026-10-10T03:37:14Z,0xb4ebf16f805c3e307242728c1aa3c1ee07e965f7,0xe1d7af709494705b7326e61093b992ed239a94f0737ff2f572dca0c4fddaba9d,7.4,6.05e-06,7187,233,19,4649,0.000598759,99.0,1,False,live
2026-10-10T03:37:14Z,0xb555ced62ae5e7382c25b8e76a4c6309622ccffa,0xf05693c7e37984aafb93fb43a3c1e88a32ef543c0b817f6380e1c8f77bab42f5,0.98,0.0003479,47916,108873,233,79461,0.0003479,0.0,,,live
2026-10-10T03:37:14Z,0xb5bf0616d4bf9ab6dfbe1eb23c5ffbf136f61e18,0x039f96d357d0d8d2ad3fc2be4497b432500542dab1f1af1370219008deb39046,2.25,2.115e-05,21204,17,6,21136,2.572e-05,17.8,2,False,live
2026-10-10T03:37:14Z,0xb6182aebb2080140f47e98968c969a9109d0ed92,0x7891e42960929657711a4cde1902ea6534b07d507f2aae795b6980e55ca2c485,0.78,6.289e-06,6289,10,3,6289,6.289e-06,0.0,,,live
2026-10-10T03:37:14Z,0xb65afc37b3cc698a094e3c58fa1275ba4fb6e777,0x02f2bdf56f81181e181af33f4cf48ec4d96f9c96f96d5c9d7d6122da99c233b1,0.15,2.224e-05,23179,51887,186,22206,2.224e-05,0.0,,,live
2026-10-10T03:37:14Z,0xb6c07ffef9730159cd26ccff65764c6d3a357777,0x16092ed8dab8e4445460b11646ddb935b94414b69e3cb4b4fdcec3e686711b74,0.7,0.0001742,43752,51317,204,39820,0.0001742,0.0,,,live
2026-10-10T03:37:14Z,0xb6de323edbcd5a78f5568e966b4c8fe6853953cc,0xb3d2506a83c024257de13546363c1403d0974223de1ff5e702a5649fad7284df,0.51,2.485e-05,24854,2,5,24854,2.485e-05,0.0,,,live
2026-10-10T03:37:14Z,0xb7be30846816a26c6199ba0de9363a922278ec44,0x2e8e3236e1a3b6e98afb49afecf2d2d8237efbad98888fbd883afc2ec123fc1c,0.35,5.828e-06,39493,50276,232,58284,5.828e-06,0.0,,,live
2026-10-10T03:37:14Z,0xb7e107fea8003c65ca6b93a1d998c3fd677b3402,0x46ca93004a4217611f6284b1e7ee0378c8485ac98632dd82dadc00cc7769483e,0.74,6.266e-06,6266,1322,16,6266,6.637e-06,5.6,,,live
2026-10-10T03:37:14Z,0xb862389bf1ad271c70edbc2249bf1b0a6cd8783b,0x89f229f58fdf13c74091675e742ac078de909ade,0.66,0.0177,420705,16384739,39028,17706508,0.0177,0.0,,,live
2026-10-10T03:37:14Z,0xb871bad2ac50fd739af0710373617f0bb1fd7777,0x2f57dc5326a783c1862b27f2d8d34e8264fa81c7be70954768134887b73db708,0.6,0.0001884,45540,47737,227,43051,0.0001884,0.0,,,live
2026-10-10T03:37:14Z,0xb896ec8bdc88497af420c05cd1bbb6d5ff3f92e6,0x4aa2637033b64f49d3a97ad7eaf336bb507dfd9172167e787c49f17c60888fac,0.85,5.05e-06,5050,0,1,5050,5.05e-06,0.0,,,live
2026-10-10T03:37:14Z,0xb898f3b307ad2641172856a624eb3f4af0f1ff28,0x5bd6f3b0d591b3a46ae5b43364192f946b433240419dd29eb9e9f1ea54ae4e07,1.13,0.0001221,74877,2262981,3848,122162,0.000298,59.0,,,live
2026-10-10T03:37:14Z,0xb8aad220341ed8d9558d4aea2d96a677813dcccc,0xf9559fc80edbbe2a7f069509339756ed14feaa682db9c6e8b12b841c65019ca1,24.84,9.985e-06,9875,197,5,9986,0.00116173,99.1,,,live
2026-10-10T03:37:14Z,0xb8ad1bc415cf11851e819635efd8c0c4f9ab9062,0xac603cb9dbc5752f48629f70b059bccfd809d0a76ba789782bcb7ee3f00cb5dd,1.07,0.188,4724404,209,5,15728620,0.1881,0.1,,,live
2026-10-10T03:37:14Z,0xb9466d4ae61e91b034e48464b073f3a19410f99b,0x1b42b4e53c81c6854816ee18cae9cb83b0c4552c222e8e4ec19cbd83156fd5ff,1.36,,,,,,,,,,dead
2026-10-10T03:37:14Z,0xb962bc7942d0d4b9c8fc8ce0f98c9f2d86abeea5,0xd496bdb95a41ae9ce9478ca8c7d10211f23e2c23796b8e14ceed27e15021bf59,0.26,6.218e-05,46005,398158,2034,62190,8.087e-05,23.1,,,live
2026-10-10T03:37:14Z,0xb9ccb68295390bc8b66afb437571c9a19ed271be,0xaa3dcd64e14ad83f8bc41d3fef97f712dae74b30cd658a0982420fbff7641882,0.36,2.735e-05,15278,145743,2375,27246,4.64e-05,41.1,,,live
2026-10-10T03:37:14Z,0xba17446fedaeb01d33356c1bde6a2bff2464f777,0xeb05eee34b9d637f51d20b441272ff2361e5aa9b06073835a06aff9e78c24332,0.06,1.584e-05,19586,26838,90,15814,1.584e-05,0.0,,,live
2026-10-10T03:37:14Z,0xba1a2d9783ebe2b76493c5c12eb9813a0e062843,0x6e8a6a1af8ec53f3f09c7303e5403558dee42d0a,7.45,7.355e-06,6070,346,208,7355,0.0517375,100.0,1,False,live
2026-10-10T03:37:14Z,0xba366fd2abb712141e059f7e6b87ea1c6d324407,0xf373eee0c5e8d7adcd2b479a153601fdf46819edca92f97ea186ea74c47022d5,0.16,9.002e-05,24338,12648,64,20561,9.002e-05,0.0,,,live
2026-10-10T03:37:14Z,0xba4609f73bdae81b648e0da433c98eb4d3e102de,0x8074fbfc628ac34df41a0d9068633dca09e51871c7b738eeb0a2b04dd523049a,0.23,6.21e-06,5279,217,4,6211,6.21e-06,0.0,,,live
2026-10-10T03:37:14Z,0xba62fc6f43c444946adac02b908ddcb986b9a69d,0x11d28bca9b441e8bed0fd18ea48d58490727935ff3b73f4be87495636750063d,0.46,0.0103,10304188,0,4,10304188,0.01033,0.3,,,live
2026-10-10T03:37:14Z,0xba659fbc17d0a985e5c7ca087d7ae71f559774e1,0x5752b6113c2476db16f49e921f60fd73134a2ecb18c07959d9f5a9b822f9c80a,0.17,5.367e-05,48197,32825,178,53674,5.367e-05,0.0,,,live
2026-10-10T03:37:14Z,0xba9b180b1f5ba60fa7eb76ca0a8701b6f204bdb8,0xb742d45480a109d4628bb8452aa68d690f7004c6,0.13,0.0006589,160849,2170778,6446,658954,0.0006589,0.0,,,live
2026-10-10T03:37:14Z,0xba9d3dfd76e2322118a6490ed429cf1d0f4f7777,0x101c823a193d9b840fd3a1891c92a898f49fc984500481994966075e8a503953,0.21,0.0002127,48335,49838,231,48617,0.0002127,0.0,,,live
2026-10-10T03:37:14Z,0xbb1a6b6813e7c0ade68c81953eb8644fa1df8372,0xe3ec8cde57540b73dc61b5835d764986deb9eec1c94286431778a5aa1424808e,0.62,0.0001297,88874,76392,217,129750,0.0001297,0.0,,,live
2026-10-10T03:37:14Z,0xbb545e7b5e41308962db82ddf8d6213336e838f5,0x3adfb2eebf122d53fc4134db338cbeca3e0bcad3b13886fe4ffea73651f3d8d9,0.77,2.501e-05,25011,3,5,25011,2.501e-05,0.0,,,live
2026-10-10T03:37:14Z,0xbb890ebce62fd44ad3571d6f18b71142ce7e5a5d,0x7ce39cf926340c586844bddd96d01585f5102f3494a54cb5699b8bea8a07430e,0.69,3.226e-05,29974,32588,253,32265,3.226e-05,0.0,,,live
2026-10-10T03:37:14Z,0xbbbaef138cad306cb6e204e88632ab6a0500793e,0x5606db16a559c67bfc687ad4dd04667bcec6ec00321052eaf2fbb071ec4330bd,0.3,0.0003164,45538,89585,233,72270,0.0003164,0.0,,,live
2026-10-10T03:37:14Z,0xbbdf853747c0efa2bc86d93d1bdf94757e527777,0x17eda5b163c77ce28f2255586d6762d4d4054d1ee71de9559ef7f475fd1a33bb,0.83,0.0002102,48159,54776,239,48037,0.0002102,0.0,,,live
2026-10-10T03:37:14Z,0xbbf87f3a7a78f5fcfc556226b4d92189b0d9c36d,0x870deb73a22152d5689ce40f286f557e4663a9728633d0a22af754c49a81fbfd,1.47,,,,,,,,,,dead
2026-10-10T03:37:14Z,0xbc18d9544a2d7cf4f1e60f5293fc5b91183d2547,0x4435dcf6bd29790d6c98da194b4ab45e2a45104327b9137c69182586e2c69374,0.09,3.559e-05,15315,192,3,8130,3.559e-05,0.0,,,live
2026-10-10T03:37:14Z,0xbc2283d12b1f2f46c1613ae672e95c55b69ca414,0xdd086a556aa997e79d16cde88a6fcda21f615737df3d331ca1af74642e99dc09,1.58,0.001276,142051,675489,3289,1276187,0.001276,0.0,,,live
2026-10-10T03:37:14Z,0xbc26e71a261f2eea708db4096ba1e7a49c42da09,0x001ded79b93e9a3306207fe0645de2ddee5747aee6a8938a220e6adc35cad53c,0.22,148.65,1303775,9695828,160,4309230,148.65,0.0,,,live
2026-10-10T03:37:14Z,0xbc7c5c17d8637dc29f6b28c9298c1fe1215a5dbf,0xc87adc654da35a025e2d90fe8a544cf5c3421349149cef7ce95633d06ae61c03,0.61,4.642e-05,43125,63227,241,46423,4.642e-05,0.0,,,live
2026-10-10T03:37:14Z,0xbc8982b1fcf325ef44c79d4ee45fa8d15668c80e,0x2528e1068f03fd491c6674b3ecd1cce9ab1e0f78a40dc77ea188f9b74520cd15,0.88,1.6e-06,15217,4272,62,16001,1.6e-06,0.0,,,live
2026-10-10T03:37:14Z,0xbc8f6c10ea3640ccd349c9d0babb54aefa2aa0ab,0x74bec620d97fdfc3590c720c26a27736c3a9fac3af49571492664bacaacd3270,1.29,3.908e-06,5772,1830,110,3909,2.801e-05,86.0,,,live
2026-10-10T03:37:14Z,0xbc999891c332c8a09f84a6fd84a7014856833feb,0x299a62b139fef2ada655eb1f625a0b969d06ab5a43acaf3b1610369f752f77fa,0.16,6.25e-06,6251,2,2,6251,6.25e-06,0.0,,,live
2026-10-10T03:37:14Z,0xbcc3d9c62d31fd17a7b86d7f1fc53f2c0fd01e18,0x3003c685272f54bb54cc3c64ee938162c9d8bc079cae1be19259f17ab822cacf,0.98,2e-05,20012,1965,36,20009,2e-05,0.0,,,live
2026-10-10T03:37:14Z,0xbcc78a7656601416078b7c1c3af238de9309eaea,0xc7e9f031a990e8c937d121e79f45a17bf3654118cb197c558718a77ac6aadca9,1.37,,,,,,,,,,dead
2026-10-10T03:37:14Z,0xbcd75f3d2d17d75c8f8d23c2a61970f106d49e34,0x892830851351a5896a1ab7d7cd13c695d016c2ff7a0dc732424ab3827cee087b,0.81,2.502e-05,25020,2,5,25020,2.502e-05,0.0,,,live
2026-10-10T03:37:14Z,0xbcea860a95252df2b2d86b6d54318d056b3f63fa,0x1d6784491467395641ba45213899232293ef2d09,0.79,1.514e-05,7610,2,3,7610,1.514e-05,0.0,,,live
2026-10-10T03:37:14Z,0xbd7666f39b2636dae64101bcba1261a70a74c638,0xef5a7713b68b45aad8a650f96593ece42ca3dbed81011b9623147386fb350042,0.59,2.493e-05,24939,1,1,24939,2.493e-05,0.0,,,live
2026-10-10T03:37:14Z,0xbd948eb24b13cadcc0648e509ecb0b5ac95b3494,0x495de25224d3ecc81bb9d5e8082086de0d4ade93a9ba75341a7ea32c7632a81f,0.82,8.144e-06,47985,46653,232,81444,8.144e-06,0.0,,,live
2026-10-10T03:37:14Z,0xbd9ce1175fae0f7386476105b631c5a79a89a25c,0xb0ec08a381c99153a1692657ff1c9fa6541a6088,0.85,5.048e-06,5049,0,1,5049,5.048e-06,0.0,,,live
2026-10-10T03:37:14Z,0xbd9fceaf34ce6fccf225cc17a17bf868924b2480,0xe01a372dde4a3fa344e22d84973e141409e2b7bcb33e8783e252339d7ef3f3f4,9.55,0.0006903,76727,392311,1633,690337,0.001026,32.7,6,True,live
2026-10-10T03:37:14Z,0xbdc00f2b4bf0afa7dfc8fe698b9fd4e38abbc546,0xde8f19fe85e7612b5d086da99b8caff600a2cd165e0e13aa485d39c08eadaa97,4.57,1.333e-05,9384,528,11,13333,0.000295075,95.5,1,False,live
2026-10-10T03:37:14Z,0xbe0a596891a926765a6f87da18533de1b1b86777,0x5db01db3ddd58cd67a89818da0780df329d6d778526e441e25ee1c2006909d94,0.52,1.878e-05,21321,56593,183,18751,1.878e-05,0.0,,,live
2026-10-10T03:37:14Z,0xbe3366e48f71afa1f986a073b06a3acb9e643f28,0xf32e8f3a794f6584579a7dcfbfc48cc183339dfa2f5c5396d64ff7b735b2eb10,0.43,2.452e-07,24520,470,18,24520,2.452e-07,0.0,,,live
2026-10-10T03:37:14Z,0xbe918b8258e1fd2d0b9e111a955da3d6d8d3f483,0xde7be92196a9bd044016aae0d2701dbf13a717318ecb17b0fbad31604b8f7d60,0.64,0.000132,89865,145650,433,132005,0.000132,0.0,,,live
2026-10-10T03:37:14Z,0xbecd56672f00b1ce456d5888e995ecb013c5d20a,0x27a86fe287a09b664b91444a83757a8e601da987f150590364b84fecf83015d1,0.52,2.492e-05,24926,1514,7,24927,2.492e-05,0.0,,,live
2026-10-10T03:37:14Z,0xbf26b670281ecd28260d86244fab151d32df788b,0x82945c6538d3617d95c470abd2c485122392d02713d7f769bb5095c1fd2e50c7,2.57,,,,,,,,,,dead
2026-10-10T03:37:14Z,0xbf3d3ab2f0e20485050cf9a23ada16343b9393f9,0xa5ba4ad8a9b0c67426db99cf85a0306d2ced53e30aa71cea7d65c22c3426a3fd,0.19,326.037,1336382,13783971,218,4417920,326.037,0.0,,,live
2026-10-10T03:37:14Z,0xbf7747140600cc0d409ed983ef1294071da37777,0x8bfec57fa3743905deb28bb5fdd7a14b457ae1dd491eb8386503d78b87bd6d4c,1.37,,,,,,,,,,dead
2026-10-10T03:37:14Z,0xbfa989f8a7fd57c7d4df863823f4759ff8817777,0x5572b096db91756decd91d21bc8579cecb2cc9e8cf8833fd23701f99c43a8e66,0.71,6.288e-05,26298,1724,12,14367,6.288e-05,0.0,,,live
2026-10-10T03:37:14Z,0xbfdac6235dbe77c0cd6edb01c810c7da858c6c41,0x93d8dbc572068e01ebf1128d5de3e4703792a2b51be7e6ac101458900709440b,3.27,0.0003548,55079,22640,79,314745,0.0004353,18.5,3,False,live
2026-10-10T03:37:14Z,0xc0245bf7ad03000fe73dcb24b96dd0e4f526d005,0x86e75d979c1b17e12acf93eaceac9ad85c216f14a5e9b971a948001339dc2115,1.45,,,,,,,,,,dead
2026-10-10T03:37:14Z,0xc0ee3561cf3f3ad0a1a893f9e01901c43250d777,0x65bfff8ce87f0254e486a91535a460ee39c9250e4304e119d3f51b354c82382f,0.64,2.228e-05,23259,61475,190,22239,2.228e-05,0.0,,,live
2026-10-10T03:37:14Z,0xc10a8fe2c5abcd0f98478f7ec84e1a5c51cd0142,0xae5a0fa31b9b9e0ed23f7193444a90892832d69eb850ae04e610e2f6d0e2d266,1.63,0.0001473,59026,1277119,3849,147371,0.0003746,60.7,,,live
2026-10-10T03:37:14Z,0xc1191fd1847bec023781e87de4a43f75200ec400,0x95326eea212f611036188b78a9c412a13af372c1b734c571e3fb740c25396d36,0.94,1.011e-07,10113,2335388,6899,10113,3.146e-06,96.8,,,live
2026-10-10T03:37:14Z,0xc11bfe9d3ccde5d5bb83d0fdc421f873bd482ab4,0x34cb848a85217c9553b44788ccf9ee2488f728dd960848b6fb44cb930de9f6c9,1.18,3.289e-06,5297,7447,142,3081,6.178e-05,94.7,,,live
2026-10-10T03:37:14Z,0xc17c5b57661139fac62d674bc592785edd374c0c,0xc9c8f1f237d0d1b26daa963fa548fc81db74ad1af4b6e669c58401852bdc3079,0.37,727.95,5242868,259,10,17493116,755.26,3.6,,,live
2026-10-10T03:37:14Z,0xc17fba7484bdb276c2b5a7593e14fcaf21155c45,0x8399e6c30c72d135340b4ce68b012b814c1616a30c3978ed1932bcd77875353b,15.84,0.0001373,1263,117,12,137344,0.000373052,63.2,,,dead
2026-10-10T03:37:14Z,0xc1a3802661d68a700d89e68921ad9bbf3ec51777,0xb94395d752cdfa0179e16e78fe2a0b7405b797d75b544f87d52759b7de194711,0.35,2.608e-05,25085,38476,151,26031,2.608e-05,0.0,,,live
2026-10-10T03:37:14Z,0xc1a711ad5827276c1219c3132490b24d6a7dbd15,0xe34c825c618aaf093df6d8b55398542ced1f2006,0.08,3.582e-15,0,4745,10,,1.643e-05,100.0,,,dead
2026-10-10T03:37:14Z,0xc2f38ffcb66783a7ec943165240ddc65a971a991,0x21624b9a3f04126c5aa973d74fe2cd01896fb537ebce3e3fa0213d070bbcc17c,0.6,5.174e-05,51723,944,7,51741,5.174e-05,0.0,,,live
2026-10-10T03:37:14Z,0xc322f37145dc30c01537cecc707ac6885f10a218,0x93882277220f540cf92653132ec77fe286f4848d9f09f82a20316fad5432c591,0.12,0.0002131,37462,65737,235,48677,0.0002131,0.0,,,live
2026-10-10T03:37:14Z,0xc3242e1b2fd53c781834fcb31381b3fecbed1e18,0x5601033f1d2e81c6e1e0a3bb20ea663f586d2aea5d3dc64ab0747dc2bfe01b66,0.06,2.007e-05,20078,3347,51,20072,2.007e-05,0.0,,,live
2026-10-10T03:37:14Z,0xc32ab2e562ade6fba6d3d1e3960d49b0957ef645,0x1955fc17390d27deb491a59749c315a934cfc222797fc99bdc1f7725a98de330,9.02,3.787e-05,17986,11931,200,33612,0.000771627,95.1,2,False,live
2026-10-10T03:37:14Z,0xc3584bf34036fc359f08c3169efbde765e453777,0x5728a105aac4dbd7ce0ae6ca64c423f1036586a6cac06d60219041eaa548ca65,0.93,2.07e-05,22395,43118,141,20665,2.07e-05,0.0,,,live
2026-10-10T03:37:14Z,0xc35d1f6de3454453080980102ab1215f05b99f03,0x67fddae0790b216a175562ef375d8b9d4a62722e77bd15e6ba6bdeded565f732,0.98,7.477e-05,12310,29686,259,24924,7.477e-05,0.0,,,live
2026-10-10T03:37:14Z,0xc37cd6b8e6fce48384f02224d52704bfe47f4ede,0xfe63a4eda4c64b140bd0516f48a8b5f9f6107f63668e96e348ab2767258af928,0.11,6.235e-06,6235,0,3,6235,6.235e-06,0.0,,,live
2026-10-10T03:37:14Z,0xc38c332012a9116dcade0c7f43b5d3c71799a9f8,0xb4b0dfeaa2e2a838f0f7a304f005ebe32390d4ef,4.18,3.034e-06,3007,20,5,3034,0.02089,100.0,1,False,live
2026-10-10T03:37:14Z,0xc3b458484d29240164ea3019906df9c25491ab6a,0x5d40369f4d88fcb0f39107e0468d2718083fc0c6c830a6ff6d18bbe664f3ab60,0.93,4.785e-06,5622,256299,4282,4786,6.309e-05,92.4,,,live
2026-10-10T03:37:14Z,0xc3f40ab7a3b7025fa544895d7af5164572cc7a4f,0xcc7f76f8cd45e899ea8ac975143ce67e6640df5870ae6f93ef4e3694e6a9a20a,1.37,7.824e-05,25840,618362,4929,77465,0.0001663,53.0,,,live
2026-10-10T03:37:14Z,0xc46a812b77993b80b385338bcd39c9f25d4bac0f,0x4b017217ac8309af596d06f0d4892beb405d5020,2.75,1.477e-05,7385,12,4,7384,1.712e-05,13.7,2,False,live
2026-10-10T03:37:14Z,0xc47cbd921dbd4cd8103a3aaef83b38e14c44bdbc,0xd9cf5479bc1050118ca5fbb40de014d45e2783afb0e21bdd2e3167786e821c07,0.75,0.0002764,42795,67334,220,63146,0.0002764,0.0,,,live
2026-10-10T03:37:14Z,0xc49ed891de7df657eb09849daa48b44ebec2285f,0xeec98ffadc29cd1e5e232cc13f4803ea9cd6d74cc3f508b1661483b170303eab,1.87,2.063e-05,13414,4,2,20637,5.188e-05,60.2,,,live
2026-10-10T03:37:14Z,0xc4de732761db7f67c38524c8be1405610500c2f5,0x64634d9bb2cbc4472d1bf616a9c185169b33efa949451a81b93a8706a486bed1,0.05,4.9e-05,17978,6899,27,11192,4.9e-05,0.0,,,live
2026-10-10T03:37:14Z,0xc4f36919cce84695641e1a1d7d2f1ae6c7501777,0x9267443226acce8913d780a9e9d783a6093bf54c9b7a63b4284afb0bea77afc7,0.19,2.094e-05,22491,65491,195,20906,2.094e-05,0.0,,,live
2026-10-10T03:37:14Z,0xc527e864f165ec931f2223968605f37b77681272,0x7e280f510ab4bb74d00bd71356314d15af20330e,3.02,0.006287,5659011,0,7,6287790,0.006618,5.0,3,False,live
2026-10-10T03:37:14Z,0xc5803a6991c621ccdae6494063822a4fce9561a2,0x301dbcdc67cc3871bdd2d9f366271e5defc00e00b423c66af21ab8c23213b0ae,0.16,5.03e-06,5030,2,2,5030,5.03e-06,0.0,,,live
2026-10-10T03:37:14Z,0xc5d37ff954dc31a6f3e3cc9b4db0bf9693f61e18,0x8f3d95f0fe83cf0ceb48d0eeb9399d0e5abb407005aa0f004494413b781971a4,0.07,3.373e-05,33375,22670,258,33740,3.373e-05,0.0,,,live
2026-10-10T03:37:14Z,0xc5ed5686a264e687b555694474807f931d8c880e,0x5ed00246c9546c12a38d8709e9fef0043586822e2e4f68d386a87ea4a48adf19,0.82,0.0002189,38060,70047,239,50000,0.0002189,0.0,,,live
2026-10-10T03:37:14Z,0xc5eed6757e793ae1ab8afa91c74b3f659d619777,0x73a85b599c4d7b7b39a7f952315a5194483fea3709dd77e3b9037d7a7767bada,1.41,,,,,,,,,,dead
2026-10-10T03:37:14Z,0xc60b4c04ed072a5e289c2b09618750788179b006,0xa64d03c4c1006904771997afb542211c0b518265064094f93f26d8eb792a40c8,0.44,0.003599,1090796,3887040,88,3599300,0.003599,0.0,,,live
2026-10-10T03:37:14Z,0xc6105a2ab9ea5e746c0cf5f36871239648e341b2,0x995ece1aa036232fbd35f22b14e29d0502f5b398c4f69ef163dd1a3fcbd83a9c,0.76,0.0002993,44539,103329,230,68373,0.0002993,0.0,,,live
2026-10-10T03:37:14Z,0xc613261fb894efbe2bf06270d2b5a6acdbeb86c8,0x29435b34c4b000680d12d693545d46c869ccd92d53a6a13a9a82f88682f92932,0.43,2.788e-05,28785,30278,274,27885,2.788e-05,0.0,,,live
2026-10-10T03:37:14Z,0xc66629d7a815ca87a1887cb5cefeb621b789977f,0xc9bbcb7e67bc214a7ffddc30bf958a23a18aeaa0a817b8f61d3ecc0db46cdf03,0.59,0.0002044,36746,76233,222,46695,0.0002044,0.0,,,live
2026-10-10T03:37:14Z,0xc66bbae7c6798e64ab94d6ffc802e09bb309cb90,0x62d9af2b9183446e9a79e327a202d43a6e496b49c26ff1bdc9f682b774a836d7,0.8,0.000179,34429,69964,240,40899,0.000179,0.0,,,live
2026-10-10T03:37:14Z,0xc69ac353b3442c2c8cdf0d12bb187c766ed4f181,0xe3a377dadb61025083506fc9aa38c495a08746321622533b64c96c07deb9ecfb,1.45,,,,,,,,,,dead
2026-10-10T03:37:14Z,0xc6afd0d9893d005d86cd2ed5e9b62fa91b08f1ad,0x48c5ccfc006b12e22b3c3d9a2a32cbb971c3c383d5aa963501ac2d4d52d6f82d,0.94,0.0002379,39577,75402,214,54353,0.0002379,0.0,,,live
2026-10-10T03:37:14Z,0xc775577c7e911b723404e04e5f1310645759a97a,0xe1a25e70fc6e8f2ba2fa097e39a237f052d134dd4c50c6a3e59c7f78d854642f,1.52,,,,,,,,,,dead
2026-10-10T03:37:14Z,0xc7865835b710684ecbde01d7054d908c407d1111,0x9f04053456dd0bdaf8b00f34332f2f5123ee034fdb40546b028d01ffef5eb99c,0.51,6.231e-06,6231,1,14,6231,6.231e-06,0.0,,,live
2026-10-10T03:37:14Z,0xc7b4a832ac0e7594d034bddb97e4bedd314bdba3,0x1422ff94a5b2fccc81764b1210d1452ef49ff3a087bda446b8e8052477605c96,1.47,,,,,,,,,,dead
2026-10-10T03:37:14Z,0xc8555e2573a73fa738a75dbea2662fde494881eb,0x9aa3e36e7036ac877b398722a6b436fe20bb5d26ead03fe3c6ee0302adb1bbe2,0.16,6.255e-06,6256,4,3,6256,6.255e-06,0.0,,,live
2026-10-10T03:37:14Z,0xc889496aea539989ff96bfe2decacd3e4e099777,0xd29bb43e2753a6df5cad52bc67c97bf322461565efa57fbbff81511ca743e162,0.64,2.437e-05,24350,41119,155,24327,2.437e-05,0.0,,,live
2026-10-10T03:37:14Z,0xc88f382ac1d0cd3243e4698088d7b2667c075b6e,0x32d474f884bdd41d841897495a3a652b8e04fedd9d97863e58608bb3df3f8442,0.05,0.0001022,63179,305309,897,102201,0.0001548,34.0,,,live
2026-10-10T03:37:14Z,0xc8c11449b26055f69d296ec3100f4d5742792ded,0xb585aaff301592c6bd7129ba375be8730f20f034558bb83b3d7290ede3738a1c,1.4,,,,,,,,,,dead
2026-10-10T03:37:14Z,0xc93896f8de5837a5be4102544cc49e20351f019d,0x9c554cf8ac09f78a9dff90a1903c1f7d87147aec102444ead2e0642fc9fba464,0.68,2.828e-06,4904,13664,240,2828,2.944e-06,3.9,,,live
2026-10-10T03:37:14Z,0xc95eaa4549b32efb239dc565bc4aab6604188156,0xbef9a56aeb7fa9e465d00823f53ad592b86681112a8449ddd3a50ffa87a7d298,0.49,4.524e-06,42418,36873,194,45245,4.524e-06,0.0,,,live
2026-10-10T03:37:14Z,0xc9675fe679c7d4e1b94416f66d61c96127eb964a,0xe96c99be1ffcc204714ebce32870ab12b8b362308fa50b9352c03b2486a5d448,0.4,0.0002021,34700,433518,4265,202188,0.0002021,0.0,,,live
2026-10-10T03:37:14Z,0xc96e236a251f2d197a185283cd79dd925d6cf633,0x5c0ee1214120bedd29e33268837ed74f485f16e24203f636ca88e31277f362ff,0.79,4.559e-05,17354,4891,17,10413,4.559e-05,0.0,,,live
2026-10-10T03:37:14Z,0xc983a6e65597dd003637e4077519b746a4db7777,0x8fddf002862b8632e46902d42101f325287cf509e4e71545c32f954109fb3dba,0.1,0.000147,40197,40433,193,33593,0.000147,0.0,,,live
2026-10-10T03:37:14Z,0xca56e186c0af6b795259fba6fdd64d058d6d5181,0xd4d720843e416ba52d6a2cb53fd8f74cff84e1a6852968f675ccb3488ed47c84,0.28,3.823e-05,15840,487,3,8732,3.823e-05,0.0,,,live
2026-10-10T03:37:14Z,0xcadbb7abab6b6d134465af9863e05e6b90980f5e,0x75d340f1094d5f8ac718b1dee1cc74a9c3b48021df28344223f1c30e212b94b1,0.47,2.522e-05,25222,132,6,25223,2.522e-05,0.0,,,live
2026-10-10T03:37:14Z,0xcb4c0bdbdf7a09ae6075d12f75c2023358c69fd9,0x5d7bfb7bc8af7cff9087aa3ce8b84de3860905ca93ee1cc534094dc68761cbd2,0.32,0.0005617,211353,1364100,2888,561743,0.0007629,26.4,,,live
2026-10-10T03:37:14Z,0xcb4dd428fb115d8cf5bfb46bb106e5f64c197777,0x72b08ffa34c313b21939da8fada45ac774e2e8ecff2f03067447c71231cf4d62,0.82,1.285e-05,17675,9946,40,12827,1.285e-05,0.0,,,live
2026-10-10T03:37:14Z,0xcb9d03ba4aa39d75e5aa18392901e934bb9aecb3,0xe4b5fc387f3962313ef50653f483873ac6cf0c73c7eb55af3013e46f54f819e6,0.24,3.689e-05,35701,5442,23,36893,3.689e-05,0.0,,,live
2026-10-10T03:37:14Z,0xcc534ebcbe1622bd3ad5c7c230e8e0e295d738ff,0x845f8e63a5e21aac7957c1e488faec71aea99c6259386c904d18bd3c11a7f9b4,1.48,,,,,,,,,,dead
2026-10-10T03:37:14Z,0xcc7630afd9d2f4d19c3f7689fdbbf6b21c4f0777,0x604ca530f996998e81e192cbeb3f441c23a66295eee3060aa388b359d2254d4e,0.88,1.926e-05,21613,61845,201,19223,1.926e-05,0.0,,,live
2026-10-10T03:37:14Z,0xccd744706afe142100ff53e780071341ac447b0c,0x267574a1d18f25197f335091b87e7947f8da2875ee0c0f5e5163c527fd3939d5,1.48,,,,,,,,,,dead
2026-10-10T03:37:14Z,0xcd49a718959652d625443c23c4846e3a5b2b5777,0x1fd0408952d2e4d35d87da484850cff36d6c1525a2709d10866b90df388a200f,0.7,1.696e-05,20265,18498,61,16928,1.696e-05,0.0,,,live
2026-10-10T03:37:14Z,0xcd4cf0f8659745fdf6e29864e68efd4f479b4c5e,0xfb2029c8def04be41074a92a067d44d8bdf3ef10e2c291418de56789a25b6978,0.53,2.492e-05,24922,2,4,24922,2.492e-05,0.0,,,live
2026-10-10T03:37:14Z,0xcdae63d95d6dd4f89f6e508c77bd4388b4e5c8ab,0x4674f978aab6c373c1634a6729771d9bd6b97bbf25fdfa70d601a81a339f6974,11.52,0.0001936,40656,29177,190,193638,0.0007324,73.6,,,live
2026-10-10T03:37:14Z,0xce17da32c5c8bd2d57a8780ca14ea1d55652cce9,0x452425293a0d0ce190c35cc5cd3e5b98ac38c22266096d491a55525cafed72f9,1.31,0.000122,113826,203861,1466,122087,0.000122,0.0,,,live
2026-10-10T03:37:14Z,0xce24439f2d9c6a2289f741120fe202248b666666,0xa5d2fa75a050327b6a0e3a6020994fea5a9df413e0e031045399411e1616b2e3,21.87,0.9998,472678,929413,3744,29996743,1.01693,1.7,,,live
2026-10-10T03:37:14Z,0xce419b35f1a87e911806af49f010fff69ad73777,0x10acce03329c214b56191c102760b58a133a0ce83bc8ed51f0fb59877832f6c2,0.26,2.158e-05,22812,36127,133,21538,2.158e-05,0.0,,,live
2026-10-10T03:37:14Z,0xce656492940cba7b81b815328879471114316b54,0x8290d30f1143db3c0805e1ae4326ea5c8a8730da729cefc2d51e6bdf3292c1c4,0.51,6.237e-06,6237,0,1,6237,6.237e-06,0.0,,,live
2026-10-10T03:37:14Z,0xce8cfbd3776d8f6920757d3bb0d56a89bdf01e18,0x07b03352aac5406d1f5d19310a0d3c40d963f3d6cc27b83bc5beb4a62fc40b36,3.14,0.1058,15001502,22500025,39,104875843,0.1059,0.1,5,False,live
2026-10-10T03:37:14Z,0xceb2372baf3a7a5d3c21e52840146072f111c9f2,0xdb0edb9d2a755bbacdbdfb6e8067d59225f959a66a76cb0d6d6f794c0c6595fe,0.99,0.0001563,32094,41108,154,35702,0.0001563,0.0,,,live
2026-10-10T03:37:14Z,0xcf8124f17098e0e2abacc6bbfd72ab936caae366,0x7ba660f50d4f6be77baf66452a4fec9446d430e20e77dfbae81835c28332d06a,0.43,7.516e-06,47353,43226,227,75166,7.516e-06,0.0,,,live
2026-10-10T03:37:14Z,0xcf88d1c2ad70870153964eb6a2c39f6062a6cc94,0x86c2378e2cd63b3af37cbef66c75d9c8d5c472bf3ce2de2e27bc732c0aac02eb,0.68,9.469e-05,24975,22083,102,21629,9.469e-05,0.0,,,live
2026-10-10T03:37:14Z,0xcfa758dfe77af298ce17b78e2c499e10616acb26,0xb42f22e86b3f5f5a5b30b64474a8ac10756037b2dbc34b2d47c9ac6c43a9312c,0.47,7.7e-07,12400,1209,15,7701,7.7e-07,0.0,,,live
2026-10-10T03:37:14Z,0xd04806dc992bb47e3800b20f6806c5328f887777,0x064f50603710687ec20b3c38ea86fc759ada4b3bcfbe79ded5e5a718b7b77066,0.17,0.000202,47081,50176,229,46164,0.000202,0.0,,,live
2026-10-10T03:37:14Z,0xd060f448de7bccb6e54b0cb8d5bc871c8d339eec,0x95d01aaeb884e62fda3d1f9b0b88f570c98cc7d8738195d83e3506db73513fd2,3.13,224.95,4864939,27210980,114,16197068,233.37,3.6,5,False,live
2026-10-10T03:37:14Z,0xd0edde5fe00ce1153cd3c0f6af4c9ab3b9567777,0x24517c936c8ed0901628962d95eb2f4bc184b8b87a705abf81f9c9a94703ad20,0.84,0.0001906,45853,48051,232,43557,0.0001906,0.0,,,live
2026-10-10T03:37:14Z,0xd1136846c06f5359d9dbe40b150fc7a0d7667777,0x04a400171b346f710998ec923a703a024e6e47a4b22e05535000f481401fc6df,0.22,1.95e-05,21688,45816,154,19468,1.95e-05,0.0,,,live
2026-10-10T03:37:14Z,0xd1216b17622a96e86d428e6a8e1292f8eb279777,0x1bec02db7e8a7516f4127d3977f95923fdfb29299a84b462b42ddf2ed889495a,1.44,,,,,,,,,,dead
2026-10-10T03:37:14Z,0xd147d43fd8612cbeeb460e22cca9fb1996377777,0xc75aa18a7cd9d116a103de843a69f4e56d8a2d2bc7e8939ce0a08f072c9efa77,0.46,0.0001565,41477,39364,188,35775,0.0001565,0.0,,,live
2026-10-10T03:37:14Z,0xd1706e80bd1dc29ab8994e9318386c4687872739,0x3a66f2f4542eb4de42b06dd1822b4106adc04311ae7c704bd6dc633828904efa,1.55,8.803e-06,8672,30092,365,8656,0.0001308,93.3,,,live
2026-10-10T03:37:14Z,0xd1977d8a104b61f12553a33a724db810617be355,0xdec4934516e726a0d722dc93a411ad9eedc32d176b01cdb64f9a75bd7032a215,1.47,,,,,,,,,,dead
2026-10-10T03:37:14Z,0xd1aaca71f57901d8c9053a8cc712190bf0a77777,0x6fd066395af255c0f2a690113bc3e9318eedf79014197ba9d750be7204087f94,0.7,6.524e-05,26793,2557,13,14908,6.524e-05,0.0,,,live
2026-10-10T03:37:14Z,0xd1e044cd3645689677b60b9c8890e7e007087777,0xca7ffbec59488d357726832b9957c7a3fdd63fa7d4fc8de3556f2b9ada014d9a,0.27,0.0001682,42923,42470,182,38431,0.0001682,0.0,,,live
2026-10-10T03:37:14Z,0xd20d0eebd4a6a504215a834f964627a43b93b9f0,0x6b445bf5d91eac8cda45985319104980543120a1bd0d53417cd6bbf9681ad277,0.64,0.0002374,39639,78018,243,54243,0.0002374,0.0,,,live
2026-10-10T03:37:14Z,0xd2122fbfb5ec3bc2c570fc4b94a8ec888e691e18,0x77c13e776b9f88997527145460987ef8528a84f520a051c3012e22cc628503cd,0.05,4.784e-05,45590,18124,322,47840,4.784e-05,0.0,,,live
2026-10-10T03:37:14Z,0xd252fbad2e5946ad4540810339a7d8a8dc12be0c,0x68efdfa0e16f8f638bca83861b94dc30d8014cf9c7fcb82720e33f0618eadf7a,3.68,4.921e-06,6484,3376,67,4922,3.832e-05,87.2,2,False,live
2026-10-10T03:37:14Z,0xd2c503e97010766f5fb139086bf7d1762be5e777,0x9c23af610eea4fc63bdccc9e1ee5dcb0db29f73e75f132927d003ade43275d7f,0.87,1.782e-05,20800,48242,151,17788,1.782e-05,0.0,,,live
2026-10-10T03:37:14Z,0xd2cfd27401045b625df0dc7180c83962081e906f,0x18ece5785b00af3654f752f96d96dfc7fc434fc2bdc637ee93293d37c428edae,2.32,2.628e-06,4731,17,4,2628,4.738e-06,44.5,2,False,live
2026-10-10T03:37:14Z,0xd2dfdd4ff0441cc691c57ceb8ad683d1f9ce2e97,0xe8c0cde20c02f8687ea4e30acca9c0ff36e64be601e78112a3bc5d125f51f4cf,1.44,,,,,,,,,,dead
2026-10-10T03:37:14Z,0xd31c6812be1838ea7f8d220d0e9d2b52ae1a7777,0x034c952ed2d1be8f05288a60a67aebd6b3001a2c1b461dded5e6aff7f4193bf9,0.74,0.0002055,47637,47188,231,46961,0.0002055,0.0,,,live
2026-10-10T03:37:14Z,0xd36491f862c6cb5af529ddf317ad785c5b87e777,0xe2ae9889f02ad405c6548457e41b2e92f9ab5f1799a4e7210af3cb2d685f948b,0.11,1.869e-05,21249,50224,176,18654,1.869e-05,0.0,,,live
2026-10-10T03:37:14Z,0xd37b3d605118b22b168c4c238f8eceda7fd54d1b,0xd6789f9042eec9b5f0142f7ea074530ccbfaf035c6d4c4b39e40600b40d6c8a5,0.38,0.0002262,38537,61234,236,51668,0.0002262,0.0,,,live
2026-10-10T03:37:14Z,0xd39d24d1571f3fd28c444574a0baa0775673b46c,0x4acaa10af60122f0648f19d941e1082a5176864a69a0a5c549a2f5b61af87f92,0.92,1.034e-06,10346,206,19,10349,1.034e-06,0.0,,,live
2026-10-10T03:37:14Z,0xd3a51ba2ed76a33b821fd326e866bad3f0aeadd6,0xd0b07485102e90a3df344265e14fec82bab5ba7ff7d035eae38efbbe0c983188,0.85,0.0002502,40662,73386,239,57147,0.0002502,0.0,,,live
2026-10-10T03:37:14Z,0xd3c2743902887fd950423abdfb56f85e054ed777,0xd4e8d5b5fdcf32e5562728d2da181c162df5b26d13f040aebc448a825ef05b5c,0.42,2.058e-05,22285,55843,187,20545,2.058e-05,0.0,,,live
2026-10-10T03:37:14Z,0xd4124dc078287ab52269cb0c26d919d76253bb52,0x51ec65509b67789f3887eed6ad7a51ff42de2b22eb5e59e0559e928351e8c9fb,0.07,5.365e-06,5360,159,3,5365,5.365e-06,0.0,,,live
2026-10-10T03:37:14Z,0xd421141b9d6afa274572a747e9a3fdd24ba8c400,0x88401f04a9af8326ccd642d64192442875d8378f7f5b324ac2449c481831ff9b,1.49,0.001223,102166,716736,7214,1158445,0.002309,47.0,,,live
2026-10-10T03:37:14Z,0xd441eb4709b144bd99b911aebdd931ead0e5eaa9,0x611fd88ecf688b72bd2cfb861719858f7328d88d11e70a0fd43e6600a6fe26c6,0.59,2.493e-05,24940,2,4,24940,2.493e-05,0.0,,,live
2026-10-10T03:37:14Z,0xd44dedb1668bc7774e9467c5af3756d7f2672bc8,0xbeb0dcc55829370c017c13b1ec2e9aa6b13177e12a88c46e98ac53f88b9232ab,0.63,0.0001034,76681,89438,231,103457,0.0001034,0.0,,,live
2026-10-10T03:37:14Z,0xd44f1c0e7a256f85037643f28463287be756557e,0x1385e7e71527258ca8ca6c963307aaef34ccb8c03a4fdc4b38e73fc702bb3849,0.72,0.0002841,43335,67631,240,64891,0.0002841,0.0,,,live
2026-10-10T03:37:14Z,0xd4a07b0a6a81cb5e6d0e48c7600fdffe7a7a42c9,0x433af973b960a62abfe67fc3f445516697314c4e9a4b25e2b4025575808d892c,0.78,0.0003159,45733,101364,235,72166,0.0003159,0.0,,,live
2026-10-10T03:37:14Z,0xd4a5d07d84d68fe4a78193d82f1d928622277777,0xca6275129f14d7b6797ef4366187e96f99f742087f0058146f12b77f12f67832,0.36,0.0001976,46540,49131,218,45166,0.0001976,0.0,,,live
2026-10-10T03:37:14Z,0xd556311a336765427dba264829427ac4e80ec6cb,0x4070ff54aed32c3fd18a78b4c6ff93afd809b372332eaf1e26c8e4f0be3ed4e8,2.71,0.0003343,57817,144554,828,334370,0.0003574,6.5,6,True,live
2026-10-10T03:37:14Z,0xd55b7dd6b2e9b5f0e29dea377b4855e8b8155777,0x0b3bc66c6977333284921fb0071be8bdfb179297943b1f5cd786adea1a4e41d4,0.98,7.383e-06,13363,1760,10,7369,7.383e-06,0.0,,,live
2026-10-10T03:37:14Z,0xd57153e8dbfcc3db46ecc7cdc7ef8e0ade0c6755,0x463b50c1271ce467ff99b9688feb386bcf97e8becddac4107fbeaaa4f5afb4b5,0.14,0.0002551,40999,69171,240,58279,0.0002551,0.0,,,live
2026-10-10T03:37:14Z,0xd577f45d1e43730955213a2ac3e513052d31fb03,0xec4cccac05034848ee4701432b24ac0d463bf61b981098d176477a259454bf74,0.34,0.0005557,68864,495390,3385,158787,0.0005557,0.0,,,live
2026-10-10T03:37:14Z,0xd5a143469a9bdfc61ca2f6c8d1c76bc9a675194b,0xfdeeb5c28dc687be2118047ebcb5e87118a8ee3073084e6dc5c0634776e8f431,0.6,1.021e-07,10215,2654128,8539,10218,1.722e-06,94.1,,,live
2026-10-10T03:37:14Z,0xd5caeb75aa0cbc76f0caa2c2114c0af5bb3b956b,0xc583987eef391014763ebb7e830caa07fadecd8c2c7692a8b3fa486fd3e38b79,2.73,6.512e-06,6476,135,6,6512,1.139e-05,42.8,2,False,live
2026-10-10T03:37:14Z,0xd5d4e4f288f5d3a855bd6b26e176774ed2621f1a,0x9bbaa321f00b1f437c1f8e780c2b0a65e30bfeb1e86000a66fbd9331a372e71a,0.16,5.109e-06,5109,182,10,5109,5.11e-06,0.0,,,live
2026-10-10T03:37:14Z,0xd5e798530fc8858ae8dd90d9df2cf3d7d9b5224b,0x47463105d901c1b9f6129283288d081c690e02f42dcfa4eef2543729feaac583,0.26,0.0002577,41156,70947,238,58869,0.0002577,0.0,,,live
2026-10-10T03:37:14Z,0xd5f3e5a9dc4ca4e16de1c7d6ab9f6978b4eede68,0xd64da4343a69e820b41074e84b02069118f3bb0bad455e69654f38bec7b986a5,0.19,729.5,1436118,14393652,206,4750372,729.5,0.0,,,live
2026-10-10T03:37:14Z,0xd6348bf009b262f077dd6f4169a6099a47ff119d,0xbb19bb853bd780d954aa97d5063a784adedd1e1f,0.23,0.0002234,178791,0,1,223488,0.0002234,0.0,,,live
2026-10-10T03:37:14Z,0xd6adce5eac5f40d29e2101436c38cf1cee8f4856,0x5b6ef724a65ec58ce6da26a182287eda016d7e59,2.18,84.09,190300,9540,51,220982,85.74,1.9,3,False,live
2026-10-10T03:37:14Z,0xd6b80ae172e8e155d85d1e3bb3fb12ec5c367114,0x0f3aa9fcfc243dbc925eb64050e57180b0d7bfae6b46ea7c5a64c44bd9aa0845,0.09,2.455e-07,24557,0,1,24557,2.455e-07,0.0,,,live
2026-10-10T03:37:14Z,0xd6bdb31e1a750e0de11477c2f84a3fe206705d2f,0xb4d520a9090c123b90f6bb811e18597e9769da1f20ee33d9e618807d39940435,0.89,9.974e-06,9975,1,1,9975,9.974e-06,0.0,,,live
2026-10-10T03:37:14Z,0xd71ffc6c2e4feef466f220466b9a02999cb629bd,0x306003b8d1c7bb482f30fa1aa9eb9380e51c366e2cc61861b0fad36b6ebdc7b4,0.97,0.0002382,39655,79836,235,54412,0.0002382,0.0,,,live
2026-10-10T03:37:14Z,0xd74ae64d59e577cd3475a56da2dc14cc60294c4a,0xae066c32638f875b8e2350e9c69b69f536c3b595969e68e2959f3862eebcbbe0,0.65,0.0002396,39859,79961,225,54737,0.0002396,0.0,,,live
2026-10-10T03:37:14Z,0xd78ac5b707f25e6c8b56f3c86203bb9f86d6b777,0xbda76d862ac33a309ed08bfb19951351a779c328a422dca961844630eaf9a170,0.12,1.897e-05,21414,46901,146,18942,1.897e-05,0.0,,,live
2026-10-10T03:37:14Z,0xd7a712f3b8c574c87b1b2bd1682431093c49dc1c,0x73cede53c18964172f0252bf5b65f7d41c5b55039c753fd69d0abe7373227484,3.75,,,,,,,,,,dead
2026-10-10T03:37:14Z,0xd8098154e30f9f4ee5a411d294f65fe2d6e01e18,0xcadfcd52a63333afb35ff006ef145ffbc1dc70b3b1d61829334a4ef9c1d2e743,1.05,0.04165,12495772,4998461,11,41652574,0.04165,0.0,,,live
2026-10-10T03:37:14Z,0xd812054aac4e81f5643bea74a84b3c885cfa5777,0x39daad456373cbe639ed8fbf838b74dcc846937192dd8a5766d0ab625e0ea5bb,0.93,2.223e-05,23188,52761,190,22188,2.223e-05,0.0,,,live
2026-10-10T03:37:14Z,0xd82e3dcd0fdc689f563601b0bc54e3812c0186fe,0xfd2d55f4fa82ce8868f56cc28acdf6814590a7e5acd6fa6de08c1ab5ee100b3d,0.71,3.019e-06,165670,20834889,17339,301999,7.282e-05,95.9,,,live
2026-10-10T03:37:14Z,0xd859e39009e1def7cfa4a8e2a5d04c85f20ba5f6,0xfeaa3be8ae15059892dac9530d2d1ab97e49d9ba3933ad038f18963a6ba843ab,0.12,6.25e-06,6251,543,8,6251,6.25e-06,0.0,,,live
2026-10-10T03:37:14Z,0xd85e07bf11747f6e86d1daeb3be7ad3e42b860e9,0x6ee7004a8c69d7bc4826140d87e0af0f9c092ee005eac4ac322c7cad9f0796ac,1.35,4.316e-06,183488,1205149,1997,431679,7.45e-06,42.1,,,live
2026-10-10T03:37:14Z,0xd86ba7b77578576dedfefadab63866b67e3f94a5,0x0d7a07c2a1f01fd0fade47c569320eab8c486d68deeaaf57856530b4959916db,2.56,2.699e-05,15177,2475,60,26691,4.757e-05,43.3,2,False,live
2026-10-10T03:37:14Z,0xd8707bcadd789606c9743f704c41e84357db6ec9,0xb627af0683a6334e29084306035e3569bf67215d0063a1054c6e258d4325e890,0.42,5.541e-06,43889,49915,234,55412,5.541e-06,0.0,,,live
2026-10-10T03:37:14Z,0xd8e6da44ed61bad390d8cbd69df724f53693ff5c,0x24a78c8a834eb556f92da4f83dd7bcd8cf14bf2f029e2620585f28b69403fb83,3.4,0.01623,4869003,4381575,21,16230042,0.01624,0.1,5,False,live
2026-10-10T03:37:14Z,0xd8f43cbe23f6e8dc182c6f5482673f623acc4777,0x43dfadefb2f726e0c6965bee039985c9321cf56296e62067fdfbaf9a013769c1,0.38,1.235e-05,17272,10017,35,12336,1.235e-05,0.0,,,live
2026-10-10T03:37:14Z,0xd93629dc79268620709e4a151ce012522c450485,0x73b911093d8b787e110c8b6ca33d8f5c9ff5df2ebb1999c2be5fa7012378f819,0.75,0.0001939,68764,98705,359,193900,0.0001939,0.0,,,live
2026-10-10T03:37:14Z,0xd95118876b56ef6e4e14601f8d25f37aa42f1e18,0x0558cc36ee7a3d2bf315582a3f1f76112d7d1f14be896a51a82209994fa47e65,1.27,2.02e-05,20212,1,3,20209,2.02e-05,0.0,,,live
2026-10-10T03:37:14Z,0xda2f60f3e5f51fe82ed13b5ffd7e36ff0f6a60e8,0x200593a049319d571a9252fd9c7ab2cfa95e4fd699396e62b23d900686c3e18d,0.81,2.503e-05,25032,2,6,25032,2.503e-05,0.0,,,live
2026-10-10T03:37:14Z,0xda4297160bb172fccc622d3d24cd9a1b16d7ae03,0xce34edaf894c45a694edb89a3e20e7cc12babfd980b6d1924b088a152e7277f1,1.4,,,,,,,,,,dead
2026-10-10T03:37:14Z,0xda49424d50e67a4015de19a15868d874931b5af2,0x241974303db5fcd409aac39d939f75f09910bde085961358dc5807181e005ea9,11.57,3.465e-06,5432,745,23,3395,0.000132032,97.4,,,live
2026-10-10T03:37:14Z,0xda8271594729e886ca46a3b226698d7314c75d59,0x3dc6076f7a4246cb4b3169f9525d286751e117e8a6cb009b7967e67f84f0fb39,0.67,4.556e-06,34066,52254,379,45563,4.556e-06,0.0,,,live
2026-10-10T03:37:14Z,0xdad2860ec10cbaaec773d0c1929e61526c1f5ab1,0x6942470f8ac0b8edf2335645a89d704704a795e55bccfc09b50c8bd036b7e65b,0.76,1.065e-06,19326,903,16,10658,1.065e-06,0.0,,,live
2026-10-10T03:37:14Z,0xdae298a4d71d2f9af05aa6156ec39199fb8660e6,0xa49bfe8a3e7e837e46915ca82cdaf5fbbe07043ee3d998845fd3da36b75b68e5,0.53,2.577e-05,25764,423,5,25771,2.577e-05,0.0,,,live
2026-10-10T03:37:14Z,0xdb0955b15b576d59136d38283974e7b3a6253c5f,0xf7f58d3e5196c738ccefd6d896054be3077e1d2592375598f255603947958611,0.62,0.0002219,38306,72401,237,50697,0.0002219,0.0,,,live
2026-10-10T03:37:14Z,0xdb7989e5e4cd0de3548046b2497615a87ed4ac69,0x92391e152f4990e818b3f84f0d720bfa32cf3c3c5be7a75b5fd9a3adf9d3b4e8,0.86,6.995e-05,45826,64039,243,613,6.995e-05,0.0,,,live
2026-10-10T03:37:14Z,0xdba6da93228ef6fd0f54317b61c6f5efcdd44af8,0xdfdb5f59f12e5e27779986945a94d741d40f22cd3468e172ae67a15b93667df3,1.38,,,,,,,,,,dead
2026-10-10T03:37:14Z,0xdbb7e6808cdbbcb68a00eb21d98b3016afdb6777,0xa953d4ad91e30ea452d9f950499053c3160f92cc037186b3078022ed6d96d25a,1.44,,,,,,,,,,dead
2026-10-10T03:37:14Z,0xdc1235e942a05c3b50a2879df69a2865d86e1e18,0xf02b4ae766157436baffc91eb829aadbfdc6b020714b4962e2dc24dc3bd6fbc9,3.61,7.786e-05,60806,3730,240,77362,0.000296,73.7,2,False,live
2026-10-10T03:37:14Z,0xdc453b1405cfe25e2afba8e7f4272b0a00437777,0x16684607c92e1a59302763400cc1641c8f9dbe7e,2.4,0.001008,106574,394568,1296,1000137,0.00123,18.0,6,True,live
2026-10-10T03:37:14Z,0xdc4f3cd61ba6b5c83c3f219e8ea0c1b5b6fb1e18,0x4fba2e5098b502d6da8cf1424a64cf03b05d38bfd187f94ac6bffe4d01af6e19,0.81,1.993e-05,19937,2,6,19937,1.993e-05,0.0,,,live
2026-10-10T03:37:14Z,0xdc620ec45475975d67a0639a206d1aa0d7a88888,0x92ec403c063eae4e624d54d91018623445b24e98,0.1,0.001141,66954,1032,21,114123,0.001141,0.0,,,live
2026-10-10T03:37:14Z,0xdcafdf03d5a80b133f7909889b62b44b62afa77b,0x8bc9954be7571ba61864c1804f702a6e942afa62c7eb9460948480ba44eb995f,0.43,0.0001339,90541,92458,124,133903,0.0001339,0.0,,,live
2026-10-10T03:37:14Z,0xdce7322076017a32b59ddc4b573f1b0845d71280,0x3c73e7f9fd33de671ac7c14d86416049312aaee8f79f487312b27745238b6f52,0.08,4.729e-05,71993,17896,91,47295,4.729e-05,0.0,,,live
2026-10-10T03:37:14Z,0xdd01ca323d65083277ee872745cfc8d72e5c7777,0x5f3126a41b827869219d144846efa11b8ebb70330aa3d0450f727f25a83f2085,0.99,0.0002421,51619,55465,231,55323,0.0002421,0.0,,,live
2026-10-10T03:37:14Z,0xdd1123653689557c12bebca243cc5aa654a13360,0xab856391c991279a489416c88506f877ca65294afee77a481965a1903ab418a1,0.16,0.0001428,119254,135096,833,142853,0.0001428,0.0,,,live
2026-10-10T03:37:14Z,0xdd200dc1c8f20b3072e58c76d22039f0f1937777,0x0d7d1252fda4f7a6c82b4ece03d428a8841f723146e87763394b4de0de8dbc2c,0.44,0.0001805,44510,46970,219,41241,0.0001805,0.0,,,live
2026-10-10T03:37:14Z,0xdd201b6527def20edda1752ce0c9b4a4ea8c7777,0x898db28a5406184902aa0e632e280732ff4fbda8c2625bf54a672fce366c0c5e,0.96,0.0002278,50054,63874,238,52057,0.0002278,0.0,,,live
2026-10-10T03:37:14Z,0xdd38f3dbb043c0331351ac6bfb60e86f28ab1e18,0xa1cb9b04c0f9b692e26b9a0874523a7eef57cecdaea884c75a83ae2befa660dd,0.14,7.329e-05,56661,51380,652,73291,7.329e-05,0.0,,,live
2026-10-10T03:37:14Z,0xdd45332c0ea0ed510a01531d748db02c2ebab151,0x1ae468d1f1ae21fb14dfd74459604503edcfa3f67b5631a458c927960a795704,0.28,0.02492,7479,0,1,7479,0.02492,0.0,,,live
2026-10-10T03:37:14Z,0xdda034385c3a69fcb1c286c48e2bc07b30296ba3,0x8e96dccae298ccdac7f40e2af2093e1c30d75c0863ca4aa04ffc4269fb480799,1.44,,,,,,,,,,dead
2026-10-10T03:37:14Z,0xddb0d0119e49e964b8e76f215148abda92227777,0xbd0964029278ae4263a541a66b27d3d1239a80b177708a9280a76aedc6938347,0.6,0.000183,44921,51128,236,41824,0.000183,0.0,,,live
2026-10-10T03:37:14Z,0xdde7b0330c57015e8b1c49ad6e243b96d9321e18,0x37e2b8da1ea0e475c07a5fe426bfda6cdb71c879b2aa48574bf5f740ab255724,0.32,1.995e-05,19954,49,6,19954,1.995e-05,0.0,,,live
2026-10-10T03:37:14Z,0xdde8c95c4bc5449f90daeb3403d21e36355b7804,0x758c3c5fd7a80310372a6de43d93722be604de61d634e33cde2139e699c84c82,0.76,2.315e-05,10755,19555,283,23152,2.315e-05,0.0,,,live
2026-10-10T03:37:14Z,0xddeea563407bd59dc325953fa12a904f2e92ca06,0x2434cbd41395b6d8d99402be7e32a8758186ea23c41d7b8a343d7e97649a2192,0.15,6.231e-06,6232,0,1,6232,6.231e-06,0.0,,,live
2026-10-10T03:37:14Z,0xde625df00abaca807aae4edc69a4aea6d7809777,0x8f08e9f716b5bd340274a452ef8ad55617de7c2577523dadaff12d1937b8d617,0.91,2.44e-05,24293,59978,192,24360,2.44e-05,0.0,,,live
2026-10-10T03:37:14Z,0xdeb05712d9c40062d4703acde156609734a533a4,0x3a5574b5c30a8a8b178c81ae385e2e0920c5d2f8b718bbf9daa93ff25caaceeb,0.48,2.491e-05,24916,1106872,2562,24916,0.0001558,84.0,,,live
2026-10-10T03:37:14Z,0xdf44f8c202664893524927754e801a1ebc10477f,0x9546f73845870d2a65b706ea703a7679ef5b3186011ab684790b2ea19bb77c05,0.22,0.0002598,41326,75168,243,59356,0.0002598,0.0,,,live
2026-10-10T03:37:14Z,0xdf527da264cf879965de7cec01f42c3d68a7f04b,0x8c4a772bf57d12198c886be8cb53a99d3ee06fa0a1510e231f5f5bc2994c5872,1.27,4.229e-06,4229,1184,8,4229,6.921e-06,38.9,,,live
2026-10-10T03:37:14Z,0xdf791a03e224ec235ea9a17a94dbdf74f577e777,0x3b9982be1c8f4f6a4c0525e5b289db9766bbd45cb9107066e2f906d81304d36e,0.28,1.969e-05,21783,34531,119,19655,1.969e-05,0.0,,,live
2026-10-10T03:37:14Z,0xe000a73123575756eacd19585bb8fc781f6c7777,0xd9874bb7435163e0d85498930a143a4d4dd5a695da5deaa07486957327a4efb8,0.71,6.543e-05,26828,2498,13,14952,6.543e-05,0.0,,,live
2026-10-10T03:37:14Z,0xe009f32c594e6ead6d45f7b7f4ee37d2ee2fc777,0x6a5ed84b4d5d63e847b79259c53c1601370e455e8a0e6892362c152c393c6a01,1.36,,,,,,,,,,dead
2026-10-10T03:37:14Z,0xe019314679b719707947a85fb45c3e430f817777,0x888e2d16c85ef1e8f6645820c461f8d03a4fd2bc637cd784ce222f6b905f6e9a,0.82,0.000217,48939,54697,236,49600,0.000217,0.0,,,live
2026-10-10T03:37:14Z,0xe05c73c3754f00420c38c35c72ce51b448825dfa,0x36a7de130e969b303a05449624860df29f00dfa6a643c344495c1a35c5677527,0.08,0.0002278,38786,71270,236,52050,0.0002278,0.0,,,live
2026-10-10T03:37:14Z,0xe081e208e5f228965ab67c8eda41fb7b4e519777,0xfd09c4b4069fbb864d471b54549d732445ac69f69f3707bbe4745dc72aeac10b,0.95,1.712e-05,20336,33916,104,17089,1.712e-05,0.0,,,live
2026-10-10T03:37:14Z,0xe096cdebf0a65af3c0bae0e8192cd0de5ce0efc1,0x1207688f7c5f715850f809228bd0c09e0bee50d3817541c4b648f21bd956b2ae,0.78,0.0002515,40820,79341,225,57444,0.0002515,0.0,,,live
2026-10-10T03:37:14Z,0xe10d2152185bac5d297d1549554170b2ed357777,0x62046eb541d5ecc73aae313b3bc7879fae513e18b11ab4d64c882d47701b071b,0.78,0.000205,47598,49561,231,46862,0.000205,0.0,,,live
2026-10-10T03:37:14Z,0xe1243842e091f073841fc1ac9527ea7e64f168bd,0x7392f50912efd277778b237e7955004a2cc6a14190d33dbda9f5276fc20c48b2,3.16,0.007945,2383573,1906526,18,7945276,0.007952,0.1,5,False,live
2026-10-10T03:37:14Z,0xe13d47f19e0347701aa6fe3bf59fc43d244725d8,0x3acf4c8945eb28f521381625b9c2ce4fc07840008ab3ba62a2b37c30339e4366,1.09,0.0002131,209430,486074,2587,213179,0.0002131,0.0,,,live
2026-10-10T03:37:14Z,0xe1685441811e32ce04cc2531523a9ab2757c9d7c,0x307356854b33503c313bd97c1f51bcade287fa74fb6b60ed2c46913e7ca5aeeb,0.71,0.0002645,41824,76755,229,60433,0.0002645,0.0,,,live
2026-10-10T03:37:14Z,0xe1aefc9c97d0409a8873d1de73fb82f865496fd7,0x095eb58c63aba34004380072e5f47ab26efd43e02d1517179c9424d42e10bdf4,0.73,2.502e-05,25020,1804515,4436,25020,0.0004001,93.7,,,live
2026-10-10T03:37:14Z,0xe1cdb16f5c6b3245fd7e320e0cfdede768135e38,0xccce552824dbaca6e0bf568c3af77300bea97a3b5c85735d13d0bcb04566598c,0.65,0.0002149,37745,55909,212,49085,0.0002149,0.0,,,live
2026-10-10T03:37:14Z,0xe2c7825cd2490a7bba4c86f2916566e5e3111777,0x7f5ad5253d382174de6eb7311b204490125124b17e03145d47f5173a45d15b1b,0.75,9.318e-06,15056,3443,15,9300,9.318e-06,0.0,,,live
2026-10-10T03:37:14Z,0xe2d404b252ace52fa881e3c9f7fb2e5b401deeaa,0xf7545114d2ebc355a4624b9685c5c76b396399bfc656ec8de54cf408d7dd0352,3.73,6.599e-06,4613,1413,20,6600,0.0001571,95.8,1,False,live
2026-10-10T03:37:14Z,0xe37bbe0c2e27d0e765a54d3ae9694efa3a22bd35,0xd1599844a71ee81d8ff57dbad0fb15bb331951a2192ad189859e6f7c044711fe,0.82,0.0002315,127166,130892,185,231571,0.0002315,0.0,,,live
2026-10-10T03:37:14Z,0xe3a2f45e5109934339f9224afb1d1abf8ab91e18,0xb24121ae521f3654aa2e645d06616c3d98bb15215c2db14ca8ccf6ad2b4d95f8,1.49,4.673e-05,42519,22841,480,46264,0.0002245,79.2,,,live
2026-10-10T03:37:14Z,0xe3c6dec5794cc2fe686d15b8b41dd57a67f7989b,0xa154c7ff641c5be2f2cc0f973ad68215e0bc82cd8befad607fe73d2673318783,0.12,0.0002997,44425,92264,239,68456,0.0002997,0.0,,,live
2026-10-10T03:37:14Z,0xe3d71ba2381364c7732881e71bc9eb94fde5cc86,0xc18d8076ba6e5eb3500c3cd9d622cd9cae62dad416b17a7867e3196304272208,0.1,1.022e-05,10223,47,1,10223,1.022e-05,0.0,,,live
2026-10-10T03:37:14Z,0xe402a03e9fe5f98073fcf96fdb7e503525dc5777,0xf98a0f673d39b87a2ff967da043daa51b4651aa3c3d7f1137afb14ecd0b1fab7,0.32,1.952e-05,21664,20694,67,19490,1.952e-05,0.0,,,live
2026-10-10T03:37:14Z,0xe4382e772a0620839f8266bbfeda354942f5d138,0xca847f040ed4a7050ef81706d548f4559af4a19cb595e45a3ef4111a79d3e01e,0.9,2.945e-05,23586,19041,260,29459,2.945e-05,0.0,,,live
2026-10-10T03:37:14Z,0xe4ae6d7738c8813269c9059803961b772461c791,0x6a0231d0ffaa6947d5c9f7bcd263e05447146e768ccaa456f2da50f9095202ad,0.17,5.525e-06,43847,63929,248,55251,6.558e-06,15.8,,,live
2026-10-10T03:37:14Z,0xe506a186c676374155d2adba50c0d10a03231709,0xee47e9ad3ec9af5a11ba5b4a6b687e6a7637d9c39c3b86a457bea23cea72f07b,1.39,,,,,,,,,,dead
2026-10-10T03:37:14Z,0xe509bf577b4414271f3c751c73aa9eae48a17777,0xa853c42eac92131a421716cc2ed99659fb608c61641f247867d8149730e952fd,0.73,0.0001915,45954,50833,235,43761,0.0001915,0.0,,,live
2026-10-10T03:37:14Z,0xe53ac0b4fa5ec7a8e2ecf18b0502b8a5be58ecd5,0x49611ae86a8ff8fdbc911ef3d2b0740f37743f17e489b52f2347dc6173d1018f,0.38,7.664e-07,12343,1205,17,7664,7.664e-07,0.0,,,live
2026-10-10T03:37:14Z,0xe5934a43d884e6163206e78948c2e55a9e291f68,0x6803ff18d5198ff9a8fe60fcafbcfb6938ede673db2da4ffbc6e3c3bea724dc1,0.07,4.273e-05,68435,15687,71,42735,4.273e-05,0.0,,,live
2026-10-10T03:37:14Z,0xe59d493540a5b467fda09299a62c64c97db28972,0x8e3beb6b5dc8b66f67e86dc47bb095a259bf294d66165c35897163c9e08e4ecb,5.54,0.04877,4882112,4415233,491,48775135,0.0503164,3.1,6,True,live
2026-10-10T03:37:14Z,0xe59e9702bbc44140f3869399fb0429ceba0e6899,0x47efb7db3ee3d4dbfaa08e769827eef457276069238ed55e05176471eb0c30e3,1.38,,,,,,,,,,dead
2026-10-10T03:37:14Z,0xe5cd5c76680bad7599873cb3047815cd4ed0fa8d,0x97bf96fd7f3b720e9fc09339054861ae4cbf4ad9e4a208b6b885720dbcc60f21,1.23,4.253e-05,18861,34782,435,39136,8.783e-05,51.6,,,live
2026-10-10T03:37:14Z,0xe5d9923cf33e6b4288faf85362b542e7852efb7a,0x1dcf6e1d0d6d525a4358158f938300bcd319d3daf4b81920a8f6239733442ebc,0.12,5.03e-06,5030,2,2,5030,5.03e-06,0.0,,,live
2026-10-10T03:37:14Z,0xe5eef9110216cad711dc012b41817b6a34e2fad0,0x145b21b0b5c64b48172b67d590605eeed00e36147abeff1307ab9469c276ff21,1.48,,,,,,,,,,dead
2026-10-10T03:37:14Z,0xe5ef9f6402f272b9adc06f3a2b615d994e172a31,0x83dbc6ba6e77a31ac9584e5910d6a4d7d468a989508f48d93eb5809cba780432,1.37,,,,,,,,,,dead
2026-10-10T03:37:14Z,0xe60e80ad5ce132d447e8499e19e6f6f187571619,0xfb0185a7c8d160ddf67947f08f7f2c1bdebb75096697b51005d15f7705c4e40a,0.63,6.288e-06,6301,17315,176,6289,6.288e-06,0.0,,,live
2026-10-10T03:37:14Z,0xe6a64543ea6e0807ebec47e9ef0ce87175e0d046,0x0b0fb7ab720632e0ffa165cb01351c3501c45edaa1e31a2394b073c2d876388d,0.46,0.0002177,37881,60302,229,49735,0.0002177,0.0,,,live
2026-10-10T03:37:14Z,0xe6c1522d2acffa2f85eac8cfdf0eac3a4e451e6b,0xaedfb8853b7e20b0562e716eb269ee554616c97c,0.05,1.103e-05,10484,39398,414,11032,1.103e-05,0.0,,,live
2026-10-10T03:37:14Z,0xe716dff2d520fb2dfd144a56541974d42b197777,0x045848afc93d75a2e6207c09fb01e50632f4fb5e02f8956852307337eebe72f8,0.96,0.0002052,47484,57634,234,46885,0.0002052,0.0,,,live
2026-10-10T03:37:14Z,0xe72aa4906f291fd17fb28fc4f4964776aeb887d0,0xdf3cb5a5370ba794c8dc220c3ffe52e6fcd55fb6b2d3daf49e5f84f81257170b,0.21,5.553e-06,47013,49943,377,55530,5.553e-06,0.0,,,live
2026-10-10T03:37:14Z,0xe75444ec9101dc67d3535dc7ac2069b782984777,0x4ab3ce04783a7d055b7fce8669671e869ba0b5e78785980208ff2b4eb36ebd9e,0.84,2.165e-05,22930,40044,127,21611,2.165e-05,0.0,,,live
2026-10-10T03:37:14Z,0xe776105c1c2960f6b637200b227da95fe3d3c806,0x715de61e2133ee6ce61cb7d348c5970212a83236a2a37a928b4573e6ed5098bb,0.05,0.0003009,44546,88734,210,68739,0.0003009,0.0,,,live
2026-10-10T03:37:14Z,0xe7933fb4964e1cff567c049eeab1ef4588c79777,0x51ad587d16f97b8c29eff2093616eb87a8dea1b421456a3e1c0f9012b7066313,0.13,1.16e-05,16741,9283,31,11579,1.16e-05,0.0,,,live
2026-10-10T03:37:14Z,0xe7d55cce33e5847db9b36b64714ebe1f8a6d1777,0x7f68b0b82f6cd5d57a50411996e9979db22101b7209650546dfc927723c63d8d,0.83,1.642e-05,19975,40584,139,16392,1.642e-05,0.0,,,live
2026-10-10T03:37:14Z,0xe7dbe1673d6ef935a96b5cf3db6f90d34508e919,0xd16223679ac2401f515b592cb3265f4eb774ea454b1a706a1576c699de7a7de0,0.63,8.089e-05,23127,11391,36,18475,8.089e-05,0.0,,,live
2026-10-10T03:37:14Z,0xe7dd3e0c10a06030b2b0fd806b4c7ab8a7148777,0x69755faae1359abe8cdd47981d1a4e2c76a17afc872f8660129a41899deadc09,0.51,3.359e-05,28478,53175,190,33531,3.359e-05,0.0,,,live
2026-10-10T03:37:14Z,0xe80b2fdcb2da3c2bd7f9cf8d94e9186ecee21111,0xdc728b85f34cd6b950520c218c845dcc0513d78e70e3283695cf6f43214249f0,0.52,6.2e-06,6201,2,17,6201,6.213e-06,0.2,,,live
2026-10-10T03:37:14Z,0xe823d1e4fec87e4da9d609212b45b9a786ab4ef5,0x06663eed60598d117e6bf32a7c227a2bd34ea9c8113cacf36ed1417281e57271,0.24,3.362e-05,32956,5217,28,33623,3.362e-05,0.0,,,live
2026-10-10T03:37:14Z,0xe88a36ac1147955bfc9fb3aec77a7f0b19a3dbc1,0xcb5c785d88cb73bd30e431ec594d63659bbb6434fd33f26015ac24a5c7173c96,0.96,0.000243,40034,77014,238,55502,0.000243,0.0,,,live
2026-10-10T03:37:14Z,0xe8ba596216dcf85f167150be43198197dc7e3cfb,0x65be648c849db0492770f945d108960a00b356577453bc52ae1ad57a5bce89c1,0.77,6.24e-06,6241,779,15,6241,6.271e-06,0.5,,,live
2026-10-10T03:37:14Z,0xe8fe2068cff0c9ea60c781233c6d715eecfeb7a6,0x5932921b0ca069f988e57462cb4fed1acb4d1c33abae5921a65ad9f8a5df7d55,0.76,0.0002895,43809,90579,233,66124,0.0002895,0.0,,,live
2026-10-10T03:37:14Z,0xe91c8af24ee8ac5426937fa90724c7f1a9b11f57,0xc39f1e951c023de946843596591204ca9d6055418e926a163b79e5e5b48a5e49,1.64,,,,,,,,,,dead
2026-10-10T03:37:14Z,0xe99f4ca442ddd43790115a7f93dd13eb5030fa70,0xeaad2aec593d918ec3e701249ac7b1aa94c9a17f58162f35f813d1d8c3a7abae,1.34,,,,,,,,,,dead
2026-10-10T03:37:14Z,0xe9ffa2e3af72d9f11131295a7bebf7bff8caa270,0x197248c777ad2efba73dc7db3a56a5f276c7c42fbf6602a768fd085c8393dbcb,1.67,2.54,1905370,24,4,2540493,2.54,0.0,,,live
2026-10-10T03:37:14Z,0xea0361bbfaea562d719ff3ba02064c61bf6266e2,0x0231dcf338ee49d4def30fc46b439bca08590fe83598d46ed2dd341ccf49be08,0.21,0.000277,42711,89433,236,63269,0.000277,0.0,,,live
2026-10-10T03:37:14Z,0xea0b6f8a09421e5430f6fac5affb729d8348d69c,0xe37d741e60c0e1af00bc131d2c4ca083973e0c479a4c98b19b41b8531efaccfa,1.0,0.0002719,42327,72183,148,62101,0.0002719,0.0,,,live
2026-10-10T03:37:14Z,0xea372e9b702cfd3021d71b11927fe4538a9e8a4f,0x95ae02bf8573ec26c08db7de9f997620873d8e624c7cf2d46c17476ccf96b3b8,2.65,5.008e-06,5007,237,3,5008,2.69e-05,81.4,1,False,live
2026-10-10T03:37:14Z,0xea3d9a79ed240f876e9c05a10924e4543f2f30f0,0x1ff8feb8ddb5a86c26f3c8e57b1c431437bc9beb722d7a14c1ab7c9f6f00df71,0.28,3.681e-05,15543,337,3,8408,3.681e-05,0.0,,,live
2026-10-10T03:37:14Z,0xea692512b6feaeb30533275f88b8a2d4dba97777,0x516814b771f57bac08166d796ee1147e492775664e15e4f71ae3f471f9631129,1.16,1.036e-07,10364,1381425,4134,10369,1.235e-06,91.6,,,live
2026-10-10T03:37:14Z,0xea99cef99b4487174600e83bb004eb0b1ada0914,0x4c1527fc0ce205fae4ce4c6698ca9e1a5be7d165dcdffce94b5e64ad854b088a,0.62,0.000303,44756,107745,239,69207,0.000303,0.0,,,live
2026-10-10T03:37:14Z,0xeaf8dd63884b77da2e19bff2bf24701ef0904503,0xc2f99db12090ca424de482ffbbf85cdd6bd12119f74f12b2bb953f5568fdf899,0.13,4.976e-06,38543,65443,256,49767,4.976e-06,0.0,,,live
2026-10-10T03:37:14Z,0xeb288e3ca1607e7b921bcb47d5831e88331d65ef,0xbe5296539b19da2ce4771f9725e9de1073281015,2.38,45.89,69160,65065,348,300975,45.89,0.0,5,False,live
2026-10-10T03:37:14Z,0xeb2971774bb0cf399e587128fdcef585b103b399,0x03d90ea1e1afc6962ba7002036e183f6dcb5a8ef2864d0afdced0110089fcd17,0.67,1.33e-05,18538,8192,73,13308,1.33e-05,0.0,,,live
2026-10-10T03:37:14Z,0xeb4bffb93220ada45f5378147cc7d1a52e6dc319,0xc61937e59bca951825882c34f26d1b1d06354037,0.7,1.511e-05,7594,20,23,7594,1.511e-05,0.0,,,live
2026-10-10T03:37:14Z,0xeb5e4f655eee663a01419bec7dd74b5ee45b5f67,0xd3d50aad859119bfe773db3e81066363d25e3514fc87785d190db7cb41a6f350,2.32,0.0002613,59259,72007,756,242310,0.0002711,3.6,5,False,live
2026-10-10T03:37:14Z,0xeb6986485b052102ac611e8675321406e0354686,0xd063b260671592392637e0f356cf43a2ee3ad7ca,0.84,8.575e-05,29251,259781,1520,85759,0.0001126,23.8,,,live
2026-10-10T03:37:14Z,0xeb72730086812cbe418f6036578e8a72248c2244,0x16ef892190b94eaba7020f1a8587fcd5276d6b51,1.57,2.843e-06,2832,3136254,6241,2844,0.01279,100.0,,,live
2026-10-10T03:37:14Z,0xebbe1434d2a6be038f9320a9e68e24dae6927777,0x8e12b8d5af456c3b2d136a14e2a866e6a9197d44752eb60505d3f5cddbf9d51b,0.31,0.0001498,40476,31600,155,34240,0.0001498,0.0,,,live
2026-10-10T03:37:14Z,0xebc3fa434c245c9953e623739c416d65386448bd,0x212f4a88add05266a45fa83caa6a7d67eba6a746c215e2a0e31e0c78caee483c,0.15,0.0002583,135488,810820,1760,258317,0.0002583,0.0,,,live
2026-10-10T03:37:14Z,0xecad5a1f26a7d96375c60061fc9e45d012cf1310,0xc7f9193899101f182416abe7f4149553d7e7b5411ba7128cddf8c0f24db9c1c6,1.44,,,,,,,,,,dead
2026-10-10T03:37:14Z,0xecd5b314ba67670a64f9938ffa9faada42f19ba3,0x9c88856066886bd3fed1510f15f86feb35e9a82061ec6664f57dba5253c6e1c2,0.77,1.003e-07,10035,1091,55,10032,2.03e-07,50.6,,,live
2026-10-10T03:37:14Z,0xed360438f420d8940a087351670bacde89fe4931,0x40c975a9eac33bff57f9aa26a0c94d14057af0e2caa48c7b14834bd83eec30d9,0.47,6.256e-06,6257,0,1,6257,6.256e-06,0.0,,,live
2026-10-10T03:37:14Z,0xed77654e8bcf34b6bb14e80fa9e92b1ac507694f,0x5891efdda64996619ca04ffa8d1c3270d99c1c64,0.08,2.631e-08,0,4839,59,,0.008049,100.0,,,dead
2026-10-10T03:37:14Z,0xedb6cd390e248eb7f43f2f5ef7caa53f00fcc777,0x54821a8e987f572ae5625571a43b21f3f139e5011dd227ebe2b7f2bfeb66fe89,0.69,2.147e-05,22791,51007,184,21435,2.147e-05,0.0,,,live
2026-10-10T03:37:14Z,0xedbf91223639800bcd5756815caf908df3b890be,0xff7b3bd2db34d9ed8160e6dedf1d448777abaa1fa6fc8a31144930a1a656fd92,20.34,0.007042,802570,167141,472,7042196,0.0141943,50.4,,,live
2026-10-10T03:37:14Z,0xee049979960d5e42b389b941ec45790ca7b6e1f7,0x92a4f531f82e1440d6e349bbc2ed42ba389e013f,5.61,2.76e-06,2754,72,6,2761,0.03389,100.0,1,False,live
2026-10-10T03:37:14Z,0xee6846a761b4c5e18c753be8bbc78d735492f777,0x67f00621a9ccb6b7a34e304ecfe380d40030f2939129caeadbd61454ffe74d4d,0.39,1.405e-05,18417,16630,66,14023,1.405e-05,0.0,,,live
2026-10-10T03:37:14Z,0xee72983db36497c1de11f1d47a4b9fc9c71a82d5,0xe444ad3734a3e814c517f832340756371ed573644938c69a1eb37d2704d56a3d,0.68,3.995e-05,27674,35343,259,39951,3.995e-05,0.0,,,live
2026-10-10T03:37:14Z,0xeed66854aedd3b2e13ef264b5defcd303ae342ee,0xee1eff506aeb3527ae10d44472f3b25ef98a1416488714c3cff6c590dcab827d,0.36,0.0002234,38319,81303,232,51033,0.0002234,0.0,,,live
2026-10-10T03:37:14Z,0xefd8bd9c471fc73141dbdbf2aa575364469682eb,0x4de7d3727ee8f9dda401a04bf9d1471167bfb632cc13ad04205e579f65bd9036,1.34,,,,,,,,,,dead
2026-10-10T03:37:14Z,0xf060a7b9eb423b674fc19f71d2dcc6b6983e78d1,0x449c2939da60b83e5a3b826b93a2ef6f9ffc9b02bb5c6e55eca8a461abf3e76d,0.21,6.755e-05,57091,24946,40,67558,6.755e-05,0.0,,,live
2026-10-10T03:37:14Z,0xf061e156706f4610ec222b2f0b7520e479b90c51,0xe1ec8c2285c162457fd5d2a6f1eacd447d2f46279a203517d7b175d9f90e3f3d,1.48,0.0002129,167860,6481,29,212970,0.0002129,0.0,,,live
2026-10-10T03:37:14Z,0xf075b4d2710e83cdbf1132fec78902ac6c11c777,0x81cacea264af73fde9e8ba178820944d4e5e5741f2dd519048b22143ca96b2b3,0.1,1.529e-05,19223,32552,109,15261,1.529e-05,0.0,,,live
2026-10-10T03:37:14Z,0xf0c1690d9d78ede6c87d2cad5535704574985777,0x11c088c8083ffdd8eb49309379f5822c09e1b02043d859fc13e8536eea5e73ec,0.15,1.514e-05,19120,16379,65,15113,1.515e-05,0.1,,,live
2026-10-10T03:37:14Z,0xf0caa7b1fc23c58bcc989ae9ddaf56aae0a24d9e,0x9504b34e5e98b602fefe60b8e83871a75a68b5dddb040cec7acd91ab37bc1288,0.83,0.0002145,46203,423006,2523,214566,0.0002145,0.0,,,live
2026-10-10T03:37:14Z,0xf0d69c965bd40a9f830d6854befec19b74317777,0xb61bec622e15de3967babfc489517f388e653ced944de6efba3a442269b8b466,0.81,0.0002121,48412,49917,237,48473,0.0002121,0.0,,,live
2026-10-10T03:37:14Z,0xf0eabbdf31d05581df583f9d3510fabc8baeda8f,0x5a110379302c7bfdd7a709148c2a9394bb8b3ae8233b4c00d8fea878501639f3,1.55,0.0001878,119819,7082,27,187813,0.0001878,0.0,,,live
2026-10-10T03:37:14Z,0xf1289ff65e189c91ce2efd3db37779f1b5507777,0x2321dd56a6394a373b57b13495775c145bd7237b15b533a5f75bc1eb63c8344a,0.15,0.0001855,45116,47229,221,42388,0.0001855,0.0,,,live
2026-10-10T03:37:14Z,0xf13f2d9f443dc218582f7e8762a2f9afb5a61e18,0x7f830e84df1efb6acbf6ed3974dcbd95a02c60c0d9b917c936bcd309f01e5b33,3.43,1.853e-05,18548,1,6,18535,2.441e-05,24.1,2,False,live
2026-10-10T03:37:14Z,0xf145412eb6c16a0aa0a37dd39972d4d59d402dbf,0x6a9d4833dee3b8c28b24140377ceaad65a378854f812228c01a3af14978acdda,1.39,,,,,,,,,,dead
2026-10-10T03:37:14Z,0xf18b367e1febe408964c068713b129a48e27cdb6,0x2cae51a70b1e2a0c0bd5f1fa25d277b947ecb5bcc9be4d15d558b5824fdcc0f9,0.12,5.03e-06,5030,2,2,5030,5.03e-06,0.0,,,live
2026-10-10T03:37:14Z,0xf1ad16c1e19445e40814b361cf5a759391ed0cd1,0x2fe1139352410fcab8ef57a6242672acffa185a2fdb7147c40563bd0ab843a11,0.99,5.27e-06,42889,70573,256,52700,5.27e-06,0.0,,,live
2026-10-10T03:37:14Z,0xf1ae3e89f3242b3ffca754fb034fb3bff5d4bfc4,0x8eb5b46ab64b61de5aed22701ba71d9107d9ffd74464bffa350759d13c8e5cab,0.64,0.0001631,102703,134865,353,163195,0.0001631,0.0,,,live
2026-10-10T03:37:14Z,0xf1b7fcfdc6d9bb7f1b629da9dcd798ac42745076,0x21c9e9b523419e64576c29038add350806b3cc85b09301d7c676ef80a4a5c853,0.94,5.132e-06,5132,0,1,5132,5.132e-06,0.0,,,live
2026-10-10T03:37:14Z,0xf1cc0a4feed884a4490a1d8db943c0a92bd83347,0x6856985ac2710f328b35c23a5aa0f142209b638b610946a4bcf08d2800ea8058,1.52,2.301e-05,14020,45472,532,23011,5.052e-05,54.5,,,live
2026-10-10T03:37:14Z,0xf202d48a54bff0e6d52e3e6963e301755b7e8970,0x577db3e0e0a12f37131d21d6abc45ae7eb0a65a799272cf0f6f5fb22b4264d4b,0.68,0.0002492,40516,80522,242,56925,0.0002492,0.0,,,live
2026-10-10T03:37:14Z,0xf22469ee6ceb1dde87ed9a9dc3f568d184567777,0xa075c3ad772e68b38b34f7d9044660362ed36864c2071c45c3ddf682d01ec2c2,1.4,,,,,,,,,,dead
2026-10-10T03:37:14Z,0xf22a93bb5c44856390e7e6efc3cbcdcb7dd35777,0x7b6f1de402b517e4218895aed7eb137c6db6227affa25743c38f6d7f7c16a8f6,0.34,2.403e-05,24063,50003,182,23984,2.403e-05,0.0,,,live
2026-10-10T03:37:14Z,0xf254dfff146115e5ce7840f0f14fcd85703e3ef5,0x5694ce98e4164b6ade8a516fa79d24e8b794b86973b8cea4d46554e7e371e22c,0.78,0.0002409,39951,64422,233,55023,0.0002409,0.0,,,live
2026-10-10T03:37:14Z,0xf3093a2e8ef073999ff0753a1324903b6287b657,0x4116e5aecfe1622e6a817c8f69d5a68c710b35878d600a71a8bc919355195946,0.35,0.0002449,40132,89505,242,55953,0.0002449,0.0,,,live
2026-10-10T03:37:14Z,0xf30af3df83e072a228b6cb9ef81e14dd85e792b8,0xca717880f78f54b7ebb4024e5b5d1dccff55688f4efc43ff31dce1d4de048d1f,1.48,,,,,,,,,,dead
2026-10-10T03:37:14Z,0xf3e2d9e2edd2458d6d5aa02b655f7ccde8076461,0xb220a1597b89c12863de7021dfe575849d76c18ed998f7562ee8a2b41dba8400,0.27,0.0002568,41075,62256,205,58671,0.0002568,0.0,,,live
2026-10-10T03:37:14Z,0xf3f1fabbd924ebf1dc7fd8a32ff39a029b8a7777,0xfdce41dfb20681963528f6dfb6da9665a641ddc9f1ecb594858261d12a9d06be,0.71,7.58e-05,28906,5919,32,17319,7.58e-05,0.0,,,live
2026-10-10T03:37:14Z,0xf3f40e3a500c65469495dc798c95f187663a0ad5,0x9d953bc9ef09f5aed07c74ec087f2a29f15ba2f710dbd51ec05ab6f609c1b729,1.46,,,,,,,,,,dead
2026-10-10T03:37:14Z,0xf40ba4bb8bddd9b71cfe5b55c0870328d2eceab9,0xea267e6cc079aeb85058483e26e8c12446aa70d804290ffdaf7d6b2ca6d00fe1,0.47,8.146e-05,65178,52963,190,81466,8.146e-05,0.0,,,live
2026-10-10T03:37:14Z,0xf42bd860766b47570003f82e6c0baa949e0fc777,0x60d6cdeb802a435c6e8b6b62bdd6d0cf0659e0710d945db29dc74abe8042b674,0.08,1.562e-05,19437,22502,84,15590,1.562e-05,0.0,,,live
2026-10-10T03:37:14Z,0xf45998caaa69595f81afc1cc73d8cefcb72b4fe8,0xf0da0d90e8fda5ca9fd5684dc13f82ce0c82eb21cc695ad9287899faacbd7349,0.75,0.0001085,26831,25620,92,24800,0.0001085,0.0,,,live
2026-10-10T03:37:14Z,0xf48677befc2b05f0026a8f87e38be00c285dfd0c,0x1b998934512fcb2a43aad5ffcab3ac9a0c493189d69e6949064b042b6aa0fc50,0.18,0.0002894,43659,100890,238,66112,0.0002894,0.0,,,live
2026-10-10T03:37:14Z,0xf4f4009639b02ec9b73c3d4fdc0e1fd9e42df5f1,0xa753b056eb36b7de4324b137c80ddda9f9a74d2a3b875e0d62ceced62124d4fa,0.51,2.487e-05,24877,1,2,24877,2.487e-05,0.0,,,live
2026-10-10T03:37:14Z,0xf53160ab6331d156fd543e774599eda35644b3d2,0x2b799ca6b3dd53bf4e9fd9f5a97196d853fb561ba06f673cb8c5e99928c5c0ac,2.46,2.914e-06,4984,195,16,2914,2.455e-05,88.1,1,False,live
2026-10-10T03:37:14Z,0xf56ea60e4477792a37bcafe1881f372e7dd6fd95,0x5d7ffa6784778bb397b88981896c9f49291c955b,0.75,1.517e-05,7624,0,1,7624,1.517e-05,0.0,,,live
2026-10-10T03:37:14Z,0xf57b7fc3ede37f04356472a7634e2dd51a837777,0x19b2d099c7baedb590442f0390e8a65c8247619a1cca3d7c24e2854e3976dea9,0.42,0.0002,46829,51249,228,45708,0.0002,0.0,,,live
2026-10-10T03:37:14Z,0xf585a91f120f4627f13fbfd7f8096132ceafbad4,0x72d9900c6b388ed4507015fb536fbb193630c2b4b18f047cc2b971b4c3a26c07,0.15,0.0003009,44500,98301,239,68734,0.0003009,0.0,,,live
2026-10-10T03:37:14Z,0xf5b06c5d1d4767de2a85b8137e21a9f62f8367cc,0xb1129a388a4ae11923d3fa5c148b52beef2de0e765e827c1d7f5a80fab46122a,0.06,2.461e-07,24610,0,1,24610,2.461e-07,0.0,,,live
2026-10-10T03:37:14Z,0xf5e9aabf4bd42c8bc68af889cc1ba4625dbc7777,0xf699f48e4195b05ac13db72c172fba547274482c5e56653111eea327861f2309,0.76,0.0001942,46339,48387,229,44388,0.0001942,0.0,,,live
2026-10-10T03:37:14Z,0xf61fb9a75ee5ae05ebc2b412dd43bfada2e5bba3,0x053f2f24f04094a7c1c9ad1bd4f6deb150d6bf1cde335b7aeae9a3f91214eef7,1.41,,,,,,,,,,dead
2026-10-10T03:37:14Z,0xf64ae4a6f42f516c6c3e69213e2ea6e42f6f1682,0x1e7b7b09b440864846bcc74cfb40c869e6c45db7d811d7966499a3d9e276c213,0.34,0.0002121,37345,65656,209,48452,0.0002121,0.0,,,live
2026-10-10T03:37:14Z,0xf652841f7deb5d5dc9bff8e0ff075411090ac777,0x9c058485b26331dd71ce17824cc3abf6d7ecce63ed68cf1bd6e5242306a7acd8,0.31,2.184e-05,22927,56485,184,21804,2.184e-05,0.0,,,live
2026-10-10T03:37:14Z,0xf65f2ef94fae92c97f3a949035eb6e099f58325e,0x691f9ac339f695346f68e0f38501ce8b28ef99b6792823bee5816312dc52399e,0.31,9.408e-05,59908,265195,857,94087,9.408e-05,0.0,,,live
2026-10-10T03:37:14Z,0xf6d6bcd458e1ea4a3bda5226a767e54b51d47777,0x170256a539f4fb1c69c10854ca4a4f3e38ed261a0f5b3474fd26bf410d6c5ee2,0.05,0.0001818,44709,47128,229,41545,0.0001818,0.0,,,live
2026-10-10T03:37:14Z,0xf6e24f4ebdb66dea2a830bcb6d48b3b59bca4ba3,0x4c4b443e7396ab61a1d973d1ac95adeb7425a0aaed97c58a183fdfd2930dc326,0.72,1.018e-07,10197,6536,158,10184,1.248e-07,18.4,,,live
2026-10-10T03:37:14Z,0xf704ae9697351b41ea66af205ec0879580bbe140,0x623493ff1dc02e4ef7353977497f3643c53c9b894ec72fb2fe8e229f86bc0b87,0.63,6.314e-06,6339,61485,2083,6314,6.314e-06,0.0,,,live
2026-10-10T03:37:14Z,0xf7107d54b637bf5b648254a35a6b5b854acb75a6,0x7864cf651fbe143534254e5e44a79ff72044e529bd8f0ebe8b45fd125b4184d6,0.39,4.861e-06,43963,49503,381,48618,4.861e-06,0.0,,,live
2026-10-10T03:37:14Z,0xf73d3cc1ebc43808346757b90a2097a9584728ee,0x2702bef418c7cffc82df08a00aee32918769d21e7069b293f45e13851eb50fe1,0.89,0.0002945,44083,116110,216,67274,0.0002945,0.0,,,live
2026-10-10T03:37:14Z,0xf74d44b69e42cf03be0c03cf681fefd441fdea6f,0x14d3706c62620307c43097b4b50109f60348db3c91d078ffe4487efd3981f270,0.15,0.0002163,37734,81328,228,49417,0.0002163,0.0,,,live
2026-10-10T03:37:14Z,0xf74ded59877cce5c19e8f164c94f61be300d2044,0x8ec244a465d4ae7c2da51982e3490dec24d8dbe4274c8e150386700c4316a443,1.38,,,,,,,,,,dead
2026-10-10T03:37:14Z,0xf782bbefee77c7cd5f362755bfd179ab93e70009,0xb2e6b3a4d45fdbfa27f8cecec97ecb38b03fec2f1be83f1c223f05e4ca3b30ba,1.38,3.244e-06,5261,10754,228,3245,4.53e-05,92.8,,,live
2026-10-10T03:37:14Z,0xf7cd4ec814e99f9d5c285ceaa7672370c39f68e7,0x35c03c40e0ec6562079c8d69e21bada12a739544a37098cc6f665181879c91df,0.06,0.0001279,72438,297554,883,127949,0.0001279,0.0,,,live
2026-10-10T03:37:14Z,0xf8352752e6bf0988d5375db7241e5c9106d88777,0x8d54096503fe7d282ce230dc9d021779509de8c55ac1e29a690251903eb7c2ca,0.99,2.335e-05,23771,33607,113,23313,2.335e-05,0.0,,,live
2026-10-10T03:37:14Z,0xf8b1b13a60e79487c338eacece2bbf5c68459cb3,0x3e0142af9509c3a3a013afdfd380a7a3bb56fba3,0.13,7.472e-08,0,6362,66,,0.009492,100.0,,,dead
2026-10-10T03:37:14Z,0xf8c771f3b3472d39006bbc212ad0ccb9f6bb0ba3,0x92d378db6acb186f72a2c65acc368c530aa7891f3aff666888e6f537ff6eb7d7,0.74,1.003e-07,10031,4,10,10031,1.003e-07,0.0,,,live
2026-10-10T03:37:14Z,0xf8e249015e5f26875995e95db5fe726320c51e18,0x566c3c4c219842fd38b0a5976c98a99a317c77dae94997cd6d79acff928874af,0.34,1.997e-05,19979,1229,24,19977,1.997e-05,0.0,,,live
2026-10-10T03:37:14Z,0xf90ad16af8bd4f8161e2b13e0968ae16b7c68141,0xa8e241488bf6a7c7e59dd031e2fc0357cb267323,0.89,1.513e-05,7606,0,1,7606,1.513e-05,0.0,,,live
2026-10-10T03:37:14Z,0xf91c5a3a2b8345b291331de615dc43690081cf75,0x470dba1d60f6afcb3033d078663440eaa9eaf9cde9988816438162aeea8419c8,0.83,0.0003006,44596,91164,241,68666,0.0003006,0.0,,,live
2026-10-10T03:37:14Z,0xf977684473c0cc9e020ae6b82f32549d79143a5a,0xbf044a593ae1dae0893462afe6689bd01e82152b8af843eb54f0e8bf9fc8ca0a,0.98,6.243e-06,6244,126,3,6244,6.243e-06,0.0,,,live
2026-10-10T03:37:14Z,0xf9961cb447d9bf1fe0596317abf6007772ed11f8,0x0cddf53ecbf258ad10dca382f62b41e383de686590b5be1252ac27151ad1dfcd,0.28,4.081e-06,37652,24521,160,40818,4.081e-06,0.0,,,live
2026-10-10T03:37:14Z,0xf9abb0d418865b9f5f5c9f7bc123d7f4e662ba33,0x0c000092423d4d0adc5071a706599e04f01ab7ec7333e3d6027d726cadec923e,0.95,8.313e-05,66067,117282,364,83138,8.313e-05,0.0,,,live
2026-10-10T03:37:14Z,0xf9d0c71e3bfed34b718c4120fee5018a6fcaf69d,0xdc4cbeb5f376f2afa656ec1e72091fffab6014d6df2b9dcd56c69b188290603e,1.36,,,,,,,,,,dead
2026-10-10T03:37:14Z,0xf9daeb51dbcdd22ad37f7c3fbaefb99dcd86d149,0x3f512d37f397984c2a1142ef1f04cacecaaff920964e5431b5f5a1621893babc,0.76,4.082e-06,31782,17479,127,40829,4.082e-06,0.0,,,live
2026-10-10T03:37:14Z,0xf9e71429d2115b2da2181755b6e51510b6724fa8,0xf54b5676bac96065d025a73cbcf30bfe6191133dcc69d26bdf61c6639675d1a1,0.94,0.000222,38228,55343,217,50708,0.000222,0.0,,,live
2026-10-10T03:37:14Z,0xf9f0b22eaeaebb4891d159aae48fc9103d0d456c,0xb56fc3c84c78b3afc91ba6ea18957db331c521a3ccda61199e5c0e36a5e23c05,0.4,3.394e-05,33240,4191,18,33946,3.394e-05,0.0,,,live
2026-10-10T03:37:14Z,0xfa31d04462746aaa24bc7e5626403e09e4b106ec,0x432733840e61898919abd6850d94e2a708621d82fa84656cea0db33142f610a3,18.79,0.0007957,86329,84138,411,795729,0.00357691,77.8,,,live
2026-10-10T03:37:14Z,0xfab8e384a2b0cb61b72f2a3f24b29855d61ecebd,0xb67cd6b28cb566830746a639c0e260e3f670a99bf10d002afb2e0420bb3a0472,0.46,1.018e-07,10181,4320437,13036,10182,4.109e-06,97.5,,,live
2026-10-10T03:37:14Z,0xfac91145f1316cb21590a35824ed881833ddce10,0xd6e6a791e3a8b3caeb8a9dd866e0c1ec0113e07519234d622de5c3525f677313,1.4,,,,,,,,,,dead
2026-10-10T03:37:14Z,0xfb1736076687d6d077620f2941a525cc9fe6ed04,0xa25ea994a36b5bca3dcddd0ee89b0f2bf66393b13951e3ea779064285a989edc,0.15,2.505e-07,25050,11,9,25050,2.505e-07,0.0,,,live
2026-10-10T03:37:14Z,0xfb2bb4bfb97a796abfae750113086b83173b0dcc,0xb20f215e6b55ed39bc2376bc4d7fc4eabb2943fad0e0e3456a69869e1d4ce53a,1.33,0.0004863,77659,238158,3523,486302,0.001266,61.6,,,live
2026-10-10T03:37:14Z,0xfb442a98e9e2e10c46f285ce6b8f4e0226aeec72,0x94499e8776473e17f39968a1dacfea77e1e6fb0f1ef558012cb63dc5ee95c2ab,0.43,4.851e-05,44599,46633,306,48520,4.851e-05,0.0,,,live
2026-10-10T03:37:14Z,0xfb5d98e368ab708369cbdc715147b2f92136471c,0x686c9474ec80918ca341613a8522807aa651ce5d8eff9f029c548b67ad173083,0.7,0.0001215,85177,50194,67,121588,0.0001215,0.0,,,live
2026-10-10T03:37:14Z,0xfb91e383f04d3a831869565dab034daeb7351e18,0x9f061d30d0334db7824be8fdec575cbfb75439c4f61cf6b4bd94451ed37f2f8b,1.94,,,,,,,,,,dead
2026-10-10T03:37:14Z,0xfc4ec25b89f1153fdf9a4049a55a7111b4946e75,0x73214de21f635606dd42816de9cbb52a821a96c00423cfa82fbb300ea4e8a184,0.88,0.0002652,41871,84283,233,60581,0.0002722,2.6,,,live
2026-10-10T03:37:14Z,0xfc8b64ea751f9edbe84d1993cdd45eaad0fcbd26,0xe7b4f2f9b323204847c9bdb412ee213fc8d3e8fa248cd8e8e56171ba7542fa1a,0.93,0.0002646,41783,77423,230,60451,0.0002646,0.0,,,live
2026-10-10T03:37:14Z,0xfcbd112568df665e6868256d5a4d6d089dbb7777,0xcc47487c317bfceed39d9686a398a5d6345561133e515a18c43e8ce8b3f61de9,0.26,0.0001968,46437,52105,234,44966,0.0001968,0.0,,,live
2026-10-10T03:37:14Z,0xfd18739ef726dea9230e043ca2567dc019726597,0x5721aa98c48c898b32ca6aac3b1d3fcb32a487d5a40e0bb5b014e63cc462ac2e,1.38,,,,,,,,,,dead
2026-10-10T03:37:14Z,0xfd1c28ef54856dc02f8ef7de71805ea7bf111077,0xd8d58f53445b4af5081f8396307b9febbdbd01fc86018943aecda6f58c113678,3.39,2.705e-06,4327,8,4,2706,3.672e-05,92.6,1,False,live
2026-10-10T03:37:14Z,0xfd57a56b0b145e574d7f6d82b9f59b3274a65777,0x7371d5ab532c6ba9fa1f4eed7b11755529c0dec429bc7c241fe68585b9b3e4f5,0.24,2.805e-05,26010,59954,183,28004,2.805e-05,0.0,,,live
2026-10-10T03:37:14Z,0xfd9678ff6863ba64882183f80815418377cfd4f5,0x5e6ae7b48b54071eea383bf2b5cd466295071f835f275d4b57492e0194832266,0.81,6.328e-06,43564,54860,237,63282,6.328e-06,0.0,,,live
2026-10-10T03:37:14Z,0xfdbf2b2552b3ed1f48623e0fa96f7a558d044b67,0xddc03815c85844f384dcfd23185fbe72c71877eba88647090479eb7516091e7d,0.42,9.501e-05,72342,67293,111,95015,9.501e-05,0.0,,,live
2026-10-10T03:37:14Z,0xfe8e15e3c5102f8240905b31f9343f7a3efc7777,0xf6f403c9a642930bd7bb236c59c15d93b913d75b08938ac2fdac4305ad1e4c75,0.69,0.0002012,47024,49413,231,45974,0.0002012,0.0,,,live
2026-10-10T03:37:14Z,0xfebb19a0e586f6b365d4950c6d1fff4c63dc9ec5,0x317db973384fd2233804611db8d1b35b2171414b7588b2fde38af9057d0a9ef1,0.38,2.449e-07,24500,94,7,24500,2.449e-07,0.0,,,live
2026-10-10T03:37:14Z,0xfee34f70e90f31b686b952410197adc19883bcfb,0x74f89dc7bf7f67e6a010ebce1380d916c63166cb6b9bb97b3bf473707d7f9a38,0.4,7.439e-06,7968,62518,1004,7068,5.049e-05,85.3,,,live
2026-10-10T03:37:14Z,0xff09fae567269fe382fbd5f24ec5a80258b29777,0x759ce9da1943ace22597abe0632a3f2777106acb48ef8d4124610a12986365ba,0.9,1.816e-05,20960,33946,105,18132,1.816e-05,0.0,,,live
2026-10-10T03:37:14Z,0xff5da468f0420401cce65c84423f10e7dc2ab414,0x2f71214ec812e012878637bb77dab8862fd391ba296038aa3718e5e15cf01ba1,0.15,5.389e-06,46287,38907,229,53900,5.389e-06,0.0,,,live
2026-10-10T03:37:14Z,0xff5fbdd6dcd02560a5d02b28a16ca3fa583827bc,0xf944c3e800be3f6b4b32c41849a831abc996e9faeb0d66b5e4800033647010cc,0.72,4.841e-06,38101,29347,330,48417,4.841e-06,0.0,,,live
2026-10-10T03:37:14Z,0xff6fa5985817f5e493d5777a23b8a10dbab57777,0x2172d0a4dca464aa89bf2b4ded8b9d7cd1b7c762b4e7340f5b3152e970895382,0.72,0.0002068,47750,51950,238,47271,0.0002068,0.0,,,live
2026-10-10T03:37:14Z,0xffbf5244bf29b7b7b786586e3c161d5d2bfea561,0xa6927d30fc2cd8fc16231e15583471c45e956cd5,0.15,2.831e-07,0,5545,69,,0.01054,100.0,,,dead
2026-10-10T03:37:14Z,0xffe1e7f1ce6058c2a2e9eeddccc7049671efd777,0x646c7b327d1495a6c447abc2bd0c576b269330c3ebc2e27e0edc6add46a3ef5e,0.61,2.408e-05,24170,36255,140,24034,2.408e-05,0.0,,,live
2026-10-10T03:37:14Z,0xfff60223ca3b8aff2bdfb7b45216154e847ce746,0x3b8c62091f82d782f6eb663048002e92bab63bfa,0.61,8.858e-06,8860,93531,433,8858,8.873e-06,0.2,,,live
2026-10-10T03:37:14Z,0xd79b13c92f6c1777b6b089519e828fe1f77cdcfe,0x774859255a2ae34806e2cb3cb10a7d2dd082231a,0.01,0.001217,107612,576240,659,1217043,0.001217,0.0,,,live
2026-10-10T03:37:14Z,0x7892dcb8b29ee838426755458fdeef0c85ed7777,0xcad3a4ad845d2e22f63b5eeee362bba5844567bf05a3bdd02f912ed182a1e59b,0.01,0.0002017,47077,47291,223,46097,0.0002017,0.0,,,live
2026-10-10T03:37:14Z,0xed6591a8e60f0a2bfc3be9cc4a9e6b60a28b1f9f,0x682d2bf42756c4543a9e67b75267e4fb6383ef70f60b0c18adb1b7dc6d4d711b,0.01,0.000251,40668,62847,233,57335,0.000251,0.0,,,live
2026-10-10T03:37:14Z,0xdc46d8cae226eb695cef1f321ccb1d381e50b2b7,0x2035a48761c5f0ea775a3da6594555c91ecb4d73c35e6051d4a1b543dfbfe58b,0.01,0.000279,42879,87373,232,63737,0.000279,0.0,,,live
2026-10-10T03:37:14Z,0x2518bda7e39e64988523bea9db5cd9ebec883b68,0xe26f30bfe64e8982c339fc96173528fd4fa6eb2b26865007c04d9290cfe86fc1,0.01,0.0001556,99616,121302,298,155698,0.0001556,0.0,,,live
2026-10-10T03:37:14Z,0xbe7d1455878746f63e7476e2fbb4b7f0eb9c7777,0x90422b92989675bac12cf17b08295a044ef0c708e52a9df0c699481c9627db27,0.01,1.033e-05,15811,10179,42,10318,1.033e-05,0.0,,,live
2026-10-10T03:37:14Z,0x17f0aea69f76d55b3d93a35bf9ef381161fe308c,0x183c5b5c0d67f6c249238080c41b66be8ce7b3e7,0.01,2.279e-05,318076,34477,20,202869,2.279e-05,0.0,,,live
2026-10-10T03:37:14Z,0x12bc715adc83766da016ae8bc99569c5f9674777,0xbcdba61df38aa837e9c53d1d359f6bf0d0adf3e4fdc3b50aae267cd5404e4871,0.01,2.023e-05,22122,39422,135,20195,2.023e-05,0.0,,,live
2026-10-10T03:37:14Z,0xa3d13b682126435e002a4dac13e953f8802e7777,0xd3deb86732460e39027f8c4505a4ff605b40bbd397a9c7fc0777241f6b3af090,0.01,0.0001691,43119,52295,232,38658,0.0001691,0.0,,,live
2026-10-10T03:37:14Z,0xa3cdca9c38a1d939bef82d37993f00a1c3748eab,0xf658d377e0adea93b41cc7394fd19b1a91badce5f1f9ff73b2f3e9fdf8f22879,0.01,0.0002454,40222,71201,236,56064,0.0002454,0.0,,,live
2026-10-10T03:37:14Z,0x55861be33dfc4861899daa6d7cb3ca04a1103daa,0x71bc8bd92aba30848672600ee0512719cb7c2138d7a8fe559dcf5bbb68512074,0.01,0.0002511,40684,82175,234,57360,0.0002511,0.0,,,live
2026-10-10T03:37:14Z,0xc3ad837105ef01ad6d66d24e8269baf14da05777,0x3ded15abe66f1eebc28fe7bded782130ac9ae20e537bbf030087d4dcb1783c0b,0.02,1.808e-05,20913,31808,112,18045,1.808e-05,0.0,,,live
2026-10-10T03:37:14Z,0xa08eab8051d9e3f79435e9a3c059a2789cf8b99c,0xba91a0ff848cec125386258efccb0839bd1ac4645161cc39e6ce6f00e680b14c,0.02,0.0002383,129151,190776,514,238347,0.0002396,0.5,,,live
2026-10-10T03:37:14Z,0xc5f0c70db232a35553f1987adbb04422290ee878,0xf61498a3bff0a0f483bf12c7e2b5f509d1e34ec6,0.02,4.801e-05,125985,52336,38,369744,4.801e-05,0.0,,,live
2026-10-10T03:37:14Z,0xa05e954e4c6a3edb593313a39eb980552c6a62b5,0x0e2fd4272ff215ead00d5c7b1326a05bdf426714eb8d2eab8de254916912a39e,0.02,0.0002401,39790,67718,190,54839,0.0002401,0.0,,,live
2026-10-10T03:37:14Z,0xad65cad4a2e71643ea57410c3f76a430052d8777,0xaec8e2ab3f0382e6c0e06a7152aaabc8db238b0053fa6cb9e5affbacac45061e,0.02,2.12e-05,22649,52679,189,21160,2.12e-05,0.0,,,live
2026-10-10T03:37:14Z,0x6a3de3def64b05b94c9cc28f1d9ef05178c57777,0x60a4ccdf9a053b0a84208492974a0aaaa8793ff91f09f351e569b53c0973f5bb,0.02,0.0002149,48616,53466,235,49118,0.0002149,0.0,,,live
2026-10-10T03:37:14Z,0x2f2fee716846ee5b1ea09fa68f4d6369c4ef46eb,0x0a54332acee04666c0c2ab267b02004009b6da56af52ac6f97843e0d4d4b9f17,0.02,0.0002321,39122,74758,236,53012,0.0002321,0.0,,,live
2026-10-10T03:37:14Z,0x25ad579dc51b47f8d13761efbac6ea30a67f93c2,0xaa8e6a9cc0d96de6e28a7a72a8b406502309f2546c5f3eef2d2f0f776ce7a529,0.02,0.000129,29166,31342,101,29468,0.000129,0.0,,,live
2026-10-10T03:37:14Z,0x074f545b21a81541f6f5513f90f6d737d02fc4f9,0x2a94df725bb1002bdcf5858f2bdb625757fba2e349d059fbde4f0fb92a6a8095,0.02,3.79e-05,64431,11923,56,37909,3.79e-05,0.0,,,live
2026-10-10T03:37:14Z,0xccf7148dad7b1c8544b930b6309081f09ffb3989,0x14c41350f2d5386998ee87da4e2df94c660cb905ef4d799fc8dc2874d90b30f2,0.02,0.000113,81204,153354,488,113040,0.000113,0.0,,,live
2026-10-10T03:37:14Z,0xe11d860ab7461743ff946422b771ea68763df496,0xd495c23221365d3c1ecba590b868ebaa814a52cdef0bfd799f7a3cd68ac7f388,0.02,6.246e-06,6247,0,1,6247,6.246e-06,0.0,,,live
2026-10-10T03:37:14Z,0x8b18476706d4ef458e93b5e75b04df64a93a732e,0xb5f5af200a5e80d4e86289b8bd49ccbe49838187e171ec14f7c9c3e1224dcbbd,0.02,6.246e-06,6247,0,1,6247,6.246e-06,0.0,,,live
2026-10-10T03:37:14Z,0xb20e32973be139fb6d5e61e76825fde117b3efac,0x597bb5b1f370d4d09831557cb5279a80fe3f8f8910929c67e6003375b7d1570d,0.02,6.246e-06,6247,0,1,6247,6.246e-06,0.0,,,live
2026-10-10T03:37:14Z,0xd2e742a9e9363e61aff60d89ae931bdcd5eb4de2,0x1a62499a64bd7db715752a3fec34eed41b1ab2d7eb792b25e40fc8398ab56a35,0.02,6.246e-06,6247,0,1,6247,6.246e-06,0.0,,,live
2026-10-10T03:37:14Z,0xd68383a5034375cf2fec6f452d135b3a78d604a6,0x7568c0c707b60604c0595270e7160341de53440b24dd91dad51d83721c86c3ea,0.02,6.246e-06,6247,0,1,6247,6.246e-06,0.0,,,live
2026-10-10T03:37:14Z,0x4dce865018e5508f98da8a161d929bfe8c5824b3,0x12a4539ca6f6fbdee96e38e2fb5bd2825452c9882c00ffb30097e151e6696dde,0.02,6.246e-06,6247,0,1,6247,6.246e-06,0.0,,,live
2026-10-10T03:37:14Z,0x5bab2149eab914d0600fdc99184ee486e5344d84,0xb6e7b477de5eefef192251cbf0300201ed10390db35c3ad94216901f93de8f99,0.02,6.246e-06,6247,0,1,6247,6.246e-06,0.0,,,live
2026-10-10T03:37:14Z,0xbeb5fc5e41eb528de767c1c07849e23c9c74de14,0x1407bf2dd29d5c9f21fa93420f86a5627303902436f33858c50804dd13b80b19,0.02,6.246e-06,6247,0,1,6247,6.246e-06,0.0,,,live
2026-10-10T03:37:14Z,0x2c9fb708e9840bc4d5227af5f4694a061490ad00,0x94c59dc2da4a85623999af85dc95b8544c1b8b657dc150707dc000e4b5c4e2e8,0.02,6.246e-06,6247,0,1,6247,6.246e-06,0.0,,,live
2026-10-10T03:37:14Z,0x4545527e31ff8b7b27e6b1132ee808c2e3e18560,0x42846148382a7265ccbbcc9cbfc2a229a10fffda747660bbb4c42cbf0cff18a0,0.02,6.246e-06,6247,0,1,6247,6.246e-06,0.0,,,live
2026-10-10T03:37:14Z,0x589a280892ae348f6bd295a241566c8018fd1777,0xb1a64543fefdd79f2087f83c76d826b543453bbbd5f7bafe0417632c58093298,0.02,2.698e-05,25555,45637,171,26932,2.698e-05,0.0,,,live
2026-10-10T03:37:14Z,0x99bd7f3682b4437377296b774145330052410625,0xa16ce1d3063b46bd5abb5fedfa27b508c6044ffebbd1d7ede6ca8097726b3a46,0.02,0.0002076,37010,63454,176,47435,0.0002076,0.0,,,live
2026-10-10T03:37:14Z,0x74a114a7ebfece7112c6e392be14582f73101e18,0x6f9fa5c661db65911f667a64607ca3033e3b1b4833e5c0e27b1397747cd16223,0.02,1.997e-05,19979,0,3,19979,1.997e-05,0.0,,,live
2026-10-10T03:37:14Z,0xd3630b1a1d79987090fe0679074437f3a4e26a54,0xa64fea097b28c8a4606c34d79cfb2e71d2c3fe66,0.03,0.0001919,41339,1156271,4411,191929,0.0001919,0.0,,,live
2026-10-10T03:37:14Z,0x23b8e4e22ac416f9817193a29e3df77f9ebd04c8,0x4b70e946ea5c14e04663d3a9ae9cd3e2cca2100f035f48eb6cfa5629400e1a2f,0.03,8.427e-05,23572,17712,64,19247,8.427e-05,0.0,,,live
2026-10-10T03:37:14Z,0x096e473b91afac6a8c9f672756780ab1f5f67777,0x52e5fc741081bae206312db40b12af4233eaa5662be83a77679b8b5960f26605,0.03,0.0001939,46178,48133,227,44307,0.0001939,0.0,,,live
2026-10-10T03:37:14Z,0x5318a1c2b08746d4b488e4e4ad39da439e3e76e9,0x56f6fe44a6538ee8b507a6940cf0045f389475b51980bc3a5f0b6b935bad406c,0.03,0.0002202,38116,62936,230,50312,0.0002202,0.0,,,live
2026-10-10T03:37:14Z,0xa19b653184d584959738642a2d0c4de3cd433402,0x16f61cc8723c1f352fdffbeb7920ae8a06dcc1fab5d844c8ccd20652d29ea327,0.03,8.44e-05,23589,15843,57,19277,8.44e-05,0.0,,,live
2026-10-10T03:37:14Z,0x17928124e4210d624086ca18065c506d4d01b777,0x7ed9c6b0d56187061b6cc1fe4c7497ecc31b35105dcd82e77ce5928d233bf166,0.03,6.813e-06,12839,1517,11,6800,6.813e-06,0.0,,,live
2026-10-10T03:37:14Z,0x8ce9c13f5522a5924af786e59e1d36aac086123b,0xd47ab588850282719370cdbe545884a616788a096ac396c036aa135fcf19e858,0.03,9.721e-05,61253,308505,902,97214,9.721e-05,0.0,,,live
2026-10-10T03:37:14Z,0x68283ccc7d2328425f255a5bbbf6e233371a1e18,0x75c4c42e8d598c5cdff2d1d5b724f5d198dd3e26788bb3cf9906513b77f13304,0.03,1.982e-05,19821,3,9,19821,1.982e-05,0.0,,,live
2026-10-10T03:37:14Z,0xce5cd740dc4f2a1f0933af9631fbc1a419a1d0aa,0x58f803596bbd517f6a13b791d97cc6b165d842d5d00cfaf345191d126528bb40,0.03,0.0002109,37290,81061,209,48169,0.0002109,0.0,,,live
2026-10-10T03:37:14Z,0xd888dc055d93ecabfb5427c87bfbe7b4ab2d7777,0xd082e01cab6405fac08aebbf5af5406e7776f40d26428a12daf128656f6f9689,0.03,0.0002041,47377,48724,228,46651,0.0002041,0.0,,,live
2026-10-10T03:37:14Z,0xecb3f8f25e5028636c3ae17dab50f1cbfdfb5777,0x410214679c51b233b736a280f23f9ee54d7758618d7dd16ce40e4ffabacf968f,0.03,7.506e-06,13477,679,4,7492,7.506e-06,0.0,,,live
2026-10-10T03:37:14Z,0x231c8ac1b3167833f63ce79571b9e098ba276286,0xb9381bc25817028a000ffdc1bb8ce5e93dbfed8e78506cabd07f5fe4ff4771ee,0.03,0.0002619,41559,81110,237,59828,0.0002619,0.0,,,live
2026-10-10T03:37:14Z,0x099b34ae3d468ac5cffc3be8096fbdeb118a128f,0x6fe9303756c9f3ec9b7ad486daaa133a1a7437057337c213d6a376af97e75f54,0.04,4.211e-05,67911,16907,80,42115,4.211e-05,0.0,,,live
2026-10-10T03:37:14Z,0xe599385557648f51451bd782f5a05aedbfe4b777,0x9d38ab04a2d59cee129f639f05f7899be3801d8108ff4decf5ea8342a7d9b848,0.04,1.881e-05,21337,54316,197,18777,1.881e-05,0.0,,,live
2026-10-10T03:37:14Z,0x9ee0b09f82f8a6e66132c44ff12062db92f03bf7,0x2b1490c19718eb2773e80ea49ec5749b1bfb6d00f4b7c87e10d5c61917e023c3,0.04,0.000216,37747,75484,229,49349,0.000216,0.0,,,live
2026-10-10T03:37:14Z,0x7a8d4ef6a967f9c5486dc4bc444a7f3454b07777,0x7527bd6ae9b175892b0d396b2139c92f6bc8bf75a67ce1f71adbd4eb1d4717f2,0.04,0.0001991,46788,52391,236,45493,0.0001991,0.0,,,live
2026-10-10T03:37:14Z,0xe7cf613aef52a51e425814596ba76c676be848d1,0xfe716a59c6132a2bfb251a060a3c3a99e6d5e6e77b07052054200999a06a1e50,0.04,0.0003131,45440,99237,231,71514,0.0003131,0.0,,,live
2026-10-10T03:37:14Z,0x1fef774b7aa315bfdc98ceca5d58afabd0a543cc,0xb07575a72088fe5f40cadb6fca3604dc3d0f850fbfdfe82381d3ea6e4db544bc,0.04,6.245e-06,6245,0,1,6245,6.245e-06,0.0,,,live
2026-10-10T03:37:14Z,0x606370c0b28fe9fa6581114ebf3b78ae541180d9,0xe017805f7daddd43228b54fda857ca180c1062f3cd53cf8a73736e9a20c36698,3.4,4.779e-05,7865,2261,184,46395,7.84514e-05,39.1,2,False,live
2026-10-10T07:37:14Z,0x002a07f0ad9502937ef3418e6710d6a6177a2777,0xcb1b6a00bc419fa37955a7d0973e30929038aa0d2017235796c093ec4bdc1245,0.79,2.245e-05,23342,58409,198,22416,2.245e-05,0.0,,,live
2026-10-10T07:37:14Z,0x0067df66190a1375bd6abd6964cf95a8ceaa0777,0x0e85aad079f68a7df1189920897feffbf291e63822206627600c2035bcd86f2d,0.52,1.41e-05,18446,11348,52,14073,1.41e-05,0.0,,,live
2026-10-10T07:37:14Z,0x01772a0e0f398c8bb3e3da03095e03f09e626d98,0xab68698446ee5e1336a627f8f12c1f23925ab14d121dc951b246c340fef3843f,1.34,,,,,,,,,,dead
2026-10-10T07:37:14Z,0x0184b080d36cd1713f872adb1d5fe03bb9cf70d8,0xb9ecfde8f5ed4e7d46ff5ece6d0107adb9cbbd67,1.61,,,,,,,,,,dead
2026-10-10T07:37:14Z,0x019046185985f7e396cf818a9cf47869b3b821b1,0x1ce1e114541a1ff402dfa2309150401176986092c84b150a68f53c0943e051ab,1.38,,,,,,,,,,dead
2026-10-10T07:37:14Z,0x01e451cfa4ac2e307c3e35664ad047cc87f19d62,0x2058a0dc41912b669f2ee06d120ee561c4f08cc8d81c30a15c86fba4578cdaac,0.6,0.0002469,40319,91566,235,56402,0.0002469,0.0,,,live
2026-10-10T07:37:14Z,0x020651e4a160d93ea07e7d9caa1ff00012219777,0x8c1132e4d3059bad56f628ccbcdb64a3bdf175f32973a6d14450fd4fb5e1cbc6,0.07,2.825e-05,26166,57378,194,28200,2.825e-05,0.0,,,live
2026-10-10T07:37:14Z,0x021973be6656c4199ee355672a4baa3776e7e8e7,0x9a08cac2e6761708394997fab91cf799bd3905ab4cc9c5f131d75d37bee214bb,0.59,0.0001018,75715,49040,65,101821,0.0001018,0.0,,,live
2026-10-10T07:37:14Z,0x0234683ebe3d859d824d225513371693069c4bd3,0x753c18219b32557ea0852a483c3da83d2b3fa009458214ab498ffc945c5bdcde,0.59,2.68e-05,23914,33272,254,26803,2.68e-05,0.0,,,live
2026-10-10T07:37:14Z,0x025ad1dc562bd7b912fdd8859944c66225520777,0x59d2841ad44404c30ac8f92efa8f1382fb372735cb35ef361fd7979698113899,0.11,2.556e-05,24876,57516,193,25511,2.556e-05,0.0,,,live
2026-10-10T07:37:14Z,0x02930c9e73284f9728d267e86ac64771a1aaa394,0xdc0fa764ceed6f26af81766d430af642ed60144c0537fe26e3ff96550bc8525a,2.44,7.79e-05,77876,164,5,77762,7.795e-05,0.1,3,False,live
2026-10-10T07:37:14Z,0x02bf615496526f134ad8965f0c822db2c36fc204,0x5c26569215648a7b4b4c4a2e71d6147f511e44c06897e76a7ee025fc3e5b1ad8,0.21,2.98e-06,5048,51417,542,2980,0.0001013,97.1,,,live
2026-10-10T07:37:14Z,0x02c8d11f6a16759169340bcadce8cf8897e31248,0x1ad43a916bfe8e16980ca877d2e01cc0ea048b06c0730a452897121e9e3b9377,0.95,4.76e-06,32100,51383,377,47602,4.76e-06,0.0,,,live
2026-10-10T07:37:14Z,0x02e3468f8f97aa05705896018f9cd0746bbc95bd,0xda550e8c66fac645d30ecd3ba750e0a8c3e9ea98a91858122f788440eecebdab,1.28,6.327e-06,6352,5,4,6327,6.349e-06,0.3,,,live
2026-10-10T07:37:14Z,0x030a59894e3bfbf473c11ce02cd3f9d58cf9ceea,0x6aef3e2e1b58f18424b2454779597568ff8b9cacc15a51a16749e8b618e1058a,1.38,,,,,,,,,,dead
2026-10-10T07:37:14Z,0x03628e541a491ca0a49a4f557cd155860895d809,0xc21242393028fb3339e9c1743adc5407f03ed0472aafeccd2a78b66edd8c106f,0.97,2.524e-05,25249,118,7,25249,2.524e-05,0.0,,,live
2026-10-10T07:37:14Z,0x036a74b3f80f2235c681284c213b49b6cbbf40cf,0x3b033afb75c765258b5e0199e6ba247363642851,1.52,1.322e-05,9949,20095,93,43629,4.27e-05,69.0,,,live
2026-10-10T07:37:14Z,0x039c84826dda869af613464a4ded638864f67777,0x36ed7f61507522cd8befd9961435ef8a08716fe1ee2e32573f7e21c18e4f056f,1.34,,,,,,,,,,dead
2026-10-10T07:37:14Z,0x03d681ed15c045b8ce3a5b49a3eee71bf6f55777,0x8a8c2b83f7a0ba7af86a87b816e1c77934809da4d63e64fffbf4c5a472bd785a,0.98,2.206e-05,23144,52508,172,22018,2.206e-05,0.0,,,live
2026-10-10T07:37:14Z,0x03d9f8717e95d491a1cad748fae435d4bc8a5778,0x65e0be750f8d562249148b5c8d2f3bd646b49bda7600bb9620ee84de909ef4dd,0.69,5.582e-06,38538,53971,238,55829,5.582e-06,0.0,,,live
2026-10-10T07:37:14Z,0x03eb6f5f1f78fef13210d43aa26ef58901b628a4,0x28296e0b3763b474e9f63313fbdfa25624c133e943dfd7bbe8ff23d2e9ee4139,0.32,6.252e-06,6252,3,2,6252,6.252e-06,0.0,,,live
2026-10-10T07:37:14Z,0x03efeb3d2c8c898c4172e5a0ced99ad2f368446d,0x88f30aaf1e604576fbb1aa5a031544a5b4a81bc8a3035d3de9a2e84c4aa8ae4d,0.34,0.000318,45753,97338,233,72647,0.000318,0.0,,,live
2026-10-10T07:37:14Z,0x041c5ff33be9681178e27031007392362f57d866,0x72edae42d59a40c186f5419949bf1259bccfc3362c5d7c3bc04cf2c5305ab86a,0.53,8.562e-06,6251,5,1,8563,8.562e-06,0.0,,,live
2026-10-10T07:37:14Z,0x0440c232558e19d6b9e2f5b1ee7682f8f49dd485,0x0624b0e454bee43ed846e22631f6f762d16433e8852e50e8089f21cee756adec,1.43,3.321e-06,4684,3864,147,3322,7.349e-05,95.5,,,live
2026-10-10T07:37:14Z,0x04cf62c7a81bf99aee15b7ef4faeadfb26327777,0xdfd5c49c1ce18d8424b9ecc213e230564182ae866354c0e128ed8c66a31ebdac,0.61,6.879e-05,27495,5244,25,15719,6.879e-05,0.0,,,live
2026-10-10T07:37:14Z,0x050214b31ce1156a7a1431d416303c19e2f67777,0x9634428c503528b481729fcd5b13e70efe75b4318029a90e5983beb1c689972c,0.97,0.0001878,45534,48080,233,42921,0.0001878,0.0,,,live
2026-10-10T07:37:14Z,0x05293d46c502ba6e04c3fee835f24243108a2777,0xdbf293ec901a776ca33bc39bece0e7dbf317ab65799b9c666821318645ba762e,1.47,,,,,,,,,,dead
2026-10-10T07:37:14Z,0x059319ae9c97d80902f730595681b4bdd1567777,0x832713f5e4f7ebcd4891b0368652f0da0d1246029c7d5a6306c2bd4cf31df02c,1.39,,,,,,,,,,dead
2026-10-10T07:37:14Z,0x05a3d1cd21d0c88145e82600e62e7e496e0f222b,0xcb065fa4a74c6f28ae0fb9f6f2a0bd376726a12682220691f2906cf2a3ad7f34,0.41,2.98,99925,40897,117,1955983,2.98,0.0,,,live
2026-10-10T07:37:14Z,0x05b5ef317092902d52f7815c2b487d8cedf8d1ca,0xc21264c0837bac0d95b147c0124d4477941e9adb440db9435fda12fcdbb5395f,0.88,3.49e-05,25979,33646,254,34904,3.49e-05,0.0,,,live
2026-10-10T07:37:14Z,0x05b89ba527d8c677f143f133c9dafa122a25dcef,0x6a6b6a09a7586750e0534333b2fc2905e6553c0236d2b3fb99eded6231362a9f,0.44,0.0001992,36183,70729,223,45515,0.0001992,0.0,,,live
2026-10-10T07:37:14Z,0x05d5c0d1143303cc02975392cdb8b5f45f8f6777,0x1954f8dd82ec7738356801d7cd2dfd7f2d14f2c03014a0766dad7d9badf241de,0.92,7.907e-06,13870,2751,12,7892,7.907e-06,0.0,,,live
2026-10-10T07:37:14Z,0x05d78c912d8af9af157b544dc8cc412e32da0273,0x28fe572c16a748a10744c742cdc0b350fe17428d919e174b3b0eb3fa19d9c9c8,0.15,0.0002071,118760,320643,890,207151,0.0002118,2.2,,,live
2026-10-10T07:37:14Z,0x062a756d085c851cb7866830463fcb1da26d7777,0x57e3d45006f790a7fef1815f0660e7b9e87350757e1c0adc8c11f12620d0d92b,0.1,0.0002002,46949,48173,233,45743,0.0002002,0.0,,,live
2026-10-10T07:37:14Z,0x06c61d027d0549eaff33d45f6af9b6cd4c6f0c92,0xd754423910aae41b679c89600e3dd2ef804464fd433b224065eec59d2a606025,0.36,0.000156,32060,41921,165,35646,0.000156,0.0,,,live
2026-10-10T07:37:14Z,0x06c6958b6cf4b1530c64dc3928970e798ec3a452,0x3c4842554950ecb3f6ec86c3204a7b77da0d40d0,0.59,6.734e-06,6729,416,7,6734,1.564e-05,56.9,,,live
2026-10-10T07:37:14Z,0x06f39889eb69a0325781e7ab9f053f0f89e59bf7,0x6e5cb0a943d6c3f57d7c7f9e3040a2d2b862a2274672083d5b5223817b1649fc,0.66,2.488e-05,24890,1,2,24890,2.488e-05,0.0,,,live
2026-10-10T07:37:14Z,0x074f545b21a81541f6f5513f90f6d737d02fc4f9,0x2a94df725bb1002bdcf5858f2bdb625757fba2e349d059fbde4f0fb92a6a8095,0.19,0.0001271,118026,69969,356,127110,0.0001271,0.0,,,live
2026-10-10T07:37:14Z,0x0768dfd5c901fa550b33e5f4c318ad967dd0b777,0xb5dac60e2c01e1093cb83704d36127ba41e4dfb6b51c0c4ef7aef80e496dfc57,0.23,9.437e-06,15118,4324,14,9419,9.437e-06,0.0,,,live
2026-10-10T07:37:14Z,0x07727000726385a1194391726683ff36809e9777,0xc04a6021e1cfd6683148c0ba732147515e890ea55bba74ecc94ef793ad144d68,0.14,2.007e-05,22043,31535,122,20035,2.007e-05,0.0,,,live
2026-10-10T07:37:14Z,0x07ac385b1c6344ef7a56f9fd277c4ffef9612b92,0xee08d5d9739d222eafb6834bb0e984021be56545a5e24a8aecebd069ab14a796,0.87,1.011e-07,10114,4107644,9863,10115,3.499e-06,97.1,,,live
2026-10-10T07:37:14Z,0x07e788eee3fdebdaefae54619beea4b1a9ed88c6,0xdf0b47f0490809d412dfdf1c57470921fdc6da4344d27d2eafd917887e9eb82e,0.55,0.0002553,40941,84266,235,58315,0.0002553,0.0,,,live
2026-10-10T07:37:14Z,0x0830a9dd26a04e959657ab6788d45f5725590c32,0x5408ad4b4f1d5091b99953af963500a792f47bc3,21.95,0.0009913,257734,8400,146,1280794,0.00126957,21.9,,,live
2026-10-10T07:37:14Z,0x08b01d3c703ff7fac0c2d67703a3b0cca9de6777,0x764884f433dee18d902dd959c4befed954328356fc350548e847835e5bff23e6,0.37,1.088e-05,16215,7134,24,10860,1.088e-05,0.0,,,live
2026-10-10T07:37:14Z,0x095b8b79bf556aa17f3acdaab44e8652ce2080bb,0x2801853e1b9f05c203ace3d0cffd144b0f2aad080dc707c7a198ce47c1ac9cf3,0.37,0.0002112,37301,74497,234,48256,0.0002112,0.0,,,live
2026-10-10T07:37:14Z,0x0964573a3b57552a737d7c4390d29b606cdce493,0x905cf473786d15d268ba654afdd96863b97c17c44484831d52caacbcaee3b05e,0.46,0.0001819,34528,65727,233,41547,0.0001819,0.0,,,live
2026-10-10T07:37:14Z,0x096e473b91afac6a8c9f672756780ab1f5f67777,0x52e5fc741081bae206312db40b12af4233eaa5662be83a77679b8b5960f26605,0.19,0.0001939,46178,48133,227,44307,0.0001939,0.0,,,live
2026-10-10T07:37:14Z,0x097b75fbf125654416f3ff8bc4be7a503e4bafb6,0xf22aee7d367b5fdfbb62157a20a3542eddf4c1f7e13b9c849e9e6db221108321,0.77,5.038e-06,5039,8,4,5039,5.045e-06,0.1,,,live
2026-10-10T07:37:14Z,0x099b34ae3d468ac5cffc3be8096fbdeb118a128f,0x6fe9303756c9f3ec9b7ad486daaa133a1a7437057337c213d6a376af97e75f54,0.2,0.0001167,73524,152691,583,116751,0.0001167,0.0,,,live
2026-10-10T07:37:14Z,0x09b0f8f361ca9b3e49d385b5bc6f27df284c51ec,0xc11b63f9f5176785c771db460f381f2eb3db54e9b18e5cac442c143f372a0684,1.42,,,,,,,,,,dead
2026-10-10T07:37:14Z,0x0a0245d2b5c7a490a58ddad1543e9ba1334d9e4d,0x72a4a757fdce99c683d84e0f96e53b9d81ba5c5e7c459c0e38ac4ed3467ba848,0.68,0.0001905,35420,70007,239,43513,0.0001905,0.0,,,live
2026-10-10T07:37:14Z,0x0a07af1a7b1af1beb10897f51f7669ca453871c5,0xc3b76234819bc98f4a7d621e276bc61fdb2f850abc38da34745098d9c9af6e7a,0.63,5.741e-06,41418,51618,379,57412,5.741e-06,0.0,,,live
2026-10-10T07:37:14Z,0x0a46ca7ac4105171fc971dff793608e9ad074701,0xb01f21505ef08b39cbc2a9066ddcc36a3127a6eaba0284937e34b0ee9bb6b678,1.35,,,,,,,,,,dead
2026-10-10T07:37:14Z,0x0a8b4763c71ac39101b3b8a97e62da0b81549a4f,0x13c339deb9ea2f31a6616e89aa097940667d77fa5de2de063f7bcf04b75dd8e5,28.57,0.0003624,50107,22491,209,354741,0.0038084,90.5,,,live
2026-10-10T07:37:14Z,0x0aaabd4233ebf9ea1aef09697ac946d8200c7777,0xc2b90c9186041062d4fbebe04fba70e6fad03d9c80f433f5386f9dcd31c17f2c,0.88,0.0001742,43822,39796,201,39807,0.0001742,0.0,,,live
2026-10-10T07:37:14Z,0x0abb7b218afddde298090d2e5113eebf77982d86,0x69a8d61f85af1d8230962c6dad49d93cf829acff667808b479603cb0cf30d4fc,0.44,5.37e-06,34317,53306,237,53706,5.37e-06,0.0,,,live
2026-10-10T07:37:14Z,0x0aee3f19679c13162a1d566ccd477cece2ca2b6a,0x6e1c5386c13929ce27be55c7901c0732013a5478a4998d93e6b2ebce888e88a6,0.68,6.305e-06,43404,70519,256,63058,6.305e-06,0.0,,,live
2026-10-10T07:37:14Z,0x0b1bc10f841a70d2ad0affb542b1cad8b393e6eb,0x60e3c7b881a5993dfa33e182f13ccb62fda36b0c20337625e73cadb7147194ca,0.8,0.3086,237139,0,1,237139,0.3086,0.0,,,live
2026-10-10T07:37:14Z,0x0b2e28b21120e8a11fe8d4624bf4ca44bae7fefb,0x84a5ccd18659cb5e60e0bbb809dbb97b819ca39fd280b5c84518d5308a99d4b2,0.99,0.0002873,43596,75319,245,65623,0.0002873,0.0,,,live
2026-10-10T07:37:14Z,0x0b43c68bc0837e5307a3d3c32fe88ee601d1d171,0x94d42f8a1cdb9debc3f365943e627c7aa10d6226795fe4d2ef5d401df66e51d6,3.8,3.75e-06,5654,342,13,3735,4.767e-05,92.1,1,False,live
2026-10-10T07:37:14Z,0x0b57f635b6420f2283d2bd0ce159da8dff364f65,0x1e9219df6ce4523dc6be2c41ae4c92d05d17e6c6b5f348dc8f97d39372cc94d9,0.59,9.855e-05,74131,176750,412,98553,0.0001024,3.8,,,live
2026-10-10T07:37:14Z,0x0b7c6c138dc75622f4200d157b13fb93e6bd94fa,0x5291cfd042d8a771a510534ee31090bc4f4dc72724871e8f321aecfd12332a9a,7.65,0.1083,10836523,13521494,660,108360061,0.167232,35.2,6,True,live
2026-10-10T07:37:14Z,0x0ba9f17e539e2529c9b58de15a62fcba75628dcc,0x3a886d84c970b96f79df681261f9e4ed0f126ed0c4178f47e5097351036ea928,2.14,,,,,,,,,,dead
2026-10-10T07:37:14Z,0x0bdf62368afae6ff4dc80e77dfe254d8a29b73dd,0x79988a4d12010c9d96eb23daf6c6149194fdbd426094d38558c78729cfbd7402,0.53,4.905e-06,32568,47586,375,49051,4.905e-06,0.0,,,live
2026-10-10T07:37:14Z,0x0be0fc4ba4eebe2840e8bd014ef05e0480024e3e,0x688e0e5c5b7fd2e7aaeec479b10561cecedeb658e3e9c433320d86045ec2582b,0.31,4.989e-05,73925,19629,95,49899,4.989e-05,0.0,,,live
2026-10-10T07:37:14Z,0x0c244fc7c88c77977c0f5077220a2ce969d67777,0x05f688b83023fd31b5dbe28359415ade5adbab3089c260c21ba2c91bc6c209d6,1.39,,,,,,,,,,dead
2026-10-10T07:37:14Z,0x0c65604fac0c89b1b300421570b3c80d922d22b6,0xb516051c5fedb88f1139feda1d18ebba7119f3f01532c410d054af30cfeac0d2,0.85,6.238e-06,6239,1,3,6239,6.238e-06,0.0,,,live
2026-10-10T07:37:14Z,0x0c9bc93cf2aeca5fc0aa21d5fc43f0cef63cd777,0x8c19ab73d9741315e4e926ffcf9aa97e8ab400ae13373161440a7568ed1495e7,1.43,,,,,,,,,,dead
2026-10-10T07:37:14Z,0x0d11d2913b9e8fc9e0fb0941199fb613e60f8725,0xa1fc903bf8df4805509ee37ff4e8dae98c6b0e0c08fd5e0c18c483a7be6d4b27,0.49,0.000238,39505,73542,236,54373,0.000238,0.0,,,live
2026-10-10T07:37:14Z,0x0d674bc46a76b54bce065e38ae4f53430a42f878,0xab98d46d197caa8d37519c72f98b3192138f565f8433fdb418c56d1c969d43b4,0.27,0.0002033,36591,53485,157,46452,0.0002033,0.0,,,live
2026-10-10T07:37:14Z,0x0d99a407731a700591c6fb33b69e2097a181ad4f,0x17f20885ff8bb926babdf25b0c47020ae78b7d4e736618b20382aab3d27d07a4,0.32,6.253e-06,6254,3,2,6254,6.253e-06,0.0,,,live
2026-10-10T07:37:14Z,0x0dc0f2dd82d76631b646cb0feb5b31ebcec5f9a8,0xa469cd0826e84d0a42ca472e1102cf22dd2ead4089a027f132b2ce87802858c7,0.05,5.226e-05,21129,50700,853,51175,7.011e-05,25.5,,,live
2026-10-10T07:37:14Z,0x0de27801f30e72a8812789d44808b17bc58ef934,0x5c3526b0a28591860b20e35e08b790744cf4b9f23800a75bda85721c99838afa,0.61,0.0002803,42968,105769,219,64020,0.0002803,0.0,,,live
2026-10-10T07:37:14Z,0x0eac6dd22d3ffcb652d3fcc1ff7c0f6508e33913,0x4596a559407720dc796583eb2042f365534e77d6,1.55,,,,,,,,,,dead
2026-10-10T07:37:14Z,0x0ee4ea63fd36c1fab7aef7a91f96eee092f868ea,0x00d6a53d5c588300d3b83f5689cb83a3629903119ecdffdc4cf3c6c41369f023,0.06,0.0001156,27637,30395,128,26424,0.0001156,0.0,,,live
2026-10-10T07:37:14Z,0x0f7c21512d58dcddf77b05fe350d96fccbd37f42,0x6c9a89dd8ff81f840f7dadbd05f8372f1ed3197a58fa67ff46e8ca78dd81993f,0.57,0.0002619,35173,215322,1298,261987,0.0004486,41.6,,,live
2026-10-10T07:37:14Z,0x0f94a628a05a86bf2df6bebf8150132b27e6c9b4,0xefd2727de02aa94b3310c46e582981d3b7f726caa5c81e7da36442e3d3658816,3.16,7.497e-06,8011,1390,51,7497,0.0002205,96.6,1,False,live
2026-10-10T07:37:14Z,0x0fcc5b7e5018fccd3a53a410498420d59ec8b2b2,0xacfbf4276e09746b8adbbf5322e76d3144d965a87369b7101fa542a428b7acac,0.09,0.0002608,41505,82358,230,59571,0.0002608,0.0,,,live
2026-10-10T07:37:14Z,0x0fe02d9f6a043b128a9a74ddfcd7859676247777,0x3ccf4ae5c1ef81288c2fdcc5153ba2cda25f3d4bea55d5406d861fb07c82a8c3,0.47,0.0002066,47545,45853,210,47211,0.0002066,0.0,,,live
2026-10-10T07:37:14Z,0x100765a16f42636bd84ee1e86bc5107b84bcdba3,0x8111082d181841cbd123e82bced032b1331140332b6ce3da37f53a6b24ed736c,2.77,3.087e-06,100426,77342,1709,308724,1.07e-05,71.1,4,False,live
2026-10-10T07:37:14Z,0x103b2b0263e58a48d4491235d36a2887b76c5777,0xac8ea7e082176c129495bb565f234a995cc2858e1e304d509d1a9cc7cd880c14,0.13,2.122e-05,22657,52910,179,21181,2.122e-05,0.0,,,live
2026-10-10T07:37:14Z,0x103f15bc437bc4de5bd7ed83f4276d24ce9c3b3b,0x17adcdea1080d18bb1e63c016ce3570bff679c862bb38d60c773a46c5d5a7610,0.52,0.0002765,42642,104162,232,63166,0.0002765,0.0,,,live
2026-10-10T07:37:14Z,0x1087a18d054033ce7a2d7a418ef6ebb7b33feba3,0x2ad0e9d0cd16853ba4c5c7883d89959ec8a823ba0027714560a5d1b6a93afb9d,0.38,1.016e-07,10164,3,5,10164,1.016e-07,0.0,,,live
2026-10-10T07:37:14Z,0x1099e0422381c450c6b0ce24a49638dadf37e68e,0x9584ce11973d148452081506a272bf72d07bc40941fd2dbd2eb0fbde5cb8ddbe,0.6,0.000184,34804,66796,231,42027,0.000184,0.0,,,live
2026-10-10T07:37:14Z,0x109b383a42305dc48855b9b791c202002c6b391f,0xfae05f0de699abfb7541108b42be62bf10587d0732f7be1be260c28a9f235ce0,3.53,0.0005037,66754,102005,606,463416,0.000575,12.4,6,True,live
2026-10-10T07:37:14Z,0x10b57854126fb76a2357b5b8103f804813e9aa07,0xb91c3545d528e521a2770754f768abd66879221ed4268e9d5cd4025ca5ec6404,0.1,0.0003443,137485,1007485,2841,344301,0.0003443,0.0,,,live
2026-10-10T07:37:14Z,0x1107cd4a71b9788792ad1a2614d86e0d150c7777,0xf3676ec9b7fb8133f6da94cd2e2024ab78bd7ed248ba21cb96ff49559820b214,0.38,0.000185,45069,41768,192,42281,0.000185,0.0,,,live
2026-10-10T07:37:14Z,0x1147ef48bc6b0842f825793afbc4b4b3d3a66333,0xf0ac31b535028b59e9cac1bb1dac01ba32af49c48c5affcf7b08e2dfd2828ab2,1.39,,,,,,,,,,dead
2026-10-10T07:37:14Z,0x1172ddf080cc375f977dd3117050c8d494a15acc,0xb80213352935dae8615565659d02e1012175d947725412f96fbec46334a36e4d,1.55,3.443e-06,3443,6635,327,3443,1.601e-05,78.5,,,live
2026-10-10T07:37:14Z,0x117cdcbf8933c10a8186ff0ebc529041c461243c,0x23edde0e2d024e611a884a6814c4792c13099cf3a0fb1637010b623fdb8253e4,0.4,5.541e-05,77848,24036,165,1089,5.541e-05,0.0,,,live
2026-10-10T07:37:14Z,0x1193439819b0977749399f7711f7a7503918e777,0xbc4a78ddc83c29198deea116cd4d628da28e57c22bf4a34f72e50652cebd3ef0,0.12,1.734e-05,20493,17434,59,17312,1.734e-05,0.0,,,live
2026-10-10T07:37:14Z,0x120cf52cabde394bd68939d2c483e83900e35777,0x52f27e248f128e1a504a9bb589a4dde0d07651f47447cb003a9456208a4e7955,0.9,1.7e-05,20327,28913,113,16972,1.7e-05,0.0,,,live
2026-10-10T07:37:14Z,0x12907d2b2482c03f54cae66f3fc9938f97318d44,0xd92366a96c47803accbb45017523c3bc1fbf8918,0.24,2.492e-06,2,497419,671,2493,0.0003952,99.4,,,dead
2026-10-10T07:37:14Z,0x12bc715adc83766da016ae8bc99569c5f9674777,0xbcdba61df38aa837e9c53d1d359f6bf0d0adf3e4fdc3b50aae267cd5404e4871,0.18,2.023e-05,22122,39422,135,20195,2.023e-05,0.0,,,live
2026-10-10T07:37:14Z,0x12e227d0cc9b2020e7a4bc7f4fc08bc0dd93bf82,0xed1f9b6764670114f72688abd0cb5871f2b08b753c412c2abda2141c31284db1,0.47,0.0003139,45389,98278,239,71710,0.0003139,0.0,,,live
2026-10-10T07:37:14Z,0x13372a1e9fc367ec8ac02e0d52565ba9fb9f80dd,0x33cc7e190497fbdad2d7482b76ebb6be3ab3264012d89f3a4583f62bf07e77bc,0.4,2.925e-05,56211,1239,7,29253,2.925e-05,0.0,,,live
2026-10-10T07:37:14Z,0x1354c23d68025ffb197e75dfa0efda1f7149cba3,0x6b2d485015ca2adbac93731afec01e85ef5debce32a6f930787d731161f776de,1.37,,,,,,,,,,dead
2026-10-10T07:37:14Z,0x13c4bc32e29a23cc434ff245e3452c90c59566f3,0xa1deaf84c09e2ef4233520e1535a8a343600b835,1.64,0.001962,48828,9852,71,68702,0.001963,0.1,,,live
2026-10-10T07:37:14Z,0x1441a6a4ef7bb582dfac91eb19a05faaf58cd777,0x3e1eba5b7cc45facc2cb5ccc282ccf1af8da89a2f5c7cd9298265bbde0f7587e,0.1,1.204e-05,17080,20007,61,12017,1.204e-05,0.0,,,live
2026-10-10T07:37:14Z,0x14434c6223d6f1073300b7db15682e7ce2912b1d,0x4d4efd288673d6180260b361e9e7dab5bdffa27f33448d7c2128573f86840f4b,0.61,5.032e-06,5032,0,1,5032,5.032e-06,0.0,,,live
2026-10-10T07:37:14Z,0x145736aa9ca08f4fb054a72212cbc47ecb881ecc,0x88da3e1ba90bb1c75eaa2ec21dd7c8daddeae403,0.96,1.516e-05,7619,0,1,7619,1.516e-05,0.0,,,live
2026-10-10T07:37:14Z,0x145ea30c719f8a56eb01fc3dcec8aa6212e9055c,0x148044d4cb4f61a799600fc86e58d3e7445de1e068c60ca038396565eb7da7cc,0.4,2.866e-05,55961,1068,4,28661,2.866e-05,0.0,,,live
2026-10-10T07:37:14Z,0x146f9b31459c98843f33b916198f21af6e44cfa9,0xceec005b961ee3d4dcb249467c138c29ea693f5f486f763f5dd41c7aa225aac1,0.32,6.251e-06,6252,3,2,6252,6.251e-06,0.0,,,live
2026-10-10T07:37:14Z,0x147fb7ff0ed070a6c6e502ae6beffc17e4dc4d1d,0x877cd2179c0d6552e793785ec7f32e351e45b8de07b0904095569a9ed634f6b7,0.63,1.63e-05,15593,7073,94,16308,1.63e-05,0.0,,,live
2026-10-10T07:37:14Z,0x149299882990324167fadfbc876bdd4ef664cb6f,0xb72be2aaa3431578fc5a30a12ac0c7d39e2caaa85f450ccc70b2c15f1041a2e9,0.38,3.169e-05,565169,21726952,19004,3169943,3.169e-05,0.0,,,live
2026-10-10T07:37:14Z,0x1493b5f88eeb2698ebf542f1f093efb19dad53c7,0xd3591e6a698d20771130d7e00daa9f9fdbc5839656ee7e156e3591ada1cc03fc,0.32,4.363e-06,4324,27170,275,4364,9.5e-06,54.1,,,live
2026-10-10T07:37:14Z,0x14c728405c1619287adcaa72fec938ee55eb4657,0x531a606ed66e179f08b1865313b531b6b2d1f114a1f3f6b0e7dcd85888e1d571,0.6,0.0001617,101946,119033,327,161798,0.0001617,0.0,,,live
2026-10-10T07:37:14Z,0x14e7899dbb1c83b682d2acd5ad6c15b88a0b3777,0x56cc82955bc4eaaf4af6dffa1fb2e2a697d5ecdac2728dcdb81859c54655296d,1.48,,,,,,,,,,dead
2026-10-10T07:37:14Z,0x151ded9cc7737ee543737ed0ad13eafdb59e1e18,0xd7fa3f2ee9ac809e618beedf46190c7f1e58daaddbe78ff83112013ee46e12bc,0.37,1.999e-05,19999,2455,24,19995,1.999e-05,0.0,,,live
2026-10-10T07:37:14Z,0x1550b1ebadb84c9325dda491712aa9fc0e87ad67,0xbfebd951352676af28a52882b799c680cd240562,0.22,3.32e-16,0,1718,12,,1.018e-05,100.0,,,dead
2026-10-10T07:37:14Z,0x155afca4423b27cbcaca4713ac67aa8997e36592,0xe7a835d69c69e6409b93675bd0e51e3f100fdb06e269a80a85140c9c864b3ed5,0.78,2.612e-05,26109,571,8,26122,2.612e-05,0.0,,,live
2026-10-10T07:37:14Z,0x155c5c77c44e79d85de03460a1f2a11beb00e777,0xf57051b331af06f8a4d7da0b5fe23b502ff0e56d645512d03a6913c409a88084,0.85,2.081e-05,22430,52426,175,20775,2.081e-05,0.0,,,live
2026-10-10T07:37:14Z,0x15c4f70ed838d058b094eed91a36092f67f16255,0xc2b7822cd1c1de6a6b316f36964c30c0932460450aa7e86151f53c70516fbf95,1.35,,,,,,,,,,dead
2026-10-10T07:37:14Z,0x15d65727f69dd3922aa705dd6b14ae9e2b991a09,0x8f03dc0923d42cc703b6fc9b98f272b02af44f12d699fe66ee78a6d6b4668375,0.78,2.524e-05,25248,139,5,25248,2.524e-05,0.0,,,live
2026-10-10T07:37:14Z,0x15e8426a265bf17874aa03438566e57ca977aace,0x0c99b20745d735f88d2e915187e6c1644f61660c8be6abba358628b4b196eb47,1.48,,,,,,,,,,dead
2026-10-10T07:37:14Z,0x161df5b70bf96ad9c2fdafa10538a78ba2e11576,0xb0ac5bcbb95e27eabbb00ef53b8dba534a810fd2657de544ab6435d27d4a4b0d,0.98,0.0002541,41036,83078,233,58048,0.0002541,0.0,,,live
2026-10-10T07:37:14Z,0x16313666716ba38e92e33a23cbbe5867b6e86232,0xa6ec2c4b8382c3eb37ee2c572af31b684160f5c09b2c9e603e49bf9584adff18,1.09,3.579e-05,0,3,3,35799,0.0002489,85.6,,,dead
2026-10-10T07:37:14Z,0x164b49fd3b4aa03077b0723672dd64feb68f5135,0x5da4ee88b6c37309462f204a10e5204c9e7e56febcf80c765b2f8b4ef68b919a,1.35,,,,,,,,,,dead
2026-10-10T07:37:14Z,0x1653d1e23d48bc82e439508edda4548886c4baeb,0xe4ee2c02659b812551598aa57cc969f883fed5d7f5e9b4f47958932442bb5a94,1.49,,,,,,,,,,dead
2026-10-10T07:37:14Z,0x1664b134c6f6a19337cab8575bb8a0d3bea37777,0xc0dff7c2dcfc54bb356adcee46007ce857b141fd2e3a52651f9f01f1a4f6b772,1.38,,,,,,,,,,dead
2026-10-10T07:37:14Z,0x1675037993913d1de9b294aef02d84771422c95d,0xdc165eea5d55582a911643455a39702650003e79fa5aed2fa053296b05ed4154,0.76,0.0002013,36467,60860,222,45989,0.0002013,0.0,,,live
2026-10-10T07:37:14Z,0x16795ffd85b70402a8c4b75f4ffe7620359e86dc,0x79d340d930a974c16dc1d98d372985bd08ee69afb26a24126f565d9c4ec1920b,0.27,0.0002287,38828,75975,222,52241,0.0002287,0.0,,,live
2026-10-10T07:37:14Z,0x169dbe9aa431db05a3f2086fb690e8bc1e064794,0x8ea0384cc8c6b03b6fafa253056d7530e76475f6a48afabff47344eddc023fd1,2.76,0.0004541,257960,222670,1555,454145,0.0004541,0.0,6,True,live
2026-10-10T07:37:14Z,0x16a7065faa3365dc7e1d6582b895f8a8f93095b1,0x84db238a646fd29bf29adaffb27b539009ee43d9,0.34,1.513e-05,7605,0,1,7605,1.513e-05,0.0,,,live
2026-10-10T07:37:14Z,0x16fae7a844aeeab8db020367b36cb3dd3d640777,0x289e55d569a9aa9f07a45c17e784681714ca10d1382342aa2e2f4ace60e964a6,0.31,1.396e-05,18357,19080,60,13936,1.396e-05,0.0,,,live
2026-10-10T07:37:14Z,0x1748cc3564aeb850601cb0fd215a83e5a52cc777,0x79beccb71feba78bbc068baebb3447a5a1fb68cc9d1121c7453ef8144b9c45b9,0.45,7.463e-06,13407,2752,13,7449,7.463e-06,0.0,,,live
2026-10-10T07:37:14Z,0x176291b310d16b2cc55f462c950b540341fe9b1e,0x22e9a308f98bd188753349f9ad24d0a253566264d53d48b30543a1a905dc377a,0.28,0.0002331,110048,2153883,6677,233188,0.000325,28.3,,,live
2026-10-10T07:37:14Z,0x17928124e4210d624086ca18065c506d4d01b777,0x7ed9c6b0d56187061b6cc1fe4c7497ecc31b35105dcd82e77ce5928d233bf166,0.19,6.813e-06,12839,1517,11,6800,6.813e-06,0.0,,,live
2026-10-10T07:37:14Z,0x17d915126b447ac5768887038bc22b4c4c218f78,0xa696b3f05a5e0e4609201bee63834b4994789bf180e07c5959ea426b744b4c30,1.47,,,,,,,,,,dead
2026-10-10T07:37:14Z,0x17f0aea69f76d55b3d93a35bf9ef381161fe308c,0x183c5b5c0d67f6c249238080c41b66be8ce7b3e7,0.17,1.439e-13,0,35661,25,,2.279e-05,100.0,,,dead
2026-10-10T07:37:14Z,0x1815593da5445e7972e1c6a648943aaa3ce9fe54,0x7d098c78454f53511a7571912f8d69bd0236f9d63fbec5e1618bc6f5353872b2,0.63,0.00032,45925,96916,228,73098,0.00032,0.0,,,live
2026-10-10T07:37:14Z,0x18335c86c472066be18f8cec95c71119b831358b,0x94593d2fd5f2636f83c53617406730cc2e8f436100b2b8988823d26fc8a3b7e1,0.16,0.0002437,40072,82172,208,55682,0.0002437,0.0,,,live
2026-10-10T07:37:14Z,0x1879441e62f8e2bbbc0d8ef4cb242eb49dd10f4b,0x6e4692dca1e25456ddf0ff0bbe45732a12952a72344ff04c3becf2b4c48fb081,0.78,0.0002465,40340,58343,158,56311,0.0002465,0.0,,,live
2026-10-10T07:37:14Z,0x188a0dffbb07570d78983820b65bec4a8bdafff0,0x3376329505c7287ef942a74fdb070f6ceaa265020a55d5503f8d3137ae535861,0.99,0.0002895,43774,91038,237,66140,0.0002895,0.0,,,live
2026-10-10T07:37:14Z,0x1898d84c200943bb21a76306e611dd23515653ab,0xf50228748fd5ac17be3c0ed0d31c035c9b6025ebd3e7d32bdccbde8afcec9c10,0.69,8.966e-05,69578,2840805,7117,89661,0.0003564,74.8,,,live
2026-10-10T07:37:14Z,0x189a3c270ef781ce92c1ee3b935a5f1e875da3b5,0x737aafe12f80b54986ac6753e2b06317d6fa3a5dc3d5f1d94c2d0342b394823a,0.12,0.0002764,42709,103638,207,63143,0.0002764,0.0,,,live
2026-10-10T07:37:14Z,0x18a6d32403dcd2fa5f6f9e39e5a42c71ec9b9f7d,0x00c962fc5f5ff62d10a156ab0f9b73e112335b765ec403ef4db3f430799dadcf,0.3,0.0002622,41563,90758,240,59894,0.0002622,0.0,,,live
2026-10-10T07:37:14Z,0x18bb820a3abe7014588d838668aacc2aafb809e7,0xafcdc446b2d6601426c8432033b4bfd1e9f3abc27eec887aa8fa0ca66d269955,0.61,5.028e-06,5029,0,2,5029,5.028e-06,0.0,,,live
2026-10-10T07:37:14Z,0x192bb3866443faf847d7e61cf81fb36e3fe3fb4f,0x0b140d20e1eb13eb480bc817dc298716062015dc4fc29b3388c179efc8280b67,0.84,0.0001205,84915,176074,636,120562,0.0001205,0.0,,,live
2026-10-10T07:37:14Z,0x192e5b5cf3105928259ecfdc2b62c6052a492a4a,0x2b540372664f15fb439de81bb17c1449dad785ae,0.51,1.425e-05,11915,3793,11,14253,1.425e-05,0.0,,,live
2026-10-10T07:37:14Z,0x1940c4ff2c3dc4bec71405f5947a5d7622a3cf5b,0x6a8627fa0df30957a5a6139928cdd11c4ca6eac9b869c0f8d11a192e00c63edf,1.22,0.003457,3319021,40,42,3457302,0.0102,66.1,,,live
2026-10-10T07:37:14Z,0x194fdfc35bb4ce703815540a2469ffe8b9e1b3e9,0x4610ae223f22f519e3d05da444bcd5ec59197f88d6bfcc84bd8183e854faac6f,0.12,7.456e-07,63211,7139513,6339,74568,9.918e-06,92.5,,,live
2026-10-10T07:37:14Z,0x1955d3b7ee8291dfbc8188e73409a42654913a25,0x7b1478d98e6fc5507f0871b2e13053da5e7f641a1d8a8b056b3c11589a57b84c,3.06,1218.43,17539,379,25,27022,1332.58,8.6,2,False,live
2026-10-10T07:37:14Z,0x195cabe49d53dd225be88cb5ed8565dfe18b7217,0x9c427bd1f2910f0fb23d7f549cd678b44096511a10ad7c5f61deacd5f67c6d5a,0.3,7.202e-05,50683,444451,2061,72029,8.3e-05,13.2,,,live
2026-10-10T07:37:14Z,0x19885fee35948792f8171878acf844eff5dfe2ee,0xcdc13154bfc2b84d758309158da154875784d2b27a23a4266ccbd49de44d828d,0.84,4.656e-05,17514,4721,16,10635,4.656e-05,0.0,,,live
2026-10-10T07:37:14Z,0x19dcb63c4d2f29a6f077f094a4f858fc790145e1,0x835f8dfd0065bb0538b3944f286baafd70a779d433cb76a8a27e6ad0a4517892,4.19,0.0002067,42029,117929,1493,206084,0.0007933,73.9,4,False,live
2026-10-10T07:37:14Z,0x1a4bb609cf69a11d4aabb401a9b912fd6c97f777,0xaa4b8560e44eadfd03b5c1882f9313507aa388d848e8f321eb779beab96e94a2,0.34,2.31e-05,23623,56105,183,23061,2.31e-05,0.0,,,live
2026-10-10T07:37:14Z,0x1a4e808a8ae5f83958ae04447f2d8e8b3adb20a0,0x1dc681a28a78c58f9fe4c0418d834ac97718e1a7f7ba1d0d01ea0165b25753a8,0.44,0.0002872,43435,104545,219,65609,0.0002872,0.0,,,live
2026-10-10T07:37:14Z,0x1b1a579a75ca565683c1dba4d621e7bf8a15903e,0x363b7d4f59d3abd6111acfdb9e9f98f4d0171bd52e753809b5042ede8599a958,0.35,0.0001068,64889,298534,897,106850,0.0001068,0.0,,,live
2026-10-10T07:37:14Z,0x1b5f11b4004cb4666a2ca656aa855f17037dc862,0xe0a8edac306e9b0ff2f6066492aea08210e348e60c63bf741241a9e24c488558,0.32,3.06e-05,30303,3918,29,30600,3.06e-05,0.0,,,live
2026-10-10T07:37:14Z,0x1ba52cd01107ca44cf6afb48dbaa29a5481c8777,0xe6e0889c27a8a699924b2bca648c862737092a0b2e31dff3e2bbb976c325673c,0.21,2.151e-05,22816,31509,112,21475,2.151e-05,0.0,,,live
2026-10-10T07:37:14Z,0x1bb8e56ce5f95c181e8d994cd2406004b9a7de0e,0x3f9b0aa82eb63d025d943c7d03539dd5cbb645cd521171a9f9f4716927065e1e,0.3,0.0002836,43213,83381,229,64786,0.0002836,0.0,,,live
2026-10-10T07:37:14Z,0x1bcdff88b8fb3e20a2cd1ea78beb0ca0b63fd83b,0xe403ee9435f7ff7bea58adc2132f8e5f06428a4b9e13740831b695e11a4d52db,0.26,0.0001495,31378,37823,158,34147,0.0001495,0.0,,,live
2026-10-10T07:37:14Z,0x1c9ecd3f44cd0eb73c4159870b8ba33e4fab2b25,0x5e5d06fc5ca3857cc7758c25d7f0602c464dce5a8fa3791c56bcd86328f1d14b,0.4,2.895e-05,55962,1075,4,28952,2.895e-05,0.0,,,live
2026-10-10T07:37:14Z,0x1ce51fdabdab814f437b87db486e94bd06bb7126,0x32d165f7f2961485198981c0c6e675f3f07ca63bdcc7c7eda112452ca698879a,0.76,0.0001427,118642,453497,1071,142792,0.0001427,0.0,,,live
2026-10-10T07:37:14Z,0x1d02284f28eef71bdc00d191497f0ccdbb6e81e6,0xc7c9d2af1d4af62c5d62ede468b334cdc0b50247ce180c3069d13b2c5d495443,0.31,5.026e-06,5026,332,10,5026,5.026e-06,0.0,,,live
2026-10-10T07:37:14Z,0x1d2586813cdcf17dec56b19c1c09d0ced050c799,0x9e3e0a505d006df3e48b4628954c85d28a3b911d5f76290bb4204174bd972fb7,3.08,1.207e-05,10156,3468,152,11232,0.0002272,94.7,1,False,live
2026-10-10T07:37:14Z,0x1da81ca017949efbe07972776580d04592ba9b63,0xf05301a0f49598ba66be16af7207fb365c78a4d7a3cec8ce7ae981ec0e6b5248,16.51,5.451e-05,21580,77535,937,54329,0.00152526,96.4,,,live
2026-10-10T07:37:14Z,0x1dd92e05b2dab06b59e2f2c179ceaccc14e1c9d8,0x86e54cc3d18c1743fd0b006e7554f0903a9973f246d93a59bd6922adc058c41a,1.43,,,,,,,,,,dead
2026-10-10T07:37:14Z,0x1df6b307e3f87d835e4b5f02797530f4f7860d46,0xe0bde32dcfccc0f0fad8be9348a3f836e987e9118e1467b75e590435cf651ec5,0.77,4.619e-05,71105,16977,80,46193,4.619e-05,0.0,,,live
2026-10-10T07:37:14Z,0x1e143d65944f530f6500e67938cd5452b952e351,0x16a6a3be8532a11693cfd7858d01dd563324e8f6d1c9b3248ff10011e1d47857,0.09,0.000203,36618,67018,233,46367,0.000203,0.0,,,live
2026-10-10T07:37:14Z,0x1e5467dc9f51394892b38f300de291e35c86bd71,0x3c010612a3326af06953206010e496844dbd450772accdc81d079863c66d26df,0.93,7.836e-05,92332,41425,283,78369,7.836e-05,0.0,,,live
2026-10-10T07:37:14Z,0x1e8624e76fa1cfcab345f5654a2ee24c9a4687bb,0x5d968fe6a828f16858c411e22d7c00ae7b146137d9274c39d0c454af0d51894e,0.56,0.0001818,109503,129131,343,181842,0.0001818,0.0,,,live
2026-10-10T07:37:14Z,0x1e972c7fe4db85b06e7f0de304f7b5b7e861380f,0xdae3270558638502329c1db2d2532019727103625080940eadc2629ea27f2b5a,0.85,5.484e-06,46724,61410,253,54840,5.484e-06,0.0,,,live
2026-10-10T07:37:14Z,0x1edb319448815857d46394db394a38c9d7651e18,0x632880b67be2ae556fb53088a2a440bb8d7e6541f86594158ac0c11f340a7abc,0.06,2e-05,20002,0,9,20002,2e-05,0.0,,,live
2026-10-10T07:37:14Z,0x1edff1116032d83486a68724d5948b257533abeb,0xabd3d1a7d1df20fb48e3233338c8544a3bc0454b4bae375db0d8573a8f9c1ce6,0.65,4.992e-05,45610,11412,30,49923,4.992e-05,0.0,,,live
2026-10-10T07:37:14Z,0x1ee597b613b530fb55fa38e94f8021c74abb273c,0xb91b044948963349ef0e3415590b72c504d6a1f159fa98f7e54de21bb4ad830d,0.77,5.077e-06,5077,11207,60,5067,5.089e-06,0.2,,,live
2026-10-10T07:37:14Z,0x1ef0947b85bf8fdf3aba4b44b21affe681ba68c5,0x19e1b20a5daaf7e50a40d429d831f36f3564ad7e2cb578c249b4d35f9555223f,0.26,0.0001591,32383,50673,185,36349,0.0001591,0.0,,,live
2026-10-10T07:37:14Z,0x1ef95d694cfef4ce737b495388b7fc2b58ce7c4e,0xdd9240a8f1b652a3cf6e4c8bbdc631912aa813cb61e5866cb0de75b0a946fafa,0.43,4.965e-05,47109,8954,25,49660,4.965e-05,0.0,,,live
2026-10-10T07:37:14Z,0x1fac75d4ee75e80d9357ceb31a3275ecdd1db3bb,0x7e1b9e9472071f6ccb147681730ca245d3aba974,0.59,2.522e-06,2543,2241426,3952,2522,0.0006504,99.6,,,live
2026-10-10T07:37:14Z,0x1fef774b7aa315bfdc98ceca5d58afabd0a543cc,0xb07575a72088fe5f40cadb6fca3604dc3d0f850fbfdfe82381d3ea6e4db544bc,0.21,6.245e-06,6245,0,1,6245,6.245e-06,0.0,,,live
2026-10-10T07:37:14Z,0x200584b3bf535094ce6a001f3cfab5813e960777,0x35ca144df706e904b8154512324690f20f7f3b104cb47781d732f8954d9911d8,0.85,1.658e-05,20036,14962,60,16557,1.658e-05,0.0,,,live
2026-10-10T07:37:14Z,0x20502a9d3c40680a492dc219c22ee296257b6ef4,0xd3565af0c092b815d48aa838e0e1de277c401d271ea0360875fc1d671abd4ff0,0.32,0.0002137,37509,53306,197,48830,0.0002137,0.0,,,live
2026-10-10T07:37:14Z,0x2051ac7d7cb01d5e4e95b3621687218284e31e18,0x6f44f6278c73a6cdb90eac54f8e6bf6ca13881a399bf5aeb5f6e0376e777189a,0.44,2.021e-05,20226,1916,87,20214,2.083e-05,3.0,,,live
2026-10-10T07:37:14Z,0x20a4c26d6c7bf29812ae4fc01886f39732f2b2e7,0x6928da3201a809c630a6fd3ec5b88a5d692b6f5ef831b38cd39fc77f3d50244b,0.6,9.845e-06,16241,4374,41,9846,9.845e-06,0.0,,,live
2026-10-10T07:37:14Z,0x20b0f338eb7ef6f191d8fc104c0e6f03f7f53437,0x2d7344aab9f507f334b350b5b56e8f223e9b5bf7974f79eb8c0944867526f59a,0.65,5.884e-05,51661,50329,325,58841,5.884e-05,0.0,,,live
2026-10-10T07:37:14Z,0x20bb1a7b682e392b40324ae8ace3d1d429ec6001,0x4565fc5f3336a22a57901ac088f65f6ef4a622cc40d0e604d9b7693abb3c714a,0.95,0.0001407,30490,41572,119,32143,0.0001407,0.0,,,live
2026-10-10T07:37:14Z,0x212671f9a1b52e251a2a05481ed098bfa89c1849,0x122e438ec5a2831520c601012bfeefffb6e700f9545369ef0e482a32d1bc4906,0.98,0.7811,3,5678424,6456,7811031,1.052,25.8,,,dead
2026-10-10T07:37:14Z,0x21551503bcbeafa2abea7831de8598eafbed9a79,0x7d169fd139e79f524367a1a23f2c29eced9b961fd45db61b9513539fbf206a49,5.37,6.712e-05,23944,28484,554,67125,0.000303606,77.9,3,False,live
2026-10-10T07:37:14Z,0x21a1c756e3e9990250bd6eb38ca071d2748588de,0x7381c772697e96724b3301c785e85af314d54bc4bd6b2c465bb824fc4f0aa82d,0.89,2.113e-05,19040,11279,83,21134,2.113e-05,0.0,,,live
2026-10-10T07:37:14Z,0x21a680745e879351eef5f6ad6de3a16c5955215c,0x269804a40b59683420ff9b70c94ca224155ceca68c7071012092ff2e0b325237,1.35,,,,,,,,,,dead
2026-10-10T07:37:14Z,0x21cbd17fd5babacc74583af5eabc33e71a6138cb,0xaa5b027416411a713536c44d6b18ca06e81d997c,1.55,,,,,,,,,,dead
2026-10-10T07:37:14Z,0x22309350f5139cd3b71d9881dedd4a31f1937976,0x80e98906afbee1f2e99534b026adc8fa2e29ee92,0.92,1.517e-05,7624,0,1,7624,1.517e-05,0.0,,,live
2026-10-10T07:37:14Z,0x224a794031d54e49b46919ade2c55ff255dfdd97,0x3939ce55ec4e0ff8df9aa6469a795c793da06d55,4.33,2.697e-06,2693,4,4,2697,0.01903,100.0,1,False,live
2026-10-10T07:37:14Z,0x224e6ce9ddb816b9c1485a40225c9b5cf7b7165d,0x9cf9e193a9cecbe19f1ffe6c343ae6b8d97d98e3374b5e821c36009b5e73d954,0.45,3.597e-05,15366,248,3,8217,3.597e-05,0.0,,,live
2026-10-10T07:37:14Z,0x22569d15c51d020482f7b2e3c88387299e58009f,0x79947d237242df9b679e0c4d180cd121783f48aa482f3c1684c79537f612405d,0.98,2.75e-05,27449,1218,12,27508,2.75e-05,0.0,,,live
2026-10-10T07:37:14Z,0x2273cd41a88f2243a36163ce79e13a24a2c5614d,0x5099985b6c5ef71fa97a7204ee1c360a7dd253072555be395fdb8b0a7ebef687,0.44,6.221e-06,6221,0,2,6221,6.221e-06,0.0,,,live
2026-10-10T07:37:14Z,0x229e00469edc13cead1eaee3830c725629587777,0xd52e3789c7a8d433ce755934e366a3b124d9db134b1694715aaa49709d7cbd09,0.23,0.0002191,49104,55018,231,50070,0.0002191,0.0,,,live
2026-10-10T07:37:14Z,0x22a68ae074150397c42d968ec050cd1ff3501a51,0xb5e9ffb179c2fe9b9bb8737ea0b128b933069770,3.63,0.0004953,346773,0,2,495390,0.0005409,8.4,3,False,live
2026-10-10T07:37:14Z,0x22bac53184d68225c1a963dd766a4f081283f487,0xcc4c121ac2c5bb6bbd0f1bde9e96e21b7a63366cca76fbdf91af439a153eae94,0.67,8.928e-05,69372,38246,135,89289,8.928e-05,0.0,,,live
2026-10-10T07:37:14Z,0x22eb9f1c5385ed74257da42d8021916c2d837135,0xe85a8f60ad2b0b7e97b745bac661671223100ea6089fe8ff0e93ba7d6894bdea,22.55,2.358e-05,16494,3574,55,23581,0.00471535,99.5,,,live
2026-10-10T07:37:14Z,0x22ff1467c43b4d7a91401633b42b85a4cb03db9c,0x7c178a3f55e8a586203d7be976a348890767036a15cddaa46cfaf8d4a73e2afc,0.64,6.375e-05,25041,89488,949,63760,8.639e-05,26.2,,,live
2026-10-10T07:37:14Z,0x231c8ac1b3167833f63ce79571b9e098ba276286,0xb9381bc25817028a000ffdc1bb8ce5e93dbfed8e78506cabd07f5fe4ff4771ee,0.2,0.0002619,41559,81110,237,59828,0.0002619,0.0,,,live
2026-10-10T07:37:14Z,0x232d7bffc5aaa09b2bf1a8ddebdbda168c6fbc2b,0x5b57864f52b7816b6f5eae40659971be4530235567b1b801f485d1454c60edd9,1.47,,,,,,,,,,dead
2026-10-10T07:37:14Z,0x23567e51980db99c513c527a283d188c8e4c6788,0x56cdaeb5ab77dc4475e2aa4cc6c4646dde0edac0ae098b44ad0d6eb1b4ef07ae,2.36,0.0003142,72577,6610,285,314276,0.0007086,55.7,3,False,live
2026-10-10T07:37:14Z,0x236aa11836bceed3de276bb03d5df03ad9e87777,0x9f743e8404cf8a124b356951fc83de354bd5c6d458249f149b603b929b7e8862,0.11,0.0001612,42130,35443,166,36853,0.0001612,0.0,,,live
2026-10-10T07:37:14Z,0x238e40b75ae78a1388a14e517d855893e92e58db,0xd2e55bf2b9389719cd157105f30ad329ef17820a2cccc3809b8afbaa17245d85,8.63,0.0004359,61024,27898,223,435946,0.00453603,90.4,2,False,live
2026-10-10T07:37:14Z,0x239823f8e5406e57100433ed1da26002c5769c67,0x7d3e171f740837db98e49480102509bc318b51057479bdc7b2c073bc78e4fa5a,1.48,,,,,,,,,,dead
2026-10-10T07:37:14Z,0x23b8e4e22ac416f9817193a29e3df77f9ebd04c8,0x4b70e946ea5c14e04663d3a9ae9cd3e2cca2100f035f48eb6cfa5629400e1a2f,0.19,8.427e-05,23572,17712,64,19247,8.427e-05,0.0,,,live
2026-10-10T07:37:14Z,0x23e7bebcdb2a3d3397cecd5af5082a50086139cb,0xd22146bd3886abe14ca4f91ef64335ad000a1df66f024b2d3cf4ee2d8e5cb607,1.46,,,,,,,,,,dead
2026-10-10T07:37:14Z,0x23f3c6e4364f924ee398e13e2fe9d93e3bb8c777,0xbe826840879066a4df9017dafeb554ba43beaec664e093f1a1560b16ae14c389,0.96,2.312e-05,23695,55181,189,23082,2.312e-05,0.0,,,live
2026-10-10T07:37:14Z,0x242edd4e4cd50b13b46d950911beef96d0f9cebd,0x7020b1109f484597e4133a5bebc381ff671816b1dfbaf367ba14fc5c74851fde,0.68,0.0002024,41585,957094,7739,201907,0.0003674,44.9,,,live
2026-10-10T07:37:14Z,0x24673dc012d71ca8c256243724a22f644610d411,0xc4e4cb48b9b53ff557b918e2d0c079db96f9846225ab6f1e9b66c48eb1dbfd3c,0.56,2.508e-07,25086,55419,554,25086,2.515e-07,0.3,,,live
2026-10-10T07:37:14Z,0x24b71dd91d9c5369c0f61177aa0f06382760d183,0xeb6510d3925c348678f69725af217eac64674bfb119d4989c0efd694832f3ea7,0.9,9.431e-06,15946,1803,15,9432,9.431e-06,0.0,,,live
2026-10-10T07:37:14Z,0x24e03c65fc20e4e079995016cc33c3208bd44e9d,0xc6c71491ead38a9b21ccb936347688caa4de8a6737952a55d225c043124b7bd1,0.64,0.001257,6790,0,1,7544,0.001257,0.0,,,live
2026-10-10T07:37:14Z,0x24ebfd7678a5fcd6d345ceb1221e4e4773079a56,0x00a44f149efc7d27d6ff72e1cf1476bab07a0e987579d634c87b9dba4b45b2a9,0.1,0.0002989,44434,90305,232,68289,0.0002989,0.0,,,live
2026-10-10T07:37:14Z,0x24eeaf955afde68a289094a5e1257fa9b1448777,0xb00339d3e11f5eba2bb1c2fbf2fa5beb9dcadc058171fa537386fb3d5585a330,0.9,1.87e-05,21312,42834,151,18670,1.87e-05,0.0,,,live
2026-10-10T07:37:14Z,0x2518bda7e39e64988523bea9db5cd9ebec883b68,0xe26f30bfe64e8982c339fc96173528fd4fa6eb2b26865007c04d9290cfe86fc1,0.17,0.0001931,113771,299038,813,193125,0.0001931,0.0,,,live
2026-10-10T07:37:14Z,0x2521a9b5f0a605a47f6692645c25f74ec16dc3e5,0x6560b53ea5dc6c39802fcd4f4137609c0794fc5ee68a82e06dd93c5877fc9147,0.86,0.0002864,43453,84087,227,65427,0.0002864,0.0,,,live
2026-10-10T07:37:14Z,0x255ea4a944a271075d91661c16d871cd12d5d777,0xeeb4b8b151667d48df2d068f528c64bc921df2ae473293b32f80270b74a1e1f0,0.4,2.757e-05,25771,58686,193,27518,2.757e-05,0.0,,,live
2026-10-10T07:37:14Z,0x25a922badeec2410a7ba8c9eacfd85f69ea25777,0x9d6882b3145566322ce0ad87d17240d4f8a98b44212522590ce190bc61b645e1,0.65,2.105e-05,22547,22656,79,21015,2.105e-05,0.0,,,live
2026-10-10T07:37:14Z,0x25ad579dc51b47f8d13761efbac6ea30a67f93c2,0xaa8e6a9cc0d96de6e28a7a72a8b406502309f2546c5f3eef2d2f0f776ce7a529,0.19,0.000129,29166,31342,101,29468,0.000129,0.0,,,live
2026-10-10T07:37:14Z,0x264f4472a622dbcd1c67d5ed05ce55e3997ef1f4,0x9be50ec29db6a666c08a013b8a0c49615a36b0ca069a9b332ba786a0ba98a5ee,0.65,6.232e-06,6232,0,1,6232,6.232e-06,0.0,,,live
2026-10-10T07:37:14Z,0x2672951fe771e5c8e76a191898d8da957a6d2190,0x2dea1c869c3e651f5d818e22e10013598e9d955ca818991501397a64718fb8ee,0.08,0.0002618,41585,89675,236,59813,0.0002618,0.0,,,live
2026-10-10T07:37:14Z,0x26c7fe256a2b793cd039ce22b11138d4f63c27d8,0xcc82def550dc4597d15fd560ab5f46aa7115a529f9edfd1c453b62c67f5a5398,0.47,6.212e-06,6212,494,3,6212,6.212e-06,0.0,,,live
2026-10-10T07:37:14Z,0x272fff3307f439ee6606471eca02ffddd72d7777,0xe3d044e7f4d2469f5c4550410a81284f48356097b25920533a02f145633e3e7c,0.81,0.0002226,49605,51850,237,50866,0.0002226,0.0,,,live
2026-10-10T07:37:14Z,0x2741dae86c4bbcd060c6bf7398263fa98459d777,0xbac944b2a98116c548815cfe5b4848405c871ccad7107b736525e3030e01a5e0,0.24,3.066e-05,27255,57052,194,30607,3.066e-05,0.0,,,live
2026-10-10T07:37:14Z,0x27a481ddd47d2d4cb2b47f89b5de76100335dceb,0xc72651d56addc19d61b7270b709c19d433bfef1b781f7c8d6498d8d5815e2522,0.1,0.0003225,46134,92455,236,73672,0.0003225,0.0,,,live
2026-10-10T07:37:14Z,0x27b0dfac680869c8ba9a0bcaf81c081b6c957777,0x912cb772b513fb69300fc24c427c31b40ea612c3d81fe41a30c63f88e0257a3d,0.69,0.000164,42471,47551,234,37487,0.000164,0.0,,,live
2026-10-10T07:37:14Z,0x27b29ca7060c4d7bb31533fb5355078ecfff7777,0x0306d731864e87c5ecb06d923cf29da97f9e6f5ae69b680e3dade134fb35ec03,0.09,0.000199,46824,46389,227,45489,0.000199,0.0,,,live
2026-10-10T07:37:14Z,0x27c703c452f1c8c876fc45d8ac7b0f2f9d9a1e18,0x7f3434786b29bd4bc6d0db7c6031d99a6ad45b3814c2be92f871fd3d87e5a6db,0.52,2e-05,20011,1590,21,20008,2e-05,0.0,,,live
2026-10-10T07:37:14Z,0x27d3b5a7ecfda702ffde1b2c2abe98eedac7749e,0xae48637e492711cfc0aced68e226843a7c9fce56d18bf8730dc99f90451e3d4b,0.45,3.575e-05,15319,738,5,8167,3.575e-05,0.0,,,live
2026-10-10T07:37:14Z,0x27dc0f5d491674aac0623fdccd43a6ef7114a5ac,0x013f6044d4a4e232ebfb54a43f47ac2a2ae7683472c60d0b49cd0c5da72d48c9,0.12,0.0002542,40951,84855,242,58065,0.0002542,0.0,,,live
2026-10-10T07:37:14Z,0x27efd2991c312ca27c0c66ceda0e6a132ecaa305,0x4ed6d2ca8ce015acb46842643281e8b4ed3a2298aad453bcbb51a336ebe62fb0,0.97,0.0003276,156100,618498,1187,327666,0.0003276,0.0,,,live
2026-10-10T07:37:14Z,0x27f5a9c3dfa4262ffa0a1c8603e8a2f097c7bba3,0xf53ad35067646eacaeb8f9703c7dceab5732cb00b9bc663aa3b833dddf7a7079,0.52,1.019e-07,10190,1,3,10190,1.019e-07,0.0,,,live
2026-10-10T07:37:14Z,0x280cb83fd8fbab9a65e4d0dd2a5aafcd79943acc,0x8ee76b1b4ca43a875bdace4cfa20b839d79849847a48cc9c25f3768ddd3fb95a,0.81,2.673e-05,26710,834,8,26738,2.673e-05,0.0,,,live
2026-10-10T07:37:14Z,0x28190dd51a30320e7fc100124a50e4b497df7777,0x07fecbb76f6474002c70a18bae7bb7b98b2fc6f035117cd99d017813dc6e7658,0.85,0.0001811,44605,52035,238,41395,0.0001811,0.0,,,live
2026-10-10T07:37:14Z,0x283798c6ef3e00caa3fe17768a86dcb4d1b8d22d,0x762387457d9d91428fda07c2639c85a3552b6427e818d41bf58b89530bd1c215,3.52,2.691e-06,4583,7351,132,2692,5.78206e-05,95.3,2,False,live
2026-10-10T07:37:14Z,0x284cb0ee4147ace16c705ba9be80b0d6ffcdcba3,0x4d243ca555dc99746c8e1e1477cfed78943ce702d04b30c467793883465b4b7b,1.43,,,,,,,,,,dead
2026-10-10T07:37:14Z,0x2853470c4208668e2ef530493b414cfba8df1e82,0x16f04a30acd7ce850ff041ec73aff496a4779ad9200df51325c2d4dd7bca4838,0.92,1.1e-05,11002,1,1,11002,1.1e-05,0.0,,,live
2026-10-10T07:37:14Z,0x28ee63aaf971af0e0b3445ddee4a24618d929777,0x3191cd7b4240a211251f9dd2a9dde3ce28be74d28749fe52561f46325b96a6b8,1.36,,,,,,,,,,dead
2026-10-10T07:37:14Z,0x291677f7f0bbf128350da588d9f91b337753cba3,0x33cb3dc63f17d3c16cc776be15a3f55425e77720c84287b29faf640724aec24b,1.69,1.025e-07,10277,2760,36,10258,2.611e-07,60.7,,,live
2026-10-10T07:37:14Z,0x2945c6823fab3fb1140f96daf6233d1ec69a6568,0x8debf3419669ee6ad01564c5eda51504bf8dc0890db33fd5a4f583b2d7961088,0.44,0.0002445,40081,82947,224,55852,0.0002445,0.0,,,live
2026-10-10T07:37:14Z,0x2970e8f0982c40c0f88520413f5013fab6b67777,0x0cc0a244bb9bf432286d9b14a8ddcb0c1205fe4e2693c89fbe5f2baf996a4a60,0.27,0.0001251,37066,25614,133,28596,0.0001251,0.0,,,live
2026-10-10T07:37:14Z,0x297425416bc850f8551c458762c41564e763d041,0x317a766d1cd77e06ba1a58ecda725ef9e21aa507,0.05,9.452e-14,0,22041,86,,1.714e-05,100.0,,,dead
2026-10-10T07:37:14Z,0x298ddb7f0b3852cdefc6716f1e6e909f37004777,0x942198e2ddcf534e92e9fd8315cb58cdcf0aad087004fc7504289bd13867c691,0.97,2.833e-05,26233,52445,187,28277,2.833e-05,0.0,,,live
2026-10-10T07:37:14Z,0x29baa031e77ebd0470d994b4a4de7b4bf2417777,0xd946478fb6d6456d195e0add80d7e70eb9d6d87319460560dd0bd73784944603,0.68,8.536e-05,30600,7591,43,19506,8.536e-05,0.0,,,live
2026-10-10T07:37:14Z,0x2a00e5cd6d8459bf8384ca7be43be29da811cbb1,0x02bb463de1ee72e3af6f2767a4b17730c8ea355ebdf77a3b50b30df0d13bb7d4,0.32,6.252e-06,6253,3,2,6253,6.252e-06,0.0,,,live
2026-10-10T07:37:14Z,0x2a318f81081ca306057c32df719e8dfeb1be420d,0x4da29ab58641e52034d5d8903c09058adbfa6befd6e108fb0d5d724bbbd0baf7,0.67,2.487e-05,24877,1,2,24877,2.487e-05,0.0,,,live
2026-10-10T07:37:14Z,0x2a9b0add73d593df8913089d476e8a49cea44ea5,0x073ea6d387166a22f15764c3e64b65dfde5b6e2174ecd9942468325e78493d28,0.51,1.051e-05,8736,3208,58,10517,1.051e-05,0.0,,,live
2026-10-10T07:37:14Z,0x2aef634a398cf147504e32eca43b5ce50d5a4a6d,0x8156e513fd88390e135a78409265ec83f44e39f2f6f18ed093e51069ec00c17c,0.68,2.487e-05,24877,1,2,24877,2.487e-05,0.0,,,live
2026-10-10T07:37:14Z,0x2afaf89c6f19848ca74a3524741dbe5253a8af6b,0xf6aba7e0aa1e922bd228083150bc8c2a22af1b0c3031687a534ade2402dc1421,0.32,6.253e-06,6253,3,2,6253,6.253e-06,0.0,,,live
2026-10-10T07:37:14Z,0x2b277feead578fa775581df55e36981310af859c,0x9bc70570efc196a7483457fd7a1e95076a35d5d13fc21f8a7f771f89f1a886d0,0.9,0.0002811,43119,89654,235,64214,0.0002811,0.0,,,live
2026-10-10T07:37:14Z,0x2b3cf0b460d26bee3d923a1281e03e103c1f86e8,0x66f367445f771eafdcd3b1f638731c1194144643,1.86,1.726e-05,8672,15,15,8599,1.726e-05,0.0,,,live
2026-10-10T07:37:14Z,0x2b80597efde8f38b21ea9f48ae4ea2c07d1a1777,0x78cd45843d8aa9fb50108d30b32cf0147f17c3d5eb47a44bf3881d8bb5466e3f,0.31,1.507e-05,19086,11055,37,15043,1.507e-05,0.0,,,live
2026-10-10T07:37:14Z,0x2c25cd057ca4bbb30e986706f329073725df7777,0x739f7cbc490f867f98acfc5afcc49ab7c2b145df40d3e5ff94ca6046be0851d9,0.55,0.000188,45369,47573,226,42965,0.000188,0.0,,,live
2026-10-10T07:37:14Z,0x2c3de5863745446b1833dd62ba9a857f0e549ba3,0x68e89e2ae94f55559039d64043c2701a5b073f82b409a66e6f2fe75d6f1922bd,0.4,1.094e-07,11001,5329,63,10945,1.094e-07,0.0,,,live
2026-10-10T07:37:14Z,0x2c485454078dbf75ee866fea42d00af657f2d7c7,0x9a7f94a41da6fd3fc2a747df45aecbd32ebabd33f247b92543ff024e3d9596b3,0.8,4.172e-05,16617,2292,11,9531,4.172e-05,0.0,,,live
2026-10-10T07:37:14Z,0x2c4d6960038c0a846e6fa0f5eff4a2e261dd2777,0xa1c1830b6c84b689e7fe1300191ac4bbc9a7a0d7a8c69126e888226351e7eab8,0.06,2.028e-05,22167,53954,193,20245,2.028e-05,0.0,,,live
2026-10-10T07:37:14Z,0x2c67844781f690514298e2b4ed64a363e8bb5ab0,0x2552fc725483334f8f7f43e26ab3cde7de68545e4ee78a6eb57a14abad0f9442,0.77,3.143e-05,31065,7429,24,31434,3.143e-05,0.0,,,live
2026-10-10T07:37:14Z,0x2c8eb5e6f914dcfa3315f44eda130baf80977c01,0x6a8aecd512353d8eaa838e2f26b1fce2e4711b57dbb5527a1fbb4438ac1f7e43,0.55,3.026e-06,5089,11459,113,3026,3.057e-06,1.0,,,live
2026-10-10T07:37:14Z,0x2c9fb708e9840bc4d5227af5f4694a061490ad00,0x94c59dc2da4a85623999af85dc95b8544c1b8b657dc150707dc000e4b5c4e2e8,0.19,6.246e-06,6247,0,1,6247,6.246e-06,0.0,,,live
2026-10-10T07:37:14Z,0x2caf693f29504c87b8c90cbe7d6dddf0e1a6e04f,0x78d314cf639c7cf06660815a5bda34cc9a978c01f1f7b28c397635b41530c088,4.0,3.171e-05,16458,22475,232,31228,0.0001248,74.6,2,False,live
2026-10-10T07:37:14Z,0x2d1b9f1b6f9a6c0dc6fe9079a3f89e1c38560d5e,0x124239c9ac321b588e9b6569e78ecbd3183f02380418650099f2b821e0c1a374,0.48,4.63e-05,17415,2892,13,10575,4.63e-05,0.0,,,live
2026-10-10T07:37:14Z,0x2d22d54867b1bdccd01d18b20e0136816b62301b,0x4955e68bca08dc1c24a05a0bcfc24ac3a56004d0fed46c46371f464ac94d2575,0.43,0.04975,7090,0,1,7463,0.04975,0.0,,,live
2026-10-10T07:37:14Z,0x2d4b2e5780899a22d88a69afc42fe82d63728777,0xa249af13ff82405c1df0da95568925a4301f217f6d3d0a6e1f5252e4cedb00d0,1.36,,,,,,,,,,dead
2026-10-10T07:37:14Z,0x2d58fe66843ac98de7fdc9fd41c755b7abdc73c2,0xf8c835ae8a52bddb67fdb25dc65e6fee06d5a65b330f96de44dca06378c2a771,1.0,5.211e-06,45648,52370,376,52118,5.211e-06,0.0,,,live
2026-10-10T07:37:14Z,0x2d75dde916295ef46063bde8bc6ff838524ee46e,0x421b568fc86df765adb3caecdef405d1282809187bd575ca9213d80cb13d4c1e,0.8,0.0002369,39596,75267,223,54126,0.0002369,0.0,,,live
2026-10-10T07:37:14Z,0x2d9fcf16b52698dd6ddf535dbf619b94cc59f747,0x8adb2b46cbab011a912e8a8b1f40d2dc040954a0288b72d9ee3a40f994c0e44e,0.25,2.999e-05,57325,2404,10,29999,2.999e-05,0.0,,,live
2026-10-10T07:37:14Z,0x2daa471d73ada0c59794d46675412ddb3dcc8777,0x6732721b703f89444b4c2856c7382d542ded000720ba3b0f4335df10d0e6503e,0.65,2.733e-05,25689,59080,196,27281,2.733e-05,0.0,,,live
2026-10-10T07:37:14Z,0x2e0163a2c55902023be552afa6d931ad01c3a6f0,0x06ad5800e89e5a39400952efbd3be28024a30d68f159dcfdf31b4b6cf5c90a65,0.64,0.0001927,35683,65617,201,44024,0.0001927,0.0,,,live
2026-10-10T07:37:14Z,0x2e0847e8910a9732eb3fb1bb4b70a580adad4fe3,0x34d0dc122cf9a8eb296fc5e0d3a233625d7d19b7,3.22,352.39,1010705,1740603,3370,6083353,353.99,0.5,6,True,live
2026-10-10T07:37:14Z,0x2e2a84ae1d422135f8a8b3cef3f0d528d3fc23cf,0x64e776004e5b42bcaddd5057c1463c8b83870e64999266389fadbd8312ed612e,0.47,8.969e-05,69648,895659,2265,89695,0.0001111,19.3,,,live
2026-10-10T07:37:14Z,0x2e38b924293fd458f77a4ef549b1b81d33120d01,0x3bad6215f6be7db2c05299cc00b91fbfdc62038cd313e7722cdb805b5862044e,0.84,4.514e-05,17244,4803,15,10310,4.514e-05,0.0,,,live
2026-10-10T07:37:14Z,0x2e711ee3206c86381016f97dd5fa81493aae0bd2,0x56bfcef438978b592e11e236088d3bdb809460ccdbcf5508d48c4a575bc28cd8,0.06,0.0001833,34794,54738,205,41882,0.0001833,0.0,,,live
2026-10-10T07:37:14Z,0x2e910ff843d3987b35cca81e8664094e2c3a0777,0xe0b900ede4708e946d6952cd44c6b11b6e5c203c49bafadff1d4286efdabc65a,0.15,1.867e-05,21246,35316,126,18634,1.867e-05,0.0,,,live
2026-10-10T07:37:14Z,0x2ed35f95897006a6caba21cf8e1cbf3e54847cf2,0x8537b07d3c2798074113b91ece1efca936acc9c7b2c3e2f641fefa215728cae9,0.88,2.808e-05,27246,32578,252,28085,2.808e-05,0.0,,,live
2026-10-10T07:37:14Z,0x2f23ef42cf13ef457bbb85a3e2cbda1232f77777,0xed0bae577db33be8c375e31d0cf5ce4ac688e773baf387ce5a927f48a6ef3d2c,0.48,6.943e-05,27538,2393,17,15865,6.943e-05,0.0,,,live
2026-10-10T07:37:14Z,0x2f2fee716846ee5b1ea09fa68f4d6369c4ef46eb,0x0a54332acee04666c0c2ab267b02004009b6da56af52ac6f97843e0d4d4b9f17,0.19,0.0002321,39122,74758,236,53012,0.0002321,0.0,,,live
2026-10-10T07:37:14Z,0x2fe0681044c17fe012a3d7dcf6c0509e82ea1111,0x4b641ea6caf9a2848fb9307a57a905c5a49450a85a8e38975493cce36baff0fe,0.68,6.223e-06,6224,3,10,6224,6.238e-06,0.2,,,live
2026-10-10T07:37:14Z,0x2ffb64f696e942bf368edb0984030a9d0b45f060,0x04b81f3838179fe46a9308950c9bf8c2acbe27af477cd608999038890395986a,0.52,1.032e-05,9807,7,2,10323,1.032e-05,0.0,,,live
2026-10-10T07:37:14Z,0x3000b2370ce142a94500ca2a0ee0a512e3b9c670,0x7dc29a5046e518eee1e739bb75f288701aa7fcbed6e0f591e9bc8f278ed705bd,0.89,2.954e-05,29192,32081,253,29543,2.954e-05,0.0,,,live
2026-10-10T07:37:14Z,0x3068ca5ad4672071aac07f8c592af1b457db2660,0x057f1fc0dcf73bc2878873dea60a66551b62d3266cf83e8c31c4bf001620469e,0.34,3.149e-05,31101,3764,31,31491,3.149e-05,0.0,,,live
2026-10-10T07:37:14Z,0x307cbdee1a6e746040a04e45a27013a16f7d7777,0x0aec63affa3c16fd63fc684a1978ec6d110032817ec110c0d13d1a9cf5c8ca79,0.3,0.0002104,48060,47335,229,48081,0.0002104,0.0,,,live
2026-10-10T07:37:14Z,0x308da49c53d3f352e5fe48f1ca4b3d71fbc47777,0x964476a4e01507a852b532b9d03c6d30bcb2d0d286d856d354ea368aa172af2e,0.93,0.0002169,48964,50702,233,49579,0.0002169,0.0,,,live
2026-10-10T07:37:14Z,0x309eebf2b90d1db1c41e34cd01e2aa0b5e5d4b49,0x59668c09c0758f9e8ace38c184360e020576fd52,0.53,0.006037,243737,9236604,14135,6037055,0.01221,50.6,,,live
2026-10-10T07:37:14Z,0x30b7c98dfd8f0d69c873b1afeec7953472b644d2,0x4769de9765b6fa1bd6bbdfeda9630309d073f7bd6cef19de59fa1717cc24c635,0.69,2.492e-05,24921,1,2,24921,2.492e-05,0.0,,,live
2026-10-10T07:37:14Z,0x31019a60f496946c4d78b8cc3265e0b621d55065,0x4a1606d53f789b6b0ee648fb0d7ca2c39862090301e219909f986187254073da,0.96,5.545e-06,44016,65026,250,55459,5.545e-06,0.0,,,live
2026-10-10T07:37:14Z,0x3102628278fd1e8f9285098c170301e0be09550b,0xb35d225dd15faa9e23bab9ef8920996212e2adccafa6b2c008ce096dff81b465,0.69,2.794e-05,27853,1495,7,27942,2.794e-05,0.0,,,live
2026-10-10T07:37:14Z,0x3148ded618ac2019cf501741fba81eebfc87bab2,0xec1bb8865012b4f16d1e627200237ea71eeb0f74fd27f86f133efb30a7240e70,1.39,,,,,,,,,,dead
2026-10-10T07:37:14Z,0x3183d125610725e1b507fc78ae5a16376609495f,0x8927186a3ceccc96e63cac2d6fb37e9fd099321ecb0518fb50fe1131e9795081,6.35,0.0006998,112238,45424,801,629863,0.00170518,59.0,4,False,live
2026-10-10T07:37:14Z,0x31981a61c7e87f31c00cefd8171fc63f04ce0a86,0x6cfd90aaec3235ae95b0804028243a1efdefc980d872fb7e3ef1ad8c691dbf58,0.12,0.000289,43666,87854,226,66019,0.000289,0.0,,,live
2026-10-10T07:37:14Z,0x3201fbe1ecf57c84c2886fed7c9eb2f3021b7777,0xc5bf58bbe63713efbbe124e5ecf18526624d8127942d0d05ea5a2a45cd7bf1e6,0.6,0.0001966,46409,49929,231,44935,0.0001966,0.0,,,live
2026-10-10T07:37:14Z,0x32197107a371f21ff675e73107683552e6117777,0xf64e73788f1f4dd4d814f5975cf7cac10544d805be416488e44b49d2a07b96e0,0.45,0.0001955,46270,49176,217,44680,0.0001955,0.0,,,live
2026-10-10T07:37:14Z,0x3225cb3bedd1bb147f94b5816942a3b0235c58be,0x8bcfc9039d986dd6d08b3a9bf67e48a45f0918b94a22300f1c2687aa4c89073f,0.49,0.0002968,44116,88084,235,67806,0.0002968,0.0,,,live
2026-10-10T07:37:14Z,0x323fe2ccc5b8fabe2263ded25602d8c5b48b2432,0xd6f53bb195ff1e3c2e7c65e90255dbf2ec854398b3007e2886f8e869f47c1cdf,0.28,0.0001796,34386,50205,197,41022,0.0001796,0.0,,,live
2026-10-10T07:37:14Z,0x327c6bfe07f0f60ae7b47f1f51c12a2912c3f4c0,0xd0b72f9777e8ea9855e57a04fb629666c869b4b5b30a25308e553e609c1a07a1,0.34,0.0001977,36074,72352,231,45162,0.0001977,0.0,,,live
2026-10-10T07:37:14Z,0x32cda1abbfa80c7c75478175ed767a1b07411111,0x6643a946373589fa5b8ce6f5d3e96a78c8d7d6dee37d5d776122466a82d886d3,0.68,1.243e-05,12435,1,18,12435,1.243e-05,0.0,,,live
2026-10-10T07:37:14Z,0x3315552231697ca5bb57697e4bc3878597b9dceb,0xa1de7ca655b6acea88262e362cd3ae0bd5ac23aabc9e19a86381655eebd623c6,0.69,0.0002833,43226,86794,233,64721,0.0002833,0.0,,,live
2026-10-10T07:37:14Z,0x337bacb7ef60a80c1c8eef9e5c6f6418a0d16470,0x271b9e111964f358bd9c03d08cd940b1fc5cf25f9f7d7a7eacb2bc793e04e02f,0.95,0.0001621,102372,382864,1229,162149,0.0001621,0.0,,,live
2026-10-10T07:37:14Z,0x33c5f9d69857b3fa67cf90d44ebf3fa4d6887777,0xb59b0336bc5b813be2bebdf2b4efaf9e5d37ac8adb2596f2ee0775226179c702,0.22,0.000193,46081,50737,231,44114,0.000193,0.0,,,live
2026-10-10T07:37:14Z,0x33d09ce973e49b0b16f8d1a30fd09c7641505f88,0xec350a5a95d130b91773c17692ddb9d364e1cc24863d3783dd045413ab9f611b,0.76,8.331e-06,7123,0,1,7498,8.331e-06,0.0,,,live
2026-10-10T07:37:14Z,0x33d901d3d5e9a768bb06676c11e302bcbbc8b2dc,0xbf2409c88be9f6e9bd96cbcf145c0ab94ad641d7af2289593f96edd1facf5f82,0.79,304.78,304583618,4429671,6340,304781820,304.97,0.1,,,live
2026-10-10T07:37:14Z,0x342806b7466a397a8da9e4ea7d2d36dc261e7777,0xd46b106f9075a04214979116196b9da57326c8d71037a932828fe30206fc0873,0.14,1.852e-05,21174,57022,180,18488,1.852e-05,0.0,,,live
2026-10-10T07:37:14Z,0x346fc4cd968ef218dc2d4ff3ef5379e6365ec829,0xfa72a9495b7e2d38a737664c961a3d0c89bcdf605b9dc3788bc0a1301d71304e,0.93,2.617e-05,26157,576,7,26170,2.617e-05,0.0,,,live
2026-10-10T07:37:14Z,0x34915f3811de586696eb161330c77085799d9777,0x21a2ab8293cf70b02fe94a606f09d5a1fb1664fea0b40b37e8fccd434698b55d,0.59,2.358e-05,23841,41831,140,23536,2.358e-05,0.0,,,live
2026-10-10T07:37:14Z,0x34ab72991834855395f1e67724124ef56541ec9a,0x5ad09c1d6a000e7eb0debef0e5c1b90f66d6d9b775c3da98c2666b1e7554dd91,0.68,6.267e-05,46235,434464,2039,62675,6.267e-05,0.0,,,live
2026-10-10T07:37:14Z,0x34db9790fbd8eb6f33a1f141e2cf10673552436c,0x2df4fef7bf544b51b800111ab143499e5a2a0b32b083ff96c540a817ff303d73,0.91,0.0002754,42717,93572,222,62919,0.0002754,0.0,,,live
2026-10-10T07:37:14Z,0x34ea7f7ad84fd4d6684f3e3634b5d3409a703617,0x39f587d7bc3c7c5a0947c2944d3b4560402713328abdf1ee0863b178022c51ea,0.11,0.0002513,40719,79541,193,57401,0.0002513,0.0,,,live
2026-10-10T07:37:14Z,0x34fc97dd80ed918740f8564f70bc27a090d696ef,0xab7a90c9fc78a694060421a2c11a2eb803c2fcef2cbb241c749c82a52c13d138,0.4,2.946e-05,56738,1337,6,29462,2.946e-05,0.0,,,live
2026-10-10T07:37:14Z,0x3532bac889ac54f35b180b5793806032c243f6dc,0xc40c6a4490d17b548669d574a0990bd15fc26c904ce62c14f9627fe74cda8494,1.08,4.78e-05,20206,73905,871,45107,6.631e-05,27.9,,,live
2026-10-10T07:37:14Z,0x35452a86ea20c0e45589ba78e7bc1244dedc2768,0xaa64f80b0001143addcc90459a20e1a6b63551c7cf3b150121f8de9fe9bfacb9,0.92,6.262e-06,12512,0,3,6262,6.262e-06,0.0,,,live
2026-10-10T07:37:14Z,0x35837af9087442c37b8b754b516a164e18a07777,0x73835e1928c4f84d73eea8bb692b0f868257dde6d82c31da8b153063d7001eae,0.39,0.0001951,46245,50067,232,44596,0.0001951,0.0,,,live
2026-10-10T07:37:14Z,0x35c18177c5ffd71691f5f66fe2ccdc24d4b31777,0x67ad25e5109295cf82ba417cc1733067bab8e0a995362da9510c46677110a18e,0.28,1.44e-05,18658,10541,46,14373,1.44e-05,0.0,,,live
2026-10-10T07:37:14Z,0x3638ae0903451acef1c417350c60d35cdc074777,0x6272f7fa3d08d24f11857bef5a6857f91574b5e2d4509d30a745a143638a4121,0.43,1.91e-05,21462,38612,127,19070,1.91e-05,0.0,,,live
2026-10-10T07:37:14Z,0x3658360460e47239fab35c88305df1b9d330cfdd,0xac14f1488b7ab88ce11ddaa20665f5886f4c5f5638a156a5ad6295ffbbd35c5d,0.69,7.032e-05,58768,134861,825,70325,7.032e-05,0.0,,,live
2026-10-10T07:37:14Z,0x365ca18fbc248c1291d6cd04f1a97d2497dce777,0x7f511c64fc12f682427dc03e799ee9329352ccae4804c0e803a2d1ff87c79fd6,0.92,3.023e-05,27118,55382,181,30172,3.023e-05,0.0,,,live
2026-10-10T07:37:14Z,0x36ac19120fcfc9a7908f755c40ec748f53767777,0x2ebcac9660392f9d1816081356b66cfaedff83a83b0fe88723ee7a5c4f6ef31d,1.48,,,,,,,,,,dead
2026-10-10T07:37:14Z,0x36aeae032be16f82fa13d27624af907239a22540,0x4a259fd54664bc5c67113292a9e6f36f7c5089c7b23328ea5f4a470066244b55,0.78,0.0002124,37476,66457,183,48529,0.0002124,0.0,,,live
2026-10-10T07:37:14Z,0x3707bf61e4a04d58d46654be49ff5ff5d14e7777,0x3ea8fd19001ccf221113a94bae587e04d27eab4d617dfc89ecc06e8ac17e022e,1.47,,,,,,,,,,dead
2026-10-10T07:37:14Z,0x373b435ff7495639d7d2439eae23966e38b57777,0xd5aa6692fdbf1c3fa942f07474671e2ec6a79c193558c358d0cf2f9067584d80,0.05,0.0002196,49170,52990,232,50180,0.0002196,0.0,,,live
2026-10-10T07:37:14Z,0x374cd58b5adface47cac555daa6a02dfb6fa0777,0x45ca3ada24e5f99a406772bdf2151659e946b2fd459adbfbbcca6bc5456a2c09,0.9,1.267e-05,17547,23523,87,12648,1.267e-05,0.0,,,live
2026-10-10T07:37:14Z,0x3767ab62b2d3052e337a7448b60fbccc0fc67777,0xab518373f79d00906a8c255e210c9e80a4a621ae4297665f3b0fa212e235b0e9,0.28,0.0002078,47777,47900,209,47483,0.0002078,0.0,,,live
2026-10-10T07:37:14Z,0x378a50eac56f45fb74e4ce7f1962dbca33515c14,0x2dc884e5ca605cd70f8177655aeb62f0e4caaef85c1fba477e6c27ad8cb884c0,10.78,0.09131,2526,660,10,1515828,1.04604,91.3,,,live
2026-10-10T07:37:14Z,0x37a40838c2d05c775c84f91852ebb93986fec270,0x7b6ca231ef237284b53069bd7cc28b71701de68510b8ca342b89c26c90b0aa83,0.98,2.532e-05,25326,154,5,25327,2.532e-05,0.0,,,live
2026-10-10T07:37:14Z,0x3810311196d49931ea414c5857a09f1ee1ef0ba3,0x193a44150999ea55c3559ce577c6cb8682f4cffd47915bb87964c99a6f1f7c4b,0.35,1.024e-07,8705,3,15,10241,1.024e-07,0.0,,,live
2026-10-10T07:37:14Z,0x384bed880a5bd6834504079d3a5ef097d9a0d560,0x6dd47702af1b3466c031b26d3a14fe09ce991828f1070f32f4ed5a83e9144880,28.35,0.0006608,36514,98,8,18547,0.770428,99.9,,,live
2026-10-10T07:37:14Z,0x385f4f8ae47651ce5f58f5265395a669f8281e18,0x46525dc119850396470f132c4a989d7192cb692139db891b5a4cdcd684c11b17,29.36,0.0132,534602,67006,784,13201868,0.0636511,79.3,,,live
2026-10-10T07:37:14Z,0x3862d1b1ad424f566eac0b26c739621e0fcf7777,0x52e33e3dd4c08b1a76d93f2999de647d8ddd3f010696725e84877ff9aba05284,0.85,0.0001939,46148,53471,240,44309,0.0001939,0.0,,,live
2026-10-10T07:37:14Z,0x38b82c5afa1ae9b4498931a2bacc7c84f305d2a3,0xaa4f3e5fed6d42d0f8b26ad80a7e90d5f3634abfc40eab154e4ed8fc827aaee2,1.65,1.225e-05,10436,9338,272,12128,0.0002082,94.1,,,live
2026-10-10T07:37:14Z,0x38c38551da4f91d76bf4ab8e18b2a0d3be542777,0x2d0bef4d0296dfe81ccd4fc63cff128b621007192e4bd6cce4bc232d4cd84fa0,0.4,2.26e-05,23336,26853,102,22564,2.26e-05,0.0,,,live
2026-10-10T07:37:14Z,0x38e3a5b34185460464ee120dafefbb612f924777,0x52f187a27a5278c4ed2b5c5cc5fe0b878b0de6018e2c40971821df9efe519938,0.64,2.574e-05,24980,50473,180,25693,2.574e-05,0.0,,,live
2026-10-10T07:37:14Z,0x3922e2deee94832465066c73e87ee3b99c4297dd,0x0de9c98c190e1348dda0f6c63ad6a7d0fed3558d6eb0115f401bfcb5eb9bb13d,0.55,5.973e-06,42179,53611,237,59737,5.973e-06,0.0,,,live
2026-10-10T07:37:14Z,0x397463402ae64bf77eb4fb35e24199bd1bc57777,0xb1bb62d117333cad74ffff701de1146cb53de86c8f2f8cd52fbfe297ab850531,0.56,0.0002204,49195,51879,233,50364,0.0002204,0.0,,,live
2026-10-10T07:37:14Z,0x3983a5bff04753b2931725922c44500f79ba1b07,0x0df59ddabe452d6acc35ebbe90c6e9675de93b5defde413f1d60df2acb89a778,0.69,2.458e-07,24586,5,3,24586,2.458e-07,0.0,,,live
2026-10-10T07:37:14Z,0x39bb827180bd8da58ab89885aa17e0c5f7357777,0x7b804274c8d7b3e73c8bd627de5e2920a254cd1e059f2c8def4172d90e466744,1.37,,,,,,,,,,dead
2026-10-10T07:37:14Z,0x39d757bd99f509e761d39448cef0e7c9d20e1e18,0xfe603eb485bd2627c87ca72df7b75cd67838ff1f1bd376918365e0be41e82c24,1.37,2.058e-05,20633,12,9,20582,2.058e-05,0.0,,,live
2026-10-10T07:37:14Z,0x3a39ef81b3f0f7f9e2885616a353757beabe7777,0xebcd84798edc9a4f6c298771d533fadb067d9899b7473c80b3e4f2891f3606a6,0.13,0.0001739,43726,45380,225,39748,0.0001739,0.0,,,live
2026-10-10T07:37:14Z,0x3aeda74e4a3f998a98d1d0ab7b15e5fb201a9777,0x07a04dc0a799cef4d459bfc2044e366fea19741555829794083d22cdb87fae57,0.92,1.228e-05,17286,16264,57,12259,1.228e-05,0.0,,,live
2026-10-10T07:37:14Z,0x3b47226c143af7cf7d366473b529d6d6dd247777,0x1da5720e59c06eac9c633a6c6d2fc9b7248fb13cfc0d520c5ead97db3a15e703,0.4,0.0001861,45142,49802,231,42543,0.0001861,0.0,,,live
2026-10-10T07:37:14Z,0x3b8f310fabf26a480eb24a098991d68b3ac22777,0xae61552738d01b65d4bf37a1a17ce351727a46af557c8e105c10a5370d741223,0.93,2.168e-05,22954,52617,177,21646,2.168e-05,0.0,,,live
2026-10-10T07:37:14Z,0x3bb6ae6abd139302a1d20a1391cc71f09bc419c8,0x79c35e09403238aa90fb6beef4a67680e3ec94f0b940be7e43fb98039f095a89,0.86,0.000218,37910,66316,232,49801,0.000218,0.0,,,live
2026-10-10T07:37:14Z,0x3bdb6fe38f6a1017581b3bc1ee19030ab42be777,0xd4ec5dfae8fd3a98d6d0654af1c06183a1a9927b660af511e20efa38e454e66b,0.93,1.016e-05,15714,5216,25,10144,1.016e-05,0.0,,,live
2026-10-10T07:37:14Z,0x3be4eeea6c49a1859be023b0c0acd442faacb762,0x5d93b6eb10a1b6bf57e5a925ea393efc428f64f838ad843c0ac30ba1335beebc,0.24,0.0002211,38208,73391,234,50518,0.0002211,0.0,,,live
2026-10-10T07:37:14Z,0x3c6c8eb3f325aae8be1670475c0804d59fcc8c75,0xe998a40de4ca9ea24daaa5b3d6a89646d68aace697d9b77387fb7e7e3e8f91b7,0.78,9.948e-05,5029,235,10,9948,9.948e-05,0.0,,,live
2026-10-10T07:37:14Z,0x3c7b315837d8732bf6378932ad218cdc4096e6d0,0xf95564b4218df8432306f915f7144a08f512e43acbe8c0264b8ffbd761c37a56,3.0,3.899e-05,18248,12056,249,33542,0.0001611,75.8,2,False,live
2026-10-10T07:37:14Z,0x3ccc990d3fa66a284124352910b8e10ce895e165,0x36c92f4a5e240f4a2c3e764a0bff3cc94720eb6c,0.98,5.055e-06,5056,0,1,5056,5.055e-06,0.0,,,live
2026-10-10T07:37:14Z,0x3cfd611ee777c11a8532e5c3d47deb1bd29eb2c3,0xc15e21508e85ad3723cf9b28655f612cc7b2bdee,0.92,0.0002487,243734,1,7,248708,0.0002503,0.6,,,live
2026-10-10T07:37:14Z,0x3d1f3866b2f352170ca53e161998b5d5f595d3e4,0x78600cfa65e80604d21c5ef9198714a2472c3b7d814b5ffa76dff4bd8eadc5ea,0.93,2.501e-05,25012,2,6,25012,2.501e-05,0.0,,,live
2026-10-10T07:37:14Z,0x3d2c8937b937ceadc8d22fd012a4f0fe7791d274,0x442a3faad4ec12cec5c8f7adafd1b544d56f3822c4166bd5428204aee13423ee,0.4,2.838e-05,55648,836,5,28383,2.838e-05,0.0,,,live
2026-10-10T07:37:14Z,0x3dc260acf4a5fc8c29229b605c2842346c0f9777,0xfca1fe7e41b7fb014d90ff4b888fdf8a7e2e6adee67b9a10f14c2c33fd4d881d,0.38,8.396e-06,14234,3658,18,8380,8.396e-06,0.0,,,live
2026-10-10T07:37:14Z,0x3dc57b7657670d9617fe2d7bd49e6656055a4558,0xe2603d8bc1f0e8abc2f4a0dd4ef8dc96503174bae88b6d849f746cdb1852c56e,0.91,5.494e-06,46892,48908,223,54944,5.494e-06,0.0,,,live
2026-10-10T07:37:14Z,0x3e2f7e9f96643538ec0c06dc324fdd2767736028,0xd1f15f6e886fd06f0edf55ae44da3c83eca781183970b98045605d447cbf2e0b,0.56,2.482e-05,24829,434418,1000,24829,0.0002092,88.1,,,live
2026-10-10T07:37:14Z,0x3e5be7dc74e839fd2df3b59f5b4c67e07cd71111,0x0449fc09566f1066827cb07683dbddd524be05c359e618a15d92fa931d5c2752,0.68,1.24e-05,12400,4,20,12400,1.242e-05,0.2,,,live
2026-10-10T07:37:14Z,0x3e6eb0dbba75afc975161b3219406063e3b2de65,0x8ab1a5aee1712265ff8b8ccd23b45bb780755be913cb57131a4064c8f764e604,0.35,0.0002613,41463,95492,241,59690,0.0002613,0.0,,,live
2026-10-10T07:37:14Z,0x3e7ceb13db72703bb6c9883f4b0b1961acbe7777,0xe25921b5e9f997acd9575132b81786f36f05cb115560c22ad9ca3bca8d7cdbc8,0.44,0.0001954,46265,50136,227,44660,0.0001954,0.0,,,live
2026-10-10T07:37:14Z,0x3effdecd100dad23aadb2b9424ccb861efe778b6,0x78681291cf3c4a8956e63f91179712ea90398c8c210fb32da6aaae5f1257b9c8,0.88,3.403e-05,30330,30974,254,34032,3.403e-05,0.0,,,live
2026-10-10T07:37:14Z,0x3f0bbfbaf9da146f7aaf60303733471eaac8cbb3,0xd5c91eeff9121ab5cbf855ba4a6668191c01d161675f375b04370e8aaa78a11c,0.24,2.837e-05,55544,598,2,28377,2.837e-05,0.0,,,live
2026-10-10T07:37:14Z,0x3f234a77e5782738fbaf6755ec4b2fedb76abfc3,0x5236b6c6b76fd9a2acb56e7a967873d480156752f237acaa3a8d905e30e56a77,1.64,6.27e-06,6296,1,2,6271,6.27e-06,0.0,,,live
2026-10-10T07:37:14Z,0x3f8062fb24d186baaee61f61369d6b99d368b4c2,0x7cbf9c3bc491c0ce70c47ba6a4a2c596d69722e5a0105cda956e1f7faa174714,0.48,7.672e-06,7287,122,3,7672,7.672e-06,0.0,,,live
2026-10-10T07:37:14Z,0x3fa2d23997577c78967af1197da56a2f06dbe77d,0xd732f98c6d746bf71aa12cb297134ef307a52df5e81914b30fdd761324e760ac,0.8,0.0002371,39601,71227,211,54171,0.0002371,0.0,,,live
2026-10-10T07:37:14Z,0x3ffe423bdf8e488ea9ac8134e1b7e3bbf8cba777,0x9057404b1581986f3c7e77a23d3480a428be7f921f57ce67d7445372d5cf8e91,0.84,2.584e-05,24994,24479,99,25797,2.584e-05,0.0,,,live
2026-10-10T07:37:14Z,0x4038264f275f93d468235f39bda4b2954bc67777,0x63bc44a24f514064cb489b36a1697d11e3354a633264cbf469a807f92dc12c71,0.34,0.0001941,46155,46469,225,44356,0.0001941,0.0,,,live
2026-10-10T07:37:14Z,0x407e6b32ea152f3f569b6f78a59de7feb8ae3ae8,0x4d8d8fa048c1beead09bf013b2eea84916297aa862fda23932616e518739704b,0.22,0.0003111,45305,104628,228,71070,0.0003111,0.0,,,live
2026-10-10T07:37:14Z,0x40960ac97ad50a228b1dffa7019026dfb0627777,0xb42c30a72f7d0f9f320b07bfd05cefeb320ca793113ae8a152d91da72627bc4e,0.9,0.0001852,45208,47454,230,42328,0.0001852,0.0,,,live
2026-10-10T07:37:14Z,0x40bf79e4d7de54c3b3789baa8776ad970d205777,0x480977764c4088f4e55f2ca7a9ba0f0f5d70c92e6e714bb55806e9855d817295,0.95,1.661e-05,20092,59521,189,16587,1.661e-05,0.0,,,live
2026-10-10T07:37:14Z,0x40ee90a66e8b707488fb44b73e3c426febae9bf8,0x8b00d9c6e5d3ef348e2ceef1106b539a777ab4ab66f1b3f44658ebeac01d3300,0.35,1.069e-05,9750,140586,2428,10694,3.499e-05,69.4,,,live
2026-10-10T07:37:14Z,0x413630e6c2b6536892b958e3ea6f58a3515a1d30,0xab95e91d2c860403943be4b2ed365ac557c50e3a64421f9cb936ac71565cbd45,0.35,0.0001463,31039,42064,168,33425,0.0001463,0.0,,,live
2026-10-10T07:37:14Z,0x413b3965fa4864f42122981192c12e4b4b0c7681,0xd1f60c657c2283a9cdda64441635d73909b399eb9445f34d3ba09257878c4ce9,0.64,4.081e-06,169545,13957093,16207,408159,1.638e-05,75.1,,,live
2026-10-10T07:37:14Z,0x4158caee80a13f0a8e67a677c559ca3f91db9777,0xa462eec7a68e97f526cddad62d1dc49eb839edefe3a811663cd037737d8d7b21,0.94,3.082e-05,27374,51800,190,30762,3.082e-05,0.0,,,live
2026-10-10T07:37:14Z,0x416d0c4b431cfa33b4a4974e3dfc9f5089137148,0x81af43b4a865633cd16c9758569cdb5846c54caf,13.4,26.75,69732,27583,119,42597,1308.59,98.0,,,live
2026-10-10T07:37:14Z,0x418e4978787c4e5d4754fb88495f12a6546a8f97,0x38dad78e139c74cf6370f162a848734306a41ab40e852d8fde5655b877ab67c8,1.36,,,,,,,,,,dead
2026-10-10T07:37:14Z,0x4192bc8b9423e7fa32ce2b74c469a66c78e8987b,0x3d9a2a7e1b0ddbe50c1f828bfcbd954bb3c11f3278402bac0b28b2a078470f66,1.36,,,,,,,,,,dead
2026-10-10T07:37:14Z,0x41f27016821d23e58a89299259e6799d6e82bec6,0x0627978fff36c4014be550cb3e90673a3b18ec37b935a82577efa8b6353c77f5,0.4,6.738e-06,48363,47115,232,67382,6.738e-06,0.0,,,live
2026-10-10T07:37:14Z,0x41f3573001cc8147c199991acd494d057d272944,0x5dccdf761e95629d894434dcb9a1fa66d326af3862dfdbc51a771b481f9e808c,0.32,6.25e-06,6251,2,2,6251,6.25e-06,0.0,,,live
2026-10-10T07:37:14Z,0x42276eea3ad8db5c4dd0c81024c0101e838aa777,0xb5147e13443affa2638689f8a038c8bf5b14ee2103d7783de18352ee2810ebf5,1.42,,,,,,,,,,dead
2026-10-10T07:37:14Z,0x4232d3ae77360490471c6bb8ac8cae6c5f5b4544,0x14259eff87815c1bd4bd2e2ba962ecf35766d7de50db23022079a078615df3d9,1.38,,,,,,,,,,dead
2026-10-10T07:37:14Z,0x430c34a706e977b03f3149b6eca7a9b315d11e18,0xa985540658f9c00ac10c86a44f356b96ace251c925799b01eb30e6ae8bb54d2f,0.86,1.96e-05,19608,3,12,19608,1.96e-05,0.0,,,live
2026-10-10T07:37:14Z,0x43d7d941021e036f49dd57d898f025269ead4e1d,0x2de80161b1775c2012dc1b6cd36654b19f629a325e65edf36c4325f87108eae9,0.08,0.0002092,119579,255447,690,209290,0.0002092,0.0,,,live
2026-10-10T07:37:14Z,0x4430e74e90c15bf34ee50ef51c16643d56911e18,0x8e875f428e9c532187d104bf24298d75796dedf33b2c49d0c0c589a78469fd87,0.09,2.018e-05,20192,1366,6,20189,2.155e-05,6.4,,,live
2026-10-10T07:37:14Z,0x4444f2bfcb76f23ad8e411f11976c1a8fc592bd7,0x36c1a5c9b0fa0d94dadf8a638bdb0e35b56d6126083353634cde9a80d74676c5,0.77,0.0001613,32665,49784,171,36863,0.0001613,0.0,,,live
2026-10-10T07:37:14Z,0x446b5fddec510b17ff36022ad832be4d9bc93bf0,0xec4cd7e4d2e8cdaf1ccd906dfd09b92f3eae07fc8aa8808c168a7a9352798d15,0.86,0.0001763,34082,46508,176,40274,0.0001763,0.0,,,live
2026-10-10T07:37:14Z,0x4483c8f5f34d6b09a6bd8b2e12b4245ff1552777,0xff12f354b6be0115eb0085de7de1d7f04be484c5c8ef4323e2d51f16b8460e8c,0.91,2.483e-05,24567,54267,179,24783,2.483e-05,0.0,,,live
2026-10-10T07:37:14Z,0x44873bee882ecb75b2f11b395ef158374e2a26c6,0x898cf713fc34afbe90bc8101c11f925b4a3dd72daa33f624a206e03120b0eaf4,0.38,0.000306,44889,95497,210,69910,0.000306,0.0,,,live
2026-10-10T07:37:14Z,0x44bd7f46f71a8c1691f0fbdd5feea5916f4f7bee,0xae2b8300e072aeb64752c2605f9fba0e9df7b43055cef72506a96607a1e07f5f,3.44,4.632e-06,6559,203,23,4632,4.603e-05,89.9,1,False,live
2026-10-10T07:37:14Z,0x44fbcbc32c5ed3ec68a05dc63f0a4432b0a67777,0x431e1557bb32410769418a1dfa9354fe56fb3537bf0ffafbe4da1e6479084475,0.49,0.0001941,46067,44938,230,44360,0.0001941,0.0,,,live
2026-10-10T07:37:14Z,0x45068ace846144ddfbe5f70f9d7c915905c719de,0xf7203767026f894460bacdcd67a1cccfe77072932e7a18cfe6bcb9ca91761a9e,0.52,0.0002465,40258,69712,239,56302,0.0002465,0.0,,,live
2026-10-10T07:37:14Z,0x4545527e31ff8b7b27e6b1132ee808c2e3e18560,0x42846148382a7265ccbbcc9cbfc2a229a10fffda747660bbb4c42cbf0cff18a0,0.19,6.246e-06,6247,0,1,6247,6.246e-06,0.0,,,live
2026-10-10T07:37:14Z,0x45e5e6969d7641ca8080adecf2ea72f67e83532e,0x64c25647021c496d5464af265418e81c7fdd888d2478a55e9cf595ba0e85c96d,0.24,0.0003148,45589,98249,232,71912,0.0003148,0.0,,,live
2026-10-10T07:37:14Z,0x45ffc4716d3010f2b2ff8774537a84d5807f4eb4,0x7c7f1135e2424d799179371e95038194382d9b2d,26.68,0.09615,15590,159,206,93717971,0.09615,0.0,,,live
2026-10-10T07:37:14Z,0x4623c583b855e3baa0fb29153c437fec27485ba3,0x800c77e70ca852f1ed97e1f5a5ee1394b99c6c583404d7536a158ee10ee9c9b1,0.57,1.029e-07,10306,4510,90,10297,1.097e-07,6.2,,,live
2026-10-10T07:37:14Z,0x4674adcfb1bf9c531b5b03b93059e5251088bfb5,0x4829d043a8a198b5714dac7b007b2ef6c2b45d5261e7778cd980b94077315200,0.87,0.0003086,45091,94230,230,70493,0.0003086,0.0,,,live
2026-10-10T07:37:14Z,0x468c730ab39164a1c969043c56779133222cf019,0x5e97889490efa4158a5ed87c5feea768c630036b9d51129b20d22a96bc3203dc,0.78,6.324e-06,6349,71950,2487,6324,6.324e-06,0.0,,,live
2026-10-10T07:37:14Z,0x46a56761f15fea6d18f13a2aeef510908eb852b1,0x2a1d6159dd2ad04d3c71560fcd5455c13a6c563c0d9739f0408d7561e0d7e5e1,28.68,1.806e-05,10922,645,8,18062,8.78452e-05,79.4,,,live
2026-10-10T07:37:14Z,0x46d0906cecad15b18a317613594fcec377882086,0x7064ca597128fc037eda0dcd289036cfa48516db6e528301b6a1b99168ec57d6,0.9,2.501e-05,25016,2,6,25016,2.501e-05,0.0,,,live
2026-10-10T07:37:14Z,0x470699904ba858986f03fdee5cf4018cd87d7596,0x1a0dac73c3742d076263b55570300ee175ee69057ffb793afd5b4b76c822f396,0.11,2.493e-05,24933,3,8,24933,2.493e-05,0.0,,,live
2026-10-10T07:37:14Z,0x476809e520a46e1797f6bb168f83d146c165ec39,0x5249825fcbbfadba6a4ca50de459199a1beb37d23d796a015a66c45b347b36cd,0.61,4.236e-06,32481,51982,379,42362,4.236e-06,0.0,,,live
2026-10-10T07:37:14Z,0x4792a0b4a06198bf2040d7c86e5a7e2c209946f6,0x7ca8955ee80456b35963dc4483a1f859f3ac77d5,0.09,5.193e-12,0,31517,27,,3.237e-05,100.0,,,dead
2026-10-10T07:37:14Z,0x47b537f7c2c2183967fe5ba883291b8ada490db6,0x08a577c64162ff70293b60b7058d991ab5eeeaa8677a3cc8379bff71805e8a4f,3.89,1.702e-05,12057,41716,399,16269,6.5692e-05,74.1,3,False,live
2026-10-10T07:37:14Z,0x47cc79aa56530abb44c5f8b648dcf625f06cf10a,0x913a66772026b42bd3b83922647b8554936c33a0ad6ae3fd0ed104fd66846d70,0.24,2.168e-05,13608,64194,1343,21030,2.168e-05,0.0,,,live
2026-10-10T07:37:14Z,0x47fd30bf2f36009d650e18fc235de372873de555,0x48cde3849ed747050db530dd8311cad0243a1613c1fe6f15bc91f46911c61ffd,0.47,0.0002872,43414,76016,226,65606,0.0002872,0.0,,,live
2026-10-10T07:37:14Z,0x4879cd5fe9f57213618435fa2ad19f398326370d,0xe50a6ed732448eb8b5f4328d2646694cf57c54be90342ea585350470e91293e5,2.7,1.513e-05,11371,17673,517,14296,8.424e-05,82.0,3,False,live
2026-10-10T07:37:14Z,0x48e8a1b3c74a787449952f083f1e146e1051d2e0,0xfa64818c71fe9d08ff217082d9807e2d9c71cf62,0.17,0.0006227,560494,1,7,622771,0.0006227,0.0,,,live
2026-10-10T07:37:14Z,0x49140e45969703a865f8c1ea648a8100f0850946,0x0ae7d4a59663161bdd162587b66247b36312f33c573a903a827868716f2d9279,1.5,,,,,,,,,,dead
2026-10-10T07:37:14Z,0x49eab8438f69d21096dfffc76738e37dc92cb3ae,0xe279b1917c69c8af6d36a8693d0cdf555b4e8ab0997a80519fbca9ddd2278d19,3.84,3.401e-06,5393,138,7,3402,5.603e-05,93.9,1,False,live
2026-10-10T07:37:14Z,0x49fb66338190a2f7ddb1b50d5e6865fc4d377777,0x12b8c0b8523632fa789bb1fc4dc32e16e5bbc1d4e48e6524b5ab8e6fa1900aaf,0.24,0.0001967,46529,48590,228,44951,0.0001967,0.0,,,live
2026-10-10T07:37:14Z,0x4a596fee6c29a21eeb35ae8a5cadc39da1db2360,0x16b070d1c854cc156263088804e260709542eae0b045bfa4bf7b0c2ac44fe820,0.27,0.0001343,29735,34957,141,30675,0.0001343,0.0,,,live
2026-10-10T07:37:14Z,0x4b10442db7ab9453c958a5881a3b50d79f6c19fc,0x0883d4e9ff3231c4a8726df403340fe49fedc32a,0.13,3.461e-12,0,33107,33,,2.456e-05,100.0,,,dead
2026-10-10T07:37:14Z,0x4b89dd76bf7993f7aa82ab8e99f2ce901f246fee,0x8278965bf7f0a464bea54bfe8265ac4d9e118be30a7e3eae15723d576521b0a9,0.87,2.573e-05,25728,401,5,25734,2.573e-05,0.0,,,live
2026-10-10T07:37:14Z,0x4bc57e8ee8c3d0d1419bce948a1810c2cab01584,0xcb6db0c2cea9af8e6f165089394b5f1db25e3ae9f4f394434fc475e34e212177,0.87,2.492e-05,24929,2,3,24929,2.492e-05,0.0,,,live
2026-10-10T07:37:14Z,0x4bfb64896cc64490607236f7c91f98b026e21e18,0xb77e829024ef2cddc7d0f76269baee54c287bbb4c0efa234aabfd89812382c8f,0.4,2.005e-05,20083,14515,357,20058,2.022e-05,0.8,,,live
2026-10-10T07:37:14Z,0x4c106862a5d95619414a7e5add90f51f2eea3116,0xfad53634d11dd8ba9b19076def3dc6ff8b8c9336d5a3943c880328af76f4723b,0.41,4.64e-05,43062,9118,28,46409,4.64e-05,0.0,,,live
2026-10-10T07:37:14Z,0x4c1b3c7c9d3c08f4103efaa3ef0614de937a2777,0x4a042244ca3d1f097368f2dc38d4683fb52aaa34c18bc5494fcb56ea74b4c820,0.14,1.439e-05,18667,9387,39,14367,1.439e-05,0.0,,,live
2026-10-10T07:37:14Z,0x4c53ca31885ef4f86bedca2b3c1fec931bc9da8a,0xcf56bfcbe16bf85ee92d9ed4e95df29ef2beaf4a0ed84fa02f37953654322e82,1.38,,,,,,,,,,dead
2026-10-10T07:37:14Z,0x4c70aee738f705732b577bcd89b0623583feb0d1,0xa24b847907dfb8a3ed609f04acc5fdc8b187c48099403e6160bafabc23cbf48e,0.78,2.493e-05,24936,1,2,24936,2.493e-05,0.0,,,live
2026-10-10T07:37:14Z,0x4cc3e55f95cab91b1a3ea5d59fdeaeb94ecf7388,0xfb6da3b6fcfa9431155cc345177fa339b0f0f6b59790c865f8f6d8e2d89e3f64,0.68,0.0001686,33328,57570,187,38527,0.0001686,0.0,,,live
2026-10-10T07:37:14Z,0x4cc41797e320ed9efc480ac5f9eb7f7067f37777,0xb15e2968a1a03726faf73a74ee3120b3c0964659b2ef10ffcd0e2b293caf9760,0.48,6.266e-05,26162,2706,13,14318,6.266e-05,0.0,,,live
2026-10-10T07:37:14Z,0x4cf204acabdacb63ecd705afc2b1c4029f3c0777,0xcaff541579910abc5fe4e75ce5340f4db8a9583b978f3935ad381ace05dd3811,0.4,1.169e-05,16789,5063,20,11668,1.169e-05,0.0,,,live
2026-10-10T07:37:14Z,0x4cf4061a8d59211dbcf5177fe94a7fc7e07fa45e,0xa1b7dbc967865e0ff896ca4871e12f5b4fd231f513dc963b1bc35979cc53c213,4.43,5.879e-05,6375,3433,106,5858,9.6599e-05,39.1,3,False,live
2026-10-10T07:37:14Z,0x4d066ab4d924b7b3d01c6ecbfc142efe33aeb7fa,0x671b0a6a58ddd96af8b3927aa3d44d6c8cb074120e0b2a55dbe662b36bf915c6,20.48,2.072e-05,13306,24909,300,20110,0.00108639,98.1,,,live
2026-10-10T07:37:14Z,0x4dc9da81fa378181e113d7c67f77adc5cd857602,0xc8e72e2d5965e801ad910bedbbf17f95c947587cac1ba1b3d55f675d28cee473,0.62,0.001267,92971,162205,618,1267059,0.001679,24.5,,,live
2026-10-10T07:37:14Z,0x4dcc63d03d0c1c84fcc1dd9ebdb52b972f30641d,0xa6637607945e0814504e922c63dd04739e5411ec46467464dbdbbb57a2e33fac,0.64,0.0002769,42732,70346,239,63249,0.0002769,0.0,,,live
2026-10-10T07:37:14Z,0x4dce865018e5508f98da8a161d929bfe8c5824b3,0x12a4539ca6f6fbdee96e38e2fb5bd2825452c9882c00ffb30097e151e6696dde,0.19,6.246e-06,6247,0,1,6247,6.246e-06,0.0,,,live
2026-10-10T07:37:14Z,0x4dd6e5cc33b9c63401234884f44aecbd1d11c750,0xae551bf45025e1e68bc4978bae3a28a920cf786061aad04f23f0f41cb0b05f5e,0.68,2.524e-05,25247,6103,6,25248,2.524e-05,0.0,,,live
2026-10-10T07:37:14Z,0x4de0ae45fcce76a5bfa748c6a5792b054382efdb,0x488f1ee3b3c9bf057bf8ff3501588cf2ff6e4691049e0b6915d0397a5aa06d1a,1.64,,,,,,,,,,dead
2026-10-10T07:37:14Z,0x4df21d5f54cde6c6b9fbebb9d74f1d8d67927777,0x61837b0ed6c54dbc832921a28b15a301d8a6d6c3418988e0e43233866a14c89c,0.36,0.0001821,44705,42957,197,41615,0.0001821,0.0,,,live
2026-10-10T07:37:14Z,0x4e268f8d9e3886f5ec2bf27c7929c61faf467777,0x063a06d7b11b06faf4e84c4360a55ba6b16d3fb6b7ea9caaa9cb109c4cbec13b,0.36,0.0001346,38444,23516,119,30774,0.0001346,0.0,,,live
2026-10-10T07:37:14Z,0x4e2c833aa2bb8b8153b995424cae393136f0c777,0x00a7c7b14dde167bba7fe5ea19b5807edef5380d10687b59456d71b3ac168092,0.61,1.95e-05,21711,56618,200,19463,1.95e-05,0.0,,,live
2026-10-10T07:37:14Z,0x4e70bcc22da651a6e26e7ab9e6b4d4d8db5310d9,0x4361c54594d9ea9c6e14c5f6d571a4e5c0bf0631c016eb026af4ab982ad93570,0.23,2.457e-07,24579,150,8,24579,2.461e-07,0.2,,,live
2026-10-10T07:37:14Z,0x4ec30ab60a84916743cc6aaf5a9338b06f8f8e5c,0x19586f702150ce9478c840dad31be295a87f2faee7fcb2d9cc03a7ccd294bbd4,0.59,4.322e-05,40686,7938,22,43225,4.322e-05,0.0,,,live
2026-10-10T07:37:14Z,0x4edd724295c98c0b52ec69a9d23a7fbb9490a777,0x869fa027fd4171ba997e68267a5986300d0034abda219ac942cea9edc86cfa19,0.15,9.71e-06,15332,6619,29,9692,9.71e-06,0.0,,,live
2026-10-10T07:37:14Z,0x4ee7ba1b62d8d19c41b4cdefadf34fc1aa97cba3,0xebb816e07aab8a15129fafa2a4459b350b6f08b48cd5b7e82ad5be088c1a52d3,0.44,1.016e-07,8640,29,10,10165,1.016e-07,0.0,,,live
2026-10-10T07:37:14Z,0x4f1857c09b727c335fe8ebaf21e19c7b7ac1282a,0xd98a2abca354ead56b4c1182df41f99a0b119778a85b1f7d5e7a0a3b30924081,0.57,6.043e-05,52600,1673995,3600,60437,0.0006657,90.9,,,live
2026-10-10T07:37:14Z,0x4f247e8c4fed3589b067542465e25a640cbd208d,0x5faf8cd9d72c333924852fa4dbf5e259acb2f731f451938b771b03f3f1d19f27,0.14,1.005e-05,10060,391,3,10060,1.045e-05,3.8,,,live
2026-10-10T07:37:14Z,0x4f5100a3cc140060512402a7e47ae522ad10afa5,0xf2c082ce3581d2ff2340f82725ef56fde1ca437469ef85cc1d7553b7415f009c,0.44,5.872e-05,19636,8618,35,13412,5.872e-05,0.0,,,live
2026-10-10T07:37:14Z,0x4fbd7e2071523c32d52115c4c730514d79fe40db,0x25be4d46461e88d3660997ce6befe0cc9eff4f1472172eea90fd0015d643cf52,0.4,4.701e-05,45037,91948,285,47013,4.701e-05,0.0,,,live
2026-10-10T07:37:14Z,0x4fec605bdc6be92c6ad6e2308bc085f2a3b41e9f,0x2ba5fed9f02c95916152435109a90e73c7ce11e76a588bd5ff92696976be1339,0.59,8.469e-07,12306,1683,13,8469,8.469e-07,0.0,,,live
2026-10-10T07:37:14Z,0x500a02a20b0b0a3f3efccfc0559543f5743bd1c4,0x336ff94eba8a6ddc6b022e90fbe04cab9376fd68bab5b120810076a8555334c2,2.14,0.4785,20127,1318,21,76562515,0.4903,2.4,2,False,live
2026-10-10T07:37:14Z,0x5040d75dd94ed8f0fb00c0a16fac3ca957751e18,0xb6fa487ccfa0107877d7b0d780ba19c7d2e4ce032391556f41578d4afb3bea33,0.91,1.987e-05,19870,80,6,19870,1.987e-05,0.0,,,live
2026-10-10T07:37:14Z,0x50964a1b2425d962fd8f6c97e3f827a195087282,0x452b3c4a021db9ff515b8db2d8370336e759ea97,0.88,5.096e-06,5097,0,1,5097,5.096e-06,0.0,,,live
2026-10-10T07:37:14Z,0x50d163a87fb8b39268cbf692cfbaf76a8f1e0066,0x85affa754030fcca24451003c55c935daa9a8be2dd5011f960ee81aa90f12151,1.25,5.809e-05,22274,70751,993,56005,9.682e-05,40.0,,,live
2026-10-10T07:37:14Z,0x51033af63f9c90910f7736316edce43cc5e0a82a,0x993ee474799c7aa248e2e090227e4fc7a450989d9b7b946f0bc2b81476e04c14,0.95,0.0002297,38995,69219,238,52467,0.0002297,0.0,,,live
2026-10-10T07:37:14Z,0x51311e68fec990bf246d2de4453707d883a38f97,0x0b463d8c2756feb42b47760df37794dff05275fa231f83acca5bf9540ae97b82,1.43,,,,,,,,,,dead
2026-10-10T07:37:14Z,0x51de3d9656acb0b5712222b3d44739ef39ed7777,0xe0c2c6d3c2b964cc01642eff6622d91d2aa16f808589742361b09a85be7a3184,0.8,0.0001877,45490,49859,223,42887,0.0001877,0.0,,,live
2026-10-10T07:37:14Z,0x520fdafca62193fd12309f7500e13cf81d844777,0x362474048431ffb0bf9068e8e25099cc7791ef30195c8838f5b42b5a25a2cf43,0.89,2.937e-05,26700,57089,196,29321,2.937e-05,0.0,,,live
2026-10-10T07:37:14Z,0x5270395fa73e1bab3d5d278342b9ed85a0b50777,0x8f0b94034106fc08a1d1ad53b4b8527fa3fffc1b3b366122085b481c0360e6a6,0.93,2.221e-05,23241,49699,166,22171,2.221e-05,0.0,,,live
2026-10-10T07:37:14Z,0x5272c9d80bcdb5bb00824f1d47abc8c11895b2de,0x9a53787f9a356da996c87681e2346271c9b8b034,1.85,1.147e-05,10062,3131,31,10408,2.662e-05,56.9,,,live
2026-10-10T07:37:14Z,0x52f3c44e5663f71bb9d6514a429b2af61f7b6777,0xf031b39adf58843213735ba5099a0a089502d04fbb9238f9b53418c180c9c99a,1.34,,,,,,,,,,dead
2026-10-10T07:37:14Z,0x5318a1c2b08746d4b488e4e4ad39da439e3e76e9,0x56f6fe44a6538ee8b507a6940cf0045f389475b51980bc3a5f0b6b935bad406c,0.19,0.0002202,38116,62936,230,50312,0.0002202,0.0,,,live
2026-10-10T07:37:14Z,0x534258f825ae71646a8c72af5a8264dc174d1e18,0xfe7e1f7005256416810e14e3001efe6078eef749c95cd71e7a139a64d43f446b,0.84,1.964e-05,19652,1777,33,19649,1.964e-05,0.0,,,live
2026-10-10T07:37:14Z,0x53ecedd29afab48b8cebbcf6de93e1da1e970777,0xd6c991af15e75a0d8912139e3900f4e154098e9974dc5fea6e5220472ccc1ba0,0.31,2.163e-05,22858,61937,197,21597,2.163e-05,0.0,,,live
2026-10-10T07:37:14Z,0x5417eaece3885552e777fcf133254e641449ae73,0xa5646674f1481a4175be56a413514a0bee8ff70ffeb4d05cc13af6dffc95933e,2.6,3.702e-06,3614,403,16,3703,3.176e-05,88.3,1,False,live
2026-10-10T07:37:14Z,0x546d092a484d3da772a427de6f42242e17553777,0x9a54d6f80ed4ccb91a6f29b1e2af6847f5a77a1c5fbec1fbd7dedda3f9a6e7ec,1.43,,,,,,,,,,dead
2026-10-10T07:37:14Z,0x5476c3cc8ca9255fa286d66a4bd892b9c7d446d5,0x4f8429cbfba3fc14516a4e6a6b472e7e3410fdede9e33b12430f3061c46256d8,0.77,6.355e-05,54717,95471,212,63558,6.355e-05,0.0,,,live
2026-10-10T07:37:14Z,0x55555555a2b898ba0d5bd50bfc3dbc883ed43866,0x6a4369206a5ffac2d71588623588bd45a1cea97000f78215081911f91a0886b3,0.48,0.008253,8254,738,16,8254,0.008283,0.4,,,live
2026-10-10T07:37:14Z,0x55861be33dfc4861899daa6d7cb3ca04a1103daa,0x71bc8bd92aba30848672600ee0512719cb7c2138d7a8fe559dcf5bbb68512074,0.18,0.0002511,40684,82175,234,57360,0.0002511,0.0,,,live
2026-10-10T07:37:14Z,0x5587469bbbb8996ff09811ae6d19550aff1ba6e8,0xdf6f0d4410b7a96aa1b500cfad68a64e44b792e56cd8bf91642a8a777c12a41b,0.59,7.651e-07,12324,1200,13,7652,7.651e-07,0.0,,,live
2026-10-10T07:37:14Z,0x558d270eef2eac4e13c25469b921df93046ca724,0xa5b3513dd473d11ce2675fcf8fe149e28571e07815f04f50bb62e7204dbf8aec,0.84,2.358e-05,26423,30082,257,23588,2.358e-05,0.0,,,live
2026-10-10T07:37:14Z,0x5596f73efe42d4f643f78fa076be6e7ed76e7777,0x5ad4c80257e9a1122f97a66239ab711d763b0d8274d230676f15bb2842e8d007,1.35,,,,,,,,,,dead
2026-10-10T07:37:14Z,0x55df388da20fa72279731e6f813f87530bb016be,0x794aef4efd7beeca4868e6014b5cf119e04969e1bdb0c02f676ac0a5a5a2ec8b,0.48,8.174e-06,43155,45880,234,81745,8.174e-06,0.0,,,live
2026-10-10T07:37:14Z,0x561c67c31870c5e254d0e4823c0928de4cbd7777,0xf499bd66e25136e6c05e53d1e9b13f70fbf3f4eefc9782b724a70a818289f4e0,0.26,0.0001906,45767,48753,230,43556,0.0001906,0.0,,,live
2026-10-10T07:37:14Z,0x56235c1315f5daef6908960b61f01e2227a47777,0xd9bb6d1ff8d3f511b86b0f8199d8d28a3342b12d0adab79341fab9afdda458e6,0.8,0.0001712,43463,41314,203,39126,0.0001712,0.0,,,live
2026-10-10T07:37:14Z,0x5628dc5161d46f6c52896bfc73578a1f7e84c777,0x089279d6aedc69210d4233cac686f46cbbdc58e836c5eea81d5ad0504c23acd4,0.47,1.388e-05,18283,16341,56,13856,1.388e-05,0.0,,,live
2026-10-10T07:37:14Z,0x564420444b73a7c62b492ce6c8b0cfbab5518777,0x4ced012ce902ac4b2c9af851e945dcc426f1b39bf2c51404ee83338e38e4bce7,0.22,9.617e-06,15261,6657,29,9599,9.617e-06,0.0,,,live
2026-10-10T07:37:14Z,0x5765b40bfedd96a8b83800c13afa2466492ef9b9,0x1d778a0cb48f966358d30dba1e5714cb86a68eea,0.49,2.494e-06,2494,6372962,18567,2494,0.004052,99.9,,,live
2026-10-10T07:37:14Z,0x577c8db0c22fcebf1aab510f87c94d19fe038b5d,0xf66bbda1177474be93b16ecfa73ba502327ce9f3380c1f20f11bcbf69822d178,0.14,0.0003148,45568,94222,237,71905,0.0003148,0.0,,,live
2026-10-10T07:37:14Z,0x57cdcc0238f7afea4e58507413cd8582994a7777,0xb41f25165a79fa9b8bf3c37b68f3215f8173f456612526c6dfce84c57aac1719,0.46,1.814e-05,20888,30413,100,18108,1.814e-05,0.0,,,live
2026-10-10T07:37:14Z,0x57e87e84bd8d2d83bcec1fc3d0ad3c97c5fe1888,0x6db411e4caa4817ae572150ffc278d2932f31979531a703cf3bc8149ea78ed1c,0.3,0.0002274,38696,60927,233,51952,0.0002274,0.0,,,live
2026-10-10T07:37:14Z,0x58499d549efb37652b776c8b155ba5a2b7c88777,0xb2b5f74afc093d40a691358e824820ba6dd17cbe0894151e09572ca58a6c273a,0.97,1.469e-05,18903,19267,81,14668,1.469e-05,0.0,,,live
2026-10-10T07:37:14Z,0x586d84b4765b15edfa91ab29de30556cba92ca39,0x49a7c4445b9be3441f0a5431c6de649520b1428015e89ae524a42cba3bbe452a,0.33,6.13e-06,37011,48057,381,61301,6.13e-06,0.0,,,live
2026-10-10T07:37:14Z,0x587539e0593c53be062dc91f10e9d727b7964a1a,0xf1b877c30ce23ca5da9739e1ff9d9a443cee17a048b0a540fd3a85685d0cb7e8,0.32,9.954e-05,62095,296391,885,99544,0.0001437,30.7,,,live
2026-10-10T07:37:14Z,0x589a280892ae348f6bd295a241566c8018fd1777,0xb1a64543fefdd79f2087f83c76d826b543453bbbd5f7bafe0417632c58093298,0.19,2.698e-05,25555,45637,171,26932,2.698e-05,0.0,,,live
2026-10-10T07:37:14Z,0x58c31afc1c7f1f4896fb7441e2fe0642dc5c1e18,0x37b692868b3b0cc6ad50d736d2721ba2d8560baad9093f79604265b1d0fc758b,0.4,2.001e-05,20029,6769,138,20017,2.016e-05,0.7,,,live
2026-10-10T07:37:14Z,0x58c91a811275df41758a96457e4a951cdfc0b9ea,0x2d0f2e3e47d4945c4a3779e7b84358005d6fa2828fd967479e2a40ff89dfd7cc,0.6,4.129e-05,39225,14277,33,41295,4.129e-05,0.0,,,live
2026-10-10T07:37:14Z,0x58f4f2810a65e556081789a946fbabbc3705e777,0x475c1b004a9750735dbfb3550e9cbf4359c40496e9f85bd68a337bd3e0acf6b0,0.54,3.182e-05,27680,52531,159,31767,3.185e-05,0.1,,,live
2026-10-10T07:37:14Z,0x5920919d31e48ba7d3aa70356d074c3a65013fb9,0xabbc0c5c38c61eb17ca2b951829374fe42d438562ba762474922bd925b9cd18d,0.21,0.0002298,38932,66232,233,52503,0.0002298,0.0,,,live
2026-10-10T07:37:14Z,0x592b2661428b820e8dd8d86ccbabcb970ba97777,0xd3c5cefac190796271c4a8b954dee1bc4faccb7aa3151c4f4a478328e0a6b358,1.37,,,,,,,,,,dead
2026-10-10T07:37:14Z,0x5930f9b8815c659da74a208e2e3d648473d243f2,0x6d5910737fdd3f6b63490929161d8b27ddd4520ba67d4ae0cf0a1f7f0654d22d,0.78,2.563e-05,25628,330,8,25632,2.563e-05,0.0,,,live
2026-10-10T07:37:14Z,0x59452fcd5232e798d173dfdfb19d0093ef180d7e,0xb01ea79c8720e685d84f33bba38bee0f94acb8f0021a6810848a5f916a96a160,0.36,0.0003063,44898,92167,232,69961,0.0003063,0.0,,,live
2026-10-10T07:37:14Z,0x595ea19dc51102625f350330e1103e1a73020f4f,0xee229d0061607c41ab1e75c018ba46be0c5ad12aa3eeb045ce43e477c3336238,0.68,9.205e-05,70808,25885,71,92056,9.205e-05,0.0,,,live
2026-10-10T07:37:14Z,0x598eb7b8e17f42d308495287d37ef114ba711777,0x7d8577bb2a4b277827ddf84de2730e60e5181ad949209fc8d9b899e4c12a891f,0.08,7.174e-06,13191,521,4,7160,7.174e-06,0.0,,,live
2026-10-10T07:37:14Z,0x59f52796d308503ccc7005aadf824b9afee07777,0x2b377688895cfb3b001ba2d98d6e2bb9ebf72a32b1d4d755f5588f7ac8ffb111,0.96,0.0001767,44130,50510,231,40388,0.0001767,0.0,,,live
2026-10-10T07:37:14Z,0x5a0c0382231590e47ae3e97c0ef5d0deff7a2307,0xc7c4ffa93fc3a2f3dcec2aa7d88ad57492958a65e26bb7fa041d3b9a1a07b8de,0.57,7.665e-07,12343,1206,19,7665,7.665e-07,0.0,,,live
2026-10-10T07:37:14Z,0x5a21441036e19ff71bb689e6ea01ce12fc9ae031,0x54b883700b21fa8386dcfd707aa12786375b567b8a4b87f674538a324987c61d,1.49,,,,,,,,,,dead
2026-10-10T07:37:14Z,0x5a28eae8d5d58a9befa7f1b67964163e75a56777,0x73615e8d2cae81127d6e6f74c26146380238578266152b277afb337ad2b55127,0.6,1.053e-05,15956,9186,34,10513,1.053e-05,0.0,,,live
2026-10-10T07:37:14Z,0x5a451ae6c49ab4838d0b9487a4ddfd53be257777,0x6ae0deeffcee834825cc416b5000942f701df15cab97677fbdbf85565ab24f0c,0.33,0.000203,47211,49382,234,46403,0.000203,0.0,,,live
2026-10-10T07:37:14Z,0x5a4c26a5ab5b11325a220d67abc5f56c35255d95,0x4146fea8e2052afef19415d06406bb449b9a945765b0ff9680aa0cb5dcda540c,1.36,,,,,,,,,,dead
2026-10-10T07:37:14Z,0x5a6c6fdaaccc14ae51b152d36819b505d7cf7333,0x6e41e41fb922f66de0b3d02740f576967342ea0b547cce7844e9614d4eb61456,0.06,0.0002539,40944,89172,234,57996,0.0002539,0.0,,,live
2026-10-10T07:37:14Z,0x5a7206160dc823642721927aaed415a933420d53,0xc0b07eee6695a88be5e2b2f85abfc8a3d8e521dbc1987f93a176e8dea3bab52f,1.01,2.7e-06,133634,10245103,10723,270051,8.699e-06,69.0,,,live
2026-10-10T07:37:14Z,0x5a757586ab14b5b7deb17df5abc5d3f69544d317,0xb98b1b93f9c48e9c4eeaa5b9bd0d5b17b174dc22dbeaf271f24b60a22074594c,1.39,,,,,,,,,,dead
2026-10-10T07:37:14Z,0x5a8ae3281a08998d3cfa4e096e23a480e44b7777,0x894d9b116a733eda3b2dc97be88159a30b66fef8d1666b480578848dcef178e7,1.35,,,,,,,,,,dead
2026-10-10T07:37:14Z,0x5b52c9cc6a60c65c020c080b188af10217c74754,0xee998b48444fd1de40221b9ca923c70499ec55fe78af40625e511870f053ceae,0.97,1.006e-05,10056,2,2,10066,1.006e-05,0.0,,,live
2026-10-10T07:37:14Z,0x5bab2149eab914d0600fdc99184ee486e5344d84,0xb6e7b477de5eefef192251cbf0300201ed10390db35c3ad94216901f93de8f99,0.19,6.246e-06,6247,0,1,6247,6.246e-06,0.0,,,live
2026-10-10T07:37:14Z,0x5ca1e852d1f294f7389204a81bb40a20d2d7bf41,0xbfe4e2ec594d8c0dfe91a6adcbc6a2d818f6eaf56da5298de6105aab5ed5598f,0.28,0.0002977,44287,95018,231,68000,0.0002977,0.0,,,live
2026-10-10T07:37:14Z,0x5d61a17d21bf83f4a7a4cf993a4c9b46b2481777,0x6e519d3a5e9b644571837781e16daa31c45dcb4db615ae5cdc65b955bf491ae1,0.76,1.15e-05,16701,7188,28,11480,1.15e-05,0.0,,,live
2026-10-10T07:37:14Z,0x5d6ca2ef84b2a55f46e44297980ca10038fbd247,0xdbc33e0446e98f82534a616fe6b4f268a5961a7807b6177faf7ac83bb6ccc72a,1.42,2.788e-06,4291,1605,59,2789,1.068e-05,73.9,,,live
2026-10-10T07:37:14Z,0x5e37710cb0cccb3c896a62d9b4969a0883419777,0x62044c42ea143f63119fe226a7934538ff6e428f79364f608e575d30432ec05d,0.77,2.333e-05,23792,64114,195,23286,2.333e-05,0.0,,,live
2026-10-10T07:37:14Z,0x5e4e8bda4c647a95658211184dd8af5815ea1e18,0xd36daa584248bc359d9d8c95c07675da9b4b7cbf3ff99cd21c10fd4a8c187e65,0.35,1.996e-05,19961,49,6,19961,1.996e-05,0.0,,,live
2026-10-10T07:37:14Z,0x5e8314c66a029e97a1b4b23a4df35b50c1e3f1aa,0x1419fa99fc5b7a0d79e93395be922e5b7d30b5d7088a5ca7264c6dfb90dd5215,0.81,2.583e-05,25827,393,5,25833,2.583e-05,0.0,,,live
2026-10-10T07:37:14Z,0x5eff0eab98e167d264cecccce576b9fb8e2bfa43,0x9d6e5484b2eaa3c907fa925d05c6f12bdaa2655038f1161ebdfdaf355f16c3d7,0.44,7.131e-05,21647,14673,67,16289,7.131e-05,0.0,,,live
2026-10-10T07:37:14Z,0x5f159735b6019838436ea3ae9d4548145b0d787d,0xda085fd8543eed4a03c9157159108bd6244527fb,0.11,6.019e-05,39093,911027,3699,60191,9.204e-05,34.6,,,live
2026-10-10T07:37:14Z,0x5f34d0569f8e86c1fc9eb1d6d1e636f59b68bb3e,0xbea0ac47f714072a57f82367d2ba92174b6febf5f920630778f7bc3eb324db36,0.17,0.0002159,37710,67506,234,49311,0.0002159,0.0,,,live
2026-10-10T07:37:14Z,0x5f624427176fb8235d60b2894704015f4d503fad,0x254d5b9e2db66089af7daef8b6228bb28a05c4691004a886faa66cc4e359bce2,1.48,,,,,,,,,,dead
2026-10-10T07:37:14Z,0x5f780d633ce0a4879de9405b2518db13ae784777,0xa99755bc0413a526145258ee2e081e7c0c6e02de3e2c30e239ad325ea4aaf505,0.35,2.768e-05,25852,45529,166,27634,2.768e-05,0.0,,,live
2026-10-10T07:37:14Z,0x5f8c9dabca67ce9a8e819f8598eaff3d46991857,0x7a19d8b5a27e8798473c050aa5224f36a5e85b00e325f82a0346aebf0bd56f36,1.49,,,,,,,,,,dead
2026-10-10T07:37:14Z,0x5fc54b6cbc5ccd9b112ddff3326caeeaba33d168,0x339cb720899e12b9851df69496963f7d588a4ed5ae37874ea1e91693ce5e1598,2.3,0.9468,9507079,39,2,946825501,1.006,5.9,3,False,live
2026-10-10T07:37:14Z,0x5fc591225f1f20c08c3c59fe25826f6a36e1d168,0x4f9e304f38dcc45982636733d51342469b1b8d93e55ad9a7323f4ab675015e8c,2.39,,,,,,,,,,dead
2026-10-10T07:37:14Z,0x5fcbdf8254f43ddca05e8b3f515a7d34d93f94cc,0x843322e35961c344bad16e04dde419fff82eb58ee04180a86b841b6bb43942cd,3.31,3.486e-06,5450,21,5,3382,6.56186e-05,94.7,1,False,live
2026-10-10T07:37:14Z,0x5ffd40ff0cbf21ae380f864e9218f05f809e9fb3,0x208f0b5dc9f22e61ac6882295941b9e2c0911c63b7ef57b5fb6b4feee45f07af,0.13,0.000188,35208,58343,225,42953,0.000188,0.0,,,live
2026-10-10T07:37:14Z,0x606370c0b28fe9fa6581114ebf3b78ae541180d9,0xe017805f7daddd43228b54fda857ca180c1062f3cd53cf8a73736e9a20c36698,3.57,4.684e-05,7776,1454,169,45477,7.84514e-05,40.3,2,False,live
2026-10-10T07:37:14Z,0x60ab0109a2ea32a8021748f21186fe6845fb7777,0xfdb86d342620eaf8c698a649d5bb98df3900412d5f05d481660f7d7beadcbafc,0.51,0.0001838,44896,49702,230,42015,0.0001838,0.0,,,live
2026-10-10T07:37:14Z,0x60baf1527b4c19e355194aac013c03f5de97f777,0xf607fe23d0ec007950e11a598983d5501eb5ffa543b833a9a396e4dcc45f95a7,1.39,,,,,,,,,,dead
2026-10-10T07:37:14Z,0x6135b982ab490af13db1274b807ec5f149fb7777,0x9a7b9018589b6ab99667c747fc218eae45bd46169974c9c6b2776c1ff8e2355a,0.78,0.0001883,45563,46596,223,43032,0.0001883,0.0,,,live
2026-10-10T07:37:14Z,0x61389525d3006567898dc2d7cc95fecf47de8804,0xebe20db1d4438089443a82d8f4bf6bb1bfa6942efb43e649396c76a9fc0b8873,0.79,2.619e-05,26176,1499,15,26190,2.619e-05,0.0,,,live
2026-10-10T07:37:14Z,0x614f458c0a0de70ec7fc84380440e422465a5ca0,0xe1b8dc17bf8edd1be1f0e78d20c2e4ffe5ab8479,1.33,1.087e-05,9948,742,21,10873,1.292e-05,15.9,,,live
2026-10-10T07:37:14Z,0x615ab38db25229bc42b93c1928b5fd5ed4603777,0x52d104b12f8af4c350b5e92d7c290b0a91b5bde0b391c35884cb96c83dbac3a6,0.11,2.055e-05,22309,30287,110,20511,2.055e-05,0.0,,,live
2026-10-10T07:37:14Z,0x61dabce28e75272f335029cc3f06fe4c9952b42d,0x2558d625ee7f285865198ba8c6493313c944b32491dc99f068966e78e63b5d24,0.55,0.001068,7480,0,1,7480,0.001068,0.0,,,live
2026-10-10T07:37:14Z,0x61e0deba0a6bd1d0df92af816739449c861e3cce,0xeac7a9ef9babd0ca9a579d30fe194c31dfbdca970e0531977308cc2429768b0e,0.59,0.000554,68787,1280695,9678,550361,0.000554,0.0,,,live
2026-10-10T07:37:14Z,0x6249630179060ff065a186db74fe2b9e41cfdf18,0x2e0417209b1b39457f49b0a2287fd528455f693e92b4d7ff91a68675f5c68346,1.08,2.5e-05,25008,185902,252,25008,0.0003481,92.8,,,live
2026-10-10T07:37:14Z,0x62532443ec7a82c77ab12c4122852b2c95220c34,0xebc3a1b62ee1e8cbab9da0b4448c0ef9c031b1e399eaad539c676580530c1803,0.85,0.0002861,43416,96833,231,65365,0.0002861,0.0,,,live
2026-10-10T07:37:14Z,0x62568a935aae4051607eae4d1497f89b26f71777,0xe0be9e10b58228556f37e6a003f36a9490252d14a5953dbdc30cc1edd6e5fdd6,1.44,,,,,,,,,,dead
2026-10-10T07:37:14Z,0x62979aeeb503413c4eab0085266e3b27870d8a89,0x0ec1546d9212befce8498d85a8c3523aaaa088124b5bb94f3000e0d06ca249b6,0.92,0.0001842,34951,64767,234,42087,0.0001842,0.0,,,live
2026-10-10T07:37:14Z,0x62d5a21a866b47810910dcbd9aecb237f796f167,0xf4c981734263faf69dfdcd3b457b08e6ee56740aed01d696f6bf06843da6f186,0.11,0.0002184,37967,66292,236,49903,0.0002184,0.0,,,live
2026-10-10T07:37:14Z,0x6304cba108dce7660c58d67f56d75515ba22d777,0xdeab40f4ba867a5953ffe806498c46a01603770bc4d786b7d35d6efd7af75559,1.39,,,,,,,,,,dead
2026-10-10T07:37:14Z,0x6306cb51aa217f37d7e93adbe2d85696ec6f7777,0x3b18ec9a1b31b7d922e338af070edbe97d01a8dda28599f5c700eb4305f3ccf8,0.61,6.114e-05,25921,518,4,13971,6.114e-05,0.0,,,live
2026-10-10T07:37:14Z,0x630f5787f80c427d0ce596b21d78fab72bba1adc,0x10901a4181170576cc09ca27edcf412ba1baf5764cab82035cd712cab839dab1,0.14,8.779e-05,68646,1866352,4274,87798,0.0002732,67.9,,,live
2026-10-10T07:37:14Z,0x633ca61fb9906de8b87330cc8487bc44b5bae2a0,0x7598ff8f556ac1de38c2ee8cd1b6751b69665f802747fcf979977b0556bc9904,0.81,5.829e-05,51345,64342,170,58292,5.829e-05,0.0,,,live
2026-10-10T07:37:14Z,0x63758166e7f36f2e68a15ef2a1d8a6d44de42efd,0xb7a5a496940cccadd7e7e8a2ba307555f1ee8e6581a4b671b08d2694178d087c,1.87,1.196e-05,10803,1193,21,11965,4.104e-05,70.9,,,live
2026-10-10T07:37:14Z,0x63c12667638f2ae6fc6ae09b43d98ec84a8586ea,0x0d023852c8ca6599d25446b8f78c61c17105e26af5c9761607e26326e78f5f2c,18.34,882.38,318229,27505,278,6225101,2791.43,68.4,,,live
2026-10-10T07:37:14Z,0x63c4171bf8003ce127fe4c6ff6ec248d4a13d608,0xf8facf2d96f1345dc3fc7cc8cb4942a3278e9c816e467f52719a5f4aa1c717f7,1.38,,,,,,,,,,dead
2026-10-10T07:37:14Z,0x63dbd39968995b62579ebdb5c5ccdeb527297519,0xd10818b7113c477c2d60fe1e6d9851493dbe98fb2ca85e2f05b70c77d2586037,0.13,2.457e-07,24579,0,1,24579,2.457e-07,0.0,,,live
2026-10-10T07:37:14Z,0x63fe11730a977a6e1638109a9f2821cefcef390c,0x66e66caf2fe368188f4d3c2a8770b6cf1adfdd66abd992698d2e2eed7bd125a7,2.31,2.873e-06,4954,1,2,2873,2.3e-05,87.5,1,False,live
2026-10-10T07:37:14Z,0x6405c1304b7c8353ebdf38f5a4952fbce0e50442,0x0ebb67ea9e7c641e26376c63b78b28b9b0d9c8de427b68950851008d07c4acf4,0.67,2.486e-05,24868,2,4,24868,2.486e-05,0.0,,,live
2026-10-10T07:37:14Z,0x6406000dad50aad383ae76a2ff0c01ad14562d81,0xa1c3ce35ff6268faeace84f38377af81d7e6e998badb3d0b7752a6d39fbae857,0.59,0.0003652,165712,327135,925,365211,0.0003652,0.0,,,live
2026-10-10T07:37:14Z,0x6435630d6b9b44039963061ed55755c93caad5cb,0x64d17f2478cf3a436895c34d023f5da724551eb62c8d26d4fd1c0513a175124f,1.0,0.0002691,42196,50544,149,61464,0.0002691,0.0,,,live
2026-10-10T07:37:14Z,0x646a9ebb1c56632e203de6deb75d2b3028890a9b,0xdaeeb761e12c0946db9d40d2204628dbc3699128,0.54,13.22,126954,326244,793,574665,14.31,7.6,,,live
2026-10-10T07:37:14Z,0x646c0204a6583b36dfc73609897008b94c1f2ff2,0xc4297d52ac1a8e28785fb01001d198f912bf8d2611ba9fcfac09fab8ad09b3d9,0.27,1.243e-05,12432,375,11,12432,1.243e-05,0.0,,,live
2026-10-10T07:37:14Z,0x648432c651c199462fafa997629a400835dca777,0x0fe8089ddf188d3f6c6747682d246c825f20bab2900257e92fc92c828874c6a8,1.48,,,,,,,,,,dead
2026-10-10T07:37:14Z,0x64877c3da8f0ec25ee273a3b84d2e34975d0ca16,0x1a58e013da7c7a1788e098314d955901ebc77beaef9e1441f52173e856431a09,2.52,0.7231,15331,8065,108,24105,4.55,84.1,2,False,live
2026-10-10T07:37:14Z,0x648f8ac20c046ce0b31a3e0e54396c8bbfc3266b,0xa69ec50f361fc88331f11cbeb8cb14aaa628f9e99c6a656aa342a8942703fe3c,0.28,0.0002369,39510,71016,238,54123,0.0002369,0.0,,,live
2026-10-10T07:37:14Z,0x64c9d8c86379d94e79673efe1c8d5376f61be701,0x62be05ca233e751bb62aca8773e372b1e62d8ab6c1415570081ef39d25d7f187,0.24,9.826e-06,9827,5,2,9827,9.826e-06,0.0,,,live
2026-10-10T07:37:14Z,0x64d4a66401a81ddd8f1680c0e9f1b7d6148f5da7,0x73d2580e67c4d1d6f1490f41258011e2b9b621880b8f8f9e811c424ecac39614,1.0,0.0002547,41052,68757,149,58176,0.0002547,0.0,,,live
2026-10-10T07:37:14Z,0x6569986cb5b0013eeb351c9ce96e0aed60a22f2a,0xa0bf41aab54d302997954e917c15a26913e57587458cd5dbb23c4b1f8543a9d1,0.93,0.0001733,131194,155304,940,1819,0.0001733,0.0,,,live
2026-10-10T07:37:14Z,0x6572919b0dc83925c1c43cf621bf4dc321f8bc68,0x62284d9ea5589e6f08287e5acc93baec48a154e85395a324078e1fd91a25218e,0.39,0.0002765,42630,90330,237,63162,0.0002765,0.0,,,live
2026-10-10T07:37:14Z,0x658b0616ad86430629fad92cc2f738fd65aba576,0xb1fff4c77cf2671a2c014fa6ad31692c86e7ca474e7893ac34fd130042dd328e,0.48,0.0001983,36067,54567,196,45312,0.0001983,0.0,,,live
2026-10-10T07:37:14Z,0x658fc08bfdc806531df79f9ab8c3735456a9f0ef,0xd5eb1d2154694fd5bdfbe3e99c09aede296c9806934ba046d3cb18c5dbb0ce5c,1.48,,,,,,,,,,dead
2026-10-10T07:37:14Z,0x65ead2bf886e533cdfbe9c83bdca263146503daf,0xbc1dde3f2b602845bfac28f39cdb2677e0cac30855bcb455912f525bbd9cdf39,0.76,0.000278,42843,91765,235,63506,0.000278,0.0,,,live
2026-10-10T07:37:14Z,0x65fdecfe6a0bc86cc44f152a4f22ec49ce374777,0xf84805b2994fbfc0af3825ed4f4baffc152b8636949806f96c4a87b31162472b,0.84,1.29e-05,17662,11604,41,12881,1.29e-05,0.0,,,live
2026-10-10T07:37:14Z,0x6634094e355a29e0f27896c818eed076febfe0aa,0x19c58d62df9212c184b346be6cf7be9a491772de76d407ca0f487cbfde4ba922,0.95,7.801e-05,22701,16754,58,17819,7.801e-05,0.0,,,live
2026-10-10T07:37:14Z,0x66985ca466ad68d2426a7599776b0264f650de51,0x671cbacc44f56fb94e5cddd19ac79b7d26f9614021734ccd7c2baf45fac88c88,0.4,0.000312,45261,98767,236,71278,0.000312,0.0,,,live
2026-10-10T07:37:14Z,0x66a844fcbf4705dbde3c97394d5a4c9822e8f35b,0xc24358e11113cb53b2de3971028e3bb0e47991c3af8e5e10aab517a15b9f4a18,2.11,5.514e-05,21703,28327,323,50009,8.402e-05,34.4,4,False,live
2026-10-10T07:37:14Z,0x66b1e970a7cba697c56c06fba140694bd4342e53,0x1eb80293826bcc84abaf0d5c54cedb98f9fd75af3cdc6d8ccc9a16f2a7ab780d,1.08,3.509e-05,30876,5914953,14264,35100,0.000257,86.3,,,live
2026-10-10T07:37:14Z,0x671b10853db92f7fabf11f84301c9607d2ac1e18,0xf37ecdfe982c042526d055a722aa8e272ad6b95cee56a492892b42ee1b3a846f,1.36,2.174e-05,21728,80,15,21741,2.174e-05,0.0,,,live
2026-10-10T07:37:14Z,0x6743ecc451c753a7a1f22e99716ce7ae7bea7777,0xd84029d73973888cf705d94b663a483358bcbf046ac7e89e4da22996b8e33a05,0.69,0.0001747,43796,45707,210,39917,0.0001747,0.0,,,live
2026-10-10T07:37:14Z,0x67c51c928d5d8383f3a58fc591a4e6f6463949ed,0x77d31f9362c1c9cbe18d091dabe7568ed8316fd27d2469ea11e41cbc9d3912c0,27.92,0.0002153,21544602,536,15,90613499,0.00026885,19.9,,,live
2026-10-10T07:37:14Z,0x68283ccc7d2328425f255a5bbbf6e233371a1e18,0x75c4c42e8d598c5cdff2d1d5b724f5d198dd3e26788bb3cf9906513b77f13304,0.2,1.982e-05,19821,3,9,19821,1.982e-05,0.0,,,live
2026-10-10T07:37:14Z,0x6881e4904ca95aaf338756423b1174d4384e4777,0x2a4f703b8b1cf03927c05d9e74440edb9a412e68bf85a023b9c7ab89aabe57db,0.96,2.447e-05,24360,42133,148,24425,2.447e-05,0.0,,,live
2026-10-10T07:37:14Z,0x69066104c208e6fa66f3a432551a20be7443f507,0xde4df4ca497182bdce0a2385ef01f4a45bc5d6e12daaa6c46890ecc048a5a3ec,2.69,2.616e-06,4730,2,2,2616,7.771e-06,66.3,1,False,live
2026-10-10T07:37:14Z,0x697d32af333a196f8fff0f7d239be765a0b91a0b,0xa7830c2ab935b7d6ba7a539658cf53b8817a72643586e2a1d53b30013552c9cf,0.77,0.0002441,40181,73595,239,55772,0.0002441,0.0,,,live
2026-10-10T07:37:14Z,0x69f045c79e398b78a8310e21ef5bc287ed3d47d0,0x899e5f516c9442df1325564ce3cd99a73551295779316b6165fe285496822519,3.32,2.692e-06,4799,12,7,2692,2.532e-05,89.4,1,False,live
2026-10-10T07:37:14Z,0x6a3de3def64b05b94c9cc28f1d9ef05178c57777,0x60a4ccdf9a053b0a84208492974a0aaaa8793ff91f09f351e569b53c0973f5bb,0.19,0.0002149,48616,53466,235,49118,0.0002149,0.0,,,live
2026-10-10T07:37:14Z,0x6a4baa4db064f2e3c5a06a43c65f771315ee3777,0x5330d76e7a5487e8ff576355e4297732b67f1232cef111cbba68c3a5a1aacabc,0.3,1.637e-05,19893,18827,61,16341,1.637e-05,0.0,,,live
2026-10-10T07:37:14Z,0x6a6a57d1e94eb586c5b505a1c81434bda3d6ed97,0x104b7921a26f5b6f63068475ff20634c46f8df8a0eda01b04ac5696e4ba849f3,9.75,0.01368,1371952,1818635,207,13685212,0.0223196,38.7,5,False,live
2026-10-10T07:37:14Z,0x6a821f15eab87599e3031f570ccdcc46b8634f82,0x577425973a1b312af26d10068beb860050e986cd15238c49d104b8922cd97b86,0.69,2.492e-05,24921,1,2,24921,2.492e-05,0.0,,,live
2026-10-10T07:37:14Z,0x6ad935cf1e6be1dfbfd1d22fb31401b158c51ba3,0x1da84fc485bb5b304105c6cb1aa4a26277fdc232bfce7deae560d5446766a420,0.93,1.016e-07,8641,2,8,10165,1.02e-07,0.4,,,live
2026-10-10T07:37:14Z,0x6ae1a3f43ffc79c15abdcf3bb4c55b3c9800306c,0x9f20f8357901ae9aa024b76bc194d9773ab2882c9cada68934ca95c35cb6ba68,0.15,0.0002559,41091,81404,230,58458,0.0002559,0.0,,,live
2026-10-10T07:37:14Z,0x6b853019228f92efd822cc3c795c2cb0dc49cfea,0xbbf9caf08d2b271c6e19b98597764906b6b6d4a907981d896b1a14ef75d87bcc,0.27,1.037,102665,1073803,5170,207693,1.037,0.0,,,live
2026-10-10T07:37:14Z,0x6c2f69717ddec95542442ede423dbfd78f2447f8,0x5d3583fc538e6ef32995d6666edf1ae6d88a5f1f715a48a65cb3ce7d4054646b,0.45,3.504e-05,15155,152,3,8004,3.504e-05,0.0,,,live
2026-10-10T07:37:14Z,0x6c78fcc4f84fe7c240d957d6a688ee1d11127777,0xd85c7eb563352b6123044d80d9c7affd172a9d0348b53aa2f29f6e991c4cc3fc,1.49,,,,,,,,,,dead
2026-10-10T07:37:14Z,0x6c7b9782674eb22699512b7b4426bea2ffb97777,0x657ffa4e0da5761762870e34da90b32b56d289abaea8da20b6bcce5fa3985725,0.22,2.458e-05,24395,48951,163,24539,2.458e-05,0.0,,,live
2026-10-10T07:37:14Z,0x6d07b0f44d23f0001c2a7dfb89445e24e258d5a0,0xdb988581544a0fe0b111b3fde3d0d6423d9c0ac1a32af3b510677f3b5ff262d6,0.81,2.71e-05,27065,1014,12,27106,2.71e-05,0.0,,,live
2026-10-10T07:37:14Z,0x6d18dd0a6dbe29f5ab3f728319e942606e026370,0x8e2efc8cf051e451cfad7d2c56103b36aa0c55c83c02f638c329a744fcfb1b86,0.76,2.524e-05,25157,77171,411,25243,2.524e-05,0.0,,,live
2026-10-10T07:37:14Z,0x6d97c88ebe8b08ddca9c51dafa5a4cb3affba0b6,0x76e9f6a900f44130421dffec13f03830b27bfea44528ca7ae79764a3874048fd,0.4,1.491e-06,6340,0,1,7458,1.491e-06,0.0,,,live
2026-10-10T07:37:14Z,0x6e4e475bcbb1a60a47d82ab86a24688ed5825120,0x72d8bb4d2ae9e03e33e05430d510b340da0ee14dcce4d8e294c3e513253a6411,0.48,0.0001103,26882,29399,118,25196,0.0001103,0.0,,,live
2026-10-10T07:37:14Z,0x6e7544c1b1fb4e5e1b815ae1a23bd18f9a41aa12,0xaef1ef70a01341de132a385a68ea32f7027791be635de57b2a09b2fb492d8447,1.4,,,,,,,,,,dead
2026-10-10T07:37:14Z,0x6ead02138b01ab7453f2d9d7f8edcb088982237a,0xc5d9cec07bb66b09ee5af3591248ecd7c963e45788ab61525ea46571b555f83d,0.16,0.0002987,44359,89692,234,68241,0.0002987,0.0,,,live
2026-10-10T07:37:14Z,0x6efc593fe2de41a76beb008f604619aa75f3ef11,0x121d12b0f068a83c2a4568e12bae1bd79548bb4aacaea98866c6caccc7ec6daa,0.23,0.0002262,38638,71246,238,51669,0.0002262,0.0,,,live
2026-10-10T07:37:14Z,0x6effbf4438140222b8a6e7bd0dc3245206946fce,0x7c01efade09995658699ed3c0519628af562bc2823032abd4aed7556c85018e5,4.54,3.884e-05,18214,12158,205,38458,0.000955575,95.9,2,False,live
2026-10-10T07:37:14Z,0x6f2e13dc2a2007ff67f05b5da1b4cc7bc3b5c0aa,0x0638146763e941de596ff0be8e199ac44b89da22350dcdf6fec74ec6703f991b,0.26,0.0002802,42979,87965,224,64018,0.0002802,0.0,,,live
2026-10-10T07:37:14Z,0x6f3c1d575ed7bddff35227d9abeee76d9387c777,0xfb2492fd0d18d8321ac4b7901b23e4e3fdee39bb2f26bb04a2a03f93729870b0,0.21,2.114e-05,22619,55255,184,21105,2.114e-05,0.0,,,live
2026-10-10T07:37:14Z,0x6f416d65730078094cef629fc65597e1b99544f2,0x725d3965a9cc7386a54e2fc877c6095acf76e2946ba3c5f057e2e8cf331b5a88,0.76,4.99e-05,49905,9669,50,49905,4.99e-05,0.0,,,live
2026-10-10T07:37:14Z,0x6fa0230c40e691471052a73c0b7670c7c0241c1e,0x966e54b5428d7c7afbe59ad6f9e56b05bd624df444beca06b64e06ea75df08ab,0.96,0.0002218,38289,68196,235,50673,0.0002218,0.0,,,live
2026-10-10T07:37:14Z,0x7095847d2f4cb74061fd173646b65652450f10fa,0x3525554c21b53b27a7a1a352f4040187fdf42b353fe5c9b43fb2a024b4bf87b0,0.91,0.0002644,41845,94071,238,60394,0.0002644,0.0,,,live
2026-10-10T07:37:14Z,0x70b756b2caf65a7fcf60c9faeff138e19c691721,0xddce654d2f471566f8e97f979f072ed4d5cbc6449f7748f3e38037ff76f9bde4,1.48,,,,,,,,,,dead
2026-10-10T07:37:14Z,0x70b93f97217cac273434cac7ec03701cfe8ff777,0xd33edbe5303559b435be7f9b8f2dcc421c40f1a115626e6af55851bcc0ed36a9,0.38,1.059e-05,15993,4983,20,10579,1.059e-05,0.0,,,live
2026-10-10T07:37:14Z,0x70c78d4431b302274c78e9c1da06173aedbd85a8,0x83b2a7409f8e05cbd2aa7514d9eb898e373e7350dd62a4c9c9d8dbf0aa603c17,0.38,3.967e-05,37949,35961,242,39678,3.967e-05,0.0,,,live
2026-10-10T07:37:14Z,0x70ca7920137466ce2ae4f6364e3f4f503cf5c28e,0xce73d4f579ddceb7af6447cb105eac58588c0e17cc81e17b5f6e2a932e3de5ed,0.37,0.0002442,88691,1614900,4409,244233,0.0002442,0.0,,,live
2026-10-10T07:37:14Z,0x70e9df3702627d21b1a99cc899e372bddd56326b,0x7f05f615d9f61399ed230e37649b0664a6fb3fdd434ec255ee2a54bbac3cfede,1.13,0.0002497,66916,282618,1765,249795,0.0002497,0.0,,,live
2026-10-10T07:37:14Z,0x7164c03b400871be125ae5e38a6886a7d4c1e673,0xf58f82da086fb058cba4541b62200f07d88642bbd839c08772e771a6079e2693,0.85,0.0003171,45707,97468,235,72443,0.0003171,0.0,,,live
2026-10-10T07:37:14Z,0x717d38587504b79e2e888c860bd1569c0d5984af,0x8da021f34c2f2a95696c4fd842b0cd0cc4e18468,3.63,2.661e-06,2659,131,6,2661,0.01924,100.0,1,False,live
2026-10-10T07:37:14Z,0x7186dd6765473702ef85223167358d1379e03b13,0x8880fc00bd146a9a9351949249b4bc0722d28c62e64463cf08a11c4376eda519,0.39,6.636e-05,56334,24390,39,66364,6.636e-05,0.0,,,live
2026-10-10T07:37:14Z,0x71d55369487419d2dad62b17cd5f95ed94dc8045,0xb51801ff14276e8438260f93ffa48ac6c4b1f175ffc75af2f0e24c0b0058e36e,0.77,4.989e-05,49894,6136,61,49894,4.989e-05,0.0,,,live
2026-10-10T07:37:14Z,0x72533fa2446845c1e2cf88b5d64a63689ca34df3,0xb40fb6776ebdcbf3b6c2194a505fe8c766b253bfec0e20bf78a9f62ec0b81d91,1.0,5.018e-06,5018,0,1,5018,5.018e-06,0.0,,,live
2026-10-10T07:37:14Z,0x729b0a3b34936de64cdeb8822cef8661d6ebaa8b,0xcde57518bfc8fbedc3e36f26d2e56c447e255de5e8f28f98b678329e132a6c31,0.8,3.909e-05,16083,2173,12,8930,3.909e-05,0.0,,,live
2026-10-10T07:37:14Z,0x72c852e3eefb92b8a85a7a786c2e8f34ec36c777,0x6f7b244b805272b7b969e8f5f7b547cced04b7ab063893f5f4270017e0b5d553,0.07,7.246e-06,13253,556,4,7232,7.246e-06,0.0,,,live
2026-10-10T07:37:14Z,0x72cc4b837fa5dff1e769df0f0b195aa2bd967777,0x497c8b9c33de54be91c7ef254f849fe9b5a5fbd01783b80d888b9b73cca5b8eb,0.55,0.000207,47656,52791,234,47317,0.000207,0.0,,,live
2026-10-10T07:37:14Z,0x730afa05ccb407ad73fa9585ca1e00dfe7a63cce,0xbbb2508f3b4c8efac2fbad8b2a538c2ec66213c82fed2aeeba809918d34f8ec9,0.39,1.042e-07,10423,2429621,8179,10429,1.431e-06,92.7,,,live
2026-10-10T07:37:14Z,0x734f4faf519a4e255ad7717f369a70f4918efc29,0x58b32dd12f09a7f8d4ffda53b4d76f42b83af70ad5a335a5bd2a64ce0d20c476,1.34,,,,,,,,,,dead
2026-10-10T07:37:14Z,0x7351d7b09e8d7517ecef36b070af98e027b0c777,0xe461e20ceea6b417b5b7ee6c4dbe30fd0e49fb947c8b73dbd1e2552aed6a43dc,0.39,2.668e-05,25361,39192,141,26631,2.668e-05,0.0,,,live
2026-10-10T07:37:14Z,0x738a310725dd249d120e8967e3c897fab0d9ab6c,0x8a1276c2a20861e1c91eb21c70c94c54878d2c534873537dc78487b2e4f365da,0.05,0.0002859,43454,95796,238,65320,0.0002859,0.0,,,live
2026-10-10T07:37:14Z,0x73e0165c627a413df5284e4e7e8bea5a0e8ba777,0x8bbe4c65ed362e86743aea95e3fc1494226e7d62f9488a03786f61cab905292c,1.0,2.639e-05,25314,26031,101,26343,2.639e-05,0.0,,,live
2026-10-10T07:37:14Z,0x73f3813f280bd8402a8598f0ea0d53c8ea3bfbf3,0xf0c2aea94ac9bbdf51282e3a3548a3620740422da91a85f8e787e63709de2faa,0.78,2.493e-05,24937,2,3,24937,2.493e-05,0.0,,,live
2026-10-10T07:37:14Z,0x73fe1757e225f01a496edd46a4656986686c7777,0xb60b0ff25f064e13027e9fbf09a555185565021ed1a353654630027a194ca586,0.78,0.0001967,46535,50757,235,44959,0.0001967,0.0,,,live
2026-10-10T07:37:14Z,0x7422b01a08785bed25537966d03a1175cf428b1d,0xee58e104b31c8696bbe5c8cbb085312a5794d2cb844238fac860a548fde5eefc,0.56,5.027e-06,5028,0,1,5028,5.027e-06,0.0,,,live
2026-10-10T07:37:14Z,0x7461ef5fae7cb52459cd8ff2e05abad417ca2e96,0x7da0f53a44e3d5e0f0e37d3d5bf1a03ef52f32644ff7e8e8f227102304543d0c,0.55,0.0001802,108948,915527,2105,180294,0.0001996,9.7,,,live
2026-10-10T07:37:14Z,0x74a114a7ebfece7112c6e392be14582f73101e18,0x6f9fa5c661db65911f667a64607ca3033e3b1b4833e5c0e27b1397747cd16223,0.19,1.997e-05,19979,0,3,19979,1.997e-05,0.0,,,live
2026-10-10T07:37:14Z,0x74a6613694e7f75b733c1f7e1aed5fac2a8221c1,0x696bf1e8da5bd43ab04f5a6e78df43894e2ec281dceec38fd0e6b27ff419a54f,0.39,5.506e-06,34823,72294,258,55061,5.506e-06,0.0,,,live
2026-10-10T07:37:14Z,0x74d73e214a4ae16a9c5b5bdf358f01125e3a6084,0x9895a31b3394bd0cea60b92198c7a803b6530ddec9735e21275c4455978ec1ce,0.65,6.21e-06,41103,71215,255,62107,6.21e-06,0.0,,,live
2026-10-10T07:37:14Z,0x74fb459f42f9318203bbb78329956336bb1a0f8a,0xca55be53af8d5c9beb2bf73f3ce9f400fea3f80cb3cfa5b2922241e794f9ace6,0.4,2.913e-05,56408,912,3,29136,2.913e-05,0.0,,,live
2026-10-10T07:37:14Z,0x7535e8ef56988014b5112469abebe070c68046d1,0x43c1ce10255308476526cbb2da6e6a2a4ca723277fce5faa379035fa9b6c6dc9,0.87,4.09e-05,27662,34075,259,40907,4.09e-05,0.0,,,live
2026-10-10T07:37:14Z,0x75460e515cd13be2d5b7061569a69971693f7777,0x468abd0e6f98fbbc15879cc57baaac9c35ee0977270c8893879685d971777276,0.96,0.0001783,44320,52631,234,40749,0.0001783,0.0,,,live
2026-10-10T07:37:14Z,0x759f9f88a6f8c23c6c5473368c6b38006c2fd816,0x946610d04ca551979baaaa1e4ca7c17ec04f7c7035fe60aa507a2862d613adc9,0.97,4.244e-05,40151,7574,16,42445,4.244e-05,0.0,,,live
2026-10-10T07:37:14Z,0x76121b289aef8938a7b6b7c49f831344fb9e666a,0xe58cc0c15355bdcdce65c6d0dbd2fe3d54e37ed5a97d3c9349d0f9b74450284a,0.34,7.607e-06,7630,1496,53,7607,7.828e-06,2.8,,,live
2026-10-10T07:37:14Z,0x7647c3f986673d7c30fee5b356acb62d35db0777,0x6851374eb59116216b83baf370eccf217323da3cc94954a4f85b24e5031de37a,0.27,1.867e-05,21250,54076,183,18634,1.867e-05,0.0,,,live
2026-10-10T07:37:14Z,0x764bfb25f07420eef767f3d0117484c1cce729ce,0xf141e1a2b90517aca7004b7ab675d9e0b63cb38a8e4e08d063c17e32a12a9c04,0.69,0.0005515,165682,6107935,14823,551575,0.0007207,23.5,,,live
2026-10-10T07:37:14Z,0x7657333261239a4881c427ac54b3f3a7e0030664,0x941aaa42b05e9f020a33c8264b620412b672ae9e58d61d08f526895957248ebd,0.05,0.0002588,41340,74710,233,59117,0.0002588,0.0,,,live
2026-10-10T07:37:14Z,0x765a6c0f077c60705d2cf7637e06e1d2243c7782,0xb603af66095810932fa2ab81a77512b5b4d9d676920f1d4b9fb05861301a4b88,3.23,2.578e-06,4133,23,52,2578,2.206e-05,88.3,1,False,live
2026-10-10T07:37:14Z,0x76d957d07075c90b58dc2475f49087a862cb4315,0x710df98fd828a0b4ab8fb9840b855fbbc7127ee3,2.38,1.752e-07,13201,13603,106,17524,4.16e-07,57.9,3,False,live
2026-10-10T07:37:14Z,0x76e0dafd15a4a9846c051c56fb441435c07bddb7,0x6c3a864a7a958a0475beea8b17e5d0c18211b77ab454f9ea86371ecc05eb0549,0.9,0.0002425,40049,80171,237,55396,0.0002425,0.0,,,live
2026-10-10T07:37:14Z,0x76e4e64696096bfd728f1830b3ed62f5dd3c85f7,0xc468cbd213772d2a46b6f61ce36c4c42734f74c5e6beb03d03573178685634ba,1.34,,,,,,,,,,dead
2026-10-10T07:37:14Z,0x76eb2f64217b3763f47b4a14c039f8b94e921e18,0xca061ec61f0a01e7f3b05f16746707db97c9131a400a8447d0c8332eaeab0a8f,1.37,2.132e-05,21315,2,3,21323,2.132e-05,0.0,,,live
2026-10-10T07:37:14Z,0x76eca84688630be531810dedb0d6d7a5d69cba26,0x20a4afb534906f4d10cf17d244259bb51765364c81ef53126157b1566b1b2a3e,0.87,2.952e-05,27262,30636,252,29523,2.952e-05,0.0,,,live
2026-10-10T07:37:14Z,0x7706c18ee62f64452e779db29a70c32f97e69f49,0x6cabefd907a486bbd5974ebcfae85d768d19113fc6129ce0e3697bd77bb9ab7f,6.51,0.0001368,30063,75839,585,121863,0.00038732,64.7,3,False,live
2026-10-10T07:37:14Z,0x7730274f70bd28cfafd24932b67ed7ffbc02f777,0xd97562d81e345d1b1b2044762fa19fc2d44930dbda2225cd799cc4201522b698,0.06,1.249e-05,17396,11399,50,12470,1.249e-05,0.0,,,live
2026-10-10T07:37:14Z,0x7770a4ed648fe475ded6cf532ca3b0d9133eb6d9,0xc0a904d9a65e1fe708b921942a828a47d330218ed094b3d93388a071bae9b6ab,0.46,1.037e-05,311607,18755740,16383,1037999,3.521e-05,70.5,,,live
2026-10-10T07:37:14Z,0x7839a86230e84236bcee88e7de0dcc80ff451e18,0xf0035cfce878a1998933e9b10e33c89519304166bdbd56628bc833256516d398,1.42,,,,,,,,,,dead
2026-10-10T07:37:14Z,0x78809991162a1a6cd2e475bd5f06c1733bc2a777,0xdd4a794acf5f605948b1b95d336c7ca1ee50829b20d26caacf7691dafac8725d,0.53,3.211e-05,27826,58804,174,32047,3.211e-05,0.0,,,live
2026-10-10T07:37:14Z,0x7892dcb8b29ee838426755458fdeef0c85ed7777,0xcad3a4ad845d2e22f63b5eeee362bba5844567bf05a3bdd02f912ed182a1e59b,0.17,0.0002017,47077,47291,223,46097,0.0002017,0.0,,,live
2026-10-10T07:37:14Z,0x79069e5e022ba60972885fc471f1c6a545786359,0xb0c62f949721c63f632cb5191415a675b9c75ce019a2f19debb50710b78d89f6,0.32,5.246e-05,47378,152053,913,52464,6.925e-05,24.2,,,live
2026-10-10T07:37:14Z,0x79550992cb9ccc2f83a57ee5c99158a47bcd7777,0xfa28bf781c4f6111c8a511c520e3f9071d994466bd4c467dfc0cc442b1dd0574,0.37,0.0001981,46647,52052,231,45279,0.0001981,0.0,,,live
2026-10-10T07:37:14Z,0x796e3b52f5bf8f403ed385edfdbe693f27484331,0x5ba8537c048244edcda222041405b417cf164cce1acef7089b521babde7d58ef,0.12,9.075e-05,40342,48443,326,90750,9.075e-05,0.0,,,live
2026-10-10T07:37:14Z,0x79a9520255247008a076a8020770d51ecebb5777,0x9bba4c0ef7eef48e5a656facaf8a8c4f551d2dffde0f4c045a882e5fa1fc6e14,0.44,8.176e-06,14037,2020,8,8161,8.176e-06,0.0,,,live
2026-10-10T07:37:14Z,0x79a98efbf930330e95dc9bc4dc416514e6f639a4,0xd455788ff9398a98d0ef06e21a051b06bd36e2707993df2ac88d5cf8f084da03,0.87,5.814e-06,35960,53620,238,58143,5.814e-06,0.0,,,live
2026-10-10T07:37:14Z,0x7a5f826143884b78b458c1a0045497903ffb46da,0xee0c46c9168e7588dbd895bdbc3bf9c1a42ba952f50bae74109c8d7722409a1b,1.01,8.017e-07,69690,8516597,7276,80179,3.019e-06,73.4,,,live
2026-10-10T07:37:14Z,0x7a8d4ef6a967f9c5486dc4bc444a7f3454b07777,0x7527bd6ae9b175892b0d396b2139c92f6bc8bf75a67ce1f71adbd4eb1d4717f2,0.21,0.0001991,46788,52391,236,45493,0.0001991,0.0,,,live
2026-10-10T07:37:14Z,0x7ab08aedad4fb2fb8cfaac3b2caf2819642b7f59,0x0df03e4e8418887497b4e27ab7fb5319b2517c0970786f05a4497e605a303109,0.32,6.259e-06,6259,399,13,6259,6.44e-06,2.8,,,live
2026-10-10T07:37:14Z,0x7accdd006fab67b54548594796b15c418dc72009,0x7ef1c6f495d9d2b1e976d34ab0b2e9588b353c2457b13954a05d6aceb2c32188,0.05,0.0002018,36501,66612,229,46103,0.0002018,0.0,,,live
2026-10-10T07:37:14Z,0x7b96ddebdd4442567523162a75075cb014a987f2,0xad1b5d312f588e0b2ebd0c48d763c885c17c15e723ca16d2733844c193728278,0.52,0.0007476,695353,31,14,747692,0.0007481,0.1,,,live
2026-10-10T07:37:14Z,0x7ba0e1d3ac1663dc84579125797dd553cdebf8df,0xc4206dea52b75c9d51a5145306406bbf283c5089f5d176be4c17e1dfa996a8ee,0.44,1.507e-05,6782,0,1,7536,1.507e-05,0.0,,,live
2026-10-10T07:37:14Z,0x7bb644b41cec7d9972aca5fbba4081147b769777,0xffddd17527afed653c5935ae9b0d7bd6887a2817c24f4c7daa953a08b7e7e31a,0.12,2.7e-05,25567,58240,191,26954,2.7e-05,0.0,,,live
2026-10-10T07:37:14Z,0x7bd1dcab5a277ea5ad123ae489313cc05395f65a,0x009b8cd0f55e4648f70d1777fba8f233c6d3b640a0cd2be6a9682a611ec912d9,0.3,6.736e-05,85516,37674,185,634,6.736e-05,0.0,,,live
2026-10-10T07:37:14Z,0x7c1d7afa5abae3e32c83a4988bf08277c438e3b2,0x03455f5dc861213dd85a6051f5cd23c1a432e7fb835330e9c50b60b3b94063af,0.09,5.144e-06,5144,0,3,5144,5.144e-06,0.0,,,live
2026-10-10T07:37:14Z,0x7c697303c9a60ad67c28d2f250fa3f9887ac1766,0xd2deba58d8ce187e1fba509f54cff53d51a91bfb843197441a156ef5e0790955,0.57,8.855e-06,8829,224444,2730,8856,7.622e-05,88.4,,,live
2026-10-10T07:37:14Z,0x7c7e804b725ca16c16317f1aaab6505c97bd1e18,0xfdc89845db4c3ba8acc2d89ca391c000c9c5a8ec621b4f4cad99558d07ba5deb,0.69,1.979e-05,19793,526,24,19792,2.047e-05,3.3,,,live
2026-10-10T07:37:14Z,0x7cad009956c52304d20226441e5bd2bbba600669,0xb1aae74b2dd6bd344ce4bada54f2fadf8cf756107c6f260f397165f60e48e115,0.22,0.0002761,42680,69981,236,63073,0.0002761,0.0,,,live
2026-10-10T07:37:14Z,0x7cc1c25a8c64cbd5defaa865fc6632d4d0534fcb,0x40b05b055c513f1ffe16f9bbb3b36e4229a1a68a08acadc94f19a4b2dc248802,1.43,,,,,,,,,,dead
2026-10-10T07:37:14Z,0x7cc90fb363286875f9cfc47eaa1f1a8241d03f3f,0x56a552a7d563191df1041573198baf144da17625d1a1e84059415844c9bbeab2,1.17,3.802e-05,1,1,3,424,7.044e-05,46.0,,,dead
2026-10-10T07:37:14Z,0x7cd1aa57e7e73d53b4d4b49370c96066cf4f1634,0xb281e514c0c143634338e803edcdd7974ab9ef724dc215360bd3763622fb5a80,1.26,1.443e-06,104547,14,3,144338,1.168e-05,87.6,,,live
2026-10-10T07:37:14Z,0x7cdbb09b58c346197c2d1e77e223a20f7b8bba08,0xf53df907d816b6a6f52efc3143e0ab0ca89b0d5a7db9d24ec0048f19e3f193d8,0.6,5.206e-05,47099,17014,47,52064,5.206e-05,0.0,,,live
2026-10-10T07:37:14Z,0x7d1987cae8ba42622d084034708886972dd0d681,0xc5b2190b6d817b21b54672b61f7136d2388f6ef26444b66bc3fee2b8a2115e28,0.26,0.000244,40106,65807,228,55746,0.000244,0.0,,,live
2026-10-10T07:37:14Z,0x7d516c9a73a4be0f041554519d6fa1419a97ba7a,0x8e5354f0f7a3e02a4438af8605c3e9a8fab45004,2.47,0.0002063,58294,102852,594,206303,0.002579,92.0,5,False,live
2026-10-10T07:37:14Z,0x7d853baaee079769bb7a61b1f43f5f29cc3f6865,0xc877ac1e52382d5286dbb96030067f9264d307d7a20b26401e6392884b23f077,1.42,,,,,,,,,,dead
2026-10-10T07:37:14Z,0x7dd1e2b6aa21b0b2501edfd6d1bbac772aaa7777,0x4d6bd2fc847f867993d96fa52741f76ffbee3d8d92b4a0d92e82adadb6cf3159,1.33,,,,,,,,,,dead
2026-10-10T07:37:14Z,0x7df48391010010bcb9a9fc2af3f9e2f468e603be,0x7e5cb510ea989f95387525ba720c0fa73bc9244f448bde9d29de02cfd5887d5e,0.32,2.486e-05,24869,2,5,24869,2.486e-05,0.0,,,live
2026-10-10T07:37:14Z,0x7df559a382a89f540e6e515bfec23163638857f0,0x1db30820d7f8dd625fbabe94d7bad00a165d3dfedbab73d28fec48b53d80dc27,0.56,0.003767,6781,0,1,7534,0.003767,0.0,,,live
2026-10-10T07:37:14Z,0x7e0c563e7bcab0ae96a3199ca806236a77617777,0xd58a08c963d636cc0863299e22c0a3b93a5755d0fd04355aa485957c6d085502,0.84,0.0001941,46225,48534,230,44356,0.0001941,0.0,,,live
2026-10-10T07:37:14Z,0x7e2c37f6f37c20a01907f5a634b925c85c0d2fb9,0x265909afc69f4d1383c5bedfaa64143df9f452f29274140a71bd689339650f95,1.32,0.0004818,109808,8764,71,6180,0.0004818,0.0,,,live
2026-10-10T07:37:14Z,0x7e4baf49185b8667fd6832c5cafc56c277427777,0x0ac62de917f7b67702a91c5d7087fae5ebfa7b0bb39ccfc16c7cf9d7f6376e95,0.38,8.139e-05,29863,7762,40,18597,8.139e-05,0.0,,,live
2026-10-10T07:37:14Z,0x7e4d5f78b303c9246327f39071a7c5b14c284ba3,0x4f3d31a237df9dc929fa66ee967d6f209bba6d126796318d52cb66ded082ec9e,0.35,1.017e-07,10174,0,5,10174,1.017e-07,0.0,,,live
2026-10-10T07:37:14Z,0x7eb1d7132517573e0954f3d0322242900e095c04,0x095792e7939b850afd46de53266025b241a3f637bbc6fe5f8c379bc623e2307b,0.4,2.913e-05,56102,1220,6,29140,2.913e-05,0.0,,,live
2026-10-10T07:37:14Z,0x7ec55bfc4ca9c3127157e4a6d3e583a812d2ad33,0x1f803c03069fc93891a0acc6a79a09c1d62ccb15ead8e4d209c6bc4740622042,1.37,4.553e-06,6240,9996,162,4548,1.564e-05,70.9,,,live
2026-10-10T07:37:14Z,0x7eebda046d451bc7a7d12491eff72a861aa8136e,0xd8a01cde92d5072bf981614b2592e01640b8c962,1.74,0.01699,412344,3055884,8680,16994253,0.0171,0.6,,,live
2026-10-10T07:37:14Z,0x7f3713d6e93b4a5eb00c4e8a44bb16ef58504777,0x25a2db89ed594e407ecf09b07ebb9dacda0209c752d09d4928f1b08a203bb52d,1.47,,,,,,,,,,dead
2026-10-10T07:37:14Z,0x7f70681355251f29345e1850d06c85727ebd539c,0x112d0d83f8694a2c24c7094bfc8c933b86a5d100,0.31,2.498e-05,23,1801284,5625,24988,0.0001182,78.9,,,dead
2026-10-10T07:37:14Z,0x7fe20f7ff2ad973584f2a154abecd04e397c2158,0xbc6edd306fcfa31d4bc8bf2119e29a962306c4d3e794ed7b5ab9681522b7f65b,0.4,0.0002894,43588,86723,233,66112,0.0002894,0.0,,,live
2026-10-10T07:37:14Z,0x7fe8aa19af2a4aa6cceba18dee9d23a574ac7777,0x87932452d8e622a8b78b1044d9c1d223717b9c16dc9158f38898c62f304ca19d,0.12,0.0002044,47422,49395,235,46719,0.0002044,0.0,,,live
2026-10-10T07:37:14Z,0x802ca85c16e3b038add1f197e37159b4c0fd829e,0x14a488f457334387f9d74bffb702376c4144c81d,0.3,4.73e-05,21,1403902,6281,47303,5.995e-05,21.1,,,dead
2026-10-10T07:37:14Z,0x803fc92a394bdc0b1aa44247e9221c4182236777,0x5b81b36c59758c343fbc456d7d6b4ac566c135e2a8aea1711043e834b5a6cfb1,0.24,2.598e-05,25087,55166,190,25936,2.598e-05,0.0,,,live
2026-10-10T07:37:14Z,0x804d44835cc8d32a05c63f750e186e05174952cb,0x4661e7ab4e1fb69eb2e6f73189a79b50dc8d4ce97ac7cb24ff7f20911e1f6092,0.31,6.233e-06,6233,0,1,6233,6.233e-06,0.0,,,live
2026-10-10T07:37:14Z,0x805e121c5ec664eb14ff0d16e8b79f2defa6c823,0xb8a3bc9d428e82096e672079900dcbda0f3e3b21,0.12,2.496e-06,18,1705117,3700,2497,0.0004921,99.5,,,dead
2026-10-10T07:37:14Z,0x80877fe12ede96f807422d5d4ee4f4c47cebc8ff,0x26dd43b1be6b08ee36562e6c3ed807bb4b6f526f12413a693c788116e151eeb6,7.75,0.00134,94093,44147,144,936229,0.002236,40.1,3,False,live
2026-10-10T07:37:14Z,0x8093f5c69702eb5ba59ff38d3e55618a21831e18,0x0705d27fb53a719061cfd62b2085e69ecd04c4dfd1fd800a05a7c2905c108d89,0.24,2.273e-05,23502,28569,522,22730,2.278e-05,0.2,,,live
2026-10-10T07:37:14Z,0x80984275fbef7167ce8eebdc1d97e5e75bae8777,0xa0a72996f84c0b69afb448720544f0c48fb711acf66e63cee117581aea7350d8,1.39,,,,,,,,,,dead
2026-10-10T07:37:14Z,0x80a7f127267067ffd7df5624e18d4fda5dfe4e65,0x7a87674b6f79319da47e27002a720f971033ba7c9a1e9b79fb555263a29458f1,0.27,5.724e-06,47726,25415,149,57240,5.724e-06,0.0,,,live
2026-10-10T07:37:14Z,0x80ac9ccbe2fe82c7f351f784780118d880fc7777,0x46dde1af6a469deb44fd6d7be1d07f47bb66831c96941638701605eea1366385,1.38,,,,,,,,,,dead
2026-10-10T07:37:14Z,0x80ddd7c5ac6bff0cc52cea7c720077b73dac6777,0x23407005c741effcd5032acb8524bfd41bf317568754e6daa5488f18ffae8906,0.95,1.725e-05,20449,21874,71,17217,1.725e-05,0.0,,,live
2026-10-10T07:37:14Z,0x812143682138c1cc266b83f9d78c9b28a4b270f4,0x6b163dd325101e5736af588d1649e41ad3064c53c5e0b037d366a97fd1110a43,0.96,0.0002693,42186,81332,239,61513,0.0002693,0.0,,,live
2026-10-10T07:37:14Z,0x81cefe3066d1ca508363afea245030260a2a0777,0x99dd84e074d0f07dd5cd5f815bf9ef4c76efbe44e2acc3cf0391361a6bbf7532,0.08,7.251e-06,13261,557,4,7237,7.251e-06,0.0,,,live
2026-10-10T07:37:14Z,0x81cf2457f9cdf1ba758e10ff6db5c004b5af8777,0x859b697f907b683bd74c61ca24f487255dbc5636998d5c9bd8889e2c77d16f9b,0.33,2.547e-05,24803,56842,195,25422,2.547e-05,0.0,,,live
2026-10-10T07:37:14Z,0x8243caf77f4a6eb9b5e373c9dbb723c83cb45d52,0x666ca8a38803473daa3eb43816eef80d805a41e3757ca3d15626de1bfb4f899d,0.41,5.439e-05,48673,11925,32,54398,5.439e-05,0.0,,,live
2026-10-10T07:37:14Z,0x825abfe9134726dd6e954c02c0dc6a9a961a96e0,0xc59b9551eec10c3eff8857870915749d2c05c1756554a19b27b4d8774007a0fc,0.77,0.0003153,45662,93170,236,72027,0.0003153,0.0,,,live
2026-10-10T07:37:14Z,0x8262dd8c12f3d1513ff65986dc96775cc3484b77,0xf977813c283d7e6e08701bb523abf81d6babd1da43bbbd842ebf4dbd79885500,0.95,1.1e-05,11010,5,1,11010,1.1e-05,0.0,,,live
2026-10-10T07:37:14Z,0x828ecb134a45b9a5eefb55d7155c58c045a0007f,0xcdf281c2a061661e1f6d76d2239e76a1173b3f7f,3.8,0.0004955,402628,0,4,495589,0.0005445,9.0,3,False,live
2026-10-10T07:37:14Z,0x82bc33dc33ea34580ceaec384b9fcc847be522e8,0xe0ec6329bdb14e4bf86b3e2a1ad034c364b4007ab6aaf7fc31c78dbe634bbb5f,0.64,0.0002932,43970,111881,225,66967,0.0002932,0.0,,,live
2026-10-10T07:37:14Z,0x832acfd912b923f836c5e7e1a2b24dfe22353f18,0xfa4020df369dc20aa317fe9696a5c8a5a54f9103,0.43,0.001119,1007602,1093,9,1119555,0.001119,0.0,,,live
2026-10-10T07:37:14Z,0x832eb2665d7c31184ee15d5ef8d3f347fd690777,0x5900c74ff0f799be9eba4e91c8b0833deff6d25f55b5470b8cf5bccba143051f,0.08,6.852e-06,12891,371,4,6839,6.852e-06,0.0,,,live
2026-10-10T07:37:14Z,0x83321a250fc48dfa25b2a3cef749f315f723c777,0xf958dc626b4a9922f1ffe800fb74230882a42315f9016c4dd2098f5f16383f0b,0.51,2.39e-05,24016,54376,181,23862,2.39e-05,0.0,,,live
2026-10-10T07:37:14Z,0x8362a43b52efe03140438c0f66d1c6b14922b994,0xa1cac4b83c609697570029d631340f589be955cd32f837884ab2c7a5461a05f3,1.35,,,,,,,,,,dead
2026-10-10T07:37:14Z,0x83a49b808f8d5e02cb2931cd2352988f498e5ba3,0x541bedd98337d22c46ff8196494f14e7d9922ddedf07b74df44c7020487e5fdf,22.65,7.883e-06,127821,31702,594,788334,0.000146975,94.6,,,live
2026-10-10T07:37:14Z,0x83c986edd92b5ec9ccf346718d5ccf104557c777,0xf76ddb38d07ffd54b9d7c0ac0303407cc5a1583ed1f911e1a6b4559c1c7168d9,0.35,2.269e-05,23419,51870,187,22653,2.269e-05,0.0,,,live
2026-10-10T07:37:14Z,0x84171e7226f1f58fe58981404f2acafc9cee5624,0xdb023e5a7341110f20df46c0f149349c316cbee50b022c7845ee1e51bf5a141b,0.79,4.072e-05,16410,2510,11,9302,4.072e-05,0.0,,,live
2026-10-10T07:37:14Z,0x8449c1973d1096c05878cebb633690946c307777,0xfd8ad13e53de94e2341f58ba4ef9e7dd5895a234fa7b88f702a26219f19980d5,1.36,,,,,,,,,,dead
2026-10-10T07:37:14Z,0x8474b542820f76b090bf58592febbc622a7200b2,0xe69ff1aa3b12ffd951e54ec81223510d8865f799248e51f93c37c639e9be4f3a,3.92,5.299e-06,6727,913,50,5120,0.0001045,94.9,1,False,live
2026-10-10T07:37:14Z,0x84bef7a7761ffa42d2ab7de3a9c6ab4475a214b2,0x8cf68334a3a36af8a693b6d42ca8c3cb4e5ec3f6d3d0b5c1737d04d84860f182,0.11,3.123e-05,30875,6413,36,31230,3.123e-05,0.0,,,live
2026-10-10T07:37:14Z,0x84c4ee6356ac500b65e43d89a0610b4cdc689135,0xe66c2518c487aab3d2652dee4a65a720654d2818e58e80d0d891d387a03d4c87,0.56,0.0002495,40537,70767,242,56995,0.0002495,0.0,,,live
2026-10-10T07:37:14Z,0x854d81db85876fc5e52fdc8b7fe779b120eee777,0xd1cca2279dcb38d39f66e6a029905eaa7151f685fe40a1e2ef11f89d8e21e4ee,0.88,1.919e-05,21579,48299,191,19157,1.919e-05,0.0,,,live
2026-10-10T07:37:14Z,0x8593d1e2d74f9f83493ad2dcd931848ee1c0a481,0xb32c2a67e5087bff09be17c37f41504b7a771f5f4f861cb5aeb3f97145c04701,0.88,2.487e-05,24874,3480,108,24874,2.535e-05,1.9,,,live
2026-10-10T07:37:14Z,0x85a0aff7e2f1e0dbdc584027203d1e63c61e9afe,0x26c0fa22738ca2bd6c6a4ba1c94e24b43c04cde4fddd3975853f098a2e48340b,0.27,0.0002263,38628,67799,229,51705,0.0002263,0.0,,,live
2026-10-10T07:37:14Z,0x85a4fc2987bf6a39042fefa16df9fba74fd397b9,0x805ef58d41295dde30ff01395c9560eb761b62b308edbd11879242d90dfe5d84,0.98,0.0004591,53578,144623,636,292445,0.0004591,0.0,,,live
2026-10-10T07:37:14Z,0x85b314f7c46657014a0286a4f149f5f79abcb553,0x818beceab2f6958b61ca89609e97fc02877b8d1c,0.14,6.201e-14,0,22216,89,,1.209e-05,100.0,,,dead
2026-10-10T07:37:14Z,0x85f61938ef08c1d6f635ec19ea593d7321e69777,0x7b0aed242c2d330013747b8cd85f4d8a38e0646973437a59b19ad4e90ae9484d,0.05,2.754e-05,25834,48797,172,27493,2.754e-05,0.0,,,live
2026-10-10T07:37:14Z,0x8651b02f9c5ae48bd253850aef5278456cda2d2a,0x8aa7e2c2f65576987935295c52c81ec4bb82f5b0,0.28,0.0001425,26766,12094,26,142587,0.0001425,0.0,,,live
2026-10-10T07:37:14Z,0x865f97e58cd57191aedc4e67a8da77c863eb455e,0x992e13af91dee607e5869f0fb0c6a951032d3c673e469c33077ff62cad698007,0.49,0.0003542,7067,0,1,7439,0.0003542,0.0,,,live
2026-10-10T07:37:14Z,0x8665a7953129582ba336f070d1304e28a5d49b4c,0x6a620dfa1119d2a671aedd19ae7cef43f8a9fa00,0.28,6.651e-05,8868,28370,246,22170,6.651e-05,0.0,,,live
2026-10-10T07:37:14Z,0x86af99052db086a66af7d764bb04d3abb81b485f,0xda36b25534a3bbdd02ed2644c04d9d20933e2e3484592db23fbb21cfc4c7e8fd,0.63,2.222e-05,13776,234728,3595,22223,6.661e-05,66.6,,,live
2026-10-10T07:37:14Z,0x86d4c270d57cb41f84b201f7f55f6726d1620c0c,0x8e5c9aeba44600873e8a58796b919251de686cd4da444edde57a9239095c0dba,0.24,1.267e-05,12656,48593,727,12671,2.561e-05,50.5,,,live
2026-10-10T07:37:14Z,0x86d8052bfbae8194c51fcfb27cf8af7e51d7c432,0x083c92eb95dae5f22992543b70205fbc637f1dbe01ca664474b1734e2c6c6842,0.4,7.548e-05,61737,57914,142,75480,7.548e-05,0.0,,,live
2026-10-10T07:37:14Z,0x86e63d3dd6e6b29a9a75376a188430df6120d2ce,0x4325f3dfbf398fe247f36aea615a681d731638349380fc609968b2a16b48241f,1.44,,,,,,,,,,dead
2026-10-10T07:37:14Z,0x870ad91a43591ca84d5a8398a687aea398e52034,0x6259f215a4f8270837170c424542a40d32160154eed21c40b27a30d65858664c,0.78,8.625e-05,67841,140121,367,86255,8.625e-05,0.0,,,live
2026-10-10T07:37:14Z,0x8797e53db6e750fbe89089f1c51c0c01aa9c7777,0xd189fb7dab540a66c51a72f33c08d2aee130461d73b8310261d89b3bd2a42ec3,1.37,,,,,,,,,,dead
2026-10-10T07:37:14Z,0x87b7815aecf64127feba062c38a5478fcbbc5e54,0x68acacbc6f869ea918ed52ec53bdff995bfed0a04bc92f1b772d9fde7ef737cb,0.34,1.1e-05,11010,5,1,11010,1.1e-05,0.0,,,live
2026-10-10T07:37:14Z,0x883ebf74cb104772b245a4dcb5637cd32816c9b1,0xd52cd8075d05c197c63998ceaa2655ee115f4e20679b19eb0f8e3281abe64135,1.43,,,,,,,,,,dead
2026-10-10T07:37:14Z,0x88a067d17c1b8746ecf131e43e79dd67bdb77777,0x0b6da2147550a9470c029f4f180592d886eb8d37ba3a001c59f679c97c6f6b02,0.32,0.0001885,45486,49036,231,43084,0.0001885,0.0,,,live
2026-10-10T07:37:14Z,0x88bbb5cffff0a969e6d04c75994b142bcfa46cd5,0x17c1f9e49d67f683f772b7e36ee2004898007c43b969ca7ffbf1990ae0f791fa,0.08,7.502e-06,36004,66490,1526,75026,7.502e-06,0.0,,,live
2026-10-10T07:37:14Z,0x8920ff3b63dd291329bc5fd0f20f01946c7e7777,0xcce11ddc8e71bf1bc22f56b30ebe2c70898542f97593773ebb3b871e32a36f47,0.28,0.0001816,44654,47456,226,41507,0.0001816,0.0,,,live
2026-10-10T07:37:14Z,0x89438950605cbb2cb1ab66ae3695cc25d11e6777,0x5d77f45f23685f302e58c2ee78ea5850e199bc4f961c8b666c627ab2ebda3807,0.96,2.122e-05,22684,51541,195,21187,2.122e-05,0.0,,,live
2026-10-10T07:37:14Z,0x8974b66cbe31d1dd3f2b00cc24702f863f752a88,0x4bfbaef877123ec0065ae4243cedc7d99ddc120c47e1322715b9c5ebcef8f4d0,0.05,0.0004744,192522,1070399,2421,474448,0.0004744,0.0,,,live
2026-10-10T07:37:14Z,0x897d151787ca84994ac8df68500f17e587794796,0x6e7fdabe9b3ddbe1d6e2b3585163fe56662edd2255a71151dd2d02ff87fc495f,4.33,0.0001122,30957,65578,627,108856,0.0002069,45.8,4,False,live
2026-10-10T07:37:14Z,0x89b76dcdda801f2e456765742c64950eb2a0c93c,0x8f6f9a474cbaa1b6b7cab7efa61073f08cc0dc9768214f65fa66a158208fd115,4.51,0.0007189,78356,402267,2433,706979,0.0007891,8.9,6,True,live
2026-10-10T07:37:14Z,0x89bb54ec93330d1a88a55014c15172181e240961,0x0375962f5f83112df6fde0b298f6aa5c2c52e4ed500febb9178bfdcb10f3d564,0.17,6.32e-05,46529,438845,2051,63208,8.068e-05,21.7,,,live
2026-10-10T07:37:14Z,0x89dd5d0c0a6b8680fa5eacc5eb2e579e75cd6772,0xe33e240eed8badb96b68c9ade5314407f0af6efaabd370b8d1781ebb44c94382,0.37,7.77e-06,46621,45848,237,77702,7.77e-06,0.0,,,live
2026-10-10T07:37:14Z,0x8a277697e2ada2c32d98e40e524356939fdecb70,0x251f49cb7ecd54c30e6abfa2813505fc57c099e317493dc207adc0b16dea3d20,0.28,7.533e-06,7487,19690,135,7533,7.533e-06,0.0,,,live
2026-10-10T07:37:14Z,0x8aa8e741c27bb7f4fdc390ed047be3b906f9aba3,0x282a377c1fbdcd5362c9ffaab2a0a3b2ff7e5afcc24318cfa2881ff4695d545b,1.4,,,,,,,,,,dead
2026-10-10T07:37:14Z,0x8ac21748392a3981a3a496454bc217fcb0398ba3,0xd364f6ac6d33bbf32fe2ddc1cc78cb178ed8401b500a2f59bc9e080906e49c2b,0.38,1.032e-07,10331,1491,45,10321,1.032e-07,0.0,,,live
2026-10-10T07:37:14Z,0x8ad3e6f17537fd9b04a786febfa7f00c016ffeec,0x8660c267d2d8663aa291c4440323f41ef140ea0a6541e13e3417ae8f3686ba2f,0.92,1.1e-05,11002,1,1,11002,1.1e-05,0.0,,,live
2026-10-10T07:37:14Z,0x8ad983bf2b6acd59556050185c1db86d3e731e18,0x3767adde0d122372247b1191752771b3236fa51beff5ef03dc159ae1317f156d,1.39,1.6e-05,16024,3,3,16009,1.656e-05,3.4,,,live
2026-10-10T07:37:14Z,0x8adb88f79c991d572d82144ae6ca8516df2420fc,0xb19ec756e668081f992c5da15cb81da54711f421ce6fa0ec5baa6ebefb796924,0.59,7.247e-05,24880,116638,1718,72100,9.593e-05,24.5,,,live
2026-10-10T07:37:14Z,0x8adda1b56227240940de83449d902e2f98c93161,0x76a48d9a0a42c20037076fbcfcac2c01a9ea4a613443e5a4d433fc4f28a62184,1.37,,,,,,,,,,dead
2026-10-10T07:37:14Z,0x8b12efc98ff7ee1208ccce5b57a5627028a07777,0x9f3529a127a3d1d480a6a77a70039079c914e4e982cb834be85a4a9c412889c5,0.15,0.0001797,44465,52342,228,41073,0.0001797,0.0,,,live
2026-10-10T07:37:14Z,0x8b18476706d4ef458e93b5e75b04df64a93a732e,0xb5f5af200a5e80d4e86289b8bd49ccbe49838187e171ec14f7c9c3e1224dcbbd,0.19,6.246e-06,6247,0,1,6247,6.246e-06,0.0,,,live
2026-10-10T07:37:14Z,0x8b1fc292ece377b905903fe06599a17801c4eba3,0xa6c274db91b2b69e55831e11db43440f2400cf7d625db2dec54f0c0926407dc5,0.07,1.363e-06,55708,2379975,5219,136352,1.363e-06,0.0,,,live
2026-10-10T07:37:14Z,0x8b4e3c9920bfbb0049b2baa20fb55494a61a7777,0xcd8aff7abf30f255410898789905e03e983b53cda18b667848c6face1bb7fc64,0.12,0.0001909,45827,51844,221,43619,0.0001909,0.0,,,live
2026-10-10T07:37:14Z,0x8b765cc4e407b04b32b53111ad3d5ff26813a777,0x4bab5dcbbdda81279698f929939130b15d3ada54001c82ac9b0ce89581d0846d,0.57,2.289e-05,23507,49461,181,22851,2.289e-05,0.0,,,live
2026-10-10T07:37:14Z,0x8b835b7e4fb7dca4abceeab613d39d0a392ef2dd,0x16ed940f882e82034711ed5d6b12066c138edb989045b27575d5dd031db4f612,2.11,3.847e-06,5732,2157,108,3848,0.0001406,97.3,1,False,live
2026-10-10T07:37:14Z,0x8c407c3de216dac72fd9d38f1ca9687767b6ba68,0xe9f5424d4a366cd96ca2ab5cc9b90399ca2baf062d0e0a506825ca43177b6b17,0.36,6.237e-06,6238,0,1,6238,6.237e-06,0.0,,,live
2026-10-10T07:37:14Z,0x8c50bd15f90a59d873abc822f8e5e47a953b9328,0xfeec69eed544d5298df098c030b177a25e7e49e7c6cf4601e1245db6659a9b3d,0.48,0.0002999,44350,117918,223,68513,0.0002999,0.0,,,live
2026-10-10T07:37:14Z,0x8c658ad172e02fac1aa7c2a1541bdc206edc448b,0xe8dea07b03dafa4df275417be82f06efdb2d38923e5219d54e0b1da284a15db1,1.37,,,,,,,,,,dead
2026-10-10T07:37:14Z,0x8c7ed08ca5bd6df98bcb455809bb9f8444e17777,0x9e428fd39e6b124f9138c3858df3092cf9e9bbddd02f8199ba4bcb41aea5e307,0.24,0.0002188,49083,50210,229,50013,0.0002188,0.0,,,live
2026-10-10T07:37:14Z,0x8ccc5f1f2e076f404d764646d662dc0fdecee1e6,0x47f311db79b8c84a515c27500d33f221dd0b2097021e8d185d7ebe3be5c7e16c,0.33,0.0003056,44847,101933,234,69814,0.0003056,0.0,,,live
2026-10-10T07:37:14Z,0x8cdb033120c84c9503f898e0dfeec845b41e3777,0x8dfae21e8d8d55764707e3c4df2ebb0555c92b7643129410e9946a178892fb8d,0.86,2.075e-05,22399,39740,143,20715,2.075e-05,0.0,,,live
2026-10-10T07:37:14Z,0x8ce9c13f5522a5924af786e59e1d36aac086123b,0xd47ab588850282719370cdbe545884a616788a096ac396c036aa135fcf19e858,0.2,9.721e-05,61253,308505,902,97214,9.721e-05,0.0,,,live
2026-10-10T07:37:14Z,0x8d3fe2272e9f21670fe27ff04f09f2d4cf461d46,0xfd9212248c6d0f54512384495a4952424046801a3ab404078450c1636ef976cd,0.78,0.0001219,28396,35292,141,27863,0.0001219,0.0,,,live
2026-10-10T07:37:14Z,0x8dc2c654be64da35795471549427c4ef5e93cb5b,0xfc031f6bcde00f6bbf8402f2e714bb0d8643ee91001b497d8f0baffe84498d3a,0.78,0.0001664,33146,36779,148,38016,0.0001664,0.0,,,live
2026-10-10T07:37:14Z,0x8e41fd25e85e624560fa50ff9f117a02cd30b8b3,0x7608c38ea8cc2082b043e886185979942cdeb58e,5.68,5.11e-06,4646,1078,22,5111,0.0452,100.0,1,False,live
2026-10-10T07:37:14Z,0x8e5c643e263776a01b8d898a0b0a233cd132f5ff,0xa3b6330812f1ebe45dadef0f99a01075ff17a5393be3dc7ad9fca32256a59323,0.88,0.0002106,37319,65615,231,48115,0.0002106,0.0,,,live
2026-10-10T07:37:14Z,0x8e6d0d9d4afd8f254618f2ede5de0d411199c378,0x5dba8305d95c3f5d71c8a35cc4c158b13af40854690735b0957edc6ee4db3828,0.94,5.096e-06,5097,0,1,5097,5.096e-06,0.0,,,live
2026-10-10T07:37:14Z,0x8e8893e73405f6f38c827f3a66909649bc83e50e,0x1addc49bd531903b195ef7fe9ab7fa9b98051005503bcd8a8dc7628063f5b602,0.55,6.286e-05,46260,409698,2034,62862,7.588e-05,17.2,,,live
2026-10-10T07:37:14Z,0x8e95747851609d3ede44409165121a5a6e893777,0xa68d5c946356ec754e44ea022284cdc4919f90b39c3545ec8a01f76180b1ef24,0.07,2.044e-05,22258,49083,175,20405,2.044e-05,0.0,,,live
2026-10-10T07:37:14Z,0x8eafb1ad565eb1aa62f876d031608e93e40ed703,0x82801ba0a95474df4553cbdba11fe91e088da3eb59050c7a2d08c3ff05f4edb3,1.38,,,,,,,,,,dead
2026-10-10T07:37:14Z,0x8ee296707a535b2adab2b3d3a57f30af87da4ab7,0xe091fae1a016cef56534bc6fc00dae99e500b52fd6e26abd3f22b5cbc3db1eae,1.37,,,,,,,,,,dead
2026-10-10T07:37:14Z,0x8eef8674e08786eb7af28a86e3b098d28482a2c3,0x1ddb0dbb526c4263563bf8da74cfce9470d3e6dbdd203e63a8870b527edf4fbb,0.38,0.0002212,38164,63142,206,50532,0.0002212,0.0,,,live
2026-10-10T07:37:14Z,0x8efde1dc0b0e85b6af77009dc0c9d7053791a2a4,0x47db78fd6d633b58aadb4de4b773e1337ffbcf98,0.49,1.506e-05,7573,0,1,7573,1.506e-05,0.0,,,live
2026-10-10T07:37:14Z,0x8f31227a375803d55a2452cf4b4a4e6744a19777,0x0b7293d988a5e8338032f44843f9a767e93049d90d5c00c9bb8caef395a45b78,1.38,,,,,,,,,,dead
2026-10-10T07:37:14Z,0x8f65ff3fc9f717a620daabb4fd24cd0f23bed5ad,0x733f29637060337a403a5106538b750711d5bdaf9d11f1982ff63e1b7b7294d5,0.69,3.59e-05,15387,706,4,8201,3.59e-05,0.0,,,live
2026-10-10T07:37:14Z,0x8f9362d78e05323dfbb6c11bc7d0fd607c061e18,0x241952ead2795e464fcc69c5f8d005479036d647583452c2fd64c7cb59d18019,0.24,2.996e-05,29619,132088,960,29961,3.154e-05,5.0,,,live
2026-10-10T07:37:14Z,0x8f9735805eba7384e90b7feb48befb1fcf750777,0xa4714dd10affe50d2a4a19a1f3f587882038ceb1e792b05b5b98d94bf5a1ba95,0.08,6.835e-06,12876,364,4,6823,6.835e-06,0.0,,,live
2026-10-10T07:37:14Z,0x8fa601e2c9aa3b69120c3eaa83a1cdf836728239,0xcaeae64a270b58d6bb6387b62464b66947dec8cf6b385359220bad4b2894752a,0.93,0.0001575,32297,52823,164,35985,0.0001575,0.0,,,live
2026-10-10T07:37:14Z,0x8feac32c54d685761d324cfd57a74d3326e7ab20,0xc018d525e0e2d2376017e36014e465142fc64a93e24f76e1c244a5ef48bff95f,1.44,,,,,,,,,,dead
2026-10-10T07:37:14Z,0x905b061ad7aa6985dfc6b2dadb86225f1ad43f0e,0x6235bf5c542e81a4167c2cc5988e13ca756fdd05,0.4,8.408e-07,6780,5733,558,4625,8.408e-07,0.0,,,live
2026-10-10T07:37:14Z,0x905e3c6c08942a09cf3896977b035700974fdab4,0x17063637802364311c1171d0386bbefa65f006ce,0.05,3.653e-12,0,21962,24,,1.657e-05,100.0,,,dead
2026-10-10T07:37:14Z,0x90d709ff6cdbddb3f4d924d1ca1bb39b084940a9,0x575b7e2a321741f56f554674b54e28a65703d3e63e31dbedda42a614228bd852,0.78,2.61e-05,26088,560,5,26101,2.61e-05,0.0,,,live
2026-10-10T07:37:14Z,0x90f83e8ff30ba5a6c064c03eba49286493a07777,0x67d59ebc2f5555e31120071dd4fa59c4b6c4fadf7c7442f26400e6ed6a3972e7,0.79,0.0002298,50332,51051,234,52516,0.0002298,0.0,,,live
2026-10-10T07:37:14Z,0x91190add04a5b7edead115f0ef05614627c2a9cb,0x1dada0944e6a1ad3bf04c0c39dea5e6e3776bc08,2.28,3.624e-06,3520,1306,53,3625,0.01726,100.0,1,False,live
2026-10-10T07:37:14Z,0x911c1b41b57ed9b5d3dcfe4061a1e3b622bcd52e,0x3b0fa3ebda8641d94494fca38c878806b583a61eda44d37d1e837a8d39fba9b4,1.44,,,,,,,,,,dead
2026-10-10T07:37:14Z,0x9137a428bdd7d7076afeac7095bd9661004adba3,0xc61a5c9debbf42128764fdb5dcdff32c9a266a1ef1024be90088cfb73c31d43e,1.39,,,,,,,,,,dead
2026-10-10T07:37:14Z,0x9171dfe47be8d3dd8d8aef5e1a45c0ae992dd753,0xd68f2bedf6bf9f92a37bef6ba86369bb04cc6a8e28f9f8ccc90d28ffeff69460,1.47,,,,,,,,,,dead
2026-10-10T07:37:14Z,0x917362c6da24a63b8824f0cf0f16c47afcc5bc4c,0x3a77c8c08fc2354c3cb98ceb85961e9d9e063b2be55a47c54e8796fbb8179b7a,0.64,2.583e-05,25831,1774,12,25838,2.583e-05,0.0,,,live
2026-10-10T07:37:14Z,0x91a2dae9699f0b82540b5886b0d8759c22820ba3,0x40a433930370f6cdf0a78debc2c6dd599c23bd428c0d67dd8b5373e4f101557f,24.07,2.45e-05,559188,72783,931,2450665,0.000473364,94.8,,,live
2026-10-10T07:37:14Z,0x925a765660b2b727259df09816bf1de939cce239,0x1321da2f5f189386f200f33366e7adb56a98331e169935f2c60ccd3b965552b3,0.91,0.0002214,38297,71392,236,50586,0.0002214,0.0,,,live
2026-10-10T07:37:14Z,0x927b50e4ce03671d5a505922750edcc9cb734ad4,0x10f2a61a3cb3f8f4ddc2c1bd57dacd4fb38f794333a6110044af81d86d416a4c,3.09,6.698e-06,7563,5027,123,6486,8.932e-05,92.5,2,False,live
2026-10-10T07:37:14Z,0x9302b4eb596ede184295b7aea62a326f9f84d077,0xbf638e62769ec294b2ef8b93486f0ce2c33fd06aaae0bab949f5a10fe8b0e4cf,1.5,,,,,,,,,,dead
2026-10-10T07:37:14Z,0x933d2502406e7bd8f6ff05ab8e1dc9711af6e94d,0x92f79e84a994eb741988834f9bcd4d76cbacbcc7babfc54d4ac4d8f3d8f55364,0.93,2.506e-05,25062,569077,1309,25062,0.0001593,84.3,,,live
2026-10-10T07:37:14Z,0x933d9c4313414c4ed00ba420ab9d98473c68d351,0x836880c9b3a46873cd9ac53fd8bbe29c07192d2df2317e56acea39f55811ff5d,0.9,5.086e-06,36486,73199,256,50865,5.086e-06,0.0,,,live
2026-10-10T07:37:14Z,0x937ff502cece43dd10c93057f11103088b951e18,0x3ce002707216dde1738352735bdabfd38903e39e50b7842b28328c0beac999c0,0.24,9.671e-05,85545,153600,1566,96715,0.0001613,40.0,,,live
2026-10-10T07:37:14Z,0x93a7334ae11dda710d3efa92888905c4b6561798,0x737dc0ae1d59e2f1b3814f6d2f427772dd52b505cc67b22bf7207a2c2c7d7b36,0.6,0.0003132,45363,93999,227,71552,0.0003132,0.0,,,live
2026-10-10T07:37:14Z,0x93decf72d6c11cea1a409f66d89b5933d11cc422,0xf7863b00b59d51af4883b809b992f13f35677b1b8d36b92e7708bd30a1827b11,1.49,,,,,,,,,,dead
2026-10-10T07:37:14Z,0x93f8613789d92232041bfef2e7a185fea9984476,0x32439da8101734e840536f9548865330ea5f16eb515b1a8828888135c32a84f7,0.59,0.0002437,40033,80862,224,55675,0.0002437,0.0,,,live
2026-10-10T07:37:14Z,0x9402adb0206a1a0de8b355c688bc8b095d598777,0x0477c5c69d5ea78321e5a502998b359f5c3e0871c41cebe79eadf16579345a64,0.3,1.825e-05,21005,52287,164,18216,1.825e-05,0.0,,,live
2026-10-10T07:37:14Z,0x94318f428398fe880a0d25e90fa7bede60585ea5,0xe5ff77e98b58c7dab5f372cdbab62d8f1e2841edb2e1873c81a652dcb1e1d0ec,0.97,2.961e-05,29421,2204,11,29615,2.961e-05,0.0,,,live
2026-10-10T07:37:14Z,0x9434680dbb6451de226c10b67389147767263777,0xdc9df9659f7cac256748ed5a67cb7e4e95543a65edca3325137562c4409dcbba,0.39,2.51e-05,24591,53387,183,25059,2.51e-05,0.0,,,live
2026-10-10T07:37:14Z,0x949f6a74f161e119ce768e7450237896e1e26d41,0x7e2c3c3ffbcaec087d095894961ad1332f7281aacf5fecfc13f9db2f277c1550,0.77,3.599e-05,34401,52468,238,35993,3.599e-05,0.0,,,live
2026-10-10T07:37:14Z,0x94c211d73ce57cde62e64d6d2dfea16d62566777,0x2bd8c60decd6261230f06d324cbf3181c6883aca488c6299a8570a64ed19a471,0.89,1.702e-05,20326,22061,83,16992,1.702e-05,0.0,,,live
2026-10-10T07:37:14Z,0x94c8eec8c3e5e4f377c0fe78ff012c90f7de3777,0xdd4a57c2ab1a1fc5f3d9b7101be356a8d4c560aaca184fbb2524bd0040a399bb,0.26,8.926e-06,14691,9258,30,8909,8.926e-06,0.0,,,live
2026-10-10T07:37:14Z,0x94f4553b582d4925a432768d340eefca23d80854,0xf77dedf6799eeeb12816fe43e12a63ad7c03bf91507e99c1d715515ea5155b05,1.63,1.431e-05,11356,14698,209,14278,2.066e-05,30.7,,,live
2026-10-10T07:37:14Z,0x95e99e76ff7009a5eb4d6b1ccdee488a11655777,0x4d8bb82207d79d2f0483cbef9d3b9538ed1af1c34b586fbd5a8bc5156b802b49,1.5,,,,,,,,,,dead
2026-10-10T07:37:14Z,0x96003d7d4f6b8d7466ce423fcecc916f7f901c90,0xf8195d1f494bef04945bb382411240ef8cfd9dc6ac23696208666d2ffea28e52,2.49,0.0001275,33004,129867,853,122908,0.000271734,53.1,5,False,live
2026-10-10T07:37:14Z,0x96678efa296c882a100fcbef36d589d8c5df1d6d,0xd3e46f3641c6b2668f9c7a5e98786262084b6a69d36dc84728ec3a43883a6631,0.98,2.685e-05,26822,902,6,26854,2.685e-05,0.0,,,live
2026-10-10T07:37:14Z,0x967418ed55562b18a468e50d3d68e979dbe41e18,0x05e81b106a2c7fedade7b3b377eedcee1cf8761943dbd6f9da79ad5632ad6864,1.44,,,,,,,,,,dead
2026-10-10T07:37:14Z,0x96890107bd8a6d762900445270f822384f733c4b,0x4a09822a6264886499a4974733dc0e45df0e5d67a27c2bba98b14eab45fd8096,0.94,6.295e-05,20423,5586,23,14379,6.295e-05,0.0,,,live
2026-10-10T07:37:14Z,0x96b8a20c72a32191b0cab3c98580388fac67a61f,0x92eb50b05179464bcfba72a6f506e95508cf06a98ff8534b449bab8e9ddd8df8,1.37,,,,,,,,,,dead
2026-10-10T07:37:14Z,0x96c1d7e3711622184c82a8fcbaaf1eed5b9f8122,0xc2673c01f8a1de0aa48b8e8e5f52914e904c7a677751a141bd08fc148ac2621f,0.51,0.0002322,39048,65364,229,53038,0.0002322,0.0,,,live
2026-10-10T07:37:14Z,0x96c5bf16a38bff3a7d2b0b17564cc47afabc1111,0x8db9e20943251c33c459be7347364147d792586eed4ee6e847e3e01fd931159a,0.68,1.239e-05,12397,5,12,12397,1.243e-05,0.3,,,live
2026-10-10T07:37:14Z,0x970b93ca582cf4170e72e141fccac6a7d4d6c7ed,0xbdaf2a60a8458a524f91a7ca41b14b093a15d7976de343cbdef95b21f2e4850b,0.87,2.537e-05,25371,228,9,25373,2.537e-05,0.0,,,live
2026-10-10T07:37:14Z,0x97382232ac120f1621b5ec9a9ce0d63550778777,0x5d54aaef5aa40c815f62262aba7230f7ea19600cab32eef91e3336c25dc6d18c,0.76,2.799e-05,26039,46687,176,27935,2.799e-05,0.0,,,live
2026-10-10T07:37:14Z,0x97c568b3f8527b43505e4323268c32d8f2a58619,0xcc60a6b70c4056d483e172b89fdd9c6c2a2fb6bdda76c7c4bae047ce35c73bc5,1.48,,,,,,,,,,dead
2026-10-10T07:37:14Z,0x980ec774e155f878f2c11655f620304a7d1f9335,0xce6ebfd85f2c911c61d7b5d61128c4d1c0d88d5a7269bc55c79d78a64799935e,0.08,0.0002459,40304,68461,235,56182,0.0002459,0.0,,,live
2026-10-10T07:37:14Z,0x981b64dc5eb43e3a7ccf3093ead341a56fce4777,0xb415e122948662588d6d5d554f1a242e82ece8a8ceb7937d80353a33c537acbe,0.89,2.097e-05,22557,51247,195,20938,2.097e-05,0.0,,,live
2026-10-10T07:37:14Z,0x988a9c3c1149090cc74a931d4aa2e51860dab639,0x1187cdbcc90484deb6c7272c67965d1b5dfb2172ef9901e007f6b73c1e2a8744,0.15,1.015e-05,10157,150,7,10157,1.028e-05,1.3,,,live
2026-10-10T07:37:14Z,0x98afddc10df36ff6301e302af21e87d620562777,0x88b0c607f5b59efb6e43ae87d64a357b2ea80ee3db66bb5e643b2089f41416d1,1.33,,,,,,,,,,dead
2026-10-10T07:37:14Z,0x98b4c868febd49f7d30b643fc9f5e669bd63d7da,0x4460fb3e2465eeeb750e11262b39ef79431531812b88350424b0683a99f714f4,1.35,,,,,,,,,,dead
2026-10-10T07:37:14Z,0x99326425d5cdc81eb6900d104de1551b89160885,0x7a1246e6ec15f644e5d19edde12addadb8c313644553ba3ab64689b030d26331,0.61,8.556e-05,56506,282382,893,85564,8.556e-05,0.0,,,live
2026-10-10T07:37:14Z,0x99397215297b36c1a43469d1b07722955a9e3777,0xd6e2c40f66c562e6f7b991bdd3266c62ed2a20ba1293af6e9448c907273c3b1c,0.53,1.636e-05,19855,14789,52,16335,1.636e-05,0.0,,,live
2026-10-10T07:37:14Z,0x998af7a4ebafbd5851befffc3d27f3b2b90f7777,0xad155fb0beac96389dbcd06e966d8e0ca1f7ecf2d0a68b32e43354c2002075a3,0.52,0.0002144,48483,49709,231,48994,0.0002144,0.0,,,live
2026-10-10T07:37:14Z,0x99950d0d10477fa9d0700904e3a4563d442a7777,0x56e7aa4bbc10581d566856cb0b719000e74626516a16be3205d9f17417d1aacf,0.76,0.0001863,45304,51459,232,42585,0.0001863,0.0,,,live
2026-10-10T07:37:14Z,0x99bd7f3682b4437377296b774145330052410625,0xa16ce1d3063b46bd5abb5fedfa27b508c6044ffebbd1d7ede6ca8097726b3a46,0.19,0.0002076,37010,63454,176,47435,0.0002076,0.0,,,live
2026-10-10T07:37:14Z,0x99f01bc4173c70dcf4f966327c28300c5546c1f5,0x932cda797904d1820e33a40f7b4b6364ab0a7bfa629e439a844821f25372cdc0,1.39,,,,,,,,,,dead
2026-10-10T07:37:14Z,0x9ac4d65332acf47d0b3f6c4fb121ad3417e67777,0x4508fd3f0a77f531ef1ab391d2dc19f110fa90c2c3eda26d413f5f0a7a93bf30,0.65,0.0001348,38485,34426,159,30816,0.0001348,0.0,,,live
2026-10-10T07:37:14Z,0x9ad56c5f95208be3c6feb7da5accb48ec1873f5c,0x6e80dcd7861decd6c5defa302df444ef92653274ccd7223b2c1d6b692cf3eb9f,4.5,1.012,19240120,372,4,50603589,1.012,0.0,3,False,live
2026-10-10T07:37:14Z,0x9ae9208d2615ce4eee721cec9b27d48027b87777,0x4becce6ba9ab5fd3fd5727887c01876a7c4e6f87c15cfefbf56b794b8e72aa7c,0.65,0.0002437,51817,57362,237,55702,0.0002437,0.0,,,live
2026-10-10T07:37:14Z,0x9af3c6b90e471d1e76a207c0c2d65ae8f5075001,0x84df61cffad6803de62b29d0b6f405c4a361c6aa9b83a12cee092bdabee25f42,0.97,2.544e-05,25444,214,4,25445,2.544e-05,0.0,,,live
2026-10-10T07:37:14Z,0x9b0cbe7acfcb48db0e08cc41f09d49bb84562777,0x4046893c6fb689334277d35752c4054157b46aad94f6ab652601ff050fc74e9b,0.17,1.989e-05,21929,51525,181,19851,1.989e-05,0.0,,,live
2026-10-10T07:37:14Z,0x9b457df8d01eac59d6714a5221404bdab2461e18,0x2d57df5643a5ac355d8d29ff435dd75cc1eb8afc063565112a63140be1e52f0b,3.42,2.115e-05,21581,1,6,21156,2.553e-05,17.2,2,False,live
2026-10-10T07:37:14Z,0x9b6aa3fceb14d01adebf0ae9cd87b8dddecf0749,0xa2b34d770f652b407ef24b9cab26aab587a525790a74153094d668fbcdc3429b,0.15,0.0002401,39804,63240,212,54854,0.0002401,0.0,,,live
2026-10-10T07:37:14Z,0x9b7e256acfbb3c1dd6f30c7e0442f98ee088c04c,0x4bcbddae9303a30f838949db47b90e4b294bf161042ac23183e0aa7bc38ae3db,1.49,,,,,,,,,,dead
2026-10-10T07:37:14Z,0x9bc3ea686324d5e8efb4b1c806a9868f2a1b6980,0x59a5902956247cb744b9ea9da63ef2dbf93385af855bd047e281ffad5b0bbd6f,0.53,0.0002254,38487,62203,231,51481,0.0002254,0.0,,,live
2026-10-10T07:37:14Z,0x9c5836c9b342e62a472614dced3efc0943ae74b5,0x3ea1badde776ed39696c7478f2f89d0417b8830069881acb2b5fda3c069d53a9,0.94,0.0002045,36802,72058,240,46725,0.0002045,0.0,,,live
2026-10-10T07:37:14Z,0x9c6360bfa59325ebd3865af446ded055a80b40ea,0xe17f62cd545d988434ec7c05ed3162e6e86107e7dadb613e149f217fd9e9a1da,0.45,3.67e-05,15521,326,3,8384,3.67e-05,0.0,,,live
2026-10-10T07:37:14Z,0x9cc465e8c3d4c4fa0d3b4684b0bfcd405512a08b,0xaa19feac859e3daffb0ce9699a4fa256a089cf9bebc3d0886738e854ac147dd8,0.78,0.0002494,40609,78576,230,56972,0.0002494,0.0,,,live
2026-10-10T07:37:14Z,0x9d071a663fee2a2f851c0755ee7a3f6db9596777,0xd7275df4b5fd95d11262c2c570bfdfa85dc952421886482f645e32dbe6e8ac73,0.66,2.126e-05,22675,40831,162,21227,2.126e-05,0.0,,,live
2026-10-10T07:37:14Z,0x9d2a731025afebfd291b1f0c36378c1e072b9bf8,0x8ec8898ba46d1fe577de1546a3928b617d520a4cab92fccfd611c13a9b20ec94,0.32,1.02e-07,10201,3367784,10652,10202,1.244e-06,91.8,,,live
2026-10-10T07:37:14Z,0x9d6607b7afca3bb32c55c49bb5a62f6a3037344f,0x57a94f4700eb6c236745cc3c04513bd41046a32f776e094feb786e2cc2b74636,1.19,1.023e-07,10229,545286,1364,10230,7.54e-07,86.4,,,live
2026-10-10T07:37:14Z,0x9d736d8e3b4d951430dd80fc4d576a79ad4cc1b2,0x4ff2da272d069d7d8f467cfffb0abd0eb6d7dcc1ccc9ffc3db92c0b205a6b2da,0.44,4.939e-05,46904,8848,26,49397,4.939e-05,0.0,,,live
2026-10-10T07:37:14Z,0x9d80917ca9b07abe663d5bcc0d601ba99aa087ca,0x3d63692e698bae62bb81a328b25fb33b08a8b4ead38817678d2cc889215e006e,0.94,2.5e-05,25010,3,7,25010,2.5e-05,0.0,,,live
2026-10-10T07:37:14Z,0x9de8a21877c3aa06ab8d0a2f1f97b93bd7587807,0x3e89a2c8032ea1d26cb218ad9a43ef5415fc4b79,1.48,,,,,,,,,,dead
2026-10-10T07:37:14Z,0x9e4a054400f06c1966f2857cbed98917dd34a7d9,0x9e5491fada0e2d47f7532154ecbd9147c36b8c99190f759319784eb51574cfd5,0.21,1.196e-05,44849,225156,581,119632,1.196e-05,0.0,,,live
2026-10-10T07:37:14Z,0x9e7598c9b3ca57e8b82973093203722336a3b898,0x3f3132bb7514ba3fbf2875672fda81948a4f5001e46ddfe2b4e56735780b8f20,0.97,0.0002483,40546,83639,230,56724,0.0002483,0.0,,,live
2026-10-10T07:37:14Z,0x9e8b2eb82cffae8fce012416a8555dad540c3532,0xbfc4d0fffe8accfd8fa3efd0b5accbd284dccff995e73909001ba80464a0e9e1,0.89,4.117e-05,28368,35547,255,41172,4.117e-05,0.0,,,live
2026-10-10T07:37:14Z,0x9e9462f7e365174e317a306c43af6db204311aac,0xf879ef6ac3f5b1bdd6e6f71a426b5ab7f612415059c3e8d8feea54fde0535f94,0.77,6.36e-06,6371,15770,411,6360,1.073e-05,40.7,,,live
2026-10-10T07:37:14Z,0x9eb01a5bd4c7cd608c39bc75e5c9549bce5f0777,0x6cba3acdde906ee3556b1752382fda9aa1523e3135a7ed75ac5af8a7408e6a8c,0.26,1.914e-05,21512,26624,91,19103,1.914e-05,0.0,,,live
2026-10-10T07:37:14Z,0x9ed770506cfec859beac63be0eb348aa599be777,0x00569da1b2708b634286ee2e55f130584e2cc7e501a4148e5ff0cc3a6c2e6f68,1.34,,,,,,,,,,dead
2026-10-10T07:37:14Z,0x9ede322019359dfc4c7e888f91ff7b3383ede777,0xdf2e8dd9f282b339dd91b0dfbeb712fa194381ea8c0a31d7baee1eafa48ae3ed,0.8,2.356e-05,23916,34551,120,23514,2.356e-05,0.0,,,live
2026-10-10T07:37:14Z,0x9ee0b09f82f8a6e66132c44ff12062db92f03bf7,0x2b1490c19718eb2773e80ea49ec5749b1bfb6d00f4b7c87e10d5c61917e023c3,0.21,0.000216,37747,75484,229,49349,0.000216,0.0,,,live
2026-10-10T07:37:14Z,0x9f4ba41f91a59a34e17ee8c9eb3a51363b11abd5,0xd23635812197b00b0ea0fd0e36021740c7951fb34ff1ca79260052b47e9769bc,22.67,0.0008627,85836,70364,442,812999,0.001145,24.7,,,live
2026-10-10T07:37:14Z,0x9f4d48abc95c7b8b278471d136c7530259d03c5f,0x938bf04698bd6e7f9ec920d42976fa7af8438eb876fd90827cee914831480ddb,0.84,5.162e-05,18440,8496,32,11791,5.162e-05,0.0,,,live
2026-10-10T07:37:14Z,0x9f4fb330515b5c65c5348d0c3688d98d3fddea01,0x74e8311d05d09d6142c5bedc4ad03518595f6becebeff4ed247b6c1bb83888eb,0.38,0.0002979,7076,0,1,7448,0.0002979,0.0,,,live
2026-10-10T07:37:14Z,0x9f84f44b12c355c221c517ab942fe55da0a04545,0xedad8ae67dbaa1f7883b115ecb6d5ea8530da7814d45cf483aa8c0271368cbc3,0.84,0.0002091,37156,64778,232,47767,0.0002091,0.0,,,live
2026-10-10T07:37:14Z,0x9fa37f81a5db729c7a161d845a59a6d68a7e6777,0x8450c3eb2272483baefc35bfbd1176a8d5616bb63b5eef6a9f31de6734aad49f,0.69,1.904e-05,21449,50903,187,19003,1.904e-05,0.0,,,live
2026-10-10T07:37:14Z,0x9fba635c0f6241a73cf34eb7a318ed5466b8683d,0x6d6ea481d774569935261ba1c6d533e2b6669ed8,0.64,2.484e-06,2488,1270760,3601,2484,0.0007498,99.7,,,live
2026-10-10T07:37:14Z,0xa000341a3f3f317ca4b0e0e4bd978dcbc949a075,0x48d6c5edda9de7bdcf179b9bacd1b8665cf7f94aae5b065ee2d8c43255b7555c,1.38,,,,,,,,,,dead
2026-10-10T07:37:14Z,0xa0062b3625c5168571a8a1af50e1082179e330a2,0x8afba2d59bf331f5cb0e28bad4f28b4075fedfbd5474571503bf79f2fce3d065,0.53,5.123e-06,5124,0,2,5124,5.123e-06,0.0,,,live
2026-10-10T07:37:14Z,0xa0486d2f633716a8dbd989ec96cf0abd5f48091c,0x027c69f550ae2e7bfbb4586aa1bc3a9bd5a7b3fb344a102caf0907b5dbfe980f,0.97,2.624e-05,26228,607,7,26243,2.624e-05,0.0,,,live
2026-10-10T07:37:14Z,0xa0563e61152d3b5753a1baaa8937a8575421a64b,0xbcda5410db60d4b542d7ed5fb9969904d29f731c,0.96,1.518e-05,7630,1,3,7630,1.518e-05,0.0,,,live
2026-10-10T07:37:14Z,0xa05e954e4c6a3edb593313a39eb980552c6a62b5,0x0e2fd4272ff215ead00d5c7b1326a05bdf426714eb8d2eab8de254916912a39e,0.18,0.0002401,39790,67718,190,54839,0.0002401,0.0,,,live
2026-10-10T07:37:14Z,0xa07f1926ba15f4eb34e269f1accd176e32dcd039,0x14ca8e9b72b52adfd15ade79fb5e518acca3fa79880f69e631e2a9d20c18a4ba,2.74,2.924e-06,4997,33,5,2924,5.076e-06,42.4,2,False,live
2026-10-10T07:37:14Z,0xa08eab8051d9e3f79435e9a3c059a2789cf8b99c,0xba91a0ff848cec125386258efccb0839bd1ac4645161cc39e6ce6f00e680b14c,0.18,0.0005389,206960,1247761,2286,538901,0.0005389,0.0,,,live
2026-10-10T07:37:14Z,0xa0ca01c7374da704a6c9325acce75903ee971e18,0xb60b013d6d3bebfac0f1ce0b927be9eb9fd5202ec6e920264ab942a1b2b31df5,0.76,2.001e-05,20020,5,3,20020,2.001e-05,0.0,,,live
2026-10-10T07:37:14Z,0xa125085e461580fdf7564624ac6e678d2db41e18,0x190d824c883118eba3a80af0c8f3a44975eca92189c8c9ca49dfd0c259aed915,0.44,1.997e-05,19978,52,12,19978,1.997e-05,0.0,,,live
2026-10-10T07:37:14Z,0xa1301d44bed599df70b7d3eaef6c9d62b06d7777,0x12f63d39a87bb91e5d482b3ac2ba319fdf847da6591ed42f2c2f7af6ab58bdc0,0.48,1.97e-05,21774,31420,111,19670,1.97e-05,0.0,,,live
2026-10-10T07:37:14Z,0xa17befbf398480a91d2948809175e74b174916a5,0x851bf3485edbf77acc6ae5d270169d998102db0a53e86d7e67eb859643fd483e,0.59,0.0002058,36790,67361,235,47019,0.0002058,0.0,,,live
2026-10-10T07:37:14Z,0xa18b58f25a3c387a627d1cfeb1d44a702e327ff7,0xd9e848d3f8eddef7164ee9d8e7d7a6d22175dcbc56082b7c56e7b6df9b527bb8,0.78,2.493e-05,24938,3,6,24938,2.493e-05,0.0,,,live
2026-10-10T07:37:14Z,0xa194554545ec155202e0882951a05d21292a7d07,0xe7c16ed0013154bccc7679baae6980d227df02b0ff637cf0bb9b44c9a46c7fc2,0.9,6.721e-05,85940,32267,213,67215,6.721e-05,0.0,,,live
2026-10-10T07:37:14Z,0xa19b653184d584959738642a2d0c4de3cd433402,0x16f61cc8723c1f352fdffbeb7920ae8a06dcc1fab5d844c8ccd20652d29ea327,0.19,8.44e-05,23589,15843,57,19277,8.44e-05,0.0,,,live
2026-10-10T07:37:14Z,0xa1b3a639e9c1f34732a06f0ab02fcae25cc57233,0x6085221e9cfcbd96455db0b85223ec9f39f1d486771958eadeb2eeb837661cb3,0.88,6.448e-06,6525,161309,777,6449,7.703e-05,91.6,,,live
2026-10-10T07:37:14Z,0xa1b98b5246a207ebc17cc571e97e4864bba31777,0x7582acb87dd214cfbbf1398ed7dd0c61d421b6d94be86cd5bbacc18dc6c77933,0.78,2.82e-05,26157,51166,187,28150,2.82e-05,0.0,,,live
2026-10-10T07:37:14Z,0xa1f99d6084e41b16715a9d6d504df6994e7d4777,0x062f4526949dca78120242b1d4510e428cb420752ffb9d79296d7d53b1f5daa7,0.85,2.442e-05,24297,58536,189,24379,2.442e-05,0.0,,,live
2026-10-10T07:37:14Z,0xa20baf0c1176cccab01c1db0a9c53a822cb418b4,0xec1f78dc90e6c22879659ad6ebd21b755a15d903629bce34554380c18749722f,2.74,0.1245,14547792,7270736,12,124504503,0.1291,3.6,4,False,live
2026-10-10T07:37:14Z,0xa2250d22d7eb8bf6534ff1cee20ffc98110fa8ee,0x7a8190c379a922755ba0272e167b562ca5356b997678b65e43d4324f19bce088,0.37,0.0003819,174063,820067,1367,371835,0.0003819,0.0,,,live
2026-10-10T07:37:14Z,0xa24a69b8fe0c87223b518067bbef5bf8fcef6932,0x9abd49a47701b212cb1656f6264537e310713a38ee4fd6b0798bb81541ed718d,0.92,1.1e-05,11002,1,1,11002,1.1e-05,0.0,,,live
2026-10-10T07:37:14Z,0xa24c5f25042b127a00d347ab1a47018f38039777,0x7e8af65169143462a8c9336020bed7e021eed7e0b9a0df5555791d1a20769310,0.25,2.667e-05,25399,51074,163,26624,2.667e-05,0.0,,,live
2026-10-10T07:37:14Z,0xa373ccd8e0ee4932766b75a22e7ecdf413737777,0x432541cace0ad79aa37d39348b8a5934c34f0108fd691590b73d2796a7e6004a,0.61,0.0001781,44231,45748,170,40701,0.0001781,0.0,,,live
2026-10-10T07:37:14Z,0xa37d551f2a768af49ec5a1df68efbfac91971bd3,0x58714a8820176196130caa0ccefc45079ac47fc73c2f6700079b2dfc62306c8a,0.23,0.003949,8710,38200,249,82503,0.017,76.8,,,live
2026-10-10T07:37:14Z,0xa39e8fcfd20915800eddf1a222ea1559d79ad52f,0x9e30c973007ceeb377997bd3ffae661e911eed0d,0.39,0.001071,964546,13,14,1071718,0.001071,0.0,,,live
2026-10-10T07:37:14Z,0xa3b8ff52f8c6b571057bd17f442c72837cd123da,0x1a2fd4055c4fde91da48af3f0a05bc4728690b8f97aaa773fda66e79763ec39e,0.76,9.009e-05,69714,202972,525,90097,9.009e-05,0.0,,,live
2026-10-10T07:37:14Z,0xa3c6c03c9b55cd9acb2ce8b3bc6192dd827afee6,0x127d6ab26a2a14fea62bd789cc4a0def761482e7fbfd439a84744bc7d14eb1ed,0.92,8.421e-06,44060,46813,234,84213,8.421e-06,0.0,,,live
2026-10-10T07:37:14Z,0xa3c8acb7566c8085a4f53a30f159eb87b39e38ad,0xb9794b7492cabaa31153cdeadfcdef699922b05279f028c54eac1fd445d34895,0.08,0.0002917,43914,78012,240,66642,0.0002917,0.0,,,live
2026-10-10T07:37:14Z,0xa3c9b2adeef14d6b73202942a6d3da82c1d13f45,0xf89df7e4a63bb8c3f72ad97b20d6b071cc07e7f134f352ad86390092e3d41177,0.94,2.501e-05,25010,3,7,25010,2.501e-05,0.0,,,live
2026-10-10T07:37:14Z,0xa3cdca9c38a1d939bef82d37993f00a1c3748eab,0xf658d377e0adea93b41cc7394fd19b1a91badce5f1f9ff73b2f3e9fdf8f22879,0.18,0.0002454,40222,71201,236,56064,0.0002454,0.0,,,live
2026-10-10T07:37:14Z,0xa3d13b682126435e002a4dac13e953f8802e7777,0xd3deb86732460e39027f8c4505a4ff605b40bbd397a9c7fc0777241f6b3af090,0.18,0.0001691,43119,52295,232,38658,0.0001691,0.0,,,live
2026-10-10T07:37:14Z,0xa40a31de595cc47838b8d39d1fcd205a40bcf619,0xf26eb00a233b48d433766b5dbfe650719169ea3e140f455d2b4a8fc816a346ca,0.63,8.486e-07,12330,1688,15,8486,8.486e-07,0.0,,,live
2026-10-10T07:37:14Z,0xa420c24db07f0b4099b5d3a506f959aa797f83ef,0x0d18422d4f150d826ebe0d75eaac779af2993048aff0d35776559598eb1f5b28,0.23,0.0001484,31296,38155,112,33895,0.0001484,0.0,,,live
2026-10-10T07:37:14Z,0xa4317ad0627a2bf21f4e065a6cbf6326434e249a,0x38ebf8daff5195122d17639d412526bb2d31759b3b6b76a6176666c3a07ac19a,1.36,,,,,,,,,,dead
2026-10-10T07:37:14Z,0xa440bb82269d3cf12cd9faf24680df7c50b970eb,0x509e376753d76e470118855f7321d9d028224d0126a6125f7c194150e827dc63,0.67,3.702e-05,15615,1288,5,8457,3.702e-05,0.0,,,live
2026-10-10T07:37:14Z,0xa44930652990b9ca033679bfef951d8fb1321ba3,0x2b669eda5eeb08737fd04fc178b8b4bf796d24c219bd938432a64b6a9fb9298d,3.62,2.17e-07,18474,413,22,21706,2.703e-07,19.7,2,False,live
2026-10-10T07:37:14Z,0xa47c1171ee08774ad90bddea35987e1b663ca23d,0xa6679f095070b9d745587870eaede2c85ccb3e227091d403464b5327a1e57133,0.78,0.0001462,31071,33909,131,33407,0.0001462,0.0,,,live
2026-10-10T07:37:14Z,0xa4c96ddde6be5df55cb2267980dc1f3b78ef3c40,0x2a928e9986997d8ef8c2906f9508be93bd17b1071fc0a2c3bbbc835abd629923,0.87,5.272e-05,22899,40095,624,52729,5.272e-05,0.0,,,live
2026-10-10T07:37:14Z,0xa52c2248d1b30ef51b359ce7a12a9873188b0777,0x18e5744d30f6dd06fa6a5c3de6800cf3786d16184c1654595baf5b1ac5a9ae7f,0.06,2.669e-05,25438,48282,154,26644,2.669e-05,0.0,,,live
2026-10-10T07:37:14Z,0xa549fb94f2b375e9fb865ea6047388aebfaef777,0xedb5412b1bb0e34b9aa3e3666f6be4dca48667574a95c000b1338c01235ff6cf,0.38,2.032e-05,22165,43369,133,20289,2.032e-05,0.0,,,live
2026-10-10T07:37:14Z,0xa5c5aee3977b29787d6da17d6347c88c055fd9e4,0xef40404e2192e7313d05772ae6535da12aea5d9f83c16a1efb7aeb2c613e717d,0.98,2.501e-05,25020,1,3,25020,2.501e-05,0.0,,,live
2026-10-10T07:37:14Z,0xa5c8cc9fbe4b41b383edb70348d28dd287c63e18,0xddc30709002e268d820bda2b6f8b59675e7e9b2f42c3bc5c80caa123f77336f3,5.6,6.395e-05,23372,14640,1500,63057,0.000175272,63.5,3,False,live
2026-10-10T07:37:14Z,0xa5d7c4fd3052955d850d745a18485c035140effa,0xf5b56455612fc0dc4e5ba674da315be5fdd3bb7e167505fd1a3fa8e2d9473f65,0.08,0.0002984,44412,85889,234,68161,0.0002984,0.0,,,live
2026-10-10T07:37:14Z,0xa6573964098c72f5e67c178ce4b95066fb3ed628,0xb273edf3a4470c016bf01c7e0d5f8b17c01c6bd8daea294dad651bd5a243f87f,0.81,2.54e-05,25402,181,8,25404,2.54e-05,0.0,,,live
2026-10-10T07:37:14Z,0xa6b836ece279c140c39cb867465748c6da0e8777,0x12da155cdcbb29b90b0742f49ebede5424fe78d2ec7756394e921dcead381c61,0.09,2.843e-05,26253,52223,178,28382,2.843e-05,0.0,,,live
2026-10-10T07:37:14Z,0xa6e0a8549a662850349fab86d1a95d5ee1387777,0xbe93ba237a28fbd1ff013e6249fa200075d1ef2930131da52dab5519d50f1538,1.49,,,,,,,,,,dead
2026-10-10T07:37:14Z,0xa6f628345aed792b564b105706d141327454486c,0xd8367220cc1146eaaace3ae99b52fbfa6e374e89812682cdac252d55c435074b,0.32,6.249e-06,6250,2,2,6250,6.249e-06,0.0,,,live
2026-10-10T07:37:14Z,0xa74f62386bdac20b9beb63b0751a03576dbf63ad,0xb436d4d248665b59b930e687afca2900b7306c38,1.49,1.983e-06,1906,16,4,198344,3.301e-05,94.0,,,dead
2026-10-10T07:37:14Z,0xa77d95351ad20e62810acc6ea3242f1bf7767cee,0x511f424f34b19a4f619d178637f6d969309c1567c044d3a78ac91cc670a5e404,1.47,,,,,,,,,,dead
2026-10-10T07:37:14Z,0xa782195318953471eca1f27bdb21d46e9bee5113,0xcee3b43b5299a743028ef3249f780da7db5bcae33065dd37242f04b082c6f2ac,0.14,0.0002665,41928,77484,240,60875,0.0002665,0.0,,,live
2026-10-10T07:37:14Z,0xa791e6583f8d600d99d4752b40563b467aed3448,0xc500c8c1e588a9668b844b8482646e91d06f3e04260e156680b08e9da865652d,0.17,9.795e-06,40956,162270,1068,97953,1.065e-05,8.0,,,live
2026-10-10T07:37:14Z,0xa7a19965859ce0ad17bcce424a932e6f2d601777,0x47eb92475934dbb843c39731c55e8b185d9b54dace27950cc2a9f9810e0fd139,1.33,,,,,,,,,,dead
2026-10-10T07:37:14Z,0xa7b9ec5b9f3278ed5a943fc4841f12be9b0e9777,0x9952f2f2821a43bd379fba7631debe6c6baf33b5c1b791cd7ab8a6eb72c7aa37,0.67,2.055e-05,22294,60999,194,20512,2.055e-05,0.0,,,live
2026-10-10T07:37:14Z,0xa7db5dd95ec45c745ea0bccd20b7e39ec7122b97,0xc2e33a1f3319d4bee0aed1923c08e1414c54984788932ec210b5affce2489841,0.1,0.0002698,42196,76957,238,61631,0.0002698,0.0,,,live
2026-10-10T07:37:14Z,0xa7e4bbc23906ef599ec6a2c659afe9056f108ba3,0x34cc609e69319c0aee774a1125c2d61b5e0735e34441fe5b388b2ff74e26425f,0.64,1.058e-07,10592,1408,46,10583,1.058e-07,0.0,,,live
2026-10-10T07:37:14Z,0xa822824e43084ba9c63dfeebee56c4d1ddf75777,0xe1cad8c9f1558af1c32cdd92174a2e704461a5675bf727deb7fe14200500c9fa,0.91,2.016e-05,22135,53756,191,20124,2.016e-05,0.0,,,live
2026-10-10T07:37:14Z,0xa83085cff4d5c9f57cf13a1071b713c3e4324c4f,0x5a64fecfb3fced04eed335646112db27be4d39c9a925ce6a4a87a4622b4c6d33,0.48,0.0001002,100258,24,2,100258,0.0001002,0.0,,,live
2026-10-10T07:37:14Z,0xa8345dd153ed81116a26ba5bd863902e3d2d2a80,0xc60ed59861e4755905e3f585db64e5e7b6102c1317a8e064c5103a1a6d143d3f,0.94,0.000164,32956,54601,165,37474,0.000164,0.0,,,live
2026-10-10T07:37:14Z,0xa86a61a859b8a215116cbccfacb1ea52a5333455,0x8b40f71aae77ffbe30430541c374cd2ae9a3a0439bed7d9582063a7502d1ef33,3.63,8.822e-06,8680,8054,162,8823,8.082e-05,89.1,2,False,live
2026-10-10T07:37:14Z,0xa8936b7148efda48226de8c06706c8f7b0f85c98,0xd42db345a4bd4df194902102fddc4edbb46f6b63c805cd242b359884d3e86e88,18.53,2.205e-05,13732,1091,13,21188,0.000157768,86.0,,,live
2026-10-10T07:37:14Z,0xa8dd8c6122a34e46a1d15cf767031744172a7006,0x2b97f2f547fcdca05bd8185c6ba607747c9d83647f36f66380d196623dd52f82,0.89,0.0002928,43999,95531,232,66896,0.0002928,0.0,,,live
2026-10-10T07:37:14Z,0xa8fbd709b41d8c3177d46bbf1df6a874d7201f15,0x05eed77cf181a229373b676fb384ac93845c5aa9dc7c570d786fa92834ee23b8,0.84,5.413e-06,6797,32030,350,5413,7.239e-05,92.5,,,live
2026-10-10T07:37:14Z,0xa94ed5216e19087e910e3bf43dd6b8bd1355684d,0xb7ffc671839c032ef14139b506dbab95a2f0f980d4ee86a76fc05f1c1c40841f,0.26,0.3288,3395235,11223391,3470,3288114,0.3784,13.1,,,live
2026-10-10T07:37:14Z,0xa979a46fc929e5883e0749d3257c3b19d9118013,0x9418f117153edfd2c75999e0680b9863e1b432b3d5aa7a4f82587f1f80e0c687,0.69,0.0002261,38591,76373,224,51655,0.0002261,0.0,,,live
2026-10-10T07:37:14Z,0xa9c9e8dd4b0dfb987a52b3914a20c4439a0d7777,0x6e94ab77a657774ce73ae1f9303b2b75d34b71ac5bcf682ee2a14e74c57e5ad2,0.68,2.27e-05,23424,42703,150,22663,2.27e-05,0.0,,,live
2026-10-10T07:37:14Z,0xa9db6d3fb987257767b7227b7df5fad099004571,0xc1a9ee78142fe666e8586351ed3c6d35eb92f38428716261536a4d9d44d61448,3.29,0.3691,14551851,30546562,44,369175387,0.3826,3.5,5,False,live
2026-10-10T07:37:14Z,0xa9f5bb41870be05efa49ba234c9bcef48bf7fa4f,0x37383d18d965b64a22937ab8732dfdfe24d7edf0be86389b8778497658432f29,0.9,0.0002642,41812,76696,230,60346,0.0002642,0.0,,,live
2026-10-10T07:37:14Z,0xa9ff2a975f78245f8dab2252f88cc04a2a9e3b43,0x67154e938aa6b6dd731057cc0db1e96582d91527c2f60756134446a81011fd54,0.23,8.804e-05,24102,15425,56,20109,8.804e-05,0.0,,,live
2026-10-10T07:37:14Z,0xaa04a56e5906329c58333d60c93fed35779a4ecb,0x643b28d78976db02bde26e45dae4b085121683ca22bf1289c763c7ee1bc2d521,0.31,6.274e-05,46294,430855,2045,62740,6.459e-05,2.9,,,live
2026-10-10T07:37:14Z,0xaa078077deaf5a105d065d1139149fda7ba66c10,0x7ebdb3d91e2fd617cd281d3e1e4cf8e164e2594ab0f004abfd19c2778a91a527,0.23,0.0002607,41478,74565,199,59544,0.0002607,0.0,,,live
2026-10-10T07:37:14Z,0xaa07a0e9209e16ac99708c3ec70159c6ef3128a3,0xea9f200e13055b82f175f44f592c4c13dd8c9d9320a66487d3c5cd90d68550ef,20.02,0.05627,888809,1321688,2350,53461814,0.123459,54.4,,,live
2026-10-10T07:37:14Z,0xaa07f927b255756e947eafb2778db2c3fc9a28a3,0x678e63072d59c9d072cb16ce6f4c4289a01bfc3a5ca903774ee798525210f033,3.33,0.05202,14828320,10378783,15,49427766,0.05207,0.1,5,False,live
2026-10-10T07:37:14Z,0xaa0da761bb1b1e2e6642d97152e567d422a87777,0x84bc0f6642b4053cd0cee5566f78094d157976893cbf72f26e7492459a969243,0.07,0.0001703,43312,48428,224,38918,0.0001703,0.0,,,live
2026-10-10T07:37:14Z,0xaa3b129e4906009e228a060340601260de068ff5,0x79c499dba9e823b53286fbc5da47f3512d501918,1.04,3.443e-06,3367,12695201,38398,3443,0.01644,100.0,,,live
2026-10-10T07:37:14Z,0xaa5751ff3fb61e613993b2eb4eab1fce017081fc,0x2f509c6e2675a1a7945902c64ba4aefaef32b2fbf34245f12078a1d0573db170,15.58,0.001536,114549,417160,1278,1508734,0.00316245,51.4,,,live
2026-10-10T07:37:14Z,0xaa7ac45cdee37e402aae2da5b2bfa25ea0658777,0xfd516afc1e7ec87124a26bd65d7228aea1843bba469913d0c7890bbbcac0a612,0.35,1.335e-05,17959,10298,41,13331,1.335e-05,0.0,,,live
2026-10-10T07:37:14Z,0xaaf52b6e3c0ce74dabedaf6faea3c4aeb5297777,0x441e832203a5f8830d909a1fc752d254212a3a9ce2d2936ec7ae38959cab5d03,0.8,0.0001262,37326,26735,138,28857,0.0001262,0.0,,,live
2026-10-10T07:37:14Z,0xab1914500f3177d0a56cfe5323fde1b6ee5c8777,0xd654641e04edb0e094b55b41ae3cc16f57b94118dfa6da9524aa5f5a4416f902,1.42,,,,,,,,,,dead
2026-10-10T07:37:14Z,0xab2bc12a3a2fb8a843f0621ef8c7072dc9ba3777,0x2b6a45e1f301c23565bcc0869f2dc10f7bd6baeadf876689c4d3d3899c04ebef,0.64,2.231e-05,23235,58065,190,22268,2.231e-05,0.0,,,live
2026-10-10T07:37:14Z,0xab626b4211e9350e5446637a1557df94dfd00777,0x4c6939b42484d273bf2063ed2582f20d55eab52be2fca34c0c180de00872c31a,0.79,8.834e-06,14641,1398,10,8817,8.834e-06,0.0,,,live
2026-10-10T07:37:14Z,0xab65eac133ff87cead6f05d2b54c7cc2e4683ef1,0x404c1243a9b5ae6516d37747206ee98e31ec73b5d8e26fb7a6c83c11c82cd319,0.43,4.975e-06,44443,68196,260,49754,4.975e-06,0.0,,,live
2026-10-10T07:37:14Z,0xab7b762b6426e3146c9635db2cab199a20ad8777,0xd902886bab03d08becb873e882cb0a2d616e83c6ff0a7d37a9a8a5487a07c3c2,0.79,2.06e-05,22359,24087,109,20569,2.06e-05,0.0,,,live
2026-10-10T07:37:14Z,0xabf5f596bc6fa4f2dd6227be0c0982067a2e1e18,0xd511dcf3d398ad6345a15307f43b2c9c227d017f9e54be9f906ac4a02073ef6b,0.64,2.005e-05,20055,3,9,20055,2.005e-05,0.0,,,live
2026-10-10T07:37:14Z,0xac2e590b7f20aa487df1275ed2130c4f52dc7777,0xd04c4b2b10728f553011c5843ba1a44f8a9198a8f66046758a16c3883a701936,0.16,0.000213,48370,52646,234,48684,0.000213,0.0,,,live
2026-10-10T07:37:14Z,0xacae9af2101e6cb941c5f84210706f25dfba6241,0xe1c6032db8c3d2af931e5a920dc0d8444b0dfd4ad8f9e65e1505a054b9f9d212,0.86,3.154e-05,28764,29260,241,31548,3.154e-05,0.0,,,live
2026-10-10T07:37:14Z,0xad04c643e1fbc35e2917ce2643c0e1aea3a07777,0x6f78d9e1d70468694cbd0cd2b86de8b06e274c285a05fd73dd350d1edd36702b,0.29,0.000225,49705,49879,238,51416,0.000225,0.0,,,live
2026-10-10T07:37:14Z,0xad126f37fd935a8d47e8aff841cc3bb8ab256777,0x38af9e980f63fe4491a269881f9d1f0dd8d623496d48464f6f147e82e4ceeaca,0.63,1.524e-05,19204,25886,108,15212,1.524e-05,0.0,,,live
2026-10-10T07:37:14Z,0xad4d04cb9daba0fd0472e11eb8a9db0d3318efc8,0xa193ebf0af4ed1289376f4005ba120aaa94b1c6ea474440ee430e2d0552bd999,0.41,2.811e-05,15495,84290,1487,27331,4.683e-05,40.0,,,live
2026-10-10T07:37:14Z,0xad65cad4a2e71643ea57410c3f76a430052d8777,0xaec8e2ab3f0382e6c0e06a7152aaabc8db238b0053fa6cb9e5affbacac45061e,0.19,2.12e-05,22649,52679,189,21160,2.12e-05,0.0,,,live
2026-10-10T07:37:14Z,0xad7f2f40ecc5c8e1ee2041df1fde6e572f9b1e18,0x66a94991bb50ae9a65fcd9c15e830b7d94d85a375b46b857a9ee475597728516,0.28,2.332e-05,23342,103059,2733,23322,2.732e-05,14.6,,,live
2026-10-10T07:37:14Z,0xada6d494d3285464f2afbb708b1fa9b02b7fde55,0xec2ea76dc7a8f488216458f8fb77fdf568088eed5ce650c7977584cc1ac760ae,1.03,8.522e-05,100135,29643,122,85221,8.522e-05,0.0,,,live
2026-10-10T07:37:14Z,0xadd60e99d5ae96769b1009b981c8a2013af15743,0x94598b94429728d803f1fd454898a861898a901010dab8ba3207d5bc357210e9,0.4,0.000261,41391,72243,240,59616,0.000261,0.0,,,live
2026-10-10T07:37:14Z,0xadfb164b5db92fb2f721719261c431185a49344f,0x6ac7d898a3c0c773af2005f2130e9f8cbeb836337d1f22b3f72791e1088b2dfe,1.21,2.286e-05,12288,123790,1756,22865,0.000101,77.4,,,live
2026-10-10T07:37:14Z,0xae0677d2d2992113e438def7f62a0b21f4c09b0c,0xbc03c18b9c9b7e9d7e8b0acc6ee18c4f3f842841,0.96,5.048e-06,5049,0,1,5049,5.048e-06,0.0,,,live
2026-10-10T07:37:14Z,0xae395404361ec126b1ffe225c55188efde821e18,0xaeed81e04ac1f021e80cd8f59dc5f8af7f883ba7b87e689fb029916aee838c2d,0.31,1.998e-05,19988,1225,18,19985,1.998e-05,0.0,,,live
2026-10-10T07:37:14Z,0xae7e16142537a93a69fb5e9e84c5896f619f0777,0x68ea0ca2689afca8fe94781b0c3f991a8ec219273e203abf504f08ee760f937b,0.92,9.435e-06,15150,2846,12,9417,9.435e-06,0.0,,,live
2026-10-10T07:37:14Z,0xae86e86d1a4a699bfdd322d6e6d6ac1238a9a3ab,0x926943d4b412b4a3a58152ddd353824867506dd483508fed6a20ddfcd30cde6f,0.87,3.943e-05,28356,33767,257,39431,3.943e-05,0.0,,,live
2026-10-10T07:37:14Z,0xaeb1f8e4dd7be8e544f9dfd54ec1e8c9af014621,0xfe4eb5b25606d82feddfdf7f708e3fe58fb19807574c516a47873b693b6c6591,0.33,0.0002892,43635,72715,236,66067,0.0002892,0.0,,,live
2026-10-10T07:37:14Z,0xaeb2cef6e8cbbd77a6a36acd042a281d875432a9,0x3a1cd9546d05b31c181abff4657ea5b5cab62b35beea58dbd457121919efec3f,0.69,0.0001252,28746,38808,165,28611,0.0001252,0.0,,,live
2026-10-10T07:37:14Z,0xaebdb3c99412a657f9e2fb2e6ba3280116b0660f,0x47e7786c418906ef1ebf6be8dedf3e299156bff586737698ee03d80e37ff5738,0.65,0.0001089,79224,71530,189,108957,0.0001089,0.0,,,live
2026-10-10T07:37:14Z,0xaec6133d956c10d6e5cb9d9ba757411dc4af6777,0x9f855147b67bededab70753f5d80b3fa3f590e50a8d8c8df348d49ca2bfc4dd3,0.79,8.618e-06,14459,2305,11,8602,8.618e-06,0.0,,,live
2026-10-10T07:37:14Z,0xaeeffe97ac89efb3c98832b2183870b43f1e52e0,0x3afe0f2a0b6fdc39fb8ed593f9efcefde5df429fb2f454bb0a72f5fc6471df67,0.6,0.0002523,40713,72149,238,57635,0.0002523,0.0,,,live
2026-10-10T07:37:14Z,0xaf72bf6f4fc9e2475fbd2f93a858b39758c67543,0x6a1998901a07187eb86f84b1f842f4ff6cafdb197366efefeb310d46cffabb0a,0.43,0.0003169,45642,97708,231,72400,0.0003169,0.0,,,live
2026-10-10T07:37:14Z,0xafb205af7b1e9cc699ce4bde3bd27b5536b9f777,0x9e72b02f4a77b1ad365cbec810c439fac275c39917299e7457ac85b8c7546ab2,0.63,2.448e-05,24334,56867,199,24441,2.448e-05,0.0,,,live
2026-10-10T07:37:14Z,0xafc2a4cd0dd13b2e65715e42af968bf7111afa71,0xbb72c71dfbb7d4155d1a18f1d3e03488d614f4ece8b99f8d622a84419f6fd002,0.76,0.0002231,38385,66371,236,50977,0.0002231,0.0,,,live
2026-10-10T07:37:14Z,0xafd462f443661ab359ca1b412550c606f3c47777,0x0ffac217b45521b69c350a109f0158f34d202bc98ff0131c1efe9f5ccd97a790,0.46,0.0002099,47899,45896,221,47974,0.0002099,0.0,,,live
2026-10-10T07:37:14Z,0xb01e18f7b61d8117907a9c16270a5a1002ab282f,0x595d9b0a8e9f91505f5cd07aa24e545a1f8d3cdcd46bad7970fd90d747edce23,0.45,0.000194,35692,74811,217,44311,0.000194,0.0,,,live
2026-10-10T07:37:14Z,0xb0352ebf47f9256efe31ea2a80cad69cbedde3d1,0xe92bb9325f95c8a1c63c265dfde2df313d60d3979fc2549d712863bbac6a4eb0,0.59,6.95e-05,11794,171712,1288,23165,8.756e-05,20.6,,,live
2026-10-10T07:37:14Z,0xb03965fbd94e7cf6c9675ad3e68554a229337777,0x6cfc4bdf3915f46f529427ab1924952d9202f6c0565a3bd0adb31d4451e784dc,0.99,8.295e-05,30248,8582,48,18954,8.295e-05,0.0,,,live
2026-10-10T07:37:14Z,0xb05a24a45d242e78f15b1a72c7e44f3f1d34f1ba,0x66fa7f534fd7a4ec28df51b4ea08866493ab95a2,1.78,3.29e-06,3234,230,15,3290,0.01199,100.0,,,live
2026-10-10T07:37:14Z,0xb095d16d463ea501eaebab75938c6816e271ffd3,0x1b401a312ca8694ae0aba269a4a6d72c5a8cf4040202a6be1058a318d98a3f12,0.36,0.0001563,32084,38177,144,35699,0.0001563,0.0,,,live
2026-10-10T07:37:14Z,0xb0b97f185e9338750c2d9e882e3f4ab6e0c06777,0xb2129ef27687e4f7a8b9980490fe2f7aa29f55f54f07c4cd4eef462f391337ff,0.44,2.092e-05,22461,42172,136,20883,2.092e-05,0.0,,,live
2026-10-10T07:37:14Z,0xb0c7459b46567b82826f6509287807f80585dc38,0x154d74aa7c9dbeaf0b23861384103626d73e109efa51fcfe96458365699fa0af,0.05,0.000297,44280,86938,230,67846,0.000297,0.0,,,live
2026-10-10T07:37:14Z,0xb10e359bd403d5b1a6aa250f6dcf7fb07686c972,0x48b07961081a4ddcad63eeaf66293e10c8854469,2.84,2.794e-06,2786,41,7,2794,0.01313,100.0,1,False,live
2026-10-10T07:37:14Z,0xb16da430ce52bcb49e945eb5b9819631ed775777,0x33cec9247d6216c2337d61038157b75f95c6887ae903f07e96c030b1c5f1e7d8,0.36,1.864e-05,21227,48222,150,18610,1.864e-05,0.0,,,live
2026-10-10T07:37:14Z,0xb18a4bcf9018bedb1fcb90ed80f87087151c09f4,0x206211d456a3a9dbe45e13507aac5131ace9c716,3.82,2.663e-06,2661,54,3,2664,0.01692,100.0,1,False,live
2026-10-10T07:37:14Z,0xb1e78ef17a2574ba045190ef70c3dca542bc7026,0x51697dc9c342281d3a182c5db7ac8158e9791979e99409d84363e17cf1d2b3e3,1.49,,,,,,,,,,dead
2026-10-10T07:37:14Z,0xb20e32973be139fb6d5e61e76825fde117b3efac,0x597bb5b1f370d4d09831557cb5279a80fe3f8f8910929c67e6003375b7d1570d,0.19,6.246e-06,6247,0,1,6247,6.246e-06,0.0,,,live
2026-10-10T07:37:14Z,0xb285f7513b560ac7f40f926150bf3b44211463c2,0xc5ae2ac439a91c17eb6539520660d32435da9489fb1fb80a84bb5ed1cdb388ae,0.4,2.847e-05,55500,441,4,28476,2.847e-05,0.0,,,live
2026-10-10T07:37:14Z,0xb2f2ad3d419c4ff1ebeb517d087e33edff4f593c,0xcf9268c76fcdbab0f2dd3a56e6814269ec04bf70b4e916ae4452f68b5952f47b,0.33,0.0002733,42419,118359,225,62435,0.0002733,0.0,,,live
2026-10-10T07:37:14Z,0xb3352a85dff8badc1ecd61e0fa060b95d32a5777,0xa8f6601fbba5563522edf7028af0bb264add1df753b07215b41f249a993b45b7,0.13,7.097e-06,13103,494,4,7084,7.097e-06,0.0,,,live
2026-10-10T07:37:14Z,0xb3450e57e8ab61c3ebb5b50a14c6b6b35c4e7777,0x07c96e81e191aab980fae78f3d65bcb2ad378ffd09962cf17168667b1b517d98,0.4,0.0001838,44858,47970,230,42012,0.0001838,0.0,,,live
2026-10-10T07:37:14Z,0xb3547f646b2f0c3251f44b257fb5fad0cdc774a9,0x4896ba0dd7b0707789892cc601ebef2e3f48fe64018d4673efb37e9714daa9df,0.96,0.0002087,37133,53200,204,47677,0.0002087,0.0,,,live
2026-10-10T07:37:14Z,0xb363202df533f79ecfe0be6f1e0781e43343eb5c,0x0fd838bbcf76031be6c770cf4e55f9a97b55bbf3,3.6,4.81e-06,4703,1433,15,4811,2.183e-05,78.0,1,False,live
2026-10-10T07:37:14Z,0xb3790dc66f46ffc956a649f830371ed021202f98,0x8d80c853ad1920ad279f90f53dda1ae39ab46187c592f35a690842929e3afc38,0.86,3.688e-05,28657,32921,257,36886,3.688e-05,0.0,,,live
2026-10-10T07:37:14Z,0xb3a238e4d5c23c1cda1f62149340777299db7777,0x44856e7539cbf36500fbcb907e19fd4ff129b01c0df4f3b747a2b5e377d90473,0.87,0.0001961,46452,52433,200,44814,0.0001961,0.0,,,live
2026-10-10T07:37:14Z,0xb3da417a8b0e4b24bb2051bda47862e9329768a4,0x569ae77f9886a7ad1f66d6196f2c88963c3c5136236a57192f74935046115338,0.77,5.065e-06,5066,2201,31,5066,6.443e-06,21.4,,,live
2026-10-10T07:37:14Z,0xb41fa9a5cdd0700d842b5eff434abf25c8a67777,0x3585fd54fc81a17a2659e5bbaa27a568376e76fedf0228efa94356864a42eb51,0.94,0.0002044,47502,49330,228,46706,0.0002044,0.0,,,live
2026-10-10T07:37:14Z,0xb41fb236e029190bf3ea647bc95821b42daa0788,0xb8f9a27bec520926860760d878a2c5c4d96b0c195ced94aaa0f554db98a2d97e,0.93,0.0002465,40420,70799,237,56311,0.0002465,0.0,,,live
2026-10-10T07:37:14Z,0xb428bf3579df8f20bb8494b71976733f389a2777,0x45f8983fd5635799a8fe0f0b29e74836f2087cd28bbb364442d89827fc0b6739,0.34,1.718e-05,20379,30448,99,17153,1.718e-05,0.0,,,live
2026-10-10T07:37:14Z,0xb489068e1d48cda3e4c9a5f1ff526aa7fc9496d7,0x510ca40b4dc915a45b07d9c8f5fb501b62d0124a98a554b3efaaefbe7f6ca53a,1.6,6.647e-05,23825,73740,789,64606,0.0001135,41.4,,,live
2026-10-10T07:37:14Z,0xb4913362999126a5822cde54b47bb40fde9d7777,0xdb8e87c45cc95c02bbe2753f7d0804e00395fcf9965b5eccadc329d8fc05f707,0.26,0.0001705,43286,46501,220,38966,0.0001705,0.0,,,live
2026-10-10T07:37:14Z,0xb4b14b87d89bdc9c56dd349d9694a3e91bc75376,0xf1e6d6c29ae8979f8c20871db6c0eed4c6215a2bf0674225d7eb2a3cfce6289a,1.42,,,,,,,,,,dead
2026-10-10T07:37:14Z,0xb4d83974d856ee71f054d8073cca70f82d0c6777,0xa0e5e5cefae7bebf844078f917688996fba2ee863399d38b6c48dd2bacb0407e,0.94,2.588e-05,25085,33981,113,25833,2.588e-05,0.0,,,live
2026-10-10T07:37:14Z,0xb4e177982ca39544d6ac8310de3fb6c7a6501e18,0x6cbc47d201bcfd056b4924c97083cffff3e4a545008fd0aa1159be659bada7b9,0.16,1.997e-05,19979,10,6,19979,1.997e-05,0.0,,,live
2026-10-10T07:37:14Z,0xb4ebf16f805c3e307242728c1aa3c1ee07e965f7,0xe1d7af709494705b7326e61093b992ed239a94f0737ff2f572dca0c4fddaba9d,7.57,4.455e-06,6173,701,22,3423,0.000598759,99.3,1,False,live
2026-10-10T07:37:14Z,0xb50c0ca60ae52b553418f8f295385eac2e392777,0x0a9504c89511b7860ac7c5beeea9587c413d8420292634fe85d842a2f0be8c5f,1.39,,,,,,,,,,dead
2026-10-10T07:37:14Z,0xb548e693ba9c1a1c09f616203357b562cae7e152,0x8521fde883c3c90e5dbf0caa400c397f4b71aa35b6dcff0fe1bba7f6946d2a09,1.48,,,,,,,,,,dead
2026-10-10T07:37:14Z,0xb5bf0616d4bf9ab6dfbe1eb23c5ffbf136f61e18,0x039f96d357d0d8d2ad3fc2be4497b432500542dab1f1af1370219008deb39046,2.42,2.115e-05,21204,17,6,21136,2.572e-05,17.8,2,False,live
2026-10-10T07:37:14Z,0xb6182aebb2080140f47e98968c969a9109d0ed92,0x7891e42960929657711a4cde1902ea6534b07d507f2aae795b6980e55ca2c485,0.94,6.289e-06,6289,10,3,6289,6.289e-06,0.0,,,live
2026-10-10T07:37:14Z,0xb62ec219a7e3da827b8436e99da80c762d35ea33,0xc4307683153b53cda423d408a468fcb3c9fc9644427b2bc8c7db3dcdd2225786,0.09,5.692e-07,35530,1506189,4615,56927,7.717e-07,26.2,,,live
2026-10-10T07:37:14Z,0xb6428e0c9069ab09b1b60faae63bf5dfca1766bb,0x54337f3e89bbb95985be13526a0630e159a98671e426e48f802f88e307d545c1,0.07,6.932e-06,6915,331,5,6932,6.932e-06,0.0,,,live
2026-10-10T07:37:14Z,0xb65afc37b3cc698a094e3c58fa1275ba4fb6e777,0x02f2bdf56f81181e181af33f4cf48ec4d96f9c96f96d5c9d7d6122da99c233b1,0.32,2.224e-05,23179,51887,186,22206,2.224e-05,0.0,,,live
2026-10-10T07:37:14Z,0xb6c07ffef9730159cd26ccff65764c6d3a357777,0x16092ed8dab8e4445460b11646ddb935b94414b69e3cb4b4fdcec3e686711b74,0.87,0.0001742,43752,51317,204,39820,0.0001742,0.0,,,live
2026-10-10T07:37:14Z,0xb6de323edbcd5a78f5568e966b4c8fe6853953cc,0xb3d2506a83c024257de13546363c1403d0974223de1ff5e702a5649fad7284df,0.68,2.485e-05,24854,2,5,24854,2.485e-05,0.0,,,live
2026-10-10T07:37:14Z,0xb793652f596ac3ca28f39fcc09696788377a597e,0x8453c21610bea611c6e29fe228743fb070a71c5efd816f5b10cb807acf620285,0.06,2.495e-05,24956,2,4,24956,2.495e-05,0.0,,,live
2026-10-10T07:37:14Z,0xb7be30846816a26c6199ba0de9363a922278ec44,0x2e8e3236e1a3b6e98afb49afecf2d2d8237efbad98888fbd883afc2ec123fc1c,0.51,5.828e-06,39493,50276,232,58284,5.828e-06,0.0,,,live
2026-10-10T07:37:14Z,0xb7e107fea8003c65ca6b93a1d998c3fd677b3402,0x46ca93004a4217611f6284b1e7ee0378c8485ac98632dd82dadc00cc7769483e,0.91,6.266e-06,6266,1322,16,6266,6.637e-06,5.6,,,live
2026-10-10T07:37:14Z,0xb7e7f6331ec60b8719357af5d89e79d957a62777,0xa4a34b81b212a1e71c1f4e7e39dccd38dbeb188cc8fb09017a7e9439907c0d54,0.15,1.929e-05,21613,53513,193,19259,1.929e-05,0.0,,,live
2026-10-10T07:37:14Z,0xb862389bf1ad271c70edbc2249bf1b0a6cd8783b,0x89f229f58fdf13c74091675e742ac078de909ade,0.82,0.01713,414489,19157464,45195,17136703,0.0177,3.2,,,live
2026-10-10T07:37:14Z,0xb871bad2ac50fd739af0710373617f0bb1fd7777,0x2f57dc5326a783c1862b27f2d8d34e8264fa81c7be70954768134887b73db708,0.76,0.0001884,45540,47737,227,43051,0.0001884,0.0,,,live
2026-10-10T07:37:14Z,0xb884b0a89ff0d0deba98ccd09749cc2b4ce21690,0x1843ac2a92a91d031c74d54ec41dc23c268dbc530295791c84ad31bf8c8b65c8,1.43,,,,,,,,,,dead
2026-10-10T07:37:14Z,0xb898f3b307ad2641172856a624eb3f4af0f1ff28,0x087a71747ccb4d3910b7b65ee61c50d5bbc2246b8a5d3a7f4c878dace9c5293a,1.3,0.02486,24860,4,2,24860218,0.02486,0.0,,,live
2026-10-10T07:37:14Z,0xb8aad220341ed8d9558d4aea2d96a677813dcccc,0xf9559fc80edbbe2a7f069509339756ed14feaa682db9c6e8b12b841c65019ca1,25.01,9.98e-06,9875,200,6,9980,0.00116173,99.1,,,live
2026-10-10T07:37:14Z,0xb8ad1bc415cf11851e819635efd8c0c4f9ab9062,0xac603cb9dbc5752f48629f70b059bccfd809d0a76ba789782bcb7ee3f00cb5dd,1.24,0.188,4724404,79,3,15728620,0.1881,0.1,,,live
2026-10-10T07:37:14Z,0xb962bc7942d0d4b9c8fc8ce0f98c9f2d86abeea5,0xd496bdb95a41ae9ce9478ca8c7d10211f23e2c23796b8e14ceed27e15021bf59,0.42,6.218e-05,46005,398158,2034,62190,8.087e-05,23.1,,,live
2026-10-10T07:37:14Z,0xb97e28c9822c38c07257db848dc000379d3537be,0xd5ac40786ae5387ef38cc0e18040ece4aaf78522ec0eed1ae05d39d4504bd1c0,1.37,,,,,,,,,,dead
2026-10-10T07:37:14Z,0xb98f54c3855544ce9f99fc821ecea797dc1c5785,0x22ea30be9bf0465b75472eeef73e964981d1774968b8c6ad15583248a2a1b4a2,0.06,1.25e-05,313732,1695780,2570,1250660,1.25e-05,0.0,,,live
2026-10-10T07:37:14Z,0xb9aa5ce695c64cf6e0daf635145b555a44d6657f,0x623c6a7a67b9e3bb56372fe7a26e69de477685988794c173b4cd96222cb01b02,1.38,,,,,,,,,,dead
2026-10-10T07:37:14Z,0xb9adaeaa541da20930e59c1096a661d13613a7f8,0x47e7550a2cb718a3fe440cda8f05cc6fd273a2a2292351d6d3a97a6e6bf1dc6e,0.12,3.882e-05,15996,534,3,8866,3.882e-05,0.0,,,live
2026-10-10T07:37:14Z,0xb9ccb68295390bc8b66afb437571c9a19ed271be,0xaa3dcd64e14ad83f8bc41d3fef97f712dae74b30cd658a0982420fbff7641882,0.53,2.568e-05,14812,153186,2508,25587,4.64e-05,44.7,,,live
2026-10-10T07:37:14Z,0xba17446fedaeb01d33356c1bde6a2bff2464f777,0xeb05eee34b9d637f51d20b441272ff2361e5aa9b06073835a06aff9e78c24332,0.23,1.584e-05,19586,26838,90,15814,1.584e-05,0.0,,,live
2026-10-10T07:37:14Z,0xba1a2d9783ebe2b76493c5c12eb9813a0e062843,0x6e8a6a1af8ec53f3f09c7303e5403558dee42d0a,7.62,7.366e-06,6079,344,209,7367,0.0517375,100.0,1,False,live
2026-10-10T07:37:14Z,0xba366fd2abb712141e059f7e6b87ea1c6d324407,0xf373eee0c5e8d7adcd2b479a153601fdf46819edca92f97ea186ea74c47022d5,0.33,9.002e-05,24338,12648,64,20561,9.002e-05,0.0,,,live
2026-10-10T07:37:14Z,0xba4609f73bdae81b648e0da433c98eb4d3e102de,0x8074fbfc628ac34df41a0d9068633dca09e51871c7b738eeb0a2b04dd523049a,0.4,6.21e-06,5279,217,4,6211,6.21e-06,0.0,,,live
2026-10-10T07:37:14Z,0xba62fc6f43c444946adac02b908ddcb986b9a69d,0x11d28bca9b441e8bed0fd18ea48d58490727935ff3b73f4be87495636750063d,0.63,0.0103,10304188,0,4,10304188,0.01033,0.3,,,live
2026-10-10T07:37:14Z,0xba659fbc17d0a985e5c7ca087d7ae71f559774e1,0x5752b6113c2476db16f49e921f60fd73134a2ecb18c07959d9f5a9b822f9c80a,0.34,5.367e-05,48197,32825,178,53674,5.367e-05,0.0,,,live
2026-10-10T07:37:14Z,0xba9b180b1f5ba60fa7eb76ca0a8701b6f204bdb8,0xb742d45480a109d4628bb8452aa68d690f7004c6,0.29,4.235e-05,50,3556230,11013,42357,0.0006589,93.6,,,dead
2026-10-10T07:37:14Z,0xba9d3dfd76e2322118a6490ed429cf1d0f4f7777,0x101c823a193d9b840fd3a1891c92a898f49fc984500481994966075e8a503953,0.37,0.0002127,48335,49838,231,48617,0.0002127,0.0,,,live
2026-10-10T07:37:14Z,0xbb1a6b6813e7c0ade68c81953eb8644fa1df8372,0xe3ec8cde57540b73dc61b5835d764986deb9eec1c94286431778a5aa1424808e,0.78,0.0001297,88874,76392,217,129750,0.0001297,0.0,,,live
2026-10-10T07:37:14Z,0xbb545e7b5e41308962db82ddf8d6213336e838f5,0x3adfb2eebf122d53fc4134db338cbeca3e0bcad3b13886fe4ffea73651f3d8d9,0.93,2.501e-05,25011,3,5,25011,2.501e-05,0.0,,,live
2026-10-10T07:37:14Z,0xbb890ebce62fd44ad3571d6f18b71142ce7e5a5d,0x7ce39cf926340c586844bddd96d01585f5102f3494a54cb5699b8bea8a07430e,0.85,3.226e-05,29974,32588,253,32265,3.226e-05,0.0,,,live
2026-10-10T07:37:14Z,0xbbbad08970fa054764f8cc6906067c627d62a76c,0x69c812475f8da3717d4c725539ce44e4b047f3eba5f389a3b21d6b8596d1a1e3,1.46,,,,,,,,,,dead
2026-10-10T07:37:14Z,0xbbbaef138cad306cb6e204e88632ab6a0500793e,0x5606db16a559c67bfc687ad4dd04667bcec6ec00321052eaf2fbb071ec4330bd,0.46,0.0003164,45538,89585,233,72270,0.0003164,0.0,,,live
2026-10-10T07:37:14Z,0xbbdf853747c0efa2bc86d93d1bdf94757e527777,0x17eda5b163c77ce28f2255586d6762d4d4054d1ee71de9559ef7f475fd1a33bb,1.0,0.0002102,48159,35587,151,48037,0.0002102,0.0,,,live
2026-10-10T07:37:14Z,0xbbf4153663af9847c3c12a3e3149da346419d777,0xde928a437d6fefe368e8f289b811d17fd466b2bc17b24134e44757d2183927f3,1.42,,,,,,,,,,dead
2026-10-10T07:37:14Z,0xbc18d9544a2d7cf4f1e60f5293fc5b91183d2547,0x4435dcf6bd29790d6c98da194b4ab45e2a45104327b9137c69182586e2c69374,0.26,3.559e-05,15315,192,3,8130,3.559e-05,0.0,,,live
2026-10-10T07:37:14Z,0xbc2283d12b1f2f46c1613ae672e95c55b69ca414,0xdd086a556aa997e79d16cde88a6fcda21f615737df3d331ca1af74642e99dc09,1.74,0.001424,154246,673814,3244,1424389,0.001424,0.0,,,live
2026-10-10T07:37:14Z,0xbc26e71a261f2eea708db4096ba1e7a49c42da09,0x001ded79b93e9a3306207fe0645de2ddee5747aee6a8938a220e6adc35cad53c,0.39,148.65,1303775,9695828,160,4309230,148.65,0.0,,,live
2026-10-10T07:37:14Z,0xbc7c5c17d8637dc29f6b28c9298c1fe1215a5dbf,0xc87adc654da35a025e2d90fe8a544cf5c3421349149cef7ce95633d06ae61c03,0.78,4.642e-05,43125,63227,241,46423,4.642e-05,0.0,,,live
2026-10-10T07:37:14Z,0xbc8f6c10ea3640ccd349c9d0babb54aefa2aa0ab,0x74bec620d97fdfc3590c720c26a27736c3a9fac3af49571492664bacaacd3270,1.46,3.911e-06,5783,1512,88,3912,2.801e-05,86.0,,,live
2026-10-10T07:37:14Z,0xbc999891c332c8a09f84a6fd84a7014856833feb,0x299a62b139fef2ada655eb1f625a0b969d06ab5a43acaf3b1610369f752f77fa,0.32,6.25e-06,6251,2,2,6251,6.25e-06,0.0,,,live
2026-10-10T07:37:14Z,0xbcd75f3d2d17d75c8f8d23c2a61970f106d49e34,0x892830851351a5896a1ab7d7cd13c695d016c2ff7a0dc732424ab3827cee087b,0.98,2.502e-05,25020,2,5,25020,2.502e-05,0.0,,,live
2026-10-10T07:37:14Z,0xbcea860a95252df2b2d86b6d54318d056b3f63fa,0x1d6784491467395641ba45213899232293ef2d09,0.96,1.514e-05,7610,2,3,7610,1.514e-05,0.0,,,live
2026-10-10T07:37:14Z,0xbd7666f39b2636dae64101bcba1261a70a74c638,0xef5a7713b68b45aad8a650f96593ece42ca3dbed81011b9623147386fb350042,0.76,2.493e-05,24939,1,1,24939,2.493e-05,0.0,,,live
2026-10-10T07:37:14Z,0xbd948eb24b13cadcc0648e509ecb0b5ac95b3494,0x495de25224d3ecc81bb9d5e8082086de0d4ade93a9ba75341a7ea32c7632a81f,0.99,8.144e-06,47985,46653,232,81444,8.144e-06,0.0,,,live
2026-10-10T07:37:14Z,0xbd9fceaf34ce6fccf225cc17a17bf868924b2480,0xe01a372dde4a3fa344e22d84973e141409e2b7bcb33e8783e252339d7ef3f3f4,9.71,0.0009841,91681,379074,1658,984137,0.00116,15.2,6,True,live
2026-10-10T07:37:14Z,0xbdc00f2b4bf0afa7dfc8fe698b9fd4e38abbc546,0xde8f19fe85e7612b5d086da99b8caff600a2cd165e0e13aa485d39c08eadaa97,4.74,1.231e-05,9020,517,10,12320,0.000295075,95.8,1,False,live
2026-10-10T07:37:14Z,0xbdf7dfd4f185d1a01ca2367131d33fd68345be6f,0x44b0c8200ded29e4e6c253a719fdca01cd7b9d2d5e0db889b0faa5d125b9fcf3,1.39,,,,,,,,,,dead
2026-10-10T07:37:14Z,0xbe0a596891a926765a6f87da18533de1b1b86777,0x5db01db3ddd58cd67a89818da0780df329d6d778526e441e25ee1c2006909d94,0.69,1.878e-05,21321,56593,183,18751,1.878e-05,0.0,,,live
2026-10-10T07:37:14Z,0xbe3366e48f71afa1f986a073b06a3acb9e643f28,0xf32e8f3a794f6584579a7dcfbfc48cc183339dfa2f5c5396d64ff7b735b2eb10,0.6,2.452e-07,24520,470,18,24520,2.452e-07,0.0,,,live
2026-10-10T07:37:14Z,0xbe541aae8d90bba4d50e55c673e61c7c508b7777,0x2892b42dbd06715e4db4742ff908b66c026cfb0aadb9cc5c00427097cb082a93,0.15,0.0001942,46224,51637,229,44385,0.0001942,0.0,,,live
2026-10-10T07:37:14Z,0xbe7d1455878746f63e7476e2fbb4b7f0eb9c7777,0x90422b92989675bac12cf17b08295a044ef0c708e52a9df0c699481c9627db27,0.17,1.033e-05,15811,10179,42,10318,1.033e-05,0.0,,,live
2026-10-10T07:37:14Z,0xbe918b8258e1fd2d0b9e111a955da3d6d8d3f483,0xde7be92196a9bd044016aae0d2701dbf13a717318ecb17b0fbad31604b8f7d60,0.81,0.000132,89865,145650,433,132005,0.000132,0.0,,,live
2026-10-10T07:37:14Z,0xbeb5fc5e41eb528de767c1c07849e23c9c74de14,0x1407bf2dd29d5c9f21fa93420f86a5627303902436f33858c50804dd13b80b19,0.19,6.246e-06,6247,0,1,6247,6.246e-06,0.0,,,live
2026-10-10T07:37:14Z,0xbeb77d1bd23c5845b27f14e9c8ee82f9842d7777,0xcaeb2c431e57dafbb5dda587e4a48f3057b191ca395a216d0698fc35016aed6d,1.38,,,,,,,,,,dead
2026-10-10T07:37:14Z,0xbecd56672f00b1ce456d5888e995ecb013c5d20a,0x27a86fe287a09b664b91444a83757a8e601da987f150590364b84fecf83015d1,0.68,2.492e-05,24926,1514,7,24927,2.492e-05,0.0,,,live
2026-10-10T07:37:14Z,0xbedbaa1e2f4856c3b1028aae643d44290dbad777,0x31f71482c4048cfaf25a4a23fe2df023258b981d65c4bda0f5eeabfa1420c529,1.49,,,,,,,,,,dead
2026-10-10T07:37:14Z,0xbf3d3ab2f0e20485050cf9a23ada16343b9393f9,0xa5ba4ad8a9b0c67426db99cf85a0306d2ced53e30aa71cea7d65c22c3426a3fd,0.35,326.037,1336382,13783971,218,4417920,326.037,0.0,,,live
2026-10-10T07:37:14Z,0xbfa989f8a7fd57c7d4df863823f4759ff8817777,0x5572b096db91756decd91d21bc8579cecb2cc9e8cf8833fd23701f99c43a8e66,0.87,6.288e-05,26298,1724,12,14367,6.288e-05,0.0,,,live
2026-10-10T07:37:14Z,0xbfdac6235dbe77c0cd6edb01c810c7da858c6c41,0x93d8dbc572068e01ebf1128d5de3e4703792a2b51be7e6ac101458900709440b,3.44,0.0003554,55125,22233,78,315293,0.0004353,18.4,3,False,live
2026-10-10T07:37:14Z,0xc0ee3561cf3f3ad0a1a893f9e01901c43250d777,0x65bfff8ce87f0254e486a91535a460ee39c9250e4304e119d3f51b354c82382f,0.8,2.228e-05,23259,61475,190,22239,2.228e-05,0.0,,,live
2026-10-10T07:37:14Z,0xc10a8fe2c5abcd0f98478f7ec84e1a5c51cd0142,0xae5a0fa31b9b9e0ed23f7193444a90892832d69eb850ae04e610e2f6d0e2d266,1.79,0.0001473,59026,728504,2352,147371,0.0003746,60.7,,,live
2026-10-10T07:37:14Z,0xc1191fd1847bec023781e87de4a43f75200ec400,0x95326eea212f611036188b78a9c412a13af372c1b734c571e3fb740c25396d36,1.11,1.011e-07,10113,325586,1049,10113,3.146e-06,96.8,,,live
2026-10-10T07:37:14Z,0xc11bfe9d3ccde5d5bb83d0fdc421f873bd482ab4,0x34cb848a85217c9553b44788ccf9ee2488f728dd960848b6fb44cb930de9f6c9,1.35,3.289e-06,5297,4203,75,3081,6.178e-05,94.7,,,live
2026-10-10T07:37:14Z,0xc1206b211be282670cb4b804f7131fa7dac47777,0x4627e09040b7be13a2224c279695f5f96691a8d9c2637d847dce77f97bb885e3,1.42,,,,,,,,,,dead
2026-10-10T07:37:14Z,0xc17c5b57661139fac62d674bc592785edd374c0c,0xc9c8f1f237d0d1b26daa963fa548fc81db74ad1af4b6e669c58401852bdc3079,0.54,727.95,5242868,259,10,17493116,755.26,3.6,,,live
2026-10-10T07:37:14Z,0xc1a03afecb92107aa67d2c069ab2670c1ff48ded,0x9e923af80948301172d4fd64132e0f498edd923a,1.37,,,,,,,,,,dead
2026-10-10T07:37:14Z,0xc1a097d5eb16adef0c2c03bcbbc1d4ef297c3138,0x6be35b6fedeb76da013c6d03457f3e52a36fd63d,1.42,,,,,,,,,,dead
2026-10-10T07:37:14Z,0xc1a3802661d68a700d89e68921ad9bbf3ec51777,0xb94395d752cdfa0179e16e78fe2a0b7405b797d75b544f87d52759b7de194711,0.52,2.608e-05,25085,38476,151,26031,2.608e-05,0.0,,,live
2026-10-10T07:37:14Z,0xc2f38ffcb66783a7ec943165240ddc65a971a991,0x21624b9a3f04126c5aa973d74fe2cd01896fb537ebce3e3fa0213d070bbcc17c,0.76,5.174e-05,51723,944,7,51741,5.174e-05,0.0,,,live
2026-10-10T07:37:14Z,0xc322f37145dc30c01537cecc707ac6885f10a218,0x93882277220f540cf92653132ec77fe286f4848d9f09f82a20316fad5432c591,0.29,0.0002131,37462,65737,235,48677,0.0002131,0.0,,,live
2026-10-10T07:37:14Z,0xc3242e1b2fd53c781834fcb31381b3fecbed1e18,0x5601033f1d2e81c6e1e0a3bb20ea663f586d2aea5d3dc64ab0747dc2bfe01b66,0.23,2.007e-05,20078,3347,51,20072,2.007e-05,0.0,,,live
2026-10-10T07:37:14Z,0xc32ab2e562ade6fba6d3d1e3960d49b0957ef645,0x1955fc17390d27deb491a59749c315a934cfc222797fc99bdc1f7725a98de330,9.18,3.288e-05,16758,10720,184,29180,0.000771627,95.7,2,False,live
2026-10-10T07:37:14Z,0xc37cd6b8e6fce48384f02224d52704bfe47f4ede,0xfe63a4eda4c64b140bd0516f48a8b5f9f6107f63668e96e348ab2767258af928,0.28,6.235e-06,6235,0,3,6235,6.235e-06,0.0,,,live
2026-10-10T07:37:14Z,0xc38c332012a9116dcade0c7f43b5d3c71799a9f8,0xb4b0dfeaa2e2a838f0f7a304f005ebe32390d4ef,4.34,3.034e-06,3007,20,5,3034,0.02089,100.0,1,False,live
2026-10-10T07:37:14Z,0xc3ad837105ef01ad6d66d24e8269baf14da05777,0x3ded15abe66f1eebc28fe7bded782130ac9ae20e537bbf030087d4dcb1783c0b,0.18,1.808e-05,20913,31808,112,18045,1.808e-05,0.0,,,live
2026-10-10T07:37:14Z,0xc3b3d759293fbed4352d1036e8f70595ea21ce8b,0xeb819213cd952af269c49d83fd5c34bec9d3ddd7730ef06b9923543f4dd709d0,1.4,,,,,,,,,,dead
2026-10-10T07:37:14Z,0xc3b458484d29240164ea3019906df9c25491ab6a,0x5d40369f4d88fcb0f39107e0468d2718083fc0c6c830a6ff6d18bbe664f3ab60,1.1,3.796e-06,5008,66471,1392,3797,6.309e-05,94.0,,,live
2026-10-10T07:37:14Z,0xc3f40ab7a3b7025fa544895d7af5164572cc7a4f,0xcc7f76f8cd45e899ea8ac975143ce67e6640df5870ae6f93ef4e3694e6a9a20a,1.54,0.0001019,29514,634702,5071,100971,0.0001663,38.7,,,live
2026-10-10T07:37:14Z,0xc46a812b77993b80b385338bcd39c9f25d4bac0f,0x4b017217ac8309af596d06f0d4892beb405d5020,2.91,1.477e-05,7385,12,4,7384,1.712e-05,13.7,2,False,live
2026-10-10T07:37:14Z,0xc47cbd921dbd4cd8103a3aaef83b38e14c44bdbc,0xd9cf5479bc1050118ca5fbb40de014d45e2783afb0e21bdd2e3167786e821c07,0.91,0.0002764,42795,67334,220,63146,0.0002764,0.0,,,live
2026-10-10T07:37:14Z,0xc49ed891de7df657eb09849daa48b44ebec2285f,0xafa3ccae99f1e9faa52feef97e3a0e88f7071d430b583f8cdf48c648aff9c056,2.04,3.735e-06,94,56,6,3736,5.188e-05,92.8,2,False,dead
2026-10-10T07:37:14Z,0xc4de732761db7f67c38524c8be1405610500c2f5,0x64634d9bb2cbc4472d1bf616a9c185169b33efa949451a81b93a8706a486bed1,0.21,4.9e-05,17978,6899,27,11192,4.9e-05,0.0,,,live
2026-10-10T07:37:14Z,0xc4f36919cce84695641e1a1d7d2f1ae6c7501777,0x9267443226acce8913d780a9e9d783a6093bf54c9b7a63b4284afb0bea77afc7,0.36,2.094e-05,22491,65491,195,20906,2.094e-05,0.0,,,live
2026-10-10T07:37:14Z,0xc527e864f165ec931f2223968605f37b77681272,0x7e280f510ab4bb74d00bd71356314d15af20330e,3.19,0.006308,5677841,0,7,6308712,0.006618,4.7,3,False,live
2026-10-10T07:37:14Z,0xc5803a6991c621ccdae6494063822a4fce9561a2,0x301dbcdc67cc3871bdd2d9f366271e5defc00e00b423c66af21ab8c23213b0ae,0.33,5.03e-06,5030,2,2,5030,5.03e-06,0.0,,,live
2026-10-10T07:37:14Z,0xc59229f7f832f0ba330d5f94934046e730127777,0xeaac35393e001c9d0d823b57959151a5790cfc40d903f2fe78de59e4dddd8048,1.46,,,,,,,,,,dead
2026-10-10T07:37:14Z,0xc5d37ff954dc31a6f3e3cc9b4db0bf9693f61e18,0x8f3d95f0fe83cf0ceb48d0eeb9399d0e5abb407005aa0f004494413b781971a4,0.24,3.373e-05,33375,22670,258,33740,3.373e-05,0.0,,,live
2026-10-10T07:37:14Z,0xc5ed5686a264e687b555694474807f931d8c880e,0x5ed00246c9546c12a38d8709e9fef0043586822e2e4f68d386a87ea4a48adf19,0.99,0.0002189,38060,70047,239,50000,0.0002189,0.0,,,live
2026-10-10T07:37:14Z,0xc5f0c70db232a35553f1987adbb04422290ee878,0xf61498a3bff0a0f483bf12c7e2b5f509d1e34ec6,0.18,1.296e-10,0,123166,113,1,4.801e-05,100.0,,,dead
2026-10-10T07:37:14Z,0xc60b4c04ed072a5e289c2b09618750788179b006,0xa64d03c4c1006904771997afb542211c0b518265064094f93f26d8eb792a40c8,0.61,0.003599,1090796,3887040,88,3599300,0.003599,0.0,,,live
2026-10-10T07:37:14Z,0xc60beb77c5fbaa40b14e7aaf90d5c4b34e8ab006,0x008434944de1e125d267f265299dd5baaf7e49e5f55f2c99c1cbc7ac86fd4486,3.3,,,,,,,,,,dead
2026-10-10T07:37:14Z,0xc6105a2ab9ea5e746c0cf5f36871239648e341b2,0x995ece1aa036232fbd35f22b14e29d0502f5b398c4f69ef163dd1a3fcbd83a9c,0.93,0.0002993,44539,103329,230,68373,0.0002993,0.0,,,live
2026-10-10T07:37:14Z,0xc613261fb894efbe2bf06270d2b5a6acdbeb86c8,0x29435b34c4b000680d12d693545d46c869ccd92d53a6a13a9a82f88682f92932,0.59,2.788e-05,28785,30278,274,27885,2.788e-05,0.0,,,live
2026-10-10T07:37:14Z,0xc66629d7a815ca87a1887cb5cefeb621b789977f,0xc9bbcb7e67bc214a7ffddc30bf958a23a18aeaa0a817b8f61d3ecc0db46cdf03,0.76,0.0002044,36746,76233,222,46695,0.0002044,0.0,,,live
2026-10-10T07:37:14Z,0xc66bbae7c6798e64ab94d6ffc802e09bb309cb90,0x62d9af2b9183446e9a79e327a202d43a6e496b49c26ff1bdc9f682b774a836d7,0.97,0.000179,34429,69964,240,40899,0.000179,0.0,,,live
2026-10-10T07:37:14Z,0xc7865835b710684ecbde01d7054d908c407d1111,0x9f04053456dd0bdaf8b00f34332f2f5123ee034fdb40546b028d01ffef5eb99c,0.68,6.231e-06,6231,1,14,6231,6.231e-06,0.0,,,live
2026-10-10T07:37:14Z,0xc8555e2573a73fa738a75dbea2662fde494881eb,0x9aa3e36e7036ac877b398722a6b436fe20bb5d26ead03fe3c6ee0302adb1bbe2,0.32,6.255e-06,6256,4,3,6256,6.255e-06,0.0,,,live
2026-10-10T07:37:14Z,0xc8695b43c91196a9ea82b8a04d3d3029a6c87777,0x12461eed5e69f071f5d6412a76fe063b8a7ff95699f494cdfd013aff33bdd82b,1.43,,,,,,,,,,dead
2026-10-10T07:37:14Z,0xc889496aea539989ff96bfe2decacd3e4e099777,0xd29bb43e2753a6df5cad52bc67c97bf322461565efa57fbbff81511ca743e162,0.81,2.437e-05,24350,41119,155,24327,2.437e-05,0.0,,,live
2026-10-10T07:37:14Z,0xc88f382ac1d0cd3243e4698088d7b2667c075b6e,0x32d474f884bdd41d841897495a3a652b8e04fedd9d97863e58608bb3df3f8442,0.22,0.0001022,63179,305309,897,102201,0.0001548,34.0,,,live
2026-10-10T07:37:14Z,0xc93896f8de5837a5be4102544cc49e20351f019d,0x9c554cf8ac09f78a9dff90a1903c1f7d87147aec102444ead2e0642fc9fba464,0.85,2.828e-06,4904,13664,240,2828,2.944e-06,3.9,,,live
2026-10-10T07:37:14Z,0xc95eaa4549b32efb239dc565bc4aab6604188156,0xbef9a56aeb7fa9e465d00823f53ad592b86681112a8449ddd3a50ffa87a7d298,0.65,4.524e-06,42418,36873,194,45245,4.524e-06,0.0,,,live
2026-10-10T07:37:14Z,0xc9675fe679c7d4e1b94416f66d61c96127eb964a,0xe96c99be1ffcc204714ebce32870ab12b8b362308fa50b9352c03b2486a5d448,0.57,0.0005647,58036,749416,7734,564747,0.0005647,0.0,,,live
2026-10-10T07:37:14Z,0xc96e236a251f2d197a185283cd79dd925d6cf633,0x5c0ee1214120bedd29e33268837ed74f485f16e24203f636ca88e31277f362ff,0.95,4.559e-05,17354,4891,17,10413,4.559e-05,0.0,,,live
2026-10-10T07:37:14Z,0xc983a6e65597dd003637e4077519b746a4db7777,0x8fddf002862b8632e46902d42101f325287cf509e4e71545c32f954109fb3dba,0.27,0.000147,40197,40433,193,33593,0.000147,0.0,,,live
2026-10-10T07:37:14Z,0xc9d52e211f205ad3cb42ea4949e340fc864627a3,0x96dc29ab3e585b1ca36ac073476d16727e1b8874d65ff1ce8ac5a8736ade86d4,1.47,,,,,,,,,,dead
2026-10-10T07:37:14Z,0xca4ffbc678d5af9407557ac2a39dee935f271777,0x944148614f854508fb31d6b7b6ac1ed27b8d70b44276c81f62d133c10ce13cd2,0.07,7.11e-06,13127,494,4,7096,7.11e-06,0.0,,,live
2026-10-10T07:37:14Z,0xca56e186c0af6b795259fba6fdd64d058d6d5181,0xd4d720843e416ba52d6a2cb53fd8f74cff84e1a6852968f675ccb3488ed47c84,0.45,3.823e-05,15840,487,3,8732,3.823e-05,0.0,,,live
2026-10-10T07:37:14Z,0xcabe0f0123fed2d0a58c612bd9b4536b7c011aac,0x64a49987b9653060cdece2e792f8639c0d7177c4382c46af380b979173139a8a,1.57,,,,,,,,,,dead
2026-10-10T07:37:14Z,0xcadbb7abab6b6d134465af9863e05e6b90980f5e,0x75d340f1094d5f8ac718b1dee1cc74a9c3b48021df28344223f1c30e212b94b1,0.64,2.522e-05,25222,132,6,25223,2.522e-05,0.0,,,live
2026-10-10T07:37:14Z,0xcaddc1cbfb894a114bb5140c21f2460745ebc7ce,0x67446821903ebd15c753040193e1cef19136e4295bccb4d89e86715d317c3c0c,0.15,0.0002387,39682,86253,234,54521,0.0002387,0.0,,,live
2026-10-10T07:37:14Z,0xcb4c0bdbdf7a09ae6075d12f75c2023358c69fd9,0x5d7bfb7bc8af7cff9087aa3ce8b84de3860905ca93ee1cc534094dc68761cbd2,0.49,0.0005617,211353,1364100,2888,561743,0.0007629,26.4,,,live
2026-10-10T07:37:14Z,0xcb4dd428fb115d8cf5bfb46bb106e5f64c197777,0x72b08ffa34c313b21939da8fada45ac774e2e8ecff2f03067447c71231cf4d62,0.99,1.285e-05,17675,9946,40,12827,1.285e-05,0.0,,,live
2026-10-10T07:37:14Z,0xcb5d3e10f55bb96857768fddc5972354438fd4ff,0x3185d2c924709411a23d9f6d2aba9fe9ef262cec911162a5fcc165e8dc5cf476,1.49,,,,,,,,,,dead
2026-10-10T07:37:14Z,0xcb77210e1a8caac7684021b31410cbee89668018,0x36dd4552b6dce71eb775e2c8024e791581d47cad,0.1,0.00713,265083,3580022,9211,7130129,0.00713,0.0,,,live
2026-10-10T07:37:14Z,0xcb9d03ba4aa39d75e5aa18392901e934bb9aecb3,0xe4b5fc387f3962313ef50653f483873ac6cf0c73c7eb55af3013e46f54f819e6,0.41,3.689e-05,35701,5442,23,36893,3.689e-05,0.0,,,live
2026-10-10T07:37:14Z,0xcbfb73134b1b504c4c98db16096dc032ae300777,0x30213908a7203cc259a49f4eb791a0d6185a233651ab1d2d3c5b4d33076dd4c9,1.43,,,,,,,,,,dead
2026-10-10T07:37:14Z,0xcc499849b6f7e98a9112a0dbfe8780dcc5a21aff,0x0487972953cec9a9718d21245e3cb06073804820125c451fb55f0a755cd0de8f,1.42,,,,,,,,,,dead
2026-10-10T07:37:14Z,0xccf7148dad7b1c8544b930b6309081f09ffb3989,0x14c41350f2d5386998ee87da4e2df94c660cb905ef4d799fc8dc2874d90b30f2,0.19,0.000113,81204,153354,488,113040,0.000113,0.0,,,live
2026-10-10T07:37:14Z,0xcd49a718959652d625443c23c4846e3a5b2b5777,0x1fd0408952d2e4d35d87da484850cff36d6c1525a2709d10866b90df388a200f,0.87,1.696e-05,20265,18498,61,16928,1.696e-05,0.0,,,live
2026-10-10T07:37:14Z,0xcd4cf0f8659745fdf6e29864e68efd4f479b4c5e,0xfb2029c8def04be41074a92a067d44d8bdf3ef10e2c291418de56789a25b6978,0.69,2.492e-05,24922,2,4,24922,2.492e-05,0.0,,,live
2026-10-10T07:37:14Z,0xcdae63d95d6dd4f89f6e508c77bd4388b4e5c8ab,0x4674f978aab6c373c1634a6729771d9bd6b97bbf25fdfa70d601a81a339f6974,11.68,0.0001976,41088,27803,208,197668,0.0007324,73.0,,,live
2026-10-10T07:37:14Z,0xce17da32c5c8bd2d57a8780ca14ea1d55652cce9,0x452425293a0d0ce190c35cc5cd3e5b98ac38c22266096d491a55525cafed72f9,1.47,0.0001276,116431,205313,1483,127624,0.0001276,0.0,,,live
2026-10-10T07:37:14Z,0xce24439f2d9c6a2289f741120fe202248b666666,0xa5d2fa75a050327b6a0e3a6020994fea5a9df413e0e031045399411e1616b2e3,22.04,0.9992,472699,853388,3462,1543547387,1.01693,1.7,,,live
2026-10-10T07:37:14Z,0xce419b35f1a87e911806af49f010fff69ad73777,0x10acce03329c214b56191c102760b58a133a0ce83bc8ed51f0fb59877832f6c2,0.43,2.158e-05,22812,36127,133,21538,2.158e-05,0.0,,,live
2026-10-10T07:37:14Z,0xce5cd740dc4f2a1f0933af9631fbc1a419a1d0aa,0x58f803596bbd517f6a13b791d97cc6b165d842d5d00cfaf345191d126528bb40,0.2,0.0002109,37290,81061,209,48169,0.0002109,0.0,,,live
2026-10-10T07:37:14Z,0xce656492940cba7b81b815328879471114316b54,0x8290d30f1143db3c0805e1ae4326ea5c8a8730da729cefc2d51e6bdf3292c1c4,0.68,6.237e-06,6237,0,1,6237,6.237e-06,0.0,,,live
2026-10-10T07:37:14Z,0xce8cfbd3776d8f6920757d3bb0d56a89bdf01e18,0x07b03352aac5406d1f5d19310a0d3c40d963f3d6cc27b83bc5beb4a62fc40b36,3.3,0.1058,15001502,22500797,43,104875843,0.1059,0.1,5,False,live
2026-10-10T07:37:14Z,0xcf5141eb8ec3c06b81dea74015e61f35247c3777,0x9be786eee099b5e0b155faedf323817bbad61811b38c0a544b1e577d421c1436,1.36,,,,,,,,,,dead
2026-10-10T07:37:14Z,0xcf8124f17098e0e2abacc6bbfd72ab936caae366,0x7ba660f50d4f6be77baf66452a4fec9446d430e20e77dfbae81835c28332d06a,0.6,7.516e-06,47353,43226,227,75166,7.516e-06,0.0,,,live
2026-10-10T07:37:14Z,0xcf88d1c2ad70870153964eb6a2c39f6062a6cc94,0x86c2378e2cd63b3af37cbef66c75d9c8d5c472bf3ce2de2e27bc732c0aac02eb,0.85,9.469e-05,24975,22083,102,21629,9.469e-05,0.0,,,live
2026-10-10T07:37:14Z,0xcfa758dfe77af298ce17b78e2c499e10616acb26,0xb42f22e86b3f5f5a5b30b64474a8ac10756037b2dbc34b2d47c9ac6c43a9312c,0.64,7.7e-07,12400,1209,15,7701,7.7e-07,0.0,,,live
2026-10-10T07:37:14Z,0xcfbe7d14a0eac269874542ca3d2d0a58f5b46777,0xa831dcf75945881880bf9e0fe36fb8088c08ae16a458acbec310bef95cfb5da6,0.16,2.103e-05,22546,52769,179,20991,2.103e-05,0.0,,,live
2026-10-10T07:37:14Z,0xcfd81cc9ea15c404f0ef7f4265ff2fe4b9c01777,0x95262c6f78e0ac97ea6b5ee8e2aa6a1b37036dc5143d2cbcf3c6590876264890,1.47,,,,,,,,,,dead
2026-10-10T07:37:14Z,0xcffa0436d44b2f057271eec2d593d3cdb006b777,0x80fe2a15c97ca191b50ef55843f9bd5684d6448212b02b12922f4422aea3fd18,0.16,2.584e-05,24992,59705,191,25795,2.584e-05,0.0,,,live
2026-10-10T07:37:14Z,0xd04806dc992bb47e3800b20f6806c5328f887777,0x064f50603710687ec20b3c38ea86fc759ada4b3bcfbe79ded5e5a718b7b77066,0.33,0.000202,47081,50176,229,46164,0.000202,0.0,,,live
2026-10-10T07:37:14Z,0xd05138580c61b20709446477feacc7b1bd409298,0xda0b8a3bef3b0d699a1e544a2630470ff562e2da,0.14,9.737e-05,34083,1,2,97376,9.737e-05,0.0,,,live
2026-10-10T07:37:14Z,0xd052234f04a373d4a90767191c7b8a6b39b97777,0x2d0feabba54f5b01455c02550b4a3925c9217fbdab2278176f32938eb6b9eaaa,0.08,0.0002188,49091,54064,234,50010,0.0002188,0.0,,,live
2026-10-10T07:37:14Z,0xd060f448de7bccb6e54b0cb8d5bc871c8d339eec,0x95d01aaeb884e62fda3d1f9b0b88f570c98cc7d8738195d83e3506db73513fd2,3.29,224.95,4864939,27210980,114,16197068,233.37,3.6,5,False,live
2026-10-10T07:37:14Z,0xd1136846c06f5359d9dbe40b150fc7a0d7667777,0x04a400171b346f710998ec923a703a024e6e47a4b22e05535000f481401fc6df,0.38,1.95e-05,21688,45816,154,19468,1.95e-05,0.0,,,live
2026-10-10T07:37:14Z,0xd147d43fd8612cbeeb460e22cca9fb1996377777,0xc75aa18a7cd9d116a103de843a69f4e56d8a2d2bc7e8939ce0a08f072c9efa77,0.63,0.0001565,41477,39364,188,35775,0.0001565,0.0,,,live
2026-10-10T07:37:14Z,0xd1706e80bd1dc29ab8994e9318386c4687872739,0x3a66f2f4542eb4de42b06dd1822b4106adc04311ae7c704bd6dc633828904efa,1.72,8.901e-06,8720,28609,359,8752,0.0001308,93.2,,,live
2026-10-10T07:37:14Z,0xd1aaca71f57901d8c9053a8cc712190bf0a77777,0x6fd066395af255c0f2a690113bc3e9318eedf79014197ba9d750be7204087f94,0.87,6.524e-05,26793,2557,13,14908,6.524e-05,0.0,,,live
2026-10-10T07:37:14Z,0xd1e044cd3645689677b60b9c8890e7e007087777,0xca7ffbec59488d357726832b9957c7a3fdd63fa7d4fc8de3556f2b9ada014d9a,0.44,0.0001682,42923,42470,182,38431,0.0001682,0.0,,,live
2026-10-10T07:37:14Z,0xd20d0eebd4a6a504215a834f964627a43b93b9f0,0x6b445bf5d91eac8cda45985319104980543120a1bd0d53417cd6bbf9681ad277,0.8,0.0002374,39639,78018,243,54243,0.0002374,0.0,,,live
2026-10-10T07:37:14Z,0xd2122fbfb5ec3bc2c570fc4b94a8ec888e691e18,0x77c13e776b9f88997527145460987ef8528a84f520a051c3012e22cc628503cd,0.22,4.511e-05,43240,19462,341,45116,4.784e-05,5.7,,,live
2026-10-10T07:37:14Z,0xd252fbad2e5946ad4540810339a7d8a8dc12be0c,0x68efdfa0e16f8f638bca83861b94dc30d8014cf9c7fcb82720e33f0618eadf7a,3.85,5.851e-06,7069,6178,100,5851,3.832e-05,84.7,2,False,live
2026-10-10T07:37:14Z,0xd2cfd27401045b625df0dc7180c83962081e906f,0x18ece5785b00af3654f752f96d96dfc7fc434fc2bdc637ee93293d37c428edae,2.49,2.635e-06,4745,17,5,2636,4.738e-06,44.4,2,False,live
2026-10-10T07:37:14Z,0xd2e742a9e9363e61aff60d89ae931bdcd5eb4de2,0x1a62499a64bd7db715752a3fec34eed41b1ab2d7eb792b25e40fc8398ab56a35,0.19,6.246e-06,6247,0,1,6247,6.246e-06,0.0,,,live
2026-10-10T07:37:14Z,0xd31c6812be1838ea7f8d220d0e9d2b52ae1a7777,0x034c952ed2d1be8f05288a60a67aebd6b3001a2c1b461dded5e6aff7f4193bf9,0.91,0.0002055,47637,47188,231,46961,0.0002055,0.0,,,live
2026-10-10T07:37:14Z,0xd32b0bb8d9e2ce930c451bc07cc2ed5df5bf9592,0xd835e91e3570b96b47de959ed59dd5dbfbce1229c241c8a3825b34cb16303d1e,0.06,1.245e-05,12456,50,5,12456,1.25e-05,0.4,,,live
2026-10-10T07:37:14Z,0xd3630b1a1d79987090fe0679074437f3a4e26a54,0xa64fea097b28c8a4606c34d79cfb2e71d2c3fe66,0.19,2.496e-06,26,2347886,10486,2496,0.0001919,98.7,,,dead
2026-10-10T07:37:14Z,0xd36491f862c6cb5af529ddf317ad785c5b87e777,0xe2ae9889f02ad405c6548457e41b2e92f9ab5f1799a4e7210af3cb2d685f948b,0.27,1.869e-05,21249,50224,176,18654,1.869e-05,0.0,,,live
2026-10-10T07:37:14Z,0xd37b3d605118b22b168c4c238f8eceda7fd54d1b,0xd6789f9042eec9b5f0142f7ea074530ccbfaf035c6d4c4b39e40600b40d6c8a5,0.55,0.0002262,38537,61234,236,51668,0.0002262,0.0,,,live
2026-10-10T07:37:14Z,0xd3b880575c2a380cf9e90a351cdc9b6367f87777,0x3c5cfeda512d5db08a187c13938f4084c1a3da79572e2f0e8b566a57bf73a24f,0.1,0.0002464,52067,47893,234,56302,0.0002464,0.0,,,live
2026-10-10T07:37:14Z,0xd3c2743902887fd950423abdfb56f85e054ed777,0xd4e8d5b5fdcf32e5562728d2da181c162df5b26d13f040aebc448a825ef05b5c,0.59,2.058e-05,22285,55843,187,20545,2.058e-05,0.0,,,live
2026-10-10T07:37:14Z,0xd4124dc078287ab52269cb0c26d919d76253bb52,0x51ec65509b67789f3887eed6ad7a51ff42de2b22eb5e59e0559e928351e8c9fb,0.24,5.365e-06,5360,159,3,5365,5.365e-06,0.0,,,live
2026-10-10T07:37:14Z,0xd421141b9d6afa274572a747e9a3fdd24ba8c400,0x88401f04a9af8326ccd642d64192442875d8378f7f5b324ac2449c481831ff9b,1.66,0.000809,83123,670608,6627,765165,0.002309,65.0,,,live
2026-10-10T07:37:14Z,0xd441eb4709b144bd99b911aebdd931ead0e5eaa9,0x611fd88ecf688b72bd2cfb861719858f7328d88d11e70a0fd43e6600a6fe26c6,0.76,2.493e-05,24940,2,4,24940,2.493e-05,0.0,,,live
2026-10-10T07:37:14Z,0xd44dedb1668bc7774e9467c5af3756d7f2672bc8,0xbeb0dcc55829370c017c13b1ec2e9aa6b13177e12a88c46e98ac53f88b9232ab,0.8,0.0001034,76681,89438,231,103457,0.0001034,0.0,,,live
2026-10-10T07:37:14Z,0xd44f1c0e7a256f85037643f28463287be756557e,0x1385e7e71527258ca8ca6c963307aaef34ccb8c03a4fdc4b38e73fc702bb3849,0.89,0.0002841,43335,67631,240,64891,0.0002841,0.0,,,live
2026-10-10T07:37:14Z,0xd471d071f4bd405da94f5b5e74a6265d05f4dc59,0x424ab2b28c7c43479aeb1b2d1269901d3c0d3963f1ecda00b4c391b5c49ebca9,1.37,,,,,,,,,,dead
2026-10-10T07:37:14Z,0xd4a07b0a6a81cb5e6d0e48c7600fdffe7a7a42c9,0x433af973b960a62abfe67fc3f445516697314c4e9a4b25e2b4025575808d892c,0.95,0.0003159,45733,101364,235,72166,0.0003159,0.0,,,live
2026-10-10T07:37:14Z,0xd4a5d07d84d68fe4a78193d82f1d928622277777,0xca6275129f14d7b6797ef4366187e96f99f742087f0058146f12b77f12f67832,0.53,0.0001976,46540,49131,218,45166,0.0001976,0.0,,,live
2026-10-10T07:37:14Z,0xd556311a336765427dba264829427ac4e80ec6cb,0x4070ff54aed32c3fd18a78b4c6ff93afd809b372332eaf1e26c8e4f0be3ed4e8,2.88,0.0003343,57817,4107,22,334370,0.0003574,6.5,3,False,live
2026-10-10T07:37:14Z,0xd57153e8dbfcc3db46ecc7cdc7ef8e0ade0c6755,0x463b50c1271ce467ff99b9688feb386bcf97e8becddac4107fbeaaa4f5afb4b5,0.3,0.0002551,40999,69171,240,58279,0.0002551,0.0,,,live
2026-10-10T07:37:14Z,0xd577f45d1e43730955213a2ac3e513052d31fb03,0xec4cccac05034848ee4701432b24ac0d463bf61b981098d176477a259454bf74,0.51,0.000458,62547,508748,3502,130871,0.0005557,17.6,,,live
2026-10-10T07:37:14Z,0xd5a143469a9bdfc61ca2f6c8d1c76bc9a675194b,0xfdeeb5c28dc687be2118047ebcb5e87118a8ee3073084e6dc5c0634776e8f431,0.76,1.021e-07,10215,2654128,8539,10218,1.722e-06,94.1,,,live
2026-10-10T07:37:14Z,0xd5caeb75aa0cbc76f0caa2c2114c0af5bb3b956b,0xc583987eef391014763ebb7e830caa07fadecd8c2c7692a8b3fa486fd3e38b79,2.89,6.512e-06,6476,124,5,6512,1.139e-05,42.8,2,False,live
2026-10-10T07:37:14Z,0xd5d4e4f288f5d3a855bd6b26e176774ed2621f1a,0x9bbaa321f00b1f437c1f8e780c2b0a65e30bfeb1e86000a66fbd9331a372e71a,0.33,5.109e-06,5109,182,10,5109,5.11e-06,0.0,,,live
2026-10-10T07:37:14Z,0xd5e798530fc8858ae8dd90d9df2cf3d7d9b5224b,0x47463105d901c1b9f6129283288d081c690e02f42dcfa4eef2543729feaac583,0.43,0.0002577,41156,70947,238,58869,0.0002577,0.0,,,live
2026-10-10T07:37:14Z,0xd5f3e5a9dc4ca4e16de1c7d6ab9f6978b4eede68,0xd64da4343a69e820b41074e84b02069118f3bb0bad455e69654f38bec7b986a5,0.35,729.5,1436118,14393652,206,4750372,729.5,0.0,,,live
2026-10-10T07:37:14Z,0xd6348bf009b262f077dd6f4169a6099a47ff119d,0xbb19bb853bd780d954aa97d5063a784adedd1e1f,0.4,0.0002234,178791,0,1,223488,0.0002234,0.0,,,live
2026-10-10T07:37:14Z,0xd68383a5034375cf2fec6f452d135b3a78d604a6,0x7568c0c707b60604c0595270e7160341de53440b24dd91dad51d83721c86c3ea,0.19,6.246e-06,6247,0,1,6247,6.246e-06,0.0,,,live
2026-10-10T07:37:14Z,0xd6adce5eac5f40d29e2101436c38cf1cee8f4856,0x5b6ef724a65ec58ce6da26a182287eda016d7e59,2.35,84.09,190301,6871,42,220983,85.74,1.9,3,False,live
2026-10-10T07:37:14Z,0xd6b80ae172e8e155d85d1e3bb3fb12ec5c367114,0x0f3aa9fcfc243dbc925eb64050e57180b0d7bfae6b46ea7c5a64c44bd9aa0845,0.26,2.455e-07,24557,0,1,24557,2.455e-07,0.0,,,live
2026-10-10T07:37:14Z,0xd74ae64d59e577cd3475a56da2dc14cc60294c4a,0xae066c32638f875b8e2350e9c69b69f536c3b595969e68e2959f3862eebcbbe0,0.81,0.0002396,39859,79961,225,54737,0.0002396,0.0,,,live
2026-10-10T07:37:14Z,0xd78ac5b707f25e6c8b56f3c86203bb9f86d6b777,0xbda76d862ac33a309ed08bfb19951351a779c328a422dca961844630eaf9a170,0.29,1.897e-05,21414,46901,146,18942,1.897e-05,0.0,,,live
2026-10-10T07:37:14Z,0xd79b13c92f6c1777b6b089519e828fe1f77cdcfe,0x774859255a2ae34806e2cb3cb10a7d2dd082231a,0.17,2.492e-06,33,3179873,9517,2492,0.001217,99.8,,,dead
2026-10-10T07:37:14Z,0xd7f306ce6f2ff182d87e422a9d0b6a81e5162989,0x16ef11b8ed984b706476f31aaab18f595b4aa613300e179b35b0f0dac6823a18,0.07,0.0002886,43666,85977,231,65928,0.0002886,0.0,,,live
2026-10-10T07:37:14Z,0xd8098154e30f9f4ee5a411d294f65fe2d6e01e18,0xcadfcd52a63333afb35ff006ef145ffbc1dc70b3b1d61829334a4ef9c1d2e743,1.22,0.04165,12495772,4998461,11,41652574,0.04165,0.0,,,live
2026-10-10T07:37:14Z,0xd82e3dcd0fdc689f563601b0bc54e3812c0186fe,0xfd2d55f4fa82ce8868f56cc28acdf6814590a7e5acd6fa6de08c1ab5ee100b3d,0.88,3.019e-06,165670,20834889,17339,301999,7.282e-05,95.9,,,live
2026-10-10T07:37:14Z,0xd859e39009e1def7cfa4a8e2a5d04c85f20ba5f6,0xfeaa3be8ae15059892dac9530d2d1ab97e49d9ba3933ad038f18963a6ba843ab,0.29,6.247e-06,6248,548,9,6248,6.25e-06,0.0,,,live
2026-10-10T07:37:14Z,0xd85e07bf11747f6e86d1daeb3be7ad3e42b860e9,0x17bbed68a27e6d8f886c8f89be6c2d2a729aedba333836fde9efc6833783ccca,1.52,1.973e-09,0,0,13,197,7.45e-06,100.0,,,dead
2026-10-10T07:37:14Z,0xd86ba7b77578576dedfefadab63866b67e3f94a5,0x0d7a07c2a1f01fd0fade47c569320eab8c486d68deeaaf57856530b4959916db,2.73,2.3e-05,14019,2267,55,22747,4.757e-05,51.7,2,False,live
2026-10-10T07:37:14Z,0xd8707bcadd789606c9743f704c41e84357db6ec9,0xb627af0683a6334e29084306035e3569bf67215d0063a1054c6e258d4325e890,0.59,5.541e-06,43889,49915,234,55412,5.541e-06,0.0,,,live
2026-10-10T07:37:14Z,0xd888dc055d93ecabfb5427c87bfbe7b4ab2d7777,0xd082e01cab6405fac08aebbf5af5406e7776f40d26428a12daf128656f6f9689,0.2,0.0002041,47377,48724,228,46651,0.0002041,0.0,,,live
2026-10-10T07:37:14Z,0xd8e6da44ed61bad390d8cbd69df724f53693ff5c,0x24a78c8a834eb556f92da4f83dd7bcd8cf14bf2f029e2620585f28b69403fb83,3.56,0.01623,4869003,4381575,21,16230042,0.01624,0.1,5,False,live
2026-10-10T07:37:14Z,0xd8f43cbe23f6e8dc182c6f5482673f623acc4777,0x43dfadefb2f726e0c6965bee039985c9321cf56296e62067fdfbaf9a013769c1,0.55,1.235e-05,17272,10017,35,12336,1.235e-05,0.0,,,live
2026-10-10T07:37:14Z,0xd910a5d4efd106cfab7c7f7378ef288e6e297777,0x219e2471b263b3743080037364e98da3ff7aada491992dcfff30afc760ed64ca,0.11,0.0001753,43919,36461,175,40066,0.0001753,0.0,,,live
2026-10-10T07:37:14Z,0xd93629dc79268620709e4a151ce012522c450485,0x73b911093d8b787e110c8b6ca33d8f5c9ff5df2ebb1999c2be5fa7012378f819,0.92,0.0001939,68764,98705,359,193900,0.0001939,0.0,,,live
2026-10-10T07:37:14Z,0xd95118876b56ef6e4e14601f8d25f37aa42f1e18,0x0558cc36ee7a3d2bf315582a3f1f76112d7d1f14be896a51a82209994fa47e65,1.44,2.02e-05,20212,1,3,20209,2.02e-05,0.0,,,live
2026-10-10T07:37:14Z,0xd9e36078d142e746cb2e583332c8bfbb1bbacee4,0x0781a6c388c7a5f9a20e3c7d87481d9b2ff647c169b9a16f0cb51dec946d40d3,0.1,0.0002794,42954,79185,239,63817,0.0002794,0.0,,,live
2026-10-10T07:37:14Z,0xda2f60f3e5f51fe82ed13b5ffd7e36ff0f6a60e8,0x200593a049319d571a9252fd9c7ab2cfa95e4fd699396e62b23d900686c3e18d,0.97,2.503e-05,25032,2,6,25032,2.503e-05,0.0,,,live
2026-10-10T07:37:14Z,0xda49424d50e67a4015de19a15868d874931b5af2,0x241974303db5fcd409aac39d939f75f09910bde085961358dc5807181e005ea9,11.73,3.465e-06,5432,263,4,3395,0.000132032,97.4,,,live
2026-10-10T07:37:14Z,0xda8271594729e886ca46a3b226698d7314c75d59,0x3dc6076f7a4246cb4b3169f9525d286751e117e8a6cb009b7967e67f84f0fb39,0.84,4.556e-06,34066,52254,379,45563,4.556e-06,0.0,,,live
2026-10-10T07:37:14Z,0xdad2860ec10cbaaec773d0c1929e61526c1f5ab1,0x6942470f8ac0b8edf2335645a89d704704a795e55bccfc09b50c8bd036b7e65b,0.92,1.065e-06,19326,903,16,10658,1.065e-06,0.0,,,live
2026-10-10T07:37:14Z,0xdae298a4d71d2f9af05aa6156ec39199fb8660e6,0xa49bfe8a3e7e837e46915ca82cdaf5fbbe07043ee3d998845fd3da36b75b68e5,0.69,2.577e-05,25764,423,5,25771,2.577e-05,0.0,,,live
2026-10-10T07:37:14Z,0xdb06f018552dc7a5c2f1e5912c6de4667abc4129,0x0af23f6325266cbf94bd8d7778451bdb1d0cbea62b605279c828bd8571e942a3,0.06,5.645e-05,50101,76641,195,56453,5.645e-05,0.0,,,live
2026-10-10T07:37:14Z,0xdb0955b15b576d59136d38283974e7b3a6253c5f,0xf7f58d3e5196c738ccefd6d896054be3077e1d2592375598f255603947958611,0.79,0.0002219,38306,72401,237,50697,0.0002219,0.0,,,live
2026-10-10T07:37:14Z,0xdb7989e5e4cd0de3548046b2497615a87ed4ac69,0x92391e152f4990e818b3f84f0d720bfa32cf3c3c5be7a75b5fd9a3adf9d3b4e8,1.03,6.995e-05,45826,53745,191,613,6.995e-05,0.0,,,live
2026-10-10T07:37:14Z,0xdbb5cebf798fc2d8e063c0a53653da3fd5d4f777,0xad64bce60197252524dbea2d3b55749c29b6eba0bd714250cedf9acd797f1d9b,0.1,9.437e-06,15115,4501,24,9419,9.437e-06,0.0,,,live
2026-10-10T07:37:14Z,0xdc1235e942a05c3b50a2879df69a2865d86e1e18,0xf02b4ae766157436baffc91eb829aadbfdc6b020714b4962e2dc24dc3bd6fbc9,3.78,7.781e-05,60782,3370,171,77317,0.000296,73.7,2,False,live
2026-10-10T07:37:14Z,0xdc453b1405cfe25e2afba8e7f4272b0a00437777,0x16684607c92e1a59302763400cc1641c8f9dbe7e,2.57,0.001333,122816,406303,1334,1323272,0.001333,0.0,6,True,live
2026-10-10T07:37:14Z,0xdc46d8cae226eb695cef1f321ccb1d381e50b2b7,0x2035a48761c5f0ea775a3da6594555c91ecb4d73c35e6051d4a1b543dfbfe58b,0.17,0.000279,42879,87373,232,63737,0.000279,0.0,,,live
2026-10-10T07:37:14Z,0xdc4f3cd61ba6b5c83c3f219e8ea0c1b5b6fb1e18,0x4fba2e5098b502d6da8cf1424a64cf03b05d38bfd187f94ac6bffe4d01af6e19,0.98,1.993e-05,19937,2,6,19937,1.993e-05,0.0,,,live
2026-10-10T07:37:14Z,0xdc620ec45475975d67a0639a206d1aa0d7a88888,0x92ec403c063eae4e624d54d91018623445b24e98,0.26,0.001185,69329,2241,46,118583,0.001185,0.0,,,live
2026-10-10T07:37:14Z,0xdca50850432abf65f913508b428c979c9f6a7777,0x027d4b3367e92fe3e4947c5c025db24c928ffe72de01ce3fad854c44e8b55eb0,1.44,,,,,,,,,,dead
2026-10-10T07:37:14Z,0xdcafdf03d5a80b133f7909889b62b44b62afa77b,0x8bc9954be7571ba61864c1804f702a6e942afa62c7eb9460948480ba44eb995f,0.6,0.0001339,90541,92458,124,133903,0.0001339,0.0,,,live
2026-10-10T07:37:14Z,0xdce7322076017a32b59ddc4b573f1b0845d71280,0x3c73e7f9fd33de671ac7c14d86416049312aaee8f79f487312b27745238b6f52,0.24,4.729e-05,71993,17896,91,47295,4.729e-05,0.0,,,live
2026-10-10T07:37:14Z,0xdd1123653689557c12bebca243cc5aa654a13360,0xab856391c991279a489416c88506f877ca65294afee77a481965a1903ab418a1,0.32,0.0001471,84767,283482,1724,147180,0.0001471,0.0,,,live
2026-10-10T07:37:14Z,0xdd200dc1c8f20b3072e58c76d22039f0f1937777,0x0d7d1252fda4f7a6c82b4ece03d428a8841f723146e87763394b4de0de8dbc2c,0.6,0.0001805,44510,46970,219,41241,0.0001805,0.0,,,live
2026-10-10T07:37:14Z,0xdd38f3dbb043c0331351ac6bfb60e86f28ab1e18,0xa1cb9b04c0f9b692e26b9a0874523a7eef57cecdaea884c75a83ae2befa660dd,0.31,5.414e-05,45157,59636,710,54147,7.329e-05,26.1,,,live
2026-10-10T07:37:14Z,0xdd45332c0ea0ed510a01531d748db02c2ebab151,0x1ae468d1f1ae21fb14dfd74459604503edcfa3f67b5631a458c927960a795704,0.45,0.02492,7479,0,1,7479,0.02492,0.0,,,live
2026-10-10T07:37:14Z,0xdd7b92782be7fc9861278ba57d46c4217b697777,0x1f1a31a81339b19c73409753f01eb0c0cc058f4e4b9848c193e57036ba83ede7,1.47,,,,,,,,,,dead
2026-10-10T07:37:14Z,0xddb0d0119e49e964b8e76f215148abda92227777,0xbd0964029278ae4263a541a66b27d3d1239a80b177708a9280a76aedc6938347,0.77,0.000183,44921,51128,236,41824,0.000183,0.0,,,live
2026-10-10T07:37:14Z,0xdde7b0330c57015e8b1c49ad6e243b96d9321e18,0x37e2b8da1ea0e475c07a5fe426bfda6cdb71c879b2aa48574bf5f740ab255724,0.49,1.995e-05,19954,49,6,19954,1.995e-05,0.0,,,live
2026-10-10T07:37:14Z,0xdde8c95c4bc5449f90daeb3403d21e36355b7804,0x758c3c5fd7a80310372a6de43d93722be604de61d634e33cde2139e699c84c82,0.93,2.315e-05,10755,19555,283,23152,2.315e-05,0.0,,,live
2026-10-10T07:37:14Z,0xddeea563407bd59dc325953fa12a904f2e92ca06,0x2434cbd41395b6d8d99402be7e32a8758186ea23c41d7b8a343d7e97649a2192,0.32,6.231e-06,6232,0,1,6232,6.231e-06,0.0,,,live
2026-10-10T07:37:14Z,0xdeb05712d9c40062d4703acde156609734a533a4,0x3a5574b5c30a8a8b178c81ae385e2e0920c5d2f8b718bbf9daa93ff25caaceeb,0.64,2.491e-05,24916,1106872,2562,24916,0.0001558,84.0,,,live
2026-10-10T07:37:14Z,0xdf1d1051547183a2de66ab5904e97c194c06a20b,0xd7b7741ba3191d0a7fc416a71c887d6091d8f5c70260735e558c5294199ddd03,1.47,,,,,,,,,,dead
2026-10-10T07:37:14Z,0xdf3ee4b45d0d09b93215d67f634293a4214dc777,0x8f3f3fa25952cdc1159930a09e93dd5997a34c54b1ba07df66aac54eaca68739,1.35,,,,,,,,,,dead
2026-10-10T07:37:14Z,0xdf44f8c202664893524927754e801a1ebc10477f,0x9546f73845870d2a65b706ea703a7679ef5b3186011ab684790b2ea19bb77c05,0.39,0.0002598,41326,75168,243,59356,0.0002598,0.0,,,live
2026-10-10T07:37:14Z,0xdf527da264cf879965de7cec01f42c3d68a7f04b,0x8c4a772bf57d12198c886be8cb53a99d3ee06fa0a1510e231f5f5bc2994c5872,1.44,4.229e-06,4229,1184,8,4229,6.921e-06,38.9,,,live
2026-10-10T07:37:14Z,0xdf791a03e224ec235ea9a17a94dbdf74f577e777,0x3b9982be1c8f4f6a4c0525e5b289db9766bbd45cb9107066e2f906d81304d36e,0.45,1.969e-05,21783,34531,119,19655,1.969e-05,0.0,,,live
2026-10-10T07:37:14Z,0xdf94613627ff4c34b0e4519bbfd1b9c380a97777,0xa72a8bcf3c193eca6229a6dfcacc4b4be51ea4c98d1bede62ab7c927bfd504a0,0.05,0.0001971,46580,45214,225,45046,0.0001971,0.0,,,live
2026-10-10T07:37:14Z,0xdfb7deec82c51812f745761d4a61960c9c22c777,0x7f0311af827cffb54a731cbbe45dab124cb02fd23588b17b110798691ac59a5e,0.08,7.523e-06,13508,680,4,7509,7.523e-06,0.0,,,live
2026-10-10T07:37:14Z,0xe000a73123575756eacd19585bb8fc781f6c7777,0xd9874bb7435163e0d85498930a143a4d4dd5a695da5deaa07486957327a4efb8,0.87,6.543e-05,26828,2498,13,14952,6.543e-05,0.0,,,live
2026-10-10T07:37:14Z,0xe019314679b719707947a85fb45c3e430f817777,0x888e2d16c85ef1e8f6645820c461f8d03a4fd2bc637cd784ce222f6b905f6e9a,0.99,0.000217,48939,54697,236,49600,0.000217,0.0,,,live
2026-10-10T07:37:14Z,0xe02a99e08ba6f2679feec7f84f3d2a6887dd6777,0x033a17da57ed8cbff80798dfcf2830ed534cfe6b6f9661ba1c3b0ced012ee5e8,1.35,,,,,,,,,,dead
2026-10-10T07:37:14Z,0xe05c73c3754f00420c38c35c72ce51b448825dfa,0x36a7de130e969b303a05449624860df29f00dfa6a643c344495c1a35c5677527,0.24,0.0002278,38786,71270,236,52050,0.0002278,0.0,,,live
2026-10-10T07:37:14Z,0xe096cdebf0a65af3c0bae0e8192cd0de5ce0efc1,0x1207688f7c5f715850f809228bd0c09e0bee50d3817541c4b648f21bd956b2ae,0.94,0.0002515,40820,79341,225,57444,0.0002515,0.0,,,live
2026-10-10T07:37:14Z,0xe0e0c485baa7f66cb5dbaffd0afb319a9733980f,0x5853045a06b8e3960ea65d7a71322d6a75f60109f182f2908b782e8b9607a085,0.13,8.376e-05,23498,11922,48,19131,8.376e-05,0.0,,,live
2026-10-10T07:37:14Z,0xe10d2152185bac5d297d1549554170b2ed357777,0x62046eb541d5ecc73aae313b3bc7879fae513e18b11ab4d64c882d47701b071b,0.94,0.000205,47598,49561,231,46862,0.000205,0.0,,,live
2026-10-10T07:37:14Z,0xe11d860ab7461743ff946422b771ea68763df496,0xd495c23221365d3c1ecba590b868ebaa814a52cdef0bfd799f7a3cd68ac7f388,0.19,6.246e-06,6247,0,1,6247,6.246e-06,0.0,,,live
2026-10-10T07:37:14Z,0xe1243842e091f073841fc1ac9527ea7e64f168bd,0x7392f50912efd277778b237e7955004a2cc6a14190d33dbda9f5276fc20c48b2,3.33,0.007945,2383573,1906526,18,7945276,0.007952,0.1,5,False,live
2026-10-10T07:37:14Z,0xe13d47f19e0347701aa6fe3bf59fc43d244725d8,0x3acf4c8945eb28f521381625b9c2ce4fc07840008ab3ba62a2b37c30339e4366,1.26,0.0002436,224056,489820,2620,243621,0.0002436,0.0,,,live
2026-10-10T07:37:14Z,0xe1685441811e32ce04cc2531523a9ab2757c9d7c,0x307356854b33503c313bd97c1f51bcade287fa74fb6b60ed2c46913e7ca5aeeb,0.88,0.0002645,41824,76755,229,60433,0.0002645,0.0,,,live
2026-10-10T07:37:14Z,0xe172386459f7b425cce7c6fa0dba4fad1cd6cebd,0xb40b36cbe7370eb1c8eea7df963c210b42e3903b,1.54,,,,,,,,,,dead
2026-10-10T07:37:14Z,0xe1aefc9c97d0409a8873d1de73fb82f865496fd7,0x095eb58c63aba34004380072e5f47ab26efd43e02d1517179c9424d42e10bdf4,0.9,2.502e-05,25020,1804515,4436,25020,0.0004001,93.7,,,live
2026-10-10T07:37:14Z,0xe1cdb16f5c6b3245fd7e320e0cfdede768135e38,0xccce552824dbaca6e0bf568c3af77300bea97a3b5c85735d13d0bcb04566598c,0.81,0.0002149,37745,55909,212,49085,0.0002149,0.0,,,live
2026-10-10T07:37:14Z,0xe1e76328666024ef298dea5d86397ebde18c552b,0x1c6f36e9cd4d7154f47ac56ba71995d006170365,0.12,1.413e-10,0,118434,95,1,0.0001471,100.0,,,dead
2026-10-10T07:37:14Z,0xe2c7825cd2490a7bba4c86f2916566e5e3111777,0x7f5ad5253d382174de6eb7311b204490125124b17e03145d47f5173a45d15b1b,0.92,9.318e-06,15056,3443,15,9300,9.318e-06,0.0,,,live
2026-10-10T07:37:14Z,0xe2d404b252ace52fa881e3c9f7fb2e5b401deeaa,0xf7545114d2ebc355a4624b9685c5c76b396399bfc656ec8de54cf408d7dd0352,3.9,6.599e-06,4613,494,7,6600,0.0001571,95.8,1,False,live
2026-10-10T07:37:14Z,0xe317f80dead79103a65844a8fdecf147ed21bfc7,0x623c8fac34786cde89f9dd8ec073710a2fa594fc599a50c0f01318608d524e55,1.64,,,,,,,,,,dead
2026-10-10T07:37:14Z,0xe37bbe0c2e27d0e765a54d3ae9694efa3a22bd35,0xd1599844a71ee81d8ff57dbad0fb15bb331951a2192ad189859e6f7c044711fe,0.99,0.0002315,127166,130892,185,231571,0.0002315,0.0,,,live
2026-10-10T07:37:14Z,0xe3a2f45e5109934339f9224afb1d1abf8ab91e18,0xb24121ae521f3654aa2e645d06616c3d98bb15215c2db14ca8ccf6ad2b4d95f8,1.65,4.508e-05,41403,21349,416,44630,0.0002245,79.9,,,live
2026-10-10T07:37:14Z,0xe3c6dec5794cc2fe686d15b8b41dd57a67f7989b,0xa154c7ff641c5be2f2cc0f973ad68215e0bc82cd8befad607fe73d2673318783,0.29,0.0002997,44425,92264,239,68456,0.0002997,0.0,,,live
2026-10-10T07:37:14Z,0xe3d71ba2381364c7732881e71bc9eb94fde5cc86,0xc18d8076ba6e5eb3500c3cd9d622cd9cae62dad416b17a7867e3196304272208,0.26,1.022e-05,10223,47,1,10223,1.022e-05,0.0,,,live
2026-10-10T07:37:14Z,0xe402a03e9fe5f98073fcf96fdb7e503525dc5777,0xf98a0f673d39b87a2ff967da043daa51b4651aa3c3d7f1137afb14ecd0b1fab7,0.49,1.952e-05,21664,20694,67,19490,1.952e-05,0.0,,,live
2026-10-10T07:37:14Z,0xe41f3d275e2dc244063993610553a6ef5afc13ac,0x45428425897fd4980287d35191fd6b3ec0989a22a27f735400511c9054087be8,0.12,3.499e-05,15187,125,3,7992,3.499e-05,0.0,,,live
2026-10-10T07:37:14Z,0xe47f1f6ea00131a7f603f89e348e8d426d7c4958,0x36bbbe6e47efb602cdf9e0523e5d0bb3cae8b5ded18a8bcace0e73a22d18e254,1.4,,,,,,,,,,dead
2026-10-10T07:37:14Z,0xe4ae6d7738c8813269c9059803961b772461c791,0x6a0231d0ffaa6947d5c9f7bcd263e05447146e768ccaa456f2da50f9095202ad,0.34,5.525e-06,43847,63929,248,55251,6.558e-06,15.8,,,live
2026-10-10T07:37:14Z,0xe4cb0b3c53673f5f4ecd2384c2cf42e202067777,0x6997a52cfffbdfc1f82f1985416fd955d6d3e13638ba4a76b723012608c880f6,0.16,0.0001513,40763,33274,163,34571,0.0001513,0.0,,,live
2026-10-10T07:37:14Z,0xe509bf577b4414271f3c751c73aa9eae48a17777,0xa853c42eac92131a421716cc2ed99659fb608c61641f247867d8149730e952fd,0.9,0.0001915,45954,50833,235,43761,0.0001915,0.0,,,live
2026-10-10T07:37:14Z,0xe53ac0b4fa5ec7a8e2ecf18b0502b8a5be58ecd5,0x49611ae86a8ff8fdbc911ef3d2b0740f37743f17e489b52f2347dc6173d1018f,0.55,7.664e-07,12343,1205,17,7664,7.664e-07,0.0,,,live
2026-10-10T07:37:14Z,0xe5934a43d884e6163206e78948c2e55a9e291f68,0x6803ff18d5198ff9a8fe60fcafbcfb6938ede673db2da4ffbc6e3c3bea724dc1,0.23,4.273e-05,68435,15687,71,391,4.273e-05,0.0,,,live
2026-10-10T07:37:14Z,0xe599385557648f51451bd782f5a05aedbfe4b777,0x9d38ab04a2d59cee129f639f05f7899be3801d8108ff4decf5ea8342a7d9b848,0.21,1.881e-05,21337,54316,197,18777,1.881e-05,0.0,,,live
2026-10-10T07:37:14Z,0xe59d493540a5b467fda09299a62c64c97db28972,0x8e3beb6b5dc8b66f67e86dc47bb095a259bf294d66165c35897163c9e08e4ecb,5.7,0.04904,4909246,4415078,528,49046278,0.0503164,2.5,6,True,live
2026-10-10T07:37:14Z,0xe5cd5c76680bad7599873cb3047815cd4ed0fa8d,0x97bf96fd7f3b720e9fc09339054861ae4cbf4ad9e4a208b6b885720dbcc60f21,1.4,3.852e-05,17956,34621,430,35444,8.783e-05,56.1,,,live
2026-10-10T07:37:14Z,0xe5d9923cf33e6b4288faf85362b542e7852efb7a,0x1dcf6e1d0d6d525a4358158f938300bcd319d3daf4b81920a8f6239733442ebc,0.29,5.03e-06,5030,2,2,5030,5.03e-06,0.0,,,live
2026-10-10T07:37:14Z,0xe5e40b6add543a0f28540c380a6e997925a67777,0x41722b39d7b6d6f75e4df81c9bda34334898fcd10eae8273f3696c62edf6753d,0.08,0.0001868,45373,48568,225,42685,0.0001868,0.0,,,live
2026-10-10T07:37:14Z,0xe60e80ad5ce132d447e8499e19e6f6f187571619,0xfb0185a7c8d160ddf67947f08f7f2c1bdebb75096697b51005d15f7705c4e40a,0.79,6.288e-06,6301,17315,176,6289,6.288e-06,0.0,,,live
2026-10-10T07:37:14Z,0xe6a64543ea6e0807ebec47e9ef0ce87175e0d046,0x0b0fb7ab720632e0ffa165cb01351c3501c45edaa1e31a2394b073c2d876388d,0.63,0.0002177,37881,60302,229,49735,0.0002177,0.0,,,live
2026-10-10T07:37:14Z,0xe6c1522d2acffa2f85eac8cfdf0eac3a4e451e6b,0xaedfb8853b7e20b0562e716eb269ee554616c97c,0.22,3.092e-05,17568,107798,955,30926,3.092e-05,0.0,,,live
2026-10-10T07:37:14Z,0xe6eb0393582dc296da616eb5c3df69055b17bd79,0xf93f78de9fc10d3c2f914f5d9cd748b6c2ee9041e2773fa7c592d9796e4def1f,1.79,,,,,,,,,,dead
2026-10-10T07:37:14Z,0xe72aa4906f291fd17fb28fc4f4964776aeb887d0,0xdf3cb5a5370ba794c8dc220c3ffe52e6fcd55fb6b2d3daf49e5f84f81257170b,0.38,5.553e-06,47013,49943,377,55530,5.553e-06,0.0,,,live
2026-10-10T07:37:14Z,0xe74c01452b613887d6bb190048353514a1cde25d,0xdce68df484da609876b185eec6bbb00ff35f27b2b401491cce8dcc7d450bf4ad,1.44,,,,,,,,,,dead
2026-10-10T07:37:14Z,0xe776105c1c2960f6b637200b227da95fe3d3c806,0x715de61e2133ee6ce61cb7d348c5970212a83236a2a37a928b4573e6ed5098bb,0.21,0.0003009,44546,88734,210,68739,0.0003009,0.0,,,live
2026-10-10T07:37:14Z,0xe7933fb4964e1cff567c049eeab1ef4588c79777,0x51ad587d16f97b8c29eff2093616eb87a8dea1b421456a3e1c0f9012b7066313,0.29,1.16e-05,16741,9283,31,11579,1.16e-05,0.0,,,live
2026-10-10T07:37:14Z,0xe7cf613aef52a51e425814596ba76c676be848d1,0xfe716a59c6132a2bfb251a060a3c3a99e6d5e6e77b07052054200999a06a1e50,0.21,0.0003131,45440,99237,231,71514,0.0003131,0.0,,,live
2026-10-10T07:37:14Z,0xe7d55cce33e5847db9b36b64714ebe1f8a6d1777,0x7f68b0b82f6cd5d57a50411996e9979db22101b7209650546dfc927723c63d8d,1.0,1.642e-05,19975,40584,139,16392,1.642e-05,0.0,,,live
2026-10-10T07:37:14Z,0xe7dbe1673d6ef935a96b5cf3db6f90d34508e919,0xd16223679ac2401f515b592cb3265f4eb774ea454b1a706a1576c699de7a7de0,0.79,8.089e-05,23127,11391,36,18475,8.089e-05,0.0,,,live
2026-10-10T07:37:14Z,0xe7dd3e0c10a06030b2b0fd806b4c7ab8a7148777,0x69755faae1359abe8cdd47981d1a4e2c76a17afc872f8660129a41899deadc09,0.68,3.359e-05,28478,53175,190,33531,3.359e-05,0.0,,,live
2026-10-10T07:37:14Z,0xe80b2fdcb2da3c2bd7f9cf8d94e9186ecee21111,0xdc728b85f34cd6b950520c218c845dcc0513d78e70e3283695cf6f43214249f0,0.68,6.2e-06,6201,2,17,6201,6.213e-06,0.2,,,live
2026-10-10T07:37:14Z,0xe81e019a2c19cc32bfb26701c8517a00d7c07777,0xde5b441644924c10a5dd04e141cdfb7f87082ba5a8434975f195de81510e3219,0.09,1.911e-05,21509,35316,124,19074,1.911e-05,0.0,,,live
2026-10-10T07:37:14Z,0xe823d1e4fec87e4da9d609212b45b9a786ab4ef5,0x06663eed60598d117e6bf32a7c227a2bd34ea9c8113cacf36ed1417281e57271,0.4,3.362e-05,32956,5217,28,33623,3.362e-05,0.0,,,live
2026-10-10T07:37:14Z,0xe83f096e6c7a5c3936e2d943fff2146cc7db7777,0xa0bfd3211fec49cca3701ec60642f4469919aa23a0cb083c756d7fe5984127ed,1.49,,,,,,,,,,dead
2026-10-10T07:37:14Z,0xe8ba596216dcf85f167150be43198197dc7e3cfb,0x65be648c849db0492770f945d108960a00b356577453bc52ae1ad57a5bce89c1,0.94,6.24e-06,6241,779,15,6241,6.271e-06,0.5,,,live
2026-10-10T07:37:14Z,0xe8fe2068cff0c9ea60c781233c6d715eecfeb7a6,0x5932921b0ca069f988e57462cb4fed1acb4d1c33abae5921a65ad9f8a5df7d55,0.92,0.0002895,43809,90579,233,66124,0.0002895,0.0,,,live
2026-10-10T07:37:14Z,0xe99dd198e590a70ce52eb71bb824abd9640fbedf,0xbd609a951e1dca697a87712e18f56c8e01d2a7820dc51b719de6d9e4607e9231,1.48,,,,,,,,,,dead
2026-10-10T07:37:14Z,0xe9ad2b9810448137de6b137e65a578498eafa010,0xb9476d25522b4b9d9541c30b825a86dcda8e558f9ec4ccbe9db796a86c22e9f2,0.12,7.91e-05,63879,38028,101,79101,7.91e-05,0.0,,,live
2026-10-10T07:37:14Z,0xe9ffa2e3af72d9f11131295a7bebf7bff8caa270,0x197248c777ad2efba73dc7db3a56a5f276c7c42fbf6602a768fd085c8393dbcb,1.84,2.54,1905370,24,4,2540493,2.54,0.0,,,live
2026-10-10T07:37:14Z,0xea0361bbfaea562d719ff3ba02064c61bf6266e2,0x0231dcf338ee49d4def30fc46b439bca08590fe83598d46ed2dd341ccf49be08,0.37,0.000277,42711,89433,236,63269,0.000277,0.0,,,live
2026-10-10T07:37:14Z,0xea372e9b702cfd3021d71b11927fe4538a9e8a4f,0x95ae02bf8573ec26c08db7de9f997620873d8e624c7cf2d46c17476ccf96b3b8,2.82,5.008e-06,5007,2,2,5008,2.69e-05,81.4,1,False,live
2026-10-10T07:37:14Z,0xea3d9a79ed240f876e9c05a10924e4543f2f30f0,0x1ff8feb8ddb5a86c26f3c8e57b1c431437bc9beb722d7a14c1ab7c9f6f00df71,0.45,3.681e-05,15543,337,3,8408,3.681e-05,0.0,,,live
2026-10-10T07:37:14Z,0xea692512b6feaeb30533275f88b8a2d4dba97777,0x5dc294800cb90238ca24b28a96d9e67f9720d4e3d249bd790f31b34bd9fa9a0a,1.32,1.72e-07,3,0,2,17203,1.235e-06,86.1,,,dead
2026-10-10T07:37:14Z,0xea99cef99b4487174600e83bb004eb0b1ada0914,0x4c1527fc0ce205fae4ce4c6698ca9e1a5be7d165dcdffce94b5e64ad854b088a,0.79,0.000303,44756,107745,239,69207,0.000303,0.0,,,live
2026-10-10T07:37:14Z,0xeacd2c3362f0101e52199161c60eae892e02b7f4,0x42fb3c68ea6cabf86cc399f4735266af54cc2a6dd1f15deb97a24c6f396553c1,0.08,0.0001748,0,434734,1319,174835,0.0001853,5.7,,,dead
2026-10-10T07:37:14Z,0xeaf8dd63884b77da2e19bff2bf24701ef0904503,0xc2f99db12090ca424de482ffbbf85cdd6bd12119f74f12b2bb953f5568fdf899,0.29,4.976e-06,38543,65443,256,49767,4.976e-06,0.0,,,live
2026-10-10T07:37:14Z,0xeb0d29f2eea7dae75b6a12689cbba8d7c2b2ef6c,0xd4c250a723da1a0bc5bf7482c293d4cd969be6f4,0.04,1.589e-13,0,33005,30,,2.113e-05,100.0,,,dead
2026-10-10T07:37:14Z,0xeb288e3ca1607e7b921bcb47d5831e88331d65ef,0xbe5296539b19da2ce4771f9725e9de1073281015,2.55,42.071,71477,72912,390,277639,48.52,13.3,5,False,live
2026-10-10T07:37:14Z,0xeb2971774bb0cf399e587128fdcef585b103b399,0x03d90ea1e1afc6962ba7002036e183f6dcb5a8ef2864d0afdced0110089fcd17,0.84,1.33e-05,18538,8192,73,13308,1.33e-05,0.0,,,live
2026-10-10T07:37:14Z,0xeb4bffb93220ada45f5378147cc7d1a52e6dc319,0xc61937e59bca951825882c34f26d1b1d06354037,0.87,1.511e-05,7594,20,23,7594,1.511e-05,0.0,,,live
2026-10-10T07:37:14Z,0xeb5e4f655eee663a01419bec7dd74b5ee45b5f67,0xd3d50aad859119bfe773db3e81066363d25e3514fc87785d190db7cb41a6f350,2.48,0.0002624,59422,73413,767,243365,0.0002711,3.2,5,False,live
2026-10-10T07:37:14Z,0xeb6986485b052102ac611e8675321406e0354686,0xd063b260671592392637e0f356cf43a2ee3ad7ca,1.0,7.51e-05,27389,295613,1714,75100,0.0001126,33.3,,,live
2026-10-10T07:37:14Z,0xeb72730086812cbe418f6036578e8a72248c2244,0x16ef892190b94eaba7020f1a8587fcd5276d6b51,1.74,2.843e-06,2832,764538,1791,2844,0.01279,100.0,,,live
2026-10-10T07:37:14Z,0xebbe1434d2a6be038f9320a9e68e24dae6927777,0x8e12b8d5af456c3b2d136a14e2a866e6a9197d44752eb60505d3f5cddbf9d51b,0.47,0.0001498,40476,31600,155,34240,0.0001498,0.0,,,live
2026-10-10T07:37:14Z,0xebc3fa434c245c9953e623739c416d65386448bd,0x212f4a88add05266a45fa83caa6a7d67eba6a746c215e2a0e31e0c78caee483c,0.32,0.0002583,135488,810820,1760,258317,0.0002583,0.0,,,live
2026-10-10T07:37:14Z,0xebfd684bc4f97e3b8ddf33829d2dd2a7d3ec2777,0xa3767d2c00efb99cd8784f099b8d142ca7d7ba85a147f07d325f5a3f0243be91,0.13,7.951e-06,13869,877,5,7936,7.951e-06,0.0,,,live
2026-10-10T07:37:14Z,0xecb3f8f25e5028636c3ae17dab50f1cbfdfb5777,0x410214679c51b233b736a280f23f9ee54d7758618d7dd16ce40e4ffabacf968f,0.2,7.506e-06,13477,679,4,7492,7.506e-06,0.0,,,live
2026-10-10T07:37:14Z,0xecd5b314ba67670a64f9938ffa9faada42f19ba3,0x9c88856066886bd3fed1510f15f86feb35e9a82061ec6664f57dba5253c6e1c2,0.94,1.003e-07,10035,1091,55,10032,2.03e-07,50.6,,,live
2026-10-10T07:37:14Z,0xed360438f420d8940a087351670bacde89fe4931,0x40c975a9eac33bff57f9aa26a0c94d14057af0e2caa48c7b14834bd83eec30d9,0.64,6.256e-06,6257,0,1,6257,6.256e-06,0.0,,,live
2026-10-10T07:37:14Z,0xed6591a8e60f0a2bfc3be9cc4a9e6b60a28b1f9f,0x682d2bf42756c4543a9e67b75267e4fb6383ef70f60b0c18adb1b7dc6d4d711b,0.17,0.000251,40668,62847,233,57335,0.000251,0.0,,,live
2026-10-10T07:37:14Z,0xed6a7780ae828f39b5066b25e111a8860f8d6777,0x7e28124a4020f1476fa55b7c2d4267c022294e57de14b562366e6f2bd80c9eb3,1.44,,,,,,,,,,dead
2026-10-10T07:37:14Z,0xed7ae967249dced760a7876ed710a09b804cfdc0,0x9a240042e2a7a25cb20ad827e56a0f002d17b9f2650a90df1b4488bca3f0528f,1.42,,,,,,,,,,dead
2026-10-10T07:37:14Z,0xeda6a10703acf9442a9bd55130d7d95ceb35d74a,0xbb8cbbed770c4b74d828f6658cde9d7134311d36a6cc8e3911a2574b94e6ac19,1.36,,,,,,,,,,dead
2026-10-10T07:37:14Z,0xedb6cd390e248eb7f43f2f5ef7caa53f00fcc777,0x54821a8e987f572ae5625571a43b21f3f139e5011dd227ebe2b7f2bfeb66fe89,0.86,2.147e-05,22791,51007,184,21435,2.147e-05,0.0,,,live
2026-10-10T07:37:14Z,0xedbf91223639800bcd5756815caf908df3b890be,0xff7b3bd2db34d9ed8160e6dedf1d448777abaa1fa6fc8a31144930a1a656fd92,20.51,0.006612,760068,166137,482,6612417,0.0141943,53.4,,,live
2026-10-10T07:37:14Z,0xedd94803775ba64160ebbedb74f3ded5dec84777,0x818493e81c3764e62c4ae79737d76ec5d69cc8fc4b2c329c9398e38293601730,1.39,,,,,,,,,,dead
2026-10-10T07:37:14Z,0xee049979960d5e42b389b941ec45790ca7b6e1f7,0x92a4f531f82e1440d6e349bbc2ed42ba389e013f,5.78,2.79e-06,2783,89,8,2791,0.03389,100.0,1,False,live
2026-10-10T07:37:14Z,0xee56db1db261e61b292ff1729da587341040c904,0x8d516d01ad054277930e90f4cd5c3cb276d1b3494a1f6fc983d1544a07f3af7d,1.42,,,,,,,,,,dead
2026-10-10T07:37:14Z,0xee6846a761b4c5e18c753be8bbc78d735492f777,0x67f00621a9ccb6b7a34e304ecfe380d40030f2939129caeadbd61454ffe74d4d,0.56,1.405e-05,18417,16630,66,14023,1.405e-05,0.0,,,live
2026-10-10T07:37:14Z,0xee72983db36497c1de11f1d47a4b9fc9c71a82d5,0xe444ad3734a3e814c517f832340756371ed573644938c69a1eb37d2704d56a3d,0.85,3.995e-05,27674,35343,259,39951,3.995e-05,0.0,,,live
2026-10-10T07:37:14Z,0xeeaaa130ef1de117af8fa965ff6f9fe70d1b5510,0x5ec31964b043837b9d74d42b30af141f9d3998a818b0552723033ee13d6684f2,0.07,0.0002177,37928,62659,230,49739,0.0002177,0.0,,,live
2026-10-10T07:37:14Z,0xeed66854aedd3b2e13ef264b5defcd303ae342ee,0xee1eff506aeb3527ae10d44472f3b25ef98a1416488714c3cff6c590dcab827d,0.53,0.0002234,38319,81303,232,51033,0.0002234,0.0,,,live
2026-10-10T07:37:14Z,0xefbbb0f3984d551369309e694f5448d559dd0777,0x50ef2c24dbb7b9d589d5c02e1ece26e29305c1609abdfccc9fe262a70b7d4851,1.49,,,,,,,,,,dead
2026-10-10T07:37:14Z,0xeff3a5fa1bf824c70bb269db81711160cb7b6b39,0xef6c54f78e0516d2a189466c31218f2d1637d246178672ca481a9205b8004221,2.82,,,,,,,,,,dead
2026-10-10T07:37:14Z,0xf060a7b9eb423b674fc19f71d2dcc6b6983e78d1,0x449c2939da60b83e5a3b826b93a2ef6f9ffc9b02bb5c6e55eca8a461abf3e76d,0.38,6.755e-05,57091,24946,40,67558,6.755e-05,0.0,,,live
2026-10-10T07:37:14Z,0xf075b4d2710e83cdbf1132fec78902ac6c11c777,0x81cacea264af73fde9e8ba178820944d4e5e5741f2dd519048b22143ca96b2b3,0.27,1.529e-05,19223,32552,109,15261,1.529e-05,0.0,,,live
2026-10-10T07:37:14Z,0xf0c1690d9d78ede6c87d2cad5535704574985777,0x11c088c8083ffdd8eb49309379f5822c09e1b02043d859fc13e8536eea5e73ec,0.32,1.514e-05,19120,16379,65,15113,1.515e-05,0.1,,,live
2026-10-10T07:37:14Z,0xf0caa7b1fc23c58bcc989ae9ddaf56aae0a24d9e,0x9504b34e5e98b602fefe60b8e83871a75a68b5dddb040cec7acd91ab37bc1288,0.99,0.0002136,46141,491747,2924,213681,0.0002145,0.4,,,live
2026-10-10T07:37:14Z,0xf0d69c965bd40a9f830d6854befec19b74317777,0xb61bec622e15de3967babfc489517f388e653ced944de6efba3a442269b8b466,0.98,0.0002121,48412,49917,237,48473,0.0002121,0.0,,,live
2026-10-10T07:37:14Z,0xf0eabbdf31d05581df583f9d3510fabc8baeda8f,0xa10353fcd376a11021cbe75cc405d7c3aabb38751f02181564b7b1ed0e4ab841,1.71,2.788e-06,2,1,2,2788,0.0001878,98.5,,,dead
2026-10-10T07:37:14Z,0xf0ec6864189ad23a290094032e344ac27809a777,0x54528b84fb9102005e7961ee1dd6a871ac1f946fceebd6ddba52d94237ab28f3,0.07,7.648e-06,13615,738,5,7634,7.648e-06,0.0,,,live
2026-10-10T07:37:14Z,0xf1289ff65e189c91ce2efd3db37779f1b5507777,0x2321dd56a6394a373b57b13495775c145bd7237b15b533a5f75bc1eb63c8344a,0.31,0.0001855,45116,47229,221,42388,0.0001855,0.0,,,live
2026-10-10T07:37:14Z,0xf13acf0de882fad53c2ae8b70ea7cfa842b778d5,0xd0a2dc7e7784ffb82088b3fd9b690c565375fb284139f49b9e58e02f2d5363ba,0.07,5.033e-05,40272,13,2,50340,5.033e-05,0.0,,,live
2026-10-10T07:37:14Z,0xf13f2d9f443dc218582f7e8762a2f9afb5a61e18,0x7f830e84df1efb6acbf6ed3974dcbd95a02c60c0d9b917c936bcd309f01e5b33,3.6,1.853e-05,18548,1,6,18535,2.441e-05,24.1,2,False,live
2026-10-10T07:37:14Z,0xf18b367e1febe408964c068713b129a48e27cdb6,0x2cae51a70b1e2a0c0bd5f1fa25d277b947ecb5bcc9be4d15d558b5824fdcc0f9,0.29,5.03e-06,5030,2,2,5030,5.03e-06,0.0,,,live
2026-10-10T07:37:14Z,0xf1ae3e89f3242b3ffca754fb034fb3bff5d4bfc4,0x8eb5b46ab64b61de5aed22701ba71d9107d9ffd74464bffa350759d13c8e5cab,0.81,0.0001631,102703,134865,353,163195,0.0001631,0.0,,,live
2026-10-10T07:37:14Z,0xf1cc0a4feed884a4490a1d8db943c0a92bd83347,0x6856985ac2710f328b35c23a5aa0f142209b638b610946a4bcf08d2800ea8058,1.68,2.136e-05,13508,29372,398,21363,5.052e-05,57.7,,,live
2026-10-10T07:37:14Z,0xf1d645c2569a5bf688d496dd3f9a12a04ffa3777,0x545dcc281b3a2e62dcabf1b9cbf38935c5280e82d81d3eff9c5724797033107a,0.05,2.98e-05,26870,52704,182,29751,2.98e-05,0.0,,,live
2026-10-10T07:37:14Z,0xf202d48a54bff0e6d52e3e6963e301755b7e8970,0x577db3e0e0a12f37131d21d6abc45ae7eb0a65a799272cf0f6f5fb22b4264d4b,0.85,0.0002492,40516,80522,242,56925,0.0002492,0.0,,,live
2026-10-10T07:37:14Z,0xf22264c7bf0794092b02c0da2f246ae40c351e18,0xd7cc890c71cab199bcb2f25ba593ac709703ecc0a1f255491814fdd834225b93,1.38,,,,,,,,,,dead
2026-10-10T07:37:14Z,0xf22a93bb5c44856390e7e6efc3cbcdcb7dd35777,0x7b6f1de402b517e4218895aed7eb137c6db6227affa25743c38f6d7f7c16a8f6,0.51,2.403e-05,24063,50003,182,23984,2.403e-05,0.0,,,live
2026-10-10T07:37:14Z,0xf254dfff146115e5ce7840f0f14fcd85703e3ef5,0x5694ce98e4164b6ade8a516fa79d24e8b794b86973b8cea4d46554e7e371e22c,0.94,0.0002409,39951,64422,233,55023,0.0002409,0.0,,,live
2026-10-10T07:37:14Z,0xf26d245f23bd8691bcec3ef723c082268595e777,0x2852473a3313260c695ec820d02117b725f3eab563b76192d8106c6e9440603f,1.4,,,,,,,,,,dead
2026-10-10T07:37:14Z,0xf26eed0a27ce30e733420d7827b0fbdce59c9777,0x1a17128c5f47280c7fce8c877e4a63c2a3a466db3aaf33d819919b2f41ff305f,1.42,,,,,,,,,,dead
2026-10-10T07:37:14Z,0xf27823fa51fb89c64b502b21a2cf990eb5288c92,0xaf12dce5ddad153aa3b211908cc9832dc8f7de7b5cdba6f6719d83aaf2d9bb25,0.16,0.0002487,40478,79409,236,56824,0.0002487,0.0,,,live
2026-10-10T07:37:14Z,0xf3093a2e8ef073999ff0753a1324903b6287b657,0x4116e5aecfe1622e6a817c8f69d5a68c710b35878d600a71a8bc919355195946,0.51,0.0002449,40132,89505,242,55953,0.0002449,0.0,,,live
2026-10-10T07:37:14Z,0xf3e2d9e2edd2458d6d5aa02b655f7ccde8076461,0xb220a1597b89c12863de7021dfe575849d76c18ed998f7562ee8a2b41dba8400,0.44,0.0002568,41075,62256,205,58671,0.0002568,0.0,,,live
2026-10-10T07:37:14Z,0xf3f1fabbd924ebf1dc7fd8a32ff39a029b8a7777,0xfdce41dfb20681963528f6dfb6da9665a641ddc9f1ecb594858261d12a9d06be,0.87,7.58e-05,28906,5919,32,17319,7.58e-05,0.0,,,live
2026-10-10T07:37:14Z,0xf40ba4bb8bddd9b71cfe5b55c0870328d2eceab9,0xea267e6cc079aeb85058483e26e8c12446aa70d804290ffdaf7d6b2ca6d00fe1,0.63,8.146e-05,65178,52963,190,81466,8.146e-05,0.0,,,live
2026-10-10T07:37:14Z,0xf42bd860766b47570003f82e6c0baa949e0fc777,0x60d6cdeb802a435c6e8b6b62bdd6d0cf0659e0710d945db29dc74abe8042b674,0.24,1.562e-05,19437,22502,84,15590,1.562e-05,0.0,,,live
2026-10-10T07:37:14Z,0xf45998caaa69595f81afc1cc73d8cefcb72b4fe8,0xf0da0d90e8fda5ca9fd5684dc13f82ce0c82eb21cc695ad9287899faacbd7349,0.92,0.0001085,26831,25620,92,24800,0.0001085,0.0,,,live
2026-10-10T07:37:14Z,0xf48677befc2b05f0026a8f87e38be00c285dfd0c,0x1b998934512fcb2a43aad5ffcab3ac9a0c493189d69e6949064b042b6aa0fc50,0.35,0.0002894,43659,100890,238,66112,0.0002894,0.0,,,live
2026-10-10T07:37:14Z,0xf4f4009639b02ec9b73c3d4fdc0e1fd9e42df5f1,0xa753b056eb36b7de4324b137c80ddda9f9a74d2a3b875e0d62ceced62124d4fa,0.67,2.487e-05,24877,1,2,24877,2.487e-05,0.0,,,live
2026-10-10T07:37:14Z,0xf53160ab6331d156fd543e774599eda35644b3d2,0x2b799ca6b3dd53bf4e9fd9f5a97196d853fb561ba06f673cb8c5e99928c5c0ac,2.63,2.914e-06,4984,188,15,2914,2.455e-05,88.1,1,False,live
2026-10-10T07:37:14Z,0xf56ea60e4477792a37bcafe1881f372e7dd6fd95,0x5d7ffa6784778bb397b88981896c9f49291c955b,0.92,1.517e-05,7624,0,1,7624,1.517e-05,0.0,,,live
2026-10-10T07:37:14Z,0xf57b7fc3ede37f04356472a7634e2dd51a837777,0x19b2d099c7baedb590442f0390e8a65c8247619a1cca3d7c24e2854e3976dea9,0.59,0.0002,46829,51249,228,45708,0.0002,0.0,,,live
2026-10-10T07:37:14Z,0xf585a91f120f4627f13fbfd7f8096132ceafbad4,0x72d9900c6b388ed4507015fb536fbb193630c2b4b18f047cc2b971b4c3a26c07,0.31,0.0003009,44500,98301,239,68734,0.0003009,0.0,,,live
2026-10-10T07:37:14Z,0xf5b06c5d1d4767de2a85b8137e21a9f62f8367cc,0xb1129a388a4ae11923d3fa5c148b52beef2de0e765e827c1d7f5a80fab46122a,0.23,2.461e-07,24610,0,1,24610,2.461e-07,0.0,,,live
2026-10-10T07:37:14Z,0xf5e9aabf4bd42c8bc68af889cc1ba4625dbc7777,0xf699f48e4195b05ac13db72c172fba547274482c5e56653111eea327861f2309,0.92,0.0001942,46339,48387,229,44388,0.0001942,0.0,,,live
2026-10-10T07:37:14Z,0xf62592423f039e63cb069e860e4d4d04e7d2a777,0x999f8dc54e5d0bf65569f45e3ac36ea016124e2f23fa032f7fcd2d991dfae59a,1.37,,,,,,,,,,dead
2026-10-10T07:37:14Z,0xf64ae4a6f42f516c6c3e69213e2ea6e42f6f1682,0x1e7b7b09b440864846bcc74cfb40c869e6c45db7d811d7966499a3d9e276c213,0.51,0.0002121,37345,65656,209,48452,0.0002121,0.0,,,live
2026-10-10T07:37:14Z,0xf652841f7deb5d5dc9bff8e0ff075411090ac777,0x9c058485b26331dd71ce17824cc3abf6d7ecce63ed68cf1bd6e5242306a7acd8,0.48,2.184e-05,22927,56485,184,21804,2.184e-05,0.0,,,live
2026-10-10T07:37:14Z,0xf65f2ef94fae92c97f3a949035eb6e099f58325e,0x691f9ac339f695346f68e0f38501ce8b28ef99b6792823bee5816312dc52399e,0.48,9.408e-05,59908,265195,857,94087,9.408e-05,0.0,,,live
2026-10-10T07:37:14Z,0xf684402aa79c0bdc0dbb876d3f9e789964acbb8f,0x6ece9f021632e5826f93ece48611a7ba705868c05d7375469ee851b76d954d55,1.49,,,,,,,,,,dead
2026-10-10T07:37:14Z,0xf6d6bcd458e1ea4a3bda5226a767e54b51d47777,0x170256a539f4fb1c69c10854ca4a4f3e38ed261a0f5b3474fd26bf410d6c5ee2,0.21,0.0001818,44709,47128,229,41545,0.0001818,0.0,,,live
2026-10-10T07:37:14Z,0xf6e24f4ebdb66dea2a830bcb6d48b3b59bca4ba3,0x4c4b443e7396ab61a1d973d1ac95adeb7425a0aaed97c58a183fdfd2930dc326,0.88,1.018e-07,10197,6536,158,10184,1.248e-07,18.4,,,live
2026-10-10T07:37:14Z,0xf704ae9697351b41ea66af205ec0879580bbe140,0x623493ff1dc02e4ef7353977497f3643c53c9b894ec72fb2fe8e229f86bc0b87,0.79,6.314e-06,6339,61485,2083,6314,6.314e-06,0.0,,,live
2026-10-10T07:37:14Z,0xf7107d54b637bf5b648254a35a6b5b854acb75a6,0x7864cf651fbe143534254e5e44a79ff72044e529bd8f0ebe8b45fd125b4184d6,0.56,4.861e-06,43963,49503,381,48618,4.861e-06,0.0,,,live
2026-10-10T07:37:14Z,0xf74d44b69e42cf03be0c03cf681fefd441fdea6f,0x14d3706c62620307c43097b4b50109f60348db3c91d078ffe4487efd3981f270,0.32,0.0002163,37734,81328,228,49417,0.0002163,0.0,,,live
2026-10-10T07:37:14Z,0xf782bbefee77c7cd5f362755bfd179ab93e70009,0xb2e6b3a4d45fdbfa27f8cecec97ecb38b03fec2f1be83f1c223f05e4ca3b30ba,1.55,3.257e-06,5276,7237,174,3257,4.53e-05,92.8,,,live
2026-10-10T07:37:14Z,0xf7cd4ec814e99f9d5c285ceaa7672370c39f68e7,0x35c03c40e0ec6562079c8d69e21bada12a739544a37098cc6f665181879c91df,0.22,0.0001279,72438,297554,883,127949,0.0001279,0.0,,,live
2026-10-10T07:37:14Z,0xf8b2f446df1231c0584a5dfb3b0373fb1dec4de8,0x2ed86aeb34d51f3b502d4701929778b2dfda312a56118498dbea0c7ba48696e1,2.08,,,,,,,,,,dead
2026-10-10T07:37:14Z,0xf8c771f3b3472d39006bbc212ad0ccb9f6bb0ba3,0x92d378db6acb186f72a2c65acc368c530aa7891f3aff666888e6f537ff6eb7d7,0.9,1.003e-07,10031,4,10,10031,1.003e-07,0.0,,,live
2026-10-10T07:37:14Z,0xf8e249015e5f26875995e95db5fe726320c51e18,0x566c3c4c219842fd38b0a5976c98a99a317c77dae94997cd6d79acff928874af,0.5,1.997e-05,19979,1229,24,19977,1.997e-05,0.0,,,live
2026-10-10T07:37:14Z,0xf91c5a3a2b8345b291331de615dc43690081cf75,0x470dba1d60f6afcb3033d078663440eaa9eaf9cde9988816438162aeea8419c8,0.99,0.0003006,44596,91164,241,68666,0.0003006,0.0,,,live
2026-10-10T07:37:14Z,0xf9961cb447d9bf1fe0596317abf6007772ed11f8,0x0cddf53ecbf258ad10dca382f62b41e383de686590b5be1252ac27151ad1dfcd,0.45,4.081e-06,37652,24521,160,40818,4.081e-06,0.0,,,live
2026-10-10T07:37:14Z,0xf9b587a1f1f565faaabbe244a9c1250f84c685d7,0x0d5f75dbf07195df7cfe679e0b97eeafbaca8d49d0148c6ed1cd1e6fb5f26232,0.11,2.79e-05,27819,1450,9,27903,2.79e-05,0.0,,,live
2026-10-10T07:37:14Z,0xf9daeb51dbcdd22ad37f7c3fbaefb99dcd86d149,0x3f512d37f397984c2a1142ef1f04cacecaaff920964e5431b5f5a1621893babc,0.93,4.082e-06,31782,17479,127,40829,4.082e-06,0.0,,,live
2026-10-10T07:37:14Z,0xf9f0b22eaeaebb4891d159aae48fc9103d0d456c,0xb56fc3c84c78b3afc91ba6ea18957db331c521a3ccda61199e5c0e36a5e23c05,0.57,3.394e-05,33240,4191,18,33946,3.394e-05,0.0,,,live
2026-10-10T07:37:14Z,0xfa1c9311993bf66f4b04e2143cfed851a9e53fed,0xc1d3c348b53eafdcce0b6bdf3750a59569775de982cb242c1630fb08845c6c9d,0.13,0.0001954,35891,39907,131,44635,0.0001954,0.0,,,live
2026-10-10T07:37:14Z,0xfa31d04462746aaa24bc7e5626403e09e4b106ec,0x432733840e61898919abd6850d94e2a708621d82fa84656cea0db33142f610a3,18.95,0.0007745,85218,83000,408,774557,0.00357691,78.3,,,live
2026-10-10T07:37:14Z,0xfab8e384a2b0cb61b72f2a3f24b29855d61ecebd,0xb67cd6b28cb566830746a639c0e260e3f670a99bf10d002afb2e0420bb3a0472,0.63,1.018e-07,10181,4320437,13036,10182,4.109e-06,97.5,,,live
2026-10-10T07:37:14Z,0xfb003b5d1ca8a576bf0a6d130830d560a897d277,0x74b780525e084fe7629f8a81560ca7345afd26256fee49d407ba3666be55b67d,1.44,,,,,,,,,,dead
2026-10-10T07:37:14Z,0xfb1736076687d6d077620f2941a525cc9fe6ed04,0xa25ea994a36b5bca3dcddd0ee89b0f2bf66393b13951e3ea779064285a989edc,0.31,2.505e-07,25050,11,9,25050,2.505e-07,0.0,,,live
2026-10-10T07:37:14Z,0xfb2bb4bfb97a796abfae750113086b83173b0dcc,0xb20f215e6b55ed39bc2376bc4d7fc4eabb2943fad0e0e3456a69869e1d4ce53a,1.5,0.0005132,79889,171040,2366,513261,0.001266,59.5,,,live
2026-10-10T07:37:14Z,0xfb442a98e9e2e10c46f285ce6b8f4e0226aeec72,0x94499e8776473e17f39968a1dacfea77e1e6fb0f1ef558012cb63dc5ee95c2ab,0.6,4.851e-05,44599,46633,306,48520,4.851e-05,0.0,,,live
2026-10-10T07:37:14Z,0xfb5d98e368ab708369cbdc715147b2f92136471c,0x686c9474ec80918ca341613a8522807aa651ce5d8eff9f029c548b67ad173083,0.87,0.0001215,85177,50194,67,121588,0.0001215,0.0,,,live
2026-10-10T07:37:14Z,0xfb69d2dac4f3c6912fcfa6f33b29a8fe5aea1e18,0x866089ee65bfa2c13956fdca71bdc3a7877f8a5f7c61655cf92763e44d30e229,1.36,,,,,,,,,,dead
2026-10-10T07:37:14Z,0xfbe171e37a491efcf84bafa7dda52b91658a1e18,0x90977740dc147f5b79ee67a2ea6069b744fe1acb7fac62568f17c51f24e95d56,1.42,,,,,,,,,,dead
2026-10-10T07:37:14Z,0xfcbd112568df665e6868256d5a4d6d089dbb7777,0xcc47487c317bfceed39d9686a398a5d6345561133e515a18c43e8ce8b3f61de9,0.43,0.0001968,46437,52105,234,44966,0.0001968,0.0,,,live
2026-10-10T07:37:14Z,0xfd1c28ef54856dc02f8ef7de71805ea7bf111077,0xd8d58f53445b4af5081f8396307b9febbdbd01fc86018943aecda6f58c113678,3.56,2.705e-06,4327,8,3,2706,3.672e-05,92.6,1,False,live
2026-10-10T07:37:14Z,0xfd57a56b0b145e574d7f6d82b9f59b3274a65777,0x7371d5ab532c6ba9fa1f4eed7b11755529c0dec429bc7c241fe68585b9b3e4f5,0.41,2.805e-05,26010,59954,183,28004,2.805e-05,0.0,,,live
2026-10-10T07:37:14Z,0xfd865b3c0386204694783ff73f2f32ac655f9fe1,0x71a4eface664a272f2bffa6b9500904d8d1de0ca9f5ccea8d34ff0fa4ba1b4af,1.37,,,,,,,,,,dead
2026-10-10T07:37:14Z,0xfd9678ff6863ba64882183f80815418377cfd4f5,0x5e6ae7b48b54071eea383bf2b5cd466295071f835f275d4b57492e0194832266,0.98,6.328e-06,43564,54860,237,63282,6.328e-06,0.0,,,live
2026-10-10T07:37:14Z,0xfdbf2b2552b3ed1f48623e0fa96f7a558d044b67,0xddc03815c85844f384dcfd23185fbe72c71877eba88647090479eb7516091e7d,0.59,9.501e-05,72342,67293,111,95015,9.501e-05,0.0,,,live
2026-10-10T07:37:14Z,0xfdc5754d112ec8702809f19c81ff9f55be70c400,0x75f935c85b5c605531df0c0b0ed1768f4dad87b2bc90711c850f2bed6bfcee45,1.62,,,,,,,,,,dead
2026-10-10T07:37:14Z,0xfe3edc53b04806e44d94ef1d04654aa2b6a7fc80,0x46fad89a0f86849b3170e39890a12b4397acad8f611da480e237d53fdda9abaa,0.17,6.363e-05,46743,435711,2054,63636,7.836e-05,18.8,,,live
2026-10-10T07:37:14Z,0xfe8e15e3c5102f8240905b31f9343f7a3efc7777,0xf6f403c9a642930bd7bb236c59c15d93b913d75b08938ac2fdac4305ad1e4c75,0.86,0.0002012,47024,49413,231,45974,0.0002012,0.0,,,live
2026-10-10T07:37:14Z,0xfebb19a0e586f6b365d4950c6d1fff4c63dc9ec5,0x317db973384fd2233804611db8d1b35b2171414b7588b2fde38af9057d0a9ef1,0.55,2.449e-07,24500,94,7,24500,2.449e-07,0.0,,,live
2026-10-10T07:37:14Z,0xfee34f70e90f31b686b952410197adc19883bcfb,0x74f89dc7bf7f67e6a010ebce1380d916c63166cb6b9bb97b3bf473707d7f9a38,0.56,6.508e-06,7457,62778,1012,6183,5.049e-05,87.1,,,live
2026-10-10T07:37:14Z,0xff0b3c093bfe51a9d7275483076b4716558f2777,0x9926370ca9808f2df842c031282e87e245a56515a3bfb95d174e5568389a40dc,0.13,1.505e-05,19084,19975,72,15021,1.505e-05,0.0,,,live
2026-10-10T07:37:14Z,0xff5da468f0420401cce65c84423f10e7dc2ab414,0x2f71214ec812e012878637bb77dab8862fd391ba296038aa3718e5e15cf01ba1,0.32,5.389e-06,46287,38907,229,53900,5.389e-06,0.0,,,live
2026-10-10T07:37:14Z,0xff5fbdd6dcd02560a5d02b28a16ca3fa583827bc,0xf944c3e800be3f6b4b32c41849a831abc996e9faeb0d66b5e4800033647010cc,0.89,4.841e-06,38101,29347,330,48417,4.841e-06,0.0,,,live
2026-10-10T07:37:14Z,0xff6fa5985817f5e493d5777a23b8a10dbab57777,0x2172d0a4dca464aa89bf2b4ded8b9d7cd1b7c762b4e7340f5b3152e970895382,0.89,0.0002068,47750,51950,238,47271,0.0002068,0.0,,,live
2026-10-10T07:37:14Z,0xffe1e7f1ce6058c2a2e9eeddccc7049671efd777,0x646c7b327d1495a6c447abc2bd0c576b269330c3ebc2e27e0edc6add46a3ef5e,0.77,2.408e-05,24170,36255,140,24034,2.408e-05,0.0,,,live
2026-10-10T07:37:14Z,0xfff60223ca3b8aff2bdfb7b45216154e847ce746,0x3b8c62091f82d782f6eb663048002e92bab63bfa,0.78,8.858e-06,8860,93531,433,8858,8.873e-06,0.2,,,live
2026-10-10T07:37:14Z,0xf58b8e3cad340bb491adc3a057aeb8796621f787,0x6ddcc394785f0d471e5f6843cf684791df727c8a3683f44bde57531b1e1df9da,0.01,0.0002098,37202,74122,226,47935,0.0002098,0.0,,,live
2026-10-10T07:37:14Z,0xf6100ab8107fb3743c83a8e2944a3bc0eb82adfb,0xf331faccf0f06412589018a19e711a207ef0bde7,0.01,2.546e-05,316965,33719,20,201168,2.546e-05,0.0,,,live
2026-10-10T07:37:14Z,0xb698e2fd8d60842f54ca903e8cf4c2c0b077fa50,0x5477663598c9d7d07dc11bf14e11901391bbd1d3,0.01,2.458e-05,260124,28947,22,167173,2.458e-05,0.0,,,live
2026-10-10T07:37:14Z,0x9663cbd5cb73c30c9f8755d8f866ee6c53d67777,0x09f0eb100cf0ae225e97fd0ae502b7f4e1b8bea83fafe5e8d04bccb358b251db,0.01,2.206e-05,23105,57740,184,22017,2.206e-05,0.0,,,live
2026-10-10T07:37:14Z,0x9d7a603e7cad59e4cd2ffbedb09a8e5e35d27777,0x916f1f7331decb76f56a2ef174d5805bdc45bea2bf68f4a7d90f4ef2bf640400,0.01,0.0002058,47579,50424,231,47042,0.0002058,0.0,,,live
2026-10-10T07:37:14Z,0x998e2673f5d8f321c88dc4e248f2447527f8e9a5,0x107593e60bcf093da3da59d061f69d788aec6a8df009f714704c867d7aabb60d,0.01,0.0002868,43492,98913,241,65513,0.0002868,0.0,,,live
2026-10-10T07:37:14Z,0x3f14408cf07a95d09a26d192a39462a56126f38d,0xac8e54eaad8b13406c44415e8210013dbe8d0149e03f195cd62f99c346f6566b,0.01,6.643e-06,33830,103944,771,66432,6.643e-06,0.0,,,live
2026-10-10T07:37:14Z,0xab9d9f2d31b5fe9b21baeaf6edcc072bf8a5942c,0x4004e23a98433ac55f73cf7a061bf5087c6f0f23e62d0ef61e7a2e32c91bc359,0.01,1.238e-05,12389,10,5,12389,1.238e-05,0.0,,,live
2026-10-10T07:37:14Z,0xfcdd50a5ab4a479b86f41a9d7447a23dc8731e18,0x3724108aa39b0c9f59818fcb98f76eb8f055feac875f763f088c075a5d159d1f,0.02,1.997e-05,19977,4,6,19977,1.997e-05,0.0,,,live
2026-10-10T07:37:14Z,0x70589e3a8e73dea5c7c354682e0e8f27dba6e777,0xd4d60cc3fedf00ec6846bd2d92720394926a28744cdd196e69ddfe36da58221a,0.02,2.672e-05,25431,49952,165,26677,2.672e-05,0.0,,,live
2026-10-10T07:37:14Z,0xcc5a8e13712fd5f74916d1336b21190e95327777,0x520bf1982b998216e59db6cd38d03436d503877e80c320a225557eb84d4f83a1,0.02,0.0002019,47120,51636,232,46142,0.0002019,0.0,,,live
2026-10-10T07:37:14Z,0xbb388bc7811f7fe9489bc67bc28bf6421f9fc77b,0xa5a2f89ae5b6b26960a1c02cc08674c676d1661edd9c20e1334dc531ca07ce79,0.02,0.0002257,38580,73592,239,51555,0.0002257,0.0,,,live
2026-10-10T07:37:14Z,0x756cc910691e7a2f5011b0ad1911afa1b9c0d201,0x1578962ea564abd0e66e2ece993dd403d339c3071033e39e19408a9cdcdeb426,0.02,0.0003182,45811,92277,236,72690,0.0003182,0.0,,,live
2026-10-10T07:37:14Z,0xff9b6a0c6a514c0b30f9301793c295fd8d5f6777,0x8a226e7155e7feb1762ecb75e8cefbf368886fc2f63a6cec654a0145055e9c18,0.02,1.359e-05,18138,19962,78,13570,1.359e-05,0.0,,,live
2026-10-10T07:37:14Z,0x4731e17bc462c2fccc6be73035e239a3e82e9473,0xf7960e9352f2f390a4705ead45569454b04661e8c905687bc9afeeedcab6bf2e,0.02,6.245e-06,6245,0,3,6245,6.245e-06,0.0,,,live
2026-10-10T07:37:14Z,0xc4df045d9c804098679647cdbe45666199db3a8b,0x7ae22eac03ec6d5e0cb821de10c69c69dcfb478574d0201a21e383bc935df6b9,0.02,0.0002013,36441,64082,205,45986,0.0002013,0.0,,,live
2026-10-10T07:37:14Z,0xcf7e4dafb1a91852ea59b09ba1810bad905ff98a,0x4a1c0c8ebcf3853d74fd63e371dd5a859501ed3a,0.03,2.498e-05,191663,20886,89,122443,2.498e-05,0.0,,,live
2026-10-10T07:37:14Z,0xff68156116c2501e8834f1469a7829e2e1627777,0xeadc19c749b3a0d44a8e5e94fed32984fb6c77a88e7248fd77a866698a4c3e64,0.03,0.0002118,48261,50012,206,48393,0.0002118,0.0,,,live
2026-10-10T07:37:14Z,0x650ae0e4bc84d8c36fdbcf32bc4ec8f61a5b4777,0x09b9574eae6f6e160c8192b6e5ae4f945fa6d7b700bd0282faabb32542162d97,0.03,2.828e-05,26161,51618,188,28225,2.828e-05,0.0,,,live
2026-10-10T07:37:14Z,0x40278aea432b0e13840121373473604586697777,0xdd6631b4ae6ac71684393a25af2865fdc6bd1f96367f6c485a96ef24642bbcc6,0.03,0.0001063,34198,15901,87,24293,0.0001063,0.0,,,live
2026-10-10T07:37:14Z,0xbcf589bd72931f2439cce5fc2611908ee05fe76c,0x13721da6f23fd2d6c1c5e567f9618debd924a1a6ec3bb7447ba90bcfefc88e4f,0.03,0.0002652,41827,83361,231,60584,0.0002652,0.0,,,live
2026-10-10T07:37:14Z,0xf22a637438b6703692581de3a72b8f78c5fe1e18,0x5bbdf082fcd49716f5fcb209637c81b5a2b54d98b68a24cda5da61a738e5ac43,0.03,1.998e-05,19985,982,24,19984,1.998e-05,0.0,,,live
2026-10-10T07:37:14Z,0xcd6b852a2deb5a2c4c55e60f0e9aeeb381211777,0x0edd2ac9b5285cdf41a13a35c85421498c6f086394e01c58e121325f2b285de0,0.03,2.218e-05,23180,42570,154,22146,2.218e-05,0.0,,,live
2026-10-10T07:37:14Z,0xb23b5e7b70be610b8c074b6219755a102a303112,0x555796ee4c2b89557f49e4208402161c68a30c2f,0.03,0.0007645,84910,848130,1427,764533,0.0007645,0.0,,,live
2026-10-10T07:37:14Z,0xb7c8f1cd732b93dc555a8caa07f2ce7df9d9cfb5,0xac592acb1a913d5a7722987cd60767522f3f41932a6d1816984d1c28d658ba90,0.03,5.114e-05,21400,27994,236,51147,5.114e-05,0.0,,,live
2026-10-10T07:37:14Z,0x26ae91913d58e008fb1b0518c33660b440c67777,0xda2a42ee092e70fa03849453e4ebd3e8878d79394aee4d676ded876e1600fb0e,0.03,0.0002208,49289,50720,233,50450,0.0002208,0.0,,,live
2026-10-10T07:37:14Z,0x46c46eb4f8d6ec14e5023ed9307b2150701da777,0x857244199d5869cc3827aac2ac23ed6d0d637f9fb8849eb1b194b259c6911f54,0.03,2.426e-05,24245,55941,186,24214,2.426e-05,0.0,,,live
2026-10-10T07:37:14Z,0x9a6670622ee051dc5546c824551b50ed850356b4,0x6ba83e7bb2ae4ed4ca9fbbf9a6100993a5ebed8940dd45bf7a062527056ed25e,0.03,0.0002549,41018,73478,238,58233,0.0002549,0.0,,,live
2026-10-10T07:37:14Z,0x167daaf7b4078d149aa0ce9e3edca3e46f8aab30,0x3a48811bd84eede0031b5f4b47c70a9e7e02b3d1942e3cfbd3b55c105d481b7b,0.03,0.0002915,43866,85053,231,66599,0.0002915,0.0,,,live
2026-10-10T07:37:14Z,0x9a47e0c1a490d70b37583c0ef46c5b408fd167ba,0x9e489c9fbfb0484deddb1af945f02d87ecaef0c10a9babaf4e0d158add70650a,0.03,8.127e-05,54738,408735,1832,81271,8.385e-05,3.1,,,live
2026-10-10T07:37:14Z,0x98fe291a0cf44c9414443df9d8249a864833b85d,0x9236038ba5fc8ae24a8026073fa095a4740a716a0e4a5649f26c4bf6e51bf7b7,0.04,4.656e-05,37836,21223,78,46563,4.656e-05,0.0,,,live
2026-10-10T07:37:14Z,0x4ee0eb94982083b560066439eeb45ea82630a777,0x3b69ea202af71a48f93f4feafcce624958dac219eca70d1db984cc3374532cb5,0.04,2.111e-05,22617,52860,192,21072,2.111e-05,0.0,,,live
2026-10-10T07:37:14Z,0x56c316c1124aa074dfe1294e99ba209e1fdae777,0xc691e2132440176aae76fd22e5e811a25d123d5714033c42ca82886e7a51a0cf,0.04,7.244e-06,13248,556,4,7230,7.244e-06,0.0,,,live
2026-10-10T07:37:14Z,0xbad6aef53725629e5fe6f9bf4ddd25ad78e8463c,0x38444cbf5a2e3b95baf9805edd0fee3e4e4be3fe5953f08571b9c205f5066498,0.04,0.0001392,92883,411609,1245,139259,0.0001392,0.0,,,live
2026-10-10T07:37:14Z,0xa550046246211d620ef47e1cf378af7bd66d7777,0x280c81301d33cf82629cf2d02c1b42b3c820c5a6c8d568e65f37d21dab6906f9,0.04,0.0001727,43608,48571,207,39467,0.0001727,0.0,,,live
2026-10-10T07:37:14Z,0x0242821f9490c986f397f57594f498b0d41bcb56,0x710793cefc8d80d9ce4fe2e551ffa12bbe0d05087132ab8f4068c4451db3334a,0.04,1.182e-05,44638,74653,1592,118287,1.182e-05,0.0,,,live
2026-10-10T07:37:14Z,0xac5b95352b2b652d256490e808cd4272ac80e1ca,0x8ba914b91affa938c99153cae162f0be6506674185f9b89623d447178150c3da,0.04,0.000319,45897,90113,233,72867,0.000319,0.0,,,live
2026-10-10T07:37:14Z,0x1f052479d2ffd9649980adf36a02b8cb0e9d6263,0x17cc0c078d0fdaf3b49c19735a9c3515879443bb1ce4e599ee0d0c000ce57304,0.77,0.0004299,60599,91589,601,429961,0.0004299,0.0,,,live
2026-10-10T07:37:14Z,0xa364927407e2796eaf791a219dbc85be525a6777,0x31aea779c77159e00f7a8f16e4f816edc21f1f2c6561c18475e3d92f1cdf5a74,0.04,1.728e-05,20466,29914,115,17254,1.728e-05,0.0,,,live
2026-10-10T07:37:14Z,0xdfb95749530bdc627fd7053e9a727ecd650e314d,0x605e211e4ac42b1e215fd767770fc9149ea77d40e05d9d6d6b44b168111c1749,0.04,0.000589,217372,830375,2059,589095,0.000589,0.0,,,live
2026-10-10T07:37:14Z,0x40234635a42d70c9dafae352b43e37d146ea181d,0x6fdc0ac95cabe366482cf7ca5097b9d82e8f3731,0.25,7.717e-05,49776,2741770,7049,77177,7.717e-05,0.0,,,live
2026-10-10T07:37:14Z,0x4898891604a8d11798af0551766d7e100e5e1ede,0x79d24fa76221e39c307f8bdda032a8e05f9a94ea1293df6f616dea83a531be3e,1.13,0.0029,160028,305996,562,2899350,0.00443795,34.7,,,live
