run_utc,token_address,pair_address,age_days,price_usd,liquidity_usd,volume_24h_usd,txns_24h,market_cap_usd,peak_price_usd,drawdown_pct,filters_passed,pass,status
2026-10-08T03:37:18Z,0x0040070833df5bcf9644a5c9732a1fe906c27777,0x0061a6568e820becb465c3e6c8817bba1e8b6a91feeef04756bf6e15263cd252,0.31,0.0001755,44656,48919,176,40119,0.0001755,0.0,,,live
2026-10-08T03:37:18Z,0x005cb5485279002c87d9eb5e8745798e31913028,0x08f1d61473934375150d248f9aa259cc4034c611f46745262ae11363aeac9347,1.47,,,,,,,,,,dead
2026-10-08T03:37:18Z,0x006ef08c918d26323e4a39038e769323f1cdd7d1,0x6f4dbb53677c17a4e71f737108f2da32199ae07011e77f1a57152696134c5ae3,0.23,0.0003287,47271,131764,235,75090,0.0003287,0.0,,,live
2026-10-08T03:37:18Z,0x00796aaaa2d1bbc0598c8d594de10a39a989904f,0xfa56cf3069c4f3b1a7035c06c961b4b5c8692657c89aedeb406cfa02e877353f,0.86,0.0002367,40509,47919,163,54074,0.0002367,0.0,,,live
2026-10-08T03:37:18Z,0x00b5dbca58b1fac42236b5718636b7d42dbc1777,0xe284473c5adf3338150b20a178ccf8feb5fd68248ba0f3724a738751b21c914e,0.14,2.846e-05,26654,55643,188,28407,2.846e-05,0.0,,,live
2026-10-08T03:37:18Z,0x018015ab182dc9b98e59756d22919930a6a5f740,0x8c51f6293faa4523bf8c3be729b21bd7f604e2a8a1db6a46e5dbf34b94802f7a,0.76,0.0002933,44976,104229,237,67007,0.0002933,0.0,,,live
2026-10-08T03:37:18Z,0x01f60629024cfe49dccce5724c9e2412f6428fb5,0xde5ed9fd7d6f63bff2093ab95059bd24d82c816f8d3b23fab9614f5ecb7e21d0,0.09,3.719e-05,36148,5191,13,37194,3.719e-05,0.0,,,live
2026-10-08T03:37:18Z,0x022887fa0ef7ae52cd901f7d275f1de1e4242b00,0xf505dda2b15d66e61a326b7f41f73d4cb38a0ab54aa27634d438f88b34d70c26,0.69,5.263e-05,18958,2856,13,12021,5.263e-05,0.0,,,live
2026-10-08T03:37:18Z,0x023fc9b4594f9ef031dbac43aed4c2043c7bcdbe,0xcfe3866636b1501c1f06955ca14ea7e9e11ec71c154e334a166b98d7eeda361a,0.87,0.0003078,46215,100136,234,70301,0.0003078,0.0,,,live
2026-10-08T03:37:18Z,0x02597d18a5b45c5c8665f3bd4981af2dd974ebab,0xadae31e96a3aada588915cd58ef42ca17cc59b23,0.88,2.084e-10,0,20657,36,,0.0003606,100.0,,,dead
2026-10-08T03:37:18Z,0x0276db07a9f2f1fbf83b96e6870d64ab56a07ca4,0x61cd43d4635b38e73d39ce27bc5e18152fcba62cffceef5da5597a1256ecaa1e,0.53,3.657e-05,15748,193,3,8354,3.657e-05,0.0,,,live
2026-10-08T03:37:18Z,0x028bbf1bd9ab64e9ac9735001493e86b4af911ae,0x97e7194c7d23f12af2849f01cac3eb92b35092562a90bc5b73a24e3244381ec9,1.4,6.749e-05,54215,6971,12,67496,9.821e-05,31.3,,,live
2026-10-08T03:37:18Z,0x02930c9e73284f9728d267e86ac64771a1aaa394,0xdc0fa764ceed6f26af81766d430af642ed60144c0537fe26e3ff96550bc8525a,0.28,6.87e-05,68697,27743,240,68703,6.87e-05,0.0,,,live
2026-10-08T03:37:18Z,0x02bb7c32fb7baa6d3cbe73819e5ad48a360da80d,0x26570d7e4adf8dfa5effd08b3a9d488f3d4abed93d69cf06985cec301072aff6,0.06,0.0003867,51353,109770,236,88340,0.0003867,0.0,,,live
2026-10-08T03:37:18Z,0x02f0db6e9197f89d9e2519a0bfa26f99c99afdc0,0x0570e44b25829cd509f0ac54cfc0388b2b954e27,0.19,7.769e-06,7770,1,2,7770,7.769e-06,0.0,,,live
2026-10-08T03:37:18Z,0x02f60c43ade4e6ef1bea7d1387af506015237777,0xc62ad395b63d820d112aaf15eee3e5efc5e87ff53d4604260e4f13578f8f446a,0.36,0.0002456,52719,58906,228,56128,0.0002456,0.0,,,live
2026-10-08T03:37:18Z,0x0327c901e28fd98f9528d7aba1bab51e28347777,0xae20591c3969dd0bcf1fd20c85b0c5495f8e3ef8148c2e2edcfe215d82cb7f96,0.87,0.0002292,51502,61282,233,52383,0.0002292,0.0,,,live
2026-10-08T03:37:18Z,0x03380e39b61d197ff009aec32cd570cbe003e6cf,0x74de6bc9c51379578dcd8ef86a31d6f10ee8ebd5fbeae77e48c36673f08e8ecd,0.73,7.869e-05,133563,11223,68,202,7.869e-05,0.0,,,live
2026-10-08T03:37:18Z,0x03593991b09b1daa8c647bd6add61f58e3ffeb5b,0x668eb41d891204cca9160254c0a3ebdae8b7727f1c498d878bdc78170a14b497,0.64,6.583e-06,6596,16566,240,6583,6.604e-06,0.3,,,live
2026-10-08T03:37:18Z,0x04524f6b87815f8ff71daff7300b3dbcbc8d4777,0xff197d51fcd0c1c521788e93e6245252ed230dfb2cc241f30693f6290a34bd41,0.53,6.356e-06,12568,936,7,6344,6.356e-06,0.0,,,live
2026-10-08T03:37:18Z,0x0462cf95507ce947af96a76d07a01981ad31dc45,0xe32a3addff054a5302f1bf9da6a14b6a41fea6cbed2cd211916d321891d450a8,1.39,,,,,,,,,,dead
2026-10-08T03:37:18Z,0x0495bdec8762b263ca51ed11b6498fc9fd2043d6,0xabf61cd3d7c5b054afd1907ef5acefbb63f4a5c0b1b9017659eb18f11cf09643,0.85,5.196e-05,18975,5517,23,11867,5.196e-05,0.0,,,live
2026-10-08T03:37:18Z,0x049ec20fc9fb83c1343f879bf47937e050d27777,0x668f6c30329df3e0f9e7ac98c6762a4b5f036ff5dc2178b23a897c8722910ffb,0.52,0.0002199,49879,61162,229,50250,0.0002199,0.0,,,live
2026-10-08T03:37:18Z,0x049eef2ebf4b137432f4223d4eade5acfafa6777,0xac032d4df29a730f79c420a38bbbac74d5a0a40f4b38ec32c1ae0b47e8c9b281,0.71,7.178e-06,13432,1124,10,7165,7.178e-06,0.0,,,live
2026-10-08T03:37:18Z,0x056e3a4c5bddd3cb092cca5604cffd06fabe3b2a,0xfa6ab16643bc0166d6dd02528ae41d99227ced58a5738307c92eab207adbac61,0.44,2.206e-05,32462,17685,205,22067,2.206e-05,0.0,,,live
2026-10-08T03:37:18Z,0x05aaca11a0fba2a35dddf1e33f77c3667ddfb7ed,0xbb6300ea8aeb7d742122d0d4dfbe57507cbfa4f4ef8807f1fb3bd9a80983f87d,0.23,4.809e-05,714142,10520322,9119,4809861,4.809e-05,0.0,,,live
2026-10-08T03:37:18Z,0x05c1cea20edf585963bb9bcdcced80aa871dc73d,0x4b8a9f9e4237d9737b32a0bf30669d8261b1b466336abe8ecedfc1619987c0d5,0.96,0.0001019,26512,25519,80,23273,0.0001019,0.0,,,live
2026-10-08T03:37:18Z,0x05c291c8a587ee3f7e689f6c141f092cce298777,0x334ff23b8cd8c4027339b3e14cd0b378d43f252128afd9892b9ae3a0b968545a,0.08,2.201e-05,23495,52533,178,21973,2.201e-05,0.0,,,live
2026-10-08T03:37:18Z,0x05d3c7811c1de2175856ad5db15648c55dbd456b,0x19f8b261c00d992e33dca6c91bdbe247c734b1bf8882adb938b7d40cc5b02fa9,0.64,0.0002629,42346,81424,229,60061,0.0002629,0.0,,,live
2026-10-08T03:37:18Z,0x05f09deb2b0ad6b16971b31bbe69992b45ef7777,0x556e9a5e5a95fec8804280de9750eb3747c7d9defcf01c06f3f2817fd9fd247c,1.0,0.0002279,51266,40414,153,52092,0.0002279,0.0,,,live
2026-10-08T03:37:18Z,0x06024d89d907f4771ced0ceabe2135903d084796,0xed1e9bd7339cc7564278777a2b25785304b954053a5db92a9e4b17850d42a7dc,1.92,,,,,,,,,,dead
2026-10-08T03:37:18Z,0x061492894a363ce3db4b46f178114fb736565871,0xdcf628e9eca89a4c703ca6fa12bc7a716bbc484c,0.18,7.765e-06,7765,1,2,7765,7.765e-06,0.0,,,live
2026-10-08T03:37:18Z,0x062d96d677de997093a6604817128a8bc4946499,0x5f0d70b83d484567c393a876a88343a8d9f7e53a9f57a6f1a31036bb22c774b1,0.99,7.448e-05,62085,77177,174,74480,7.448e-05,0.0,,,live
2026-10-08T03:37:18Z,0x0633e0021c0e739cc59998bba1cc5a38431ffc95,0x7241e6b1eed9c3a1566a69b6780ac43d0f8d80bcb43fa0f00d37e93fac9734b5,0.87,6.574e-06,6575,5542,31,6575,6.574e-06,0.0,,,live
2026-10-08T03:37:18Z,0x063bc9fc378e3d9d126f40e158e29ef132d76def,0x7f573f75ff13f53ab8737b59e60f69da03de3596552c3f11d573c53490d9633c,0.69,0.0002153,38349,73724,225,49176,0.0002153,0.0,,,live
2026-10-08T03:37:18Z,0x065b336813b85f7205c06cab5ef595a334e37777,0x4b813e1e77e2fcd29307514f20e34a885e5a94edb6d4a7536209ef11b408f3ba,0.6,0.0002173,49601,60449,235,49656,0.0002173,0.0,,,live
2026-10-08T03:37:18Z,0x065ba6f19334ce12ca6ccaa7eb9eff844b546c64,0x8d2ec3128cd9db586e6d781aac1126fe79996999,1.73,2.414e-06,2423,102,2,2415,1.21e-05,80.0,,,live
2026-10-08T03:37:18Z,0x0682904b18f733414acb732d5c0c8a4c72ffec31,0x604702515d6d79f29adbe826b547681d98c178e212bc75a3e1cda33726e55a43,0.3,0.0002463,40975,83089,239,56276,0.0002463,0.0,,,live
2026-10-08T03:37:18Z,0x06ba8f70f1ef18ac951ff6280c8b6a1e4e67f088,0xbccc81ce648a05edd5cd2b2cef784d84097142f9,1.76,2.394e-06,2427,256,2,2394,7.342e-06,67.4,,,live
2026-10-08T03:37:18Z,0x06c2f8a5e2fdf45eaf62e21238eb7c7e3092dafb,0x83bac508c7c975afd868ae2b97e650870f47b885feec8a263752ea123451cdbb,0.64,2.364e-06,20609,24116,126,23642,2.364e-06,0.0,,,live
2026-10-08T03:37:18Z,0x06fa6cb0b19d47685aa28bd91bbf95d80664bb96,0xad01be37723779943d1023d083de058382ce18db7573ee45a5469d57f12ceda4,0.42,2.099e-05,9736,11599,138,20991,2.099e-05,0.0,,,live
2026-10-08T03:37:18Z,0x06fddbdd6264f59e4e4a55fbce032abcbb011e18,0xe91b4097d8bed2ebfb7e3500615e42d67c9c76a285adc83b4d700f2132eeff1a,0.43,2.005e-05,20053,4,6,20053,2.005e-05,0.0,,,live
2026-10-08T03:37:18Z,0x0765e8f7b87b921f25573e16c1734dfb364f4777,0x5c00f16a8263537340ddeeb21cf13da2ace82814ee7ce724f3ca98920db79bdd,1.39,,,,,,,,,,dead
2026-10-08T03:37:18Z,0x076b7aa0cac1ffd85b2d4128857216046b64d1a2,0xd606363e47eb909cdc1302a02c9f90f8255d98c9,0.21,7.749e-06,7749,1,2,7749,7.749e-06,0.0,,,live
2026-10-08T03:37:18Z,0x07f1cae8a452b7449fd7ef2194bfa3b4b2487777,0x8aa29c88c713fe97f2b6124a066377840edd18dc9a0690346763502d0b45b32a,0.63,0.0002405,52275,63777,228,54958,0.0002405,0.0,,,live
2026-10-08T03:37:18Z,0x0830a9dd26a04e959657ab6788d45f5725590c32,0x5408ad4b4f1d5091b99953af963500a792f47bc3,19.79,0.001006,288623,24455,7272,36276055,0.00126957,20.8,,,live
2026-10-08T03:37:18Z,0x086f443aca0d70aee2a42fb836a21e1e529f5fe2,0xc6c289386884be3f5ee68cd45002d38e5403e71885aceb58cdba8ffa213ac386,1.1,7.024e-06,7039,245,16,7024,7.028e-06,0.1,,,live
2026-10-08T03:37:18Z,0x0876a383a5e07fd6df50c277d589c3ba736214b7,0x241c19a41911a98196691a66dd8eee88a8d3a42f9b84a82e1255262bb5f13160,0.71,0.0002934,44732,89585,242,67027,0.0002934,0.0,,,live
2026-10-08T03:37:18Z,0x08acaf3b51be14f67a637fdecc52fddafa325140,0x826653b5ccc1e4b9e9c19d2a78dd2a184613c3f07e106cec1b53bd7a63f4ca3b,0.87,0.0001854,43814,94336,576,185419,0.0001854,0.0,,,live
2026-10-08T03:37:18Z,0x08e4b43b3f9968360c38ca06ceb31417e2e31e18,0xb278db74091d3641e8db1395ecf78314d84597d5441f863c39c77047a1a0ef8a,0.18,2.008e-05,20088,1556,24,20085,2.008e-05,0.0,,,live
2026-10-08T03:37:18Z,0x08e84603a059ced2f818630ff31aab789cf82d06,0xbccf70d7a346ffe51fa1f21665017cf79a8e1b0e897e5fc3cbca02426e3b8872,0.36,0.0004771,110222,467673,1043,477149,0.0004771,0.0,,,live
2026-10-08T03:37:18Z,0x08f13d403670edf6c043146899838e14391b764d,0x16663e26244c246451c616bcd1e71b620f7c75183518f6e5fa41c0f9c2f21334,0.59,5.15e-05,18690,3357,13,11764,5.15e-05,0.0,,,live
2026-10-08T03:37:18Z,0x08fb22c5d26d7aa4d237d0ac346990061fe980c8,0xe1bea603229ff6b86b0cdc0ef13ab22d974d729d3011c7745bda851b64a91527,0.1,6.58e-06,6619,113003,4708,6580,7.171e-05,90.8,,,live
2026-10-08T03:37:18Z,0x0904c50b7553b01c9a9a81ed92ce6a5b2fb78777,0x706a102e7367e8de0bc39d627fa9ad0ed71ed319eaebe780b3f902fb9e57c66b,0.65,7.077e-06,13311,385,4,7064,7.077e-06,0.0,,,live
2026-10-08T03:37:18Z,0x0990894451fdaf84ed9f5343fa5233b989ec71fb,0x32989b3b251fb36b79e316ee3687d3c8d73ee482d3dda756123d3f1f17a88019,0.39,0.000267,42479,78205,194,60998,0.000267,0.0,,,live
2026-10-08T03:37:18Z,0x09c4908429802aa9130a9580ed344d65385f0dfa,0x4fba2e318a3c60e53abde4c69efb22365fca96ad7dd4aff862d096add5fac235,0.77,6.444e-06,6458,12288,90,6445,6.792e-06,5.1,,,live
2026-10-08T03:37:18Z,0x09f716f4f0b472d0997fe60b001355a614ee28f6,0xedd12e5d4110d16cf5ee654b7e70897cbe395d8580448ef40636aa34d124330c,0.69,4.717e-05,17949,2964,14,10776,4.717e-05,0.0,,,live
2026-10-08T03:37:18Z,0x0a193a8a48e284ce91bea212354128168cc27777,0xb3af65e649380ac9b3e4795fb3123949104ab43ab61c73f1592984e9bc6c18d4,0.08,0.000298,58251,67537,235,68104,0.000298,0.0,,,live
2026-10-08T03:37:18Z,0x0ad9c4b1e584deda68488a80d84f2d6616946c41,0xc2ac53d4aab207ae0d79dce5e6681daf03f8aeaccb39c0bd5ee7efdf5f18c7a7,1.26,1.044e-07,10447,101119,207,10448,1.89e-06,94.5,,,live
2026-10-08T03:37:18Z,0x0b1be5a4d1f654fe0fcd01f4f7ced07648c27777,0xdd1903532caabbd46cc44bf9462a5d5247159bdcc79c2804f7fa12bfee2f0d34,0.18,0.0002264,50697,60995,236,51730,0.0002264,0.0,,,live
2026-10-08T03:37:18Z,0x0b43c68bc0837e5307a3d3c32fe88ee601d1d171,0x94d42f8a1cdb9debc3f365943e627c7aa10d6226795fe4d2ef5d401df66e51d6,1.64,4.872e-06,6564,5204,149,4853,4.767e-05,89.8,,,live
2026-10-08T03:37:18Z,0x0b57de8a50c5538733e52c4e9b5b278884bd02cc,0x302b7f4759f398694c8087e0668d1cb09ba79a8b,0.18,7.764e-06,7764,1,2,7764,7.764e-06,0.0,,,live
2026-10-08T03:37:18Z,0x0b6af1e45b69488f78dc1673bdca4f36f511c7e5,0xaa038ed2a5ad6cdd807df5abb3ccd94d0a5093142d98114e1e22475a128bad86,0.43,1.891e-05,13927,12365,145,18910,1.891e-05,0.0,,,live
2026-10-08T03:37:18Z,0x0b7c6c138dc75622f4200d157b13fb93e6bd94fa,0x5291cfd042d8a771a510534ee31090bc4f4dc72724871e8f321aecfd12332a9a,5.49,0.1119,11197197,8684257,409,111967418,0.167232,33.1,6,True,live
2026-10-08T03:37:18Z,0x0b85313abd1c40508eccf8bcdc3861aaeb72475a,0xd73ba1ccaec9a0d96f87c44dd90cb2ec0d68cd9854481bc33fac565440cc892d,0.11,0.0003447,48496,101983,227,78731,0.0003447,0.0,,,live
2026-10-08T03:37:18Z,0x0b95d28d10c8f75f20020aa97ec5d75b12b667f9,0xaacefe7e017f3b58ce3b209987327599b1ca12df1440e174cb1990d80f1bf045,1.0,0.0003549,49538,88341,150,81065,0.0003549,0.0,,,live
2026-10-08T03:37:18Z,0x0bd13a608c3614997ac05ba9587f2ea6fc722513,0xdb05043fb24e475a8b51a06b08b25ef192baf9fef585483fdef48db64dfd8ef8,0.32,2.567e-05,25679,4,4,25679,2.567e-05,0.0,,,live
2026-10-08T03:37:18Z,0x0bff78881d46852d7c0b6b457ad2e71b825dd777,0x5ae6d0caf15dd37c0f83067c7dd2e5922ab9e17a9ca089cf430bd9398b6eaa3b,0.14,1.636e-05,20212,26584,107,16335,1.636e-05,0.0,,,live
2026-10-08T03:37:18Z,0x0c07d3447378fddcb1e0de31e51500cbd96eb7d0,0xfff5004cce7b8458bf39677a43d8339d54a97367e3926c3668cb6d36f86c0ecf,0.19,0.000293,44613,76998,237,66929,0.000293,0.0,,,live
2026-10-08T03:37:18Z,0x0c09ce4f6ca4c064f66e02040204185e2385ef8c,0x2fc8ce992aaf2b496106cf550a4c2de3bee92b9347bf2ec4f5bf45eea3a87813,0.39,2.137e-05,32128,17755,204,21373,2.137e-05,0.0,,,live
2026-10-08T03:37:18Z,0x0c6144942bb7dd6aa9eb86f798575e58eb3f21bf,0x00d7f78a821b21e41d22dd6e798b70cf0d675f6fa4279d4e8e048811fd689993,1.39,2.632e-06,4170,1479,34,2633,1.5e-05,82.5,,,live
2026-10-08T03:37:18Z,0x0c974d884b3ba2cc8340efa9c328fcdbead19453,0xea936cfb24508ef92799efeb2594cb96b5b757e72402258ea91f211881d667e6,0.35,2.416e-06,2417,238397,1387,2417,0.0002189,98.9,,,live
2026-10-08T03:37:18Z,0x0ca5880547d2def3405eee300f064be80fe19777,0xb699daa28a35b235fa22d8878aa43e317a59b557f187fe387e10a0506a05851c,0.7,1.418e-05,18839,10144,43,14156,1.418e-05,0.0,,,live
2026-10-08T03:37:18Z,0x0cefd5b4e26fdca1839a11d399c811cf3dc0875d,0xea0390e0606c94e23caa181e360bf8d7479331809f8adc5487d85ac2fb0da8ae,0.83,0.0003574,49768,112461,238,81628,0.0003574,0.0,,,live
2026-10-08T03:37:18Z,0x0d33d507c983263ec41b72fce30fb3e7801d9bf2,0xbfc381e63d6999df9341e8d4612c833d2b44d7d8c8f80d7a3a71a7eed596a779,0.6,5.592e-06,47862,39557,224,55922,5.592e-06,0.0,,,live
2026-10-08T03:37:18Z,0x0dc74e7437a7d6c246c55e8ac410795f50a43aac,0x6559b4c662abfc97524e5b22a716aa2b75c7d6fa046d5d789a6d1b441d58ea78,1.65,1.018e-05,10100,28,2,10188,1.781e-05,42.8,,,live
2026-10-08T03:37:18Z,0x0de5faa1aa0e9f6d3459dcf22c0d74e9da3c7777,0x73de26a59d42fbcfcc291935cbcbdd26920604b660b704cf3235c65340a6fb1c,0.6,0.000243,52408,61205,233,55533,0.000243,0.0,,,live
2026-10-08T03:37:18Z,0x0de9a43f711e9ce1ff10446a638dcf7460184777,0x9298cdd2d375a0f7fd5d2c00ac38340905ed21419b40087168b0fd6dddabacc7,0.65,1.403e-05,18735,9868,39,14003,1.403e-05,0.0,,,live
2026-10-08T03:37:18Z,0x0e259b155abafa23e1e14568f6880a0b007761b8,0xc8e0be305197c0222a801549b52f3535dd7843f5,0.44,0.0001276,4,198389,1459,42560,0.0001276,0.0,,,dead
2026-10-08T03:37:18Z,0x0e4cd4013dda18932be600f61bf44a8d266dc885,0x862315f17c899af86eeda8a7ca3a7636ff57d3185bd363eae6249614925b4a18,0.34,1.925e-05,29777,17512,206,19252,1.925e-05,0.0,,,live
2026-10-08T03:37:18Z,0x0e4db59b26b0040a2d83ee9129f688988603325e,0x0486f8400bfe18c712136210770fc0fd452af240dffdb21a1882cab730637ceb,0.96,6.662e-06,6675,44476,1553,6662,3.841e-05,82.7,,,live
2026-10-08T03:37:18Z,0x0e833e5fe37df0e62d1129cce586788292af876c,0x5f5b3f362246fad624a5da435898d8bd998ce174fafa5c9ec371615059a0ba37,1.38,,,,,,,,,,dead
2026-10-08T03:37:18Z,0x0e842fb13303536de4eab91f5b3fb3d010f84c1d,0x16ae21387c4d75d345c7388ffd45876cb3013e72490b9a59826b7b3b23c2f24c,0.34,7.916e-07,12749,1242,13,7916,7.916e-07,0.0,,,live
2026-10-08T03:37:18Z,0x0ec1d448f0ea7df64a2735f34f12a7d861b24314,0x2f987554b72785795dc85815ef2dd2c7beb2dc1a9596379b94e915f695d0d2dd,0.78,5.041e-06,5042,0,5,5042,5.074e-06,0.7,,,live
2026-10-08T03:37:18Z,0x0ef53d14056b531c106f68fc59f453c3ae1bf432,0x9379d3715c5d703d9e11e7236b322091ce2cc729f4aa79f6da8943c360c7debd,0.91,0.0001201,79359,309461,882,120117,0.0001201,0.0,,,live
2026-10-08T03:37:18Z,0x0f2efbb6447ed639dd10b81675ede630bdefe6c0,0xce06592f3a5210ecc8a94965e5a3851893e49c77,0.54,1.508e-05,7570,0,1,7570,1.508e-05,0.0,,,live
2026-10-08T03:37:18Z,0x0f94a628a05a86bf2df6bebf8150132b27e6c9b4,0xefd2727de02aa94b3310c46e582981d3b7f726caa5c81e7da36442e3d3658816,0.99,2.269e-05,14141,832990,9054,22696,0.0002205,89.7,,,live
2026-10-08T03:37:18Z,0x0fa3cf4751eb5867907881327105a34f72626e2e,0x6d7769e2452d4879c1698796acdcea9f3509918f,0.69,1.519e-05,7622,1,2,7622,1.519e-05,0.0,,,live
2026-10-08T03:37:18Z,0x0fcac679919439eeffeee5348b3adbccf8c63f30,0xc952fcf4ce0b40b66cd8acfb3965ea83e6177954a53a4891150f060dcdc28944,0.18,0.0001884,35812,45291,164,43040,0.0001884,0.0,,,live
2026-10-08T03:37:18Z,0x100765a16f42636bd84ee1e86bc5107b84bcdba3,0x8111082d181841cbd123e82bced032b1331140332b6ce3da37f53a6b24ed736c,0.6,4.995e-06,133478,2309766,33126,499580,1.07e-05,53.3,,,live
2026-10-08T03:37:18Z,0x1042903fbb41bad4da10aa1875a0bf22ef0f4777,0xf45a5b9f8f8038ed0b9a72629f7e83ff5a29f48af2baecdfbc804ddac6a55cff,0.68,2.301e-05,24023,42683,171,22970,2.301e-05,0.0,,,live
2026-10-08T03:37:18Z,0x1045eea3fd512553192050604f0aa7bde837a360,0x50165b6730e964bba362e8e8d59d54c1aa901f246cae2effb4cfa71862b7f831,0.79,4.447e-05,17542,1787,8,10157,4.447e-05,0.0,,,live
2026-10-08T03:37:18Z,0x108b3cc1f53c4489ce4dd395a91e0930c91e9777,0x07bdc75076f6e1f86d20069841514f87ad4012725fb4d5fa68cbc8d4ec00d0cd,0.5,1.798e-05,21163,42560,162,17946,1.798e-05,0.0,,,live
2026-10-08T03:37:18Z,0x109b383a42305dc48855b9b791c202002c6b391f,0xfae05f0de699abfb7541108b42be62bf10587d0732f7be1be260c28a9f235ce0,1.36,0.0002887,45490,303299,1798,274695,0.0005273,45.2,,,live
2026-10-08T03:37:18Z,0x113e0e3e8bfee666528e9d114d4139fa35e8f307,0x7aa1c1dde4d44df9fffedb1727a8938df77268005bb0b761f0d66e4cd17eeff3,1.39,,,,,,,,,,dead
2026-10-08T03:37:18Z,0x11c66a32ee88b7678fdd9b1adf3335f157c1e1a9,0x81eaf4aaa29e1214ab31d0871f69118a44ad9ea578967717a06747c1e65d71e2,0.31,2.311e-05,29942,23501,205,23116,2.311e-05,0.0,,,live
2026-10-08T03:37:18Z,0x11cd26a1eb08c40acb5c8db9ef82eb731934c868,0xdb76ed40f8c6991ab194658e67b1cfe6d5406373c6259e0ec0b50a2301bc3e9f,1.39,,,,,,,,,,dead
2026-10-08T03:37:18Z,0x11e2c395c2669c4b9241529dbc91d5c29c872777,0x7bfcc3c2cadeab23a349bc1dc9ee58824efe4c73e297b761fa014ea3ca82de3c,1.47,,,,,,,,,,dead
2026-10-08T03:37:18Z,0x121d4b13d5e61e42e52bd62600bad8e777a3f988,0xf89bc62ead041799b18be2a4a99a1df4cd7b0b6ed2a8f96eb05f63e426ec9ebf,0.63,0.0001287,89336,128541,340,128784,0.0001287,0.0,,,live
2026-10-08T03:37:18Z,0x127a6f9b1184f5c2b317f6c65684a18a37bf0777,0x6ebfc6f1ee581c96d9ad0b487efcb7d43693763f8a5823d91a90d222f17ac2b6,0.69,1.979e-05,22272,18229,63,19758,1.979e-05,0.0,,,live
2026-10-08T03:37:18Z,0x129b2d3915b21093321f6c2a3bc061faa8fe4860,0x7c4f28adee169d01eae9c28b61f638cd08889b990d0fdc73e59d73b360de16e5,0.39,1.92e-05,26129,12741,111,19208,1.92e-05,0.0,,,live
2026-10-08T03:37:18Z,0x12bd7c7ea509924e4c8ea8bfcfc6e8404afc09b1,0x24e50197fa574ff0f6d634e6cafd62c3e8eafe8beba2110928b25ce31acfb8c2,0.32,8.616e-08,6591,0,1,7755,8.616e-08,0.0,,,live
2026-10-08T03:37:18Z,0x12c5b1b29d8a51a73b431d95f96730d8b19359d8,0x112568e0564187997de565b718af11ed00b83f599ad0e10c3d0700a4a762b6d4,0.69,4.804e-05,18114,4275,15,10972,4.804e-05,0.0,,,live
2026-10-08T03:37:18Z,0x12d5fe655344f7d6911f66a1ba00b9d5eabef073,0x416281854ebc2b140326f1589450569623a1c4a17cb9e45ee43fa632894a901f,0.54,6.009e-06,49599,44808,217,60100,6.009e-06,0.0,,,live
2026-10-08T03:37:18Z,0x12ef87bb7e49204a1bea8bba742cb8edc46b84ab,0xbe48f9f3dc035dc386443613ee33e852181b205ff91ba40eea84530039d281d8,0.88,0.0001027,26664,29952,89,23474,0.0001027,0.0,,,live
2026-10-08T03:37:18Z,0x13108b471c6da2eb27ed1a2418c8ce898b093cbb,0x11ff5b7f41ae238e3bbd4e8076713b3c3ecf166055e5694f525a6a13ce154263,0.95,6.538e-06,6538,0,1,6538,6.538e-06,0.0,,,live
2026-10-08T03:37:18Z,0x134511e367da04e6ab773b858d0d6ff5c3145777,0x179ae51dd4e929a2340402f2dfe5893fd612b3c2326fae4d1591ad611e88a0d0,0.18,1.965e-05,22160,54540,194,19617,1.965e-05,0.0,,,live
2026-10-08T03:37:18Z,0x134ee003959281d5b7bd4d7fbef83cc27b74c777,0x3f32595cdd3fd036020145a5d5defd5675233ad9a364f84246d6c8e342c28b6c,0.11,1.746e-05,20908,47276,177,17426,1.746e-05,0.0,,,live
2026-10-08T03:37:18Z,0x13a0c78482148e7896105051cef1f07732a7eba3,0x7447e3feb6bdd608f0ebb7c7367d2debf620231aaa9d95dd4b78d686c23c84eb,0.07,1.013e-07,8618,0,9,10139,1.013e-07,0.0,,,live
2026-10-08T03:37:18Z,0x13f8ff6b55b72f2f4b41c33cdaee9590b38d7777,0xdf19deb7af6d2d3628d2b1f67aecddc326fdfd1245e8ef0943d638a5cc3e90dd,0.69,0.0002099,48900,59523,235,47974,0.0002099,0.0,,,live
2026-10-08T03:37:18Z,0x147a94143182c2c598508354e314a5c855a9a63d,0x25cc472506890d869c5e521dba4974ed2f86add26e3748f3d132bed8e3bbe946,0.43,1.824e-05,12749,12678,145,18243,1.824e-05,0.0,,,live
2026-10-08T03:37:18Z,0x1487de817f6bf92cb1305d4a0d76848e098cd1d9,0x7e0d7145e4a806668f7425afe70e6eeeb9e28b7b7710431af364dc616dc77405,0.8,4.7e-06,38397,22206,127,47003,4.7e-06,0.0,,,live
2026-10-08T03:37:18Z,0x148c826517eef20ed85829ef9f8bab3d4ce2766d,0x99e5e3939df9aeca4e2585341a0fd36dd8598fc4659b19db6885b61ec4aed12a,0.84,0.0003824,51493,110507,235,87348,0.0003824,0.0,,,live
2026-10-08T03:37:18Z,0x14962005b7e1ce98f689f702b52d283e6b9abd2f,0x35a8681ab8640a864a956edd2adbd717b314843319d100004701630c5dece384,0.3,2.766e-05,30817,29832,256,27664,2.766e-05,0.0,,,live
2026-10-08T03:37:18Z,0x1551fc7371a18f01c64ea4b1d979872e77f57777,0xf60010fda853d8360cd27c4e9ad64f9c02e4587e6faefbce9066d07739885cd0,0.23,0.0002524,53491,66474,234,57689,0.0002524,0.0,,,live
2026-10-08T03:37:18Z,0x1586e3e601c15d79a83288e6c592942129f728a0,0x0b220fb84c24d434c68215c0fcb5cf211748fa274b55260a168f70650fc8166f,0.5,7.909e-07,12738,1241,12,7910,7.909e-07,0.0,,,live
2026-10-08T03:37:18Z,0x15939ba7c64eabe0a6cc870d454f352d6e59b49c,0x12e1f7eccd4317acbfc6dd9d5e7fea63e5d0c1ff328b877152816d278761b80d,0.46,8.384e-05,67115,1186799,3025,83848,8.384e-05,0.0,,,live
2026-10-08T03:37:18Z,0x15b7f50cd2870c57c203c2f3f1375cba65737777,0x775ca9d04a237409d2a377ee42c8315bf317a223631b8af4aedd3f415f156178,0.83,0.0002693,55803,61851,237,61551,0.0002693,0.0,,,live
2026-10-08T03:37:18Z,0x164c9d385f9b6862ff5c1b5457d8cd211beaa750,0x08439d94cfee14a01c96eb41cfa929e24407fb842f5e540109f8893aa2a4602b,0.07,1.29e-06,12903,3,2,12903,1.29e-06,0.0,,,live
2026-10-08T03:37:18Z,0x169dbe9aa431db05a3f2086fb690e8bc1e064794,0x8ea0384cc8c6b03b6fafa253056d7530e76475f6a48afabff47344eddc023fd1,0.59,0.0001137,131015,134551,823,113708,0.0001137,0.0,,,live
2026-10-08T03:37:18Z,0x16fba764d8faeaf8854d8fa5601f175bae727777,0xa0944e2b6b6ea82ba551979551f325dcbd1b20c71df9fd8fecc64e709e36187b,1.4,,,,,,,,,,dead
2026-10-08T03:37:18Z,0x170867335fc4eeff6c2b4d07de6fc8b4f57048d0,0xa114292c01fa9830165745af1b2c8838c23b3d39,0.35,0.0001806,12500,42436,165,198762,0.0001806,0.0,,,live
2026-10-08T03:37:18Z,0x17185bcaaf4ad3e3efbbaf053ebbe25975caf777,0x286db27a9a319b4df14e9af8da2241a58d0da471fbe2886da829831e01100144,0.19,1.706e-05,20634,28061,90,17028,1.706e-05,0.0,,,live
2026-10-08T03:37:18Z,0x17501bb1feb9c4099a70396d045ef68072522c7a,0x4e56bb687d521cd64423d708ac8f269efc8a8882c918c98e3e28771bce2370c6,1.0,2.612e-05,26123,2,3,26123,2.612e-05,0.0,,,live
2026-10-08T03:37:18Z,0x17529a74ee9ab94c8a3efdc62aa65a0364846607,0x8c28944ef714a44bbe9af1ba3230be15dd4beba9801766023413168bb056710b,0.34,0.000293,44625,101224,232,66938,0.000293,0.0,,,live
2026-10-08T03:37:18Z,0x176460556165b7337729761191b8bd93dc19afa9,0x6f5ff5c9605a8e7086c1baf5a38eff5caabd4e3d272c700ec3ad4d442ec69b63,0.39,5.06e-06,5061,30,3,5061,5.06e-06,0.0,,,live
2026-10-08T03:37:18Z,0x17a1c643774b302a02a23a592f46dade1e21ea9c,0x92f08db731333a55d074f27b0ee0f1337355314659efbc32076d5cc2d3581b98,0.52,3.775e-05,15999,320,3,8623,3.775e-05,0.0,,,live
2026-10-08T03:37:18Z,0x1847e62a77ae5905f7c2b5faf30ac55b68ab1416,0x676628fd561f58980c347fa1319ffc2dcc3544b2ddf338edae49bfa8184b9276,0.9,0.0002837,44354,81841,239,64804,0.0002837,0.0,,,live
2026-10-08T03:37:18Z,0x186f7ffee3216786d2380ea691f7aae98201751b,0xb30c2351c5707882e11ddf8792535aa14284ee39d1de2f4dacbb8a24cb569f5a,0.84,0.000137,118528,101749,672,1892,0.000137,0.0,,,live
2026-10-08T03:37:18Z,0x1964a3258c5ca2767ee79b46a092536056a77777,0x8095a12f8acbbb6f6e9124dde6ce6c9a7ad9ea51f719fdb0819646cb2d167a85,0.97,0.0001144,36289,19338,80,26152,0.0001144,0.0,,,live
2026-10-08T03:37:18Z,0x19743d23a918b451304a317868cea13dba997777,0x12ce27ad49faca5d9d33ccfe1f406197c6c512a6e29127fec669c10cf808da87,0.1,0.0002406,52367,64862,241,54991,0.0002406,0.0,,,live
2026-10-08T03:37:18Z,0x197e6037075cfa64525407d6d6107542b72d9777,0x9ea01c254a85bdfb1882a15a53d8b65ef7e7688df8cb7f486fd3942ea925190e,0.09,1.756e-05,20962,42834,137,17534,1.756e-05,0.0,,,live
2026-10-08T03:37:18Z,0x19dcb63c4d2f29a6f077f094a4f858fc790145e1,0x835f8dfd0065bb0538b3944f286baafd70a779d433cb76a8a27e6ad0a4517892,2.02,0.0003122,52418,234491,2622,311560,0.0003156,1.1,6,True,live
2026-10-08T03:37:18Z,0x19fb7f9a8b26a15ea410294a1ccb67cc64e85213,0x8e7c8b056d3f4b0abce31b902eda9dcb658a74b1445854709bfc3c13699e6191,0.19,3.097e-05,30727,3914,15,30976,3.097e-05,0.0,,,live
2026-10-08T03:37:18Z,0x1a461d21240568987a97f8337b16a4cb46356777,0x4bcc59d482cd0f5a7e3c82112d8f4f2cef2881428b3a7ff2bd06cfeba732011e,0.26,8.128e-06,14247,1419,6,8112,8.128e-06,0.0,,,live
2026-10-08T03:37:18Z,0x1ac953220eb65e4481e70b53968d298205712ee8,0xf9e3ffeddbe2d3820dc690e9f6caf1e4428ecffadfcc60368aa6504650856c79,0.56,0.0002601,42028,80363,241,59418,0.0002601,0.0,,,live
2026-10-08T03:37:18Z,0x1acfefa97361a7310016997318f2d01f22bc162e,0xdcf0ceb9e79957f1878858bd3dd1fa5425b501e19a9a84bb72e0b280c12b0574,0.78,2.512e-05,25123,0,2,25123,2.512e-05,0.0,,,live
2026-10-08T03:37:18Z,0x1aee5971c1702a99a2381bcad4fe9134a01335ca,0xd101979e131943a75aead6e270fc4c614a6ce1bc02715c96430ca2867f1b28f3,0.59,6.417e-06,6417,1,7,6417,6.434e-06,0.3,,,live
2026-10-08T03:37:18Z,0x1b0b4a868ca6fc3cc970a8fdbf2fbd6396ab7a0a,0x54382cc4eeecdebe7e1b5aec71deda8ad985cf1e0fea98038809fc018e23ec39,0.88,6.417e-06,6418,5589,35,6418,6.57e-06,2.3,,,live
2026-10-08T03:37:18Z,0x1b5e539f7f426d1255fab3f66c0c0c058f6d61e3,0xacd0c686db916eb01930d281e39d3ac80a8c638919bd86bdf7e965f5f7ee8f5d,0.68,2.199e-05,31277,15626,205,21992,2.199e-05,0.0,,,live
2026-10-08T03:37:18Z,0x1b651d4fab47c70d1c69cd5497fffe2ea0a53197,0xd6032a38d0c85d71d909f429d7d5a101c09fcceb757740da4e8a111a1c650530,0.4,2.552e-05,25530,4,3,25530,2.552e-05,0.0,,,live
2026-10-08T03:37:18Z,0x1b7197f4d51a5acda1bf6d39b274accfee7f55ec,0xced76888d18d877ef1c11ad4ba04dcaf10218781c2afd45db4e9f1c9d2d58f93,0.72,6.552e-06,6578,56811,1836,6553,6.552e-06,0.0,,,live
2026-10-08T03:37:18Z,0x1bc742e9ebe775ff339cabfef2aad2a871d7a777,0x9a57c511a6344ad53c10c5379a1ff30e80e00e394dd200431ab2d366c1b86ac6,0.75,1.68e-05,20585,25080,90,16770,1.68e-05,0.0,,,live
2026-10-08T03:37:18Z,0x1c251277a357ce8b7ec3cc0fb5c16574de971e18,0xf785ce38904f9a9b3a79fb84b5d5272602e8c9ab313b4aedf32acd1ac05a496e,1.38,2.003e-05,20052,1,3,20032,2.273e-05,11.9,,,live
2026-10-08T03:37:18Z,0x1c57261a6a4606c059dc5b43e1556c3d25bfc6b3,0xa63034ef7e02b607ad3dd2ec3e3ede11f7a329869bfd3e94a64b7d249d366dd0,1.38,,,,,,,,,,dead
2026-10-08T03:37:18Z,0x1c581f724bde9426adfbb9c69a2046bd76b80c80,0x73c05eab784229e20c290cd370582607f2fc43fac96de1e11907b2d4dabcf694,0.11,6.528e-06,6555,33883,1195,6529,6.544e-06,0.2,,,live
2026-10-08T03:37:18Z,0x1cc3b1c326072d877ce5bdb1ab11425231d0e7d5,0xe84a3b63fcecea932af0770069c3fe193b01f0e67f3c7bd7fc18290dfcfac2fc,0.78,2.616e-05,26164,144171,312,26164,2.616e-05,0.0,,,live
2026-10-08T03:37:18Z,0x1cddc8ec37124af49e5a09796f90f028cd0a7777,0x3ad9a611dc0864d9091a88f68279a6cfa79d48e2e37e5257c6e1c2e481e99674,0.12,0.0002231,50363,58983,204,50988,0.0002231,0.0,,,live
2026-10-08T03:37:18Z,0x1d02daaf7617a3470bac5a6fd93afa2f5e037777,0x6c4e2cbc727c384c41297f98997d634b3f257662a8fd85f914c48d0ceadd9af0,1.46,,,,,,,,,,dead
2026-10-08T03:37:18Z,0x1d12a58893e9a8680b14acd9056b17fdc20efba3,0xab15e737d49881b46e0f617b525f84ef836cfbaf166025850e707338fbfca485,0.1,1.014e-07,10143,1,5,10143,1.014e-07,0.0,,,live
2026-10-08T03:37:18Z,0x1d2586813cdcf17dec56b19c1c09d0ced050c799,0x9e3e0a505d006df3e48b4628954c85d28a3b911d5f76290bb4204174bd972fb7,0.92,8.395e-05,27179,663352,6341,78076,0.0002272,63.1,,,live
2026-10-08T03:37:18Z,0x1d48170b7e78de874dbe27de148f6b94a82f3dd4,0x800328e7af8cae3c5d28a97485be216e6e2a0e89cee8a8473735bec8873c83f3,0.39,2.56e-05,25606,3,2,25606,2.56e-05,0.0,,,live
2026-10-08T03:37:18Z,0x1d885194fbb4bda2120122ac67b18890fb631102,0x70f7d08bd1f1dfe4663476bfc7bf4939e26bbfa3f43b2aa6d9e3067a7aeddc52,0.76,0.0002227,39189,80580,239,50874,0.0002227,0.0,,,live
2026-10-08T03:37:18Z,0x1db45cd140ed3942a797443af5ca88a19da4f18b,0x1f57885ee805dec05d8890c71ea659923e220cab0f295f87583b820ce0152536,0.51,0.0003763,50485,98908,221,85958,0.0003763,0.0,,,live
2026-10-08T03:37:18Z,0x1f64955249569cf83bb1cb5b92031119517b7777,0xbbcca95bf7857a27305ba360b63a342322fb0d047aaf6dc9cbf4e4f738c165df,1.34,,,,,,,,,,dead
2026-10-08T03:37:18Z,0x1fe54697a1106c30763359f30399a7f9ef23ae88,0xa2f4b5b89ed5c5b0ef3658abee3340c90c63218a5fd6ce44773f601c45c6e431,0.64,0.0001377,30674,40522,144,31465,0.0001377,0.0,,,live
2026-10-08T03:37:18Z,0x2052e653077189a8d6100f2d4fb5904147c74e97,0xd288d2ea9c7006d5a76e0cb09049f699386e7c9afd50e09e79ccb2acc8204d67,0.74,0.0003334,47895,112530,235,76153,0.0003334,0.0,,,live
2026-10-08T03:37:18Z,0x20e767e5a0aa592e930029bccfa77dad4a92a89c,0x906d06296061064b0cd3f0712fe864d5e35552cc66bf2d645d30a5e0550e0f4a,0.75,0.0002115,38113,64846,199,48318,0.0002115,0.0,,,live
2026-10-08T03:37:18Z,0x20fe795be6afb679168abb57c7c5060312821e18,0x73b39f8f4732e51b079a36db1e67aaeebaca054d0f2f9006691b08d8cc77ce4c,0.5,2.029e-05,20372,10876,198,20298,2.532e-05,19.9,,,live
2026-10-08T03:37:18Z,0x2123673ed23f20a711a7da70e3a2b2d1ef0b0777,0x762e4b2ad42d4e2c15155aad06fede1cc09c397c8670b819f31d02a1f56f8438,0.42,2.561e-05,25237,51819,182,25569,2.561e-05,0.0,,,live
2026-10-08T03:37:18Z,0x21551503bcbeafa2abea7831de8598eafbed9a79,0x7d169fd139e79f524367a1a23f2c29eced9b961fd45db61b9513539fbf206a49,3.2,0.0001355,34558,120562,1456,135541,0.000303606,55.4,5,False,live
2026-10-08T03:37:18Z,0x2165923752c5bcff2b2bae45dedba4373291a659,0xc2812e35bcfcc461dba51e99867cf9bce446a86b722f914e391383026be4b31e,0.71,0.0003598,49532,102339,235,82183,0.0003598,0.0,,,live
2026-10-08T03:37:18Z,0x216c9aafab802f91ff67fb14bb77cc811c8da840,0x959799319da86e8b82bea41ff3be92119f11c14a311a357a49a39bd0f5998bff,1.38,,,,,,,,,,dead
2026-10-08T03:37:18Z,0x224a794031d54e49b46919ade2c55ff255dfdd97,0x3939ce55ec4e0ff8df9aa6469a795c793da06d55,2.16,0.0003217,55847,6940626,14550,321795,0.01903,98.3,4,False,live
2026-10-08T03:37:18Z,0x22844cd7dada8831b703f4092ad20bdaad6ef2ef,0xcd3be95302a2701bf3dac62d269c4d14a01c4e780f4f7818aa292b437d042365,0.6,2.617e-05,51779,7416,40,26180,2.617e-05,0.0,,,live
2026-10-08T03:37:18Z,0x22a68ae074150397c42d968ec050cd1ff3501a51,0xb5e9ffb179c2fe9b9bb8737ea0b128b933069770,1.47,0.000515,360521,0,18,515031,0.0005409,4.8,,,live
2026-10-08T03:37:18Z,0x22eb9f1c5385ed74257da42d8021916c2d837135,0xe85a8f60ad2b0b7e97b745bac661671223100ea6089fe8ff0e93ba7d6894bdea,20.38,4.092e-05,23322,8223,119,40921,0.00471535,99.1,,,live
2026-10-08T03:37:18Z,0x23567e51980db99c513c527a283d188c8e4c6788,0x56cdaeb5ab77dc4475e2aa4cc6c4646dde0edac0ae098b44ad0d6eb1b4ef07ae,0.19,0.0007086,134330,173575,757,708600,0.0007086,0.0,,,live
2026-10-08T03:37:18Z,0x237c6ef731939b60af0e8090e495ebb4665c1e18,0x8e33cbc82539cba1e8590043badc1e3c957fd4a0c632e81b3f8cabfb697ede36,0.8,2.006e-05,20067,1755,48,20063,2.091e-05,4.1,,,live
2026-10-08T03:37:18Z,0x238468f66490f13fc26347f53ce93afb6b86e511,0x6de17326a42ec4e91921164b1fdbaf248fa9fd4e8983584321dbc120fadb78f3,0.98,2.872e-05,28662,1275,8,28725,2.872e-05,0.0,,,live
2026-10-08T03:37:18Z,0x238e40b75ae78a1388a14e517d855893e92e58db,0xd2e55bf2b9389719cd157105f30ad329ef17820a2cccc3809b8afbaa17245d85,6.46,0.000322,53272,55054,359,322081,0.00453603,92.9,4,False,live
2026-10-08T03:37:18Z,0x23aa68e94f7d1940559664259af65bd8c9237777,0x307c5a466bba915f5e45fa4a60471215ada444ec0594f24b1d1daceef417b8db,0.93,0.0001538,42128,32399,135,35143,0.0001538,0.0,,,live
2026-10-08T03:37:18Z,0x23b3b97490db5fce70f320dd0d05914aac95d586,0xf846a490227e96157d5f132ed2234570dab651cd8c283fc6842f121a5b33818f,6.25,4.965e-05,8980,26,7,49656,0.000104769,52.6,2,False,live
2026-10-08T03:37:18Z,0x23ec51aef157d1fac746d7074323725ce7e64929,0x86e4196857b2b44f37dcf51d9ebe6bb4f006cd710f12c4cd9bde3e0e9fe84d18,0.57,2.552e-05,20362,6319,19,25529,2.552e-05,0.0,,,live
2026-10-08T03:37:18Z,0x242e9c51afd94b2572581525ffc1894b318ac127,0x060bc0d134b51600f63d4f2fac7f9d4a38b37a22f10979b3fef6a7ec27075025,0.31,1.012e-05,10121,0,1,10121,1.012e-05,0.0,,,live
2026-10-08T03:37:18Z,0x24fb42c7bd15e43a5472677a122fea71f4aac777,0xd0bf9f4fa9d8d482ced73622215c4df2ec45824b38f2ae0a9771d2e414123999,1.43,,,,,,,,,,dead
2026-10-08T03:37:18Z,0x25210bf09a7983204f8e34ab9b75b21c5bf05da5,0x335bf7e03665660f7662d898d10d23812164ba2ac8c8e6ab6c004378e5727742,0.71,7.757e-05,120594,25341,136,1197,7.757e-05,0.0,,,live
2026-10-08T03:37:18Z,0x25446881321c18e7369667ed70c69c817744748f,0x55d0a2277442d62f320bec721b8f7c0a7c6edbc3f6e03c20893d4f24bb93ae40,0.09,0.0003248,47087,101345,229,74190,0.0003248,0.0,,,live
2026-10-08T03:37:18Z,0x2557854af509ab605857019ca519112671c37777,0x99879f70184fd8b6ec84f6ed6a5727d0186098652bdb7be39e80f9627b478087,0.21,0.0001855,45873,47209,193,42402,0.0001855,0.0,,,live
2026-10-08T03:37:18Z,0x25582f260e98b8a5618ba0761cae1ea74568effd,0x3fff1fdf003a2be94eb108e76ea234e344c9145373f9d7c4708c6090f1ee40b8,0.52,3.828e-05,16111,376,4,8744,3.828e-05,0.0,,,live
2026-10-08T03:37:18Z,0x2561ebff9c609a08e089f364f60c9da03ffe7777,0x3234742f1c8e90fea1f294003cb1443d8fb7dd6bebce8e586a87e1345929159f,0.74,0.0002599,54608,67869,233,59397,0.0002599,0.0,,,live
2026-10-08T03:37:18Z,0x25670f99d357704f533bdcf28026860a028249a7,0x31f71b6f9caa57223b8dc2b4aa356c6a0797458da0c4be0cebfbd22fbb2ebcb8,0.69,4.794e-05,44537,9375,29,47940,4.794e-05,0.0,,,live
2026-10-08T03:37:18Z,0x257b59b02f15783173a6642d423e7da8482747d0,0xc0e56138b89dc9f00433acd557b00a2e79be4f484259144391a933d7d645c555,1.15,1.069e-07,10693,905227,4250,10695,5.511e-06,98.1,,,live
2026-10-08T03:37:18Z,0x258d9dc54bf1f113edb5dca8de54b59eee460da9,0xb266e38a470bac98457159fda1885b2ad6c9d481b13e45971b27a64acb13b848,0.79,8.221e-06,49164,49542,236,82214,8.221e-06,0.0,,,live
2026-10-08T03:37:18Z,0x25b7fe31a507b34ea219f2bdd7fa3b09327ac777,0x035463e2b87728685c646b52ab599ddf594cb642a0e31bd10c762d3a81cfc2e4,0.42,1.775e-05,21008,33179,113,17717,1.775e-05,0.0,,,live
2026-10-08T03:37:18Z,0x25c2dd5831651515d9fdac4e502a71ae01eff815,0x5c3ce2eb0bd8df43f40c8e1d266951cb182954fd855c5f7aa6221692ca3a550b,0.4,9.927e-05,99271,396,2,99271,9.927e-05,0.0,,,live
2026-10-08T03:37:18Z,0x25cb22f18ee0a1b9b3180d3c7ad3b87261128d9f,0xc3781d3faa9122d0af454c6d27ab483999593c5963b988b8e67672d62e3fd36b,0.78,2.909e-05,29011,1454,8,29092,2.909e-05,0.0,,,live
2026-10-08T03:37:18Z,0x260dfe18130f438aa1222057fbd22675c3b8c8f7,0x0ef50e443fe2e6c45ad49fca650c511d6e39c2bc3a4e213c27ca0a0270f55024,0.44,3.498e-05,25083,820845,3093,34980,0.0001258,72.2,,,live
2026-10-08T03:37:18Z,0x26453db060192a7556ce01d904018fc23ab90770,0x60cfaeef80fd7b433482e4978a5c904ef340a018ce0602af3c77f180c7e88c45,0.11,6.489e-06,6502,17314,462,6490,6.489e-06,0.0,,,live
2026-10-08T03:37:18Z,0x264c3b0e29db4bcccbb1a59f26dac8ea44757777,0xf84deece42818c44dd3ec574f002e53e5d19c2b52d7c5b4be651bfaac469f1fb,0.34,0.000214,49249,61728,234,48917,0.000214,0.0,,,live
2026-10-08T03:37:18Z,0x26ce195bf13bc59e67471327697ef203d72f0a22,0x304f91851c1b5ea4709c0b64cd0a88b08330b7600f8d598e75677358ca531e05,0.75,9.351e-05,25351,21074,78,21359,9.351e-05,0.0,,,live
2026-10-08T03:37:18Z,0x26f0ca083aa811c05f3d6d946a3308bda40c8896,0x4c299815ebbf03ae15b30346fed511d3a9e91bc05bff7197e3eff64376a31fea,0.79,0.0003315,47891,94435,240,75732,0.0003315,0.0,,,live
2026-10-08T03:37:18Z,0x273430bdca9da12f24fbb451d525d04c62019541,0x57801407fd104af3c63afe422b80eed217f7057276675d05cda55d786588003f,0.19,0.0003129,46134,81619,240,71482,0.0003129,0.0,,,live
2026-10-08T03:37:18Z,0x273d04fbf6b17341be22d936bf7250a997660777,0x8729ad9e80842380d64e1ce3bb87d52615aa818380273b8feb34a7181b5bcea2,0.15,1.517e-05,19477,17464,57,15146,1.517e-05,0.0,,,live
2026-10-08T03:37:18Z,0x27559137bb5b9ef4baed7416448a3879ccf2c7e2,0x192ec25647ad3dd47402ea1a49fb0fe0047fa2877f2c99cf37eb4863b8120853,1.38,,,,,,,,,,dead
2026-10-08T03:37:18Z,0x279c66c59204f3d07c49b81b9c742ea8cd210eed,0x0a1ab4be1d08558351850f4d972927c6d227a36197a47255dae2d49c969e0b63,1.47,,,,,,,,,,dead
2026-10-08T03:37:18Z,0x27a2aed99ce1897bb69946fef8934d9cbdf17777,0x1236d874ab3a4a2e6ce355e758286ac6cb97501ef7b504d968166a7a404aaf8b,0.46,0.0002572,54036,69908,231,58778,0.0002572,0.0,,,live
2026-10-08T03:37:18Z,0x282bd7131de6925bf8c1d8f4136d790d96488028,0x590cc9912c83b844e359835a63ab238ee489ec2d4b3d74edc57baedbf93af4e9,0.47,0.000346,162832,396965,945,346087,0.000346,0.0,,,live
2026-10-08T03:37:18Z,0x28c0ed929a489c2748cfeedc31a7e16941349201,0xd739d62db8ae37b982e1c608f7af431cb3710259d9af07f76d39e64ff6e19d8c,0.57,2.524e-05,25244,0,1,25244,2.524e-05,0.0,,,live
2026-10-08T03:37:18Z,0x2932da77b6e367ba9c25fcc996fe6ae427069444,0xa417702c7747e306d3063be56f33b107b22f905c9cfa53f5b093533f2378288c,0.94,6.566e-06,6566,5641,35,6566,6.566e-06,0.0,,,live
2026-10-08T03:37:18Z,0x295c24256571cf4228fb207a6f3a94b7d986bb35,0xa6f3f0f96bee18765f5697b07dd8cd1446c743c1e8a38d919bfc564c59c23ce5,0.95,0.0002583,42256,80588,239,59015,0.0002583,0.0,,,live
2026-10-08T03:37:18Z,0x2987ea2af7996304f1554657f0a88cc1d705af67,0xc5755ccbb05476debb8993e9750a97f2a8a5ffff,0.67,1.518e-05,7617,1,2,7617,1.518e-05,0.0,,,live
2026-10-08T03:37:18Z,0x29c00d48c2f03f4222ad2be2405cde0925317777,0xedfb8216612ceaf1a7a2a4c09aaf3aab0b5a2a93a273d6cdd078fc6daea92f21,0.15,0.0002165,49553,61598,238,49467,0.0002165,0.0,,,live
2026-10-08T03:37:18Z,0x29d37a3704013c1f1116ee03ae7251551278ee3c,0x4607136304188e8e635a97fe195629ceeeb96c008b56e18e8de004d370ff6baf,0.09,0.0002597,42107,78975,235,59326,0.0002597,0.0,,,live
2026-10-08T03:37:18Z,0x29e7df154bffbccec65bc6cef9d1b00282741777,0x70796e16e898d8cabe27d043a998de7f77c2cd50602d86331039dd062a4ad715,0.26,2.509e-05,25031,55306,184,25043,2.509e-05,0.0,,,live
2026-10-08T03:37:18Z,0x29eac11b6a976928e2acdb8443e06c6c8b7b7777,0xd04dec4a4f4c1b9910453e4f7b6a559a0a057a80edf8b6d3df5b9cab712ca541,0.51,0.0002384,51888,58040,214,54481,0.0002384,0.0,,,live
2026-10-08T03:37:18Z,0x29f4f08d8bf73e06f6704058561423faaa0b71f7,0x035963ec8a8b83e74958982f0afb9ff1a6f014d2c4418bf2226e069e6006028f,0.9,2619.76,2617140240,1,1,2619760000,2619.76,0.0,,,live
2026-10-08T03:37:18Z,0x2a1dcb384ad4d83ae190d160bcef489f7c469ba3,0x9683ff5d9da4613a58c4e2fab407030b3cce4774963a9853497b39a86db28a91,1.42,,,,,,,,,,dead
2026-10-08T03:37:18Z,0x2a472636bdbe71e95714898a8a1373918b5dc777,0xc59b6fbfe150ecdec63becc5e34389a8f5a3ac037048fe62773860a60f660a9e,1.39,,,,,,,,,,dead
2026-10-08T03:37:18Z,0x2a8739544ba74aa012689e282cf884565d5a7e9b,0x16e3ba53767096bd8e87a317ffcc9b0b2dc73744,0.52,2.638e-06,2687,1274718,7429,2638,0.0002242,98.8,,,live
2026-10-08T03:37:18Z,0x2adc83e2cb68ead467a18d34778aaa5e75ecb777,0x280ed7d55a4e565a096b25470a49fd5695bfe382cd4d2c6cf148db062b789461,0.53,2.523e-05,25042,55104,187,25189,2.523e-05,0.0,,,live
2026-10-08T03:37:18Z,0x2b678b5adf8a933c19283865ac1db801588f6777,0x29385df89fefd6895207c061bb8840df237a9a8ec732bba828648999a2b2a0dd,0.63,1.324e-05,18203,15207,58,13217,1.324e-05,0.0,,,live
2026-10-08T03:37:18Z,0x2b75f0fbd30e58491612950e6a906766df276bcf,0x9fba6cdc960ecd8c97097e7f620a660e1fc3a03dbb4ef8d22c5c741f7d93fffd,0.11,0.0002331,39884,75027,240,53250,0.0002331,0.0,,,live
2026-10-08T03:37:18Z,0x2b789d69eae39aad83d947755e6e4692ba1f7777,0x045fc5690cf50d36303efa8932d9f199c3972f4f38269d831031e7824aa8f820,0.72,0.0001554,42140,31117,120,35517,0.0001554,0.0,,,live
2026-10-08T03:37:18Z,0x2c48fe4d0e857ea19584c45f662260d7f4588a54,0xeb1d4b1cbee1b3d3848a897549b6197d3926ba0ba0b605386c1dc1d8e9f77206,1.7,,,,,,,,,,dead
2026-10-08T03:37:18Z,0x2c4e9dfa7d87895bad791a7507bf976d05d95229,0x54b311d84efec0a702a49a3cc4125b8180a61adc6e9ee207090c2021f4c3bbc4,0.79,5.648e-06,5649,0,1,5649,5.648e-06,0.0,,,live
2026-10-08T03:37:18Z,0x2c9726375d91ecd146c1cf27253745e92c146ba3,0x8c0d831e6f93914c9bbdb8f0dcbb7d504b16b04369d0498a0573d59e0aee123b,0.51,1.32e-07,11425,4533,69,13205,1.32e-07,0.0,,,live
2026-10-08T03:37:18Z,0x2caf693f29504c87b8c90cbe7d6dddf0e1a6e04f,0x78d314cf639c7cf06660815a5bda34cc9a978c01f1f7b28c397635b41530c088,1.83,1.57e-05,11764,26274,429,15515,0.0001248,87.4,,,live
2026-10-08T03:37:18Z,0x2cb9db5057aeb8970febd85f5046182566a1dba3,0x56842bd8388815e23fd6c1a46e807330aef4fe1844f1e52ca11e12b2f8b1cddc,0.06,2.066e-07,20660,414355,307,20660,2.066e-07,0.0,,,live
2026-10-08T03:37:18Z,0x2d1bc65e7f04ad6021e21abcba7e7980ae13d2ef,0xa8ccb9f00654ddab1bb44394a4c2e31b71debd56ec651ef741d7e5194c569997,1.38,,,,,,,,,,dead
2026-10-08T03:37:18Z,0x2d1dfda4c82b1c170c1f902a5d1d92cd26787777,0xf2ea37d63b8f3381dcf7426600dec5c7a8b6692c4fc448b4bd82c871c48290f8,0.76,8.124e-05,30579,7198,30,18563,8.124e-05,0.0,,,live
2026-10-08T03:37:18Z,0x2d2652234cf7cedf8b02e510b26cde3c88b9b742,0xcea8a851d1dc0d7cf6a2b533bb99d07f5853191a7dbb7166d73584669e25bfe8,0.98,3.328e-05,32846,3367,10,33280,3.328e-05,0.0,,,live
2026-10-08T03:37:18Z,0x2dcf81fef10bbb7eaa1fc314dfe79cd70b30d61a,0x007430d964d7c72ef87f1dce7b1500ae14ca94cd5036224a71bc8d9c5c1db346,0.86,0.0003508,49299,112673,242,80137,0.0003508,0.0,,,live
2026-10-08T03:37:18Z,0x2e0847e8910a9732eb3fb1bb4b70a580adad4fe3,0x34d0dc122cf9a8eb296fc5e0d3a233625d7d19b7,1.06,350.33,876021,1662436,2895,6188926,350.33,0.0,,,live
2026-10-08T03:37:18Z,0x2e2b4ec896cfd2796d536ad2764166890191af7d,0x32e1696bd956d5cc8cf1aa52f54172938a35d13ebda288ff4a5c5e9fff26e25b,0.71,2.586e-05,25863,4,6,25863,2.586e-05,0.0,,,live
2026-10-08T03:37:18Z,0x2e51a7381fe59fe04277a767d48d50abf427b95d,0x19c188f6c9067fd72f73ae509e181bbe6294beb65c1133f06431ad0d941c8b06,0.69,0.0005243,206355,1635120,3520,524399,0.0005243,0.0,,,live
2026-10-08T03:37:18Z,0x2e66479cab3807c58309138a808fd14c5cb3cbf0,0xc02641258dc481bdafe3840db55e2163cac70b869c2a4d1109b4af106346d757,0.65,2.231e-05,30752,16327,205,22311,2.231e-05,0.0,,,live
2026-10-08T03:37:18Z,0x2eeb6ba4b74366ec533fab3e20d7946775ca8866,0x4c3de600e6567015f867fc5f83f930099c0070762e05968d2bf2f52aae300a38,0.87,0.0002797,44058,88440,233,63891,0.0002797,0.0,,,live
2026-10-08T03:37:18Z,0x2facdb530ac2270154562790268ca85fe8ec1777,0x0b0c50f7ec3b4788d6c2f57a539ce1479b84c49926eee2056b1522c1c937bcb1,0.35,9.217e-06,15140,2956,12,9199,9.217e-06,0.0,,,live
2026-10-08T03:37:18Z,0x2fbd2ce682731f3ef65b7a1770421beabb4fc281,0xabf1dcaf0bd834bb728b7a15d9213ce0794c7f9ac470a00520bf57f828810699,1.27,2.448e-05,500990,11062375,8948,2448529,3.898e-05,37.2,,,live
2026-10-08T03:37:18Z,0x300e97993b8ca9cac96d361807ea1f73a71be7ad,0xf9cd51f515327a471ef00aea6957b0a15e1a1303aefcb61de1f397e2331c8bdd,0.85,0.0002923,44995,74689,199,66781,0.0002923,0.0,,,live
2026-10-08T03:37:18Z,0x30a99cd6ad35362cce6b176231c7dea8a166763b,0xf64d0b80a7af1c2282126e0bc088a220bf73b191ac4b6b151aa23486fd60153e,0.08,6.032e-05,34939,80158,224,60322,6.032e-05,0.0,,,live
2026-10-08T03:37:18Z,0x30ae27093b1676199034de53ef9aeaea3d68fcf4,0x04c79296e8eb4505667949ba1538d0feddcfb415,0.55,1.509e-05,7573,0,1,7573,1.509e-05,0.0,,,live
2026-10-08T03:37:18Z,0x30e127c75933e8c3e9017ca34e7a73f69caa0cea,0x1ef0c5b9fdc32aa9d3acd2eb39dc9fa0674df0176c3d403fdd076cd812902fe4,0.22,0.0002997,45123,82774,239,68455,0.0002997,0.0,,,live
2026-10-08T03:37:18Z,0x310ff816f6cd40246631cde164f831b24f3eed8c,0x427cd44bb410c845ede8c4afda6611f3573d66e0c8033a8710e26845ab6d4a8f,0.61,0.0002046,37283,49956,176,46730,0.0002046,0.0,,,live
2026-10-08T03:37:18Z,0x31621ba4a7cb6a1c92a2894a2c573b9487064777,0xf4e9c15659007d45ea2914aa772cbe00d9033469989a8575c3562165f8a85405,0.07,1.247e-05,17681,20586,62,12453,1.247e-05,0.0,,,live
2026-10-08T03:37:18Z,0x3179cba42aaaaff4cb301217085a03c442777777,0x9e8ab2b272e65081b6b8f1adb5118ebb2d3445103c0b10fa5bf8fd9d82567f8e,0.73,6.464e-05,27210,1691,8,14770,6.464e-05,0.0,,,live
2026-10-08T03:37:18Z,0x31844b9b5982a3ec3a10e7c5dcfded2852a68060,0x73de57b30b2b2181be6440246b564cdf4c557dc9ee5a4dd79514f28091fb83ea,0.59,2.516e-05,25163,0,1,25163,2.516e-05,0.0,,,live
2026-10-08T03:37:18Z,0x31b398871b8aad3330328ce37928dd2fa65fde5b,0x1f2e8038be208cd53696a7b6cf25a64992166612fb4a36db05252af0a820031a,0.96,0.0003432,48673,123470,237,78387,0.0003432,0.0,,,live
2026-10-08T03:37:18Z,0x32026e20d442005afe1445c29089c84f0d121e18,0x3df570bef9cfc561420bf89419505d9bdb264b46eaa83eae5d215673b236d99f,1.23,2.003e-05,20049,2503,45,20037,2.54e-05,21.1,,,live
2026-10-08T03:37:18Z,0x32471bfdab657568f265332c1bb45612742a1fdd,0x9f28b9aa44fa04025588102ad22a8a27e2af9fc68df7e58876544b0cab63a26f,1.11,5.058e-05,2,0,2,964,5.37e-05,5.8,,,dead
2026-10-08T03:37:18Z,0x329d468e9939d4fea57fc4a66f012011d883d586,0xb4330b9e80f37695d4684dbac77e6e6946f24752afbf97a6ff7bbdde7a5bafb3,0.57,1.88e-05,16382,4329,14,18807,1.88e-05,0.0,,,live
2026-10-08T03:37:18Z,0x33065e7152383aa6779bd2d4ac7df19f6daf706c,0x3bc950af401202f5b7e52fc512b1dc3f0d9c016c7f53e0717e548ae81264d71c,1.48,,,,,,,,,,dead
2026-10-08T03:37:18Z,0x330d4b2ce0a23774fa54e51e4b9fae3d686ebd45,0x46a34954f2962e31c83a4566da51554f14896723d5c7dff044c1949d112e5530,0.9,0.0003277,47670,105317,238,74856,0.0003277,0.0,,,live
2026-10-08T03:37:18Z,0x335097010f139689a8bbbc885c6d0f71a1e21e18,0x85f3a50de8b530a921c7c413028ab55f1489822b94f491eaa398309dff9c3b43,0.17,2.006e-05,20061,275,15,20061,2.019e-05,0.6,,,live
2026-10-08T03:37:18Z,0x337b6269c6d28dacbc18ca13a1e4f213e531de7d,0x8e9328f6e7391f4a74bdbd272081107512b19b93102179d2db885efa1c2d500b,0.93,6.58e-06,6593,10740,17,6580,6.58e-06,0.0,,,live
2026-10-08T03:37:18Z,0x3388272818254b77f39dc3297f82c2ec9ee9dc3b,0x4abbf0813546d60a232e04cc749d70f00004db6797ce3f1c8ab151f36036da1b,0.23,6.823e-05,23128,12002,71,68232,6.823e-05,0.0,,,live
2026-10-08T03:37:18Z,0x339e562e72fb3c06d2510e7ac44905f0a8bc7777,0xeb2bb4f6c1c7dbbf782ce65dd969ba47905fce836d0732c99b75b585fde8fc86,0.15,0.0002538,53674,59411,232,58002,0.0002538,0.0,,,live
2026-10-08T03:37:18Z,0x34812c72cd239694c611cfef963578e45b057777,0xd3b49f9a126b9f3572487480cf4d86e17d8d8d1a1f41430d3a9578cad2715e8b,0.78,0.000239,52468,61068,228,54613,0.000239,0.0,,,live
2026-10-08T03:37:18Z,0x3487195a8294ba3d924259cc45340b2ddee16393,0x04e92d6ae08882abfe749b1317c9023fb69c7ba8f6cae15e6009f72764f90210,0.74,0.0002167,38613,82321,245,49497,0.0002167,0.0,,,live
2026-10-08T03:37:18Z,0x34a5f114990185a128fe99ba8c7d9a280e1b7777,0xd6d83c0ce13b1c835de3d152a88075c4486c2ac9ae47a150662162da7733e840,0.68,0.0002249,50544,58903,216,51388,0.0002249,0.0,,,live
2026-10-08T03:37:18Z,0x3501e8ea2c0bc2dcce8d6b1a540336bf252c1e18,0xa29c6c8ead833e22cb4111546b6a19bd0511fc11392828803b85a7454bba6a70,1.38,,,,,,,,,,dead
2026-10-08T03:37:18Z,0x352b1722b683f2ca2e31be2d7f39ed269a506777,0x63d910f929d0d04308da2186085053a33a98733f39e2e79275233c0d622d755e,0.32,2.621e-05,25585,55049,190,26168,2.621e-05,0.0,,,live
2026-10-08T03:37:18Z,0x352c4144755c9dab534a212608a720a22366e288,0xf1e9538159d68c9039dd84593b27e1dffe56be7cff6997f5ddef6321394ca8af,1.47,,,,,,,,,,dead
2026-10-08T03:37:18Z,0x3559bf521409f84625a1ff0fce76520c83ede1e7,0x6e8aa7b41f071bf4f91bbca4cbd9626d0bda3e30da36ef2ad196386b14a2e5ee,0.3,0.0003316,47535,100200,227,75736,0.0003316,0.0,,,live
2026-10-08T03:37:18Z,0x355b20827140802774c65a61e78427982c5a7777,0x8d94182cd0c7b84f01f449305e75c24a549889719c5f0ebc2b3ebc3d1db2a7dc,0.28,0.0002115,49013,56276,204,48332,0.0002115,0.0,,,live
2026-10-08T03:37:18Z,0x35687da627dd04ee65f281901733af2510d916cc,0x41084903336d337b4f29dbb7fda6089776c605ed34ea44a6ffc0e204f7aa8733,0.2,2.716e-05,31084,31216,255,27169,2.716e-05,0.0,,,live
2026-10-08T03:37:18Z,0x3643291c88aea24db8cf324ac9302d1416d9f0b0,0x9b920c1fa4f1cbca3d584f8538e590cdff69a27a3a7ae81cb39174039602da50,0.83,2.86e-05,28548,775258,1784,28602,2.86e-05,0.0,,,live
2026-10-08T03:37:18Z,0x366906c8b09b60bef11ac8109701bdafd3357777,0x2a27ce3d6e3d74ae60d6d1fd3a886ad85bc37c3ddcfde9c992544c0cd4608ff7,0.53,0.000209,48583,58240,230,47768,0.000209,0.0,,,live
2026-10-08T03:37:18Z,0x367ef1ab55ae7cafdd3a64392c8e8c68edd8eda6,0x5b92f8eb1fafb75520c233f38cd0fe83da5e1875c880e2c160f1c337f4717b81,0.69,2.58e-05,25801,3,4,25801,2.58e-05,0.0,,,live
2026-10-08T03:37:18Z,0x36992b79b4ff5d4a38e05f03786566f6ff127777,0x44afb1cf2d0208b04c8f19775773216516493f188b0614b6138e11d4f3f12334,0.96,0.0002629,55016,59196,228,60086,0.0002629,0.0,,,live
2026-10-08T03:37:18Z,0x36a946f9ac8f19c5180a82f0b206247591ef2501,0xaa5f6b07817035ec0e2c0fdd30ad012751e686e540e116faefc921dc53e29134,1.44,,,,,,,,,,dead
2026-10-08T03:37:18Z,0x36c4223d1e397719b8f149fceefc91a825ba6777,0x537bd96e753511a311891d0efcfdc1e545f04ff19dc0ae2be3dec815b134cf0d,1.46,,,,,,,,,,dead
2026-10-08T03:37:18Z,0x372291b8936b9f3c1d0968817f5ed415800d15e6,0x25700c3fd00bdf81f8c209e56393e79acf7fdca05e5661c17306cd6b9d4296e1,0.55,0.005138,5139,3,2,5139,0.005138,0.0,,,live
2026-10-08T03:37:18Z,0x374c2ea5b55a3596042cb849056324abee857777,0x8b125d6d65e504d905ed7770f414eb68f8763a604736e5e9900bc19ce4b1e9cc,0.22,0.0002343,51516,61242,233,53534,0.0002343,0.0,,,live
2026-10-08T03:37:18Z,0x378a50eac56f45fb74e4ce7f1962dbca33515c14,0x1c7d14d2147795daf0b534521fec5dbb6579b2d6,8.61,0.0891,159346,40880,228,1492949,1.04604,91.5,2,False,live
2026-10-08T03:37:18Z,0x380e2fd262ed1a05ad4b5d7047e0cfd994554777,0x057deb405d82c2c05a8864539fe205234afa1275854f221007bddd4e439a6e2f,1.38,,,,,,,,,,dead
2026-10-08T03:37:18Z,0x384bed880a5bd6834504079d3a5ef097d9a0d560,0x6dd47702af1b3466c031b26d3a14fe09ce991828f1070f32f4ed5a83e9144880,26.18,0.0006999,38156,160,14,19439,0.770428,99.9,,,live
2026-10-08T03:37:18Z,0x3855ad0988a7f46b7c269f70e732dab7bd15c777,0x5062a435d09ee362d116e05ebdfff2981314346e2896f93e8c9219ed7aa8dd41,0.46,1.863e-05,21577,44193,161,18602,1.863e-05,0.0,,,live
2026-10-08T03:37:18Z,0x385f4f8ae47651ce5f58f5265395a669f8281e18,0x46525dc119850396470f132c4a989d7192cb692139db891b5a4cdcd684c11b17,27.2,0.01422,592455,372537,1861,14225861,0.0636511,77.7,,,live
2026-10-08T03:37:18Z,0x38ab3b35694c6c752415995c8ef17a2b4ae1d32a,0x01b052c567cc02aea38493b8f8d5ea8e4b44505ff8248a67ef68919d3666ec38,1.43,,,,,,,,,,dead
2026-10-08T03:37:18Z,0x38c8ec96cf924fdd743d075ec74dc6c27643a973,0x363f2c49d67c148a9f18d451ceee4596ae459dc17a47527c3b748de266111075,0.67,4.256e-05,40458,8869,30,42565,4.256e-05,0.0,,,live
2026-10-08T03:37:18Z,0x38d0d1f18c34123e3a9b2635acf0c6c18c75413a,0x3828a9fdd07f9a6eb817601ee6c0c7bfd3c8f75831a162080757774573d1fd18,0.92,0.0003639,50191,103308,231,83118,0.0003639,0.0,,,live
2026-10-08T03:37:18Z,0x38ff1bed8d707b2346a3f3fdafe9d9c16f0c1e18,0xea727ef83370eda0f5e69f823370bc6778271eeb5fd099638aeb4d38918f3a79,0.84,1.996e-05,19965,19,6,19965,1.996e-05,0.0,,,live
2026-10-08T03:37:18Z,0x3a2565decca919c961acf6d5bd02bdc0912f796d,0xed4b5c943bedd20a19bccf10e48f96e2a08b11c98895425a2d72da930ace5da5,0.65,7.07e-05,92236,44526,272,1515,7.07e-05,0.0,,,live
2026-10-08T03:37:18Z,0x3a3ed2662233e3a97f199cc723d06225f521f355,0x6ea909253248ddf42fd204b26d177e2eae2fb5f584ca6dfe8add474506e76a50,0.9,2619.76,2617140240,1,1,2619760000,2619.76,0.0,,,live
2026-10-08T03:37:18Z,0x3a423b83d4165c6d410887528b0aa34488501e18,0xff6a957eca64b1f20cf01f816e80c68b0fe31a2abdd9189ec09a00c7c229ccac,0.93,2.002e-05,20022,2,6,20022,2.002e-05,0.0,,,live
2026-10-08T03:37:18Z,0x3a4d651e7ad99f0743348f6d7efe45eb2e73dba3,0x1f17d899e64c72ba8d15de794f4f7597428a7ffe72cd1e9ca1ef6a1c4e9377b5,0.55,1.013e-07,10139,1745,30,10135,1.013e-07,0.0,,,live
2026-10-08T03:37:18Z,0x3a7bd93c08678fd3988de0538684bc035f7ca8a5,0x4df8dde96ab790f051d7385fbce255ac3bf4b0f601c5b27aa5e84be28b8daed0,0.7,5.502e-06,38758,39662,208,55024,5.502e-06,0.0,,,live
2026-10-08T03:37:18Z,0x3ac08ed8deebae092367b119b81ad2b431a11f12,0x7eb1db9f2398d664151040d439ea38ccda76e761041da1300d795d7afb1bc11b,0.32,2.567e-05,25678,4,3,25678,2.567e-05,0.0,,,live
2026-10-08T03:37:18Z,0x3ba500f1ababbcf0f0247d06d1c56fd7e6c4c09d,0xf49ee5b66c4e7163026e5d25e6a1f93cff46dca4d3752f712d181d9392c1d567,29.36,0.002219,128081,262970,1962,2136235,0.0090823,75.6,,,live
2026-10-08T03:37:18Z,0x3bc9d951d39091b3f335a0e96e439884094cd534,0x6bd4d0c50461ae66ff356ae4d2f3b78c981970b4d7e0cdad0601f95e99ab5612,0.55,4.278e-05,40604,7480,19,42784,4.278e-05,0.0,,,live
2026-10-08T03:37:18Z,0x3bcb37cc35fcd538ec387202ac4b461199710e6d,0x11153b90617be7ccdbde8fed9a38c8756b749c110a68d5551fc6b25e0bb8aa3b,0.52,6.436e-06,6436,5524,39,6436,6.436e-06,0.0,,,live
2026-10-08T03:37:18Z,0x3c62877d2876ec53e53b05d9d70f1cfd84bd7777,0x5d9f253c00d71faebf09654467b29636f31489f0b284f2c94fbad8b6b3bccb37,0.26,0.000178,44919,48100,186,40676,0.000178,0.0,,,live
2026-10-08T03:37:18Z,0x3c7b315837d8732bf6378932ad218cdc4096e6d0,0xf95564b4218df8432306f915f7144a08f512e43acbe8c0264b8ffbd761c37a56,0.84,8.523e-05,27386,922284,10774,74963,0.0001611,47.1,,,live
2026-10-08T03:37:18Z,0x3c8a7836fa4f8acd98d9b28efd80df971afb9a3d,0x95e919b6c2c9775d9cb9ea515eebfe2a9f1f2173,0.22,2.908e-05,23,1675620,7805,29086,0.0003409,91.5,,,dead
2026-10-08T03:37:18Z,0x3cbeeb9625a5002f1d8b7321e5e3c4dfacbf7777,0x6ff03ee98bb210b69061accc7fe08b5878939f0b2e91d08c73e0525f57e67218,0.9,0.0002507,53841,57026,220,57281,0.0002507,0.0,,,live
2026-10-08T03:37:18Z,0x3ccc7270bf03cfe3f7772f7dddc28f56f42378ac,0x6663b85b082a6287dd96a7d534176dfb478f5c39f926bafa770919d99a483776,0.34,2.198e-05,31975,17846,205,21982,2.198e-05,0.0,,,live
2026-10-08T03:37:18Z,0x3cd956e0ff92b6dd86828e324105e3ad84b9e246,0x71c1551db00decdc2956e8fdea0b9476d4e3510a,0.75,1.501e-05,7502,0,1,7502,1.501e-05,0.0,,,live
2026-10-08T03:37:18Z,0x3d2f220057b2feca65eea77c030cdddc4cfabba3,0x1376362ac4d8368f71f38c0ddf81c7e800c00e2411d2231bd05b476f13e49463,0.52,1.011e-07,8598,5,5,10116,1.014e-07,0.3,,,live
2026-10-08T03:37:18Z,0x3d389e46b7437fbf745e5283e1f559b28c74dc3f,0x50bb53331ef6b7dabe87ffd6bc6d6c3996844ecc766680aebd386fd3913d6b7b,0.09,3.114e-05,30896,4096,34,31149,3.114e-05,0.0,,,live
2026-10-08T03:37:18Z,0x3d56a97bfde692d2f60dccf9d94a1d71c9169777,0xa47feda1ada838fa05e168c8763563b22943b9b8b5a29bd362783ab67edce2ea,0.61,8.489e-06,14547,2723,13,8472,8.489e-06,0.0,,,live
2026-10-08T03:37:18Z,0x3d9bcc2060eacffa0ad7aeaa86dc586e27777777,0xc5d862c4f94d6855fbcf44276c31c63904a9f1ce5d35ef1ce860ffd1379ead6e,0.42,0.0002253,50457,57448,227,51496,0.0002253,0.0,,,live
2026-10-08T03:37:18Z,0x3dbbf26fe8a420c67da31b51ae1a676501723b44,0x92755d1d4106af13d71a6a2f96700df5d562bba33e055d543225608f88e56c54,0.51,0.0003104,45906,110300,234,70906,0.0003104,0.0,,,live
2026-10-08T03:37:18Z,0x3dd9ca4a5b1ec9a911ec3dc1d3f8efdf017e69e4,0xe99cff8b9b21c97fda40eab7bb4f00264ffb08161ed7bd302f17cd75f0897848,0.72,7.302e-06,47599,45758,229,73024,7.302e-06,0.0,,,live
2026-10-08T03:37:18Z,0x3dfab271b8c911e8baf7ed41aa10ae5bdc09d777,0xefc3108a923875aa4bc7cd9e501016f0a803cbba20ec6c74ee28c030a53acab0,0.39,6.335e-06,12548,2868,17,6323,6.335e-06,0.0,,,live
2026-10-08T03:37:18Z,0x3e01d26cf34a5fffeb32bee88151bb7ad0457777,0x02489ee90d86a5effc44f8018a881b5c07e3a5d109fa085234eeb42ea3062d05,0.96,0.0001308,38813,31314,119,29895,0.0001308,0.0,,,live
2026-10-08T03:37:18Z,0x3e321ff1592e1e71c4a50fc096278b7972b8d2eb,0x92d16d094aacb8d87402f58e17af896d3ff87ae8f86eb44244ed3183f49bac17,0.91,0.0003484,49160,118958,233,79589,0.0003484,0.0,,,live
2026-10-08T03:37:18Z,0x3e37854c4e06f7b29bb08eb29181733fcc3ab777,0xbbf464d37f5d6efa01e58994a3e733d718ec80db3006dcf193e0b4e0937e6d4a,0.4,7.557e-06,13680,5729,23,7543,7.557e-06,0.0,,,live
2026-10-08T03:37:18Z,0x3e9b1bffcb57dcf5e353a2f5a15d6be7053b3566,0xd33b3588aab31511f2753a267b44ac9c12833e19c081a914953c631bbc54fc65,0.4,0.0003644,49624,126964,232,83247,0.0003644,0.0,,,live
2026-10-08T03:37:18Z,0x3f365696e09a076082606c745f2736f1e430ab6c,0x98ab5bcb7c56a50289c847f513573850315da754141b3923ec181508ab635824,0.51,2.567e-05,25678,3,6,25678,2.567e-05,0.0,,,live
2026-10-08T03:37:18Z,0x3f7977f7e4e665cd50f9acd74bead3c1e184e8ee,0x48a61fc30901b297eece44f6d0b4ea3b125d6098879f9e5d5f4824e5742f501a,0.83,0.0002937,45116,80785,237,67082,0.0002937,0.0,,,live
2026-10-08T03:37:18Z,0x3f9251ae3d0cfcdfc18709f0d553ee5efcd37777,0xcf206ff4cabe11968dd7d1103dfd44fc2ccbc561afffd303b5c757b6cd187fa3,0.31,0.0001391,39738,25637,103,31804,0.0001391,0.0,,,live
2026-10-08T03:37:18Z,0x3fac178d376dbcda7a4bc3204de93b65710496a2,0xc881b89710b6518746c250c6e3e49882dadfb3d33d27b4852f0b70b4cb82e53f,0.36,2.363e-05,29714,21216,203,23639,2.363e-05,0.0,,,live
2026-10-08T03:37:18Z,0x3fdc3d4271c5f038e4e6b47117cc8da88934ae2f,0x4a8b2f300b6404cfac72f8ec1c83684b184be50063aea90b07902b27d66b1cd5,1.39,,,,,,,,,,dead
2026-10-08T03:37:18Z,0x40bbba418863aee67746debdaddeb23f8220415f,0x7df22449f6c8c2bbfe547ed46646aa1c18bf9531c115b4acd6cdbbefe430b412,0.71,0.0001066,27028,30345,93,24361,0.0001066,0.0,,,live
2026-10-08T03:37:18Z,0x416d0c4b431cfa33b4a4974e3dfc9f5089137148,0x81af43b4a865633cd16c9758569cdb5846c54caf,11.24,43.56,112897,24017,98,170347,1308.59,96.7,,,live
2026-10-08T03:37:18Z,0x41e56aa29794619640405f1b6ea0d7ec8fcec30e,0x882a6c2682931783dc8be93b56308d541e26c0dc45ea7afd0a709297445a98b5,0.2,0.0002635,42322,86609,233,60184,0.0002635,0.0,,,live
2026-10-08T03:37:18Z,0x4237145102a0a7b38e040fe4b766b758f0e06e4d,0xb46d536645531e04a27492c656613661de44622ecc6a1e72473062ccd023cf7f,0.88,0.0002839,44336,83459,237,64843,0.0002839,0.0,,,live
2026-10-08T03:37:18Z,0x4247596d88e5c0be2fca7394c51e0ac180edc777,0x1f9086333c148d9cf5dd6f4037da7164e16b7c959945cb64518bc260a75df3ef,0.23,1.829e-05,21361,49554,177,18259,1.829e-05,0.0,,,live
2026-10-08T03:37:18Z,0x42e8234d8e9b9ed6b318a87e501f5fd0ea287777,0x30eb858641e3e5c00a36fc4ba531068e581807640469e5059d944c77ff057413,0.51,6.167e-05,26436,386,2,14092,6.167e-05,0.0,,,live
2026-10-08T03:37:18Z,0x4325d557705f5ba3cbdbc8199e68910014cada3a,0x27d9e709565d26d674c6729da9ee9d4dd7782f9a49f1766730158a6fed146acf,0.08,0.0003203,46764,82230,243,73156,0.0003203,0.0,,,live
2026-10-08T03:37:18Z,0x4385bc367c76922193b0e84d5988cb3daed33bcc,0x9e9428352ecda700d3c1f88a928957bddfc80c0a8b8e14c06e6d7b77ef1a77ef,0.75,1.471e-05,14715,6,1,14715,1.471e-05,0.0,,,live
2026-10-08T03:37:18Z,0x43a8b5a13beec66f9f8d6159d4b32024b7d987b8,0x65ea3d1be6abde4808942ff762738c8c5cd62bb1b9c368708fe615d5656306f1,0.66,6.464e-06,6465,5344,33,6465,6.464e-06,0.0,,,live
2026-10-08T03:37:18Z,0x43b51e4764af4f823ba7d839c6e05c6b17ce3344,0x9cbcf4db7e6bdbc0474daff4a15125895771ce6d27353d50b65b84051f133657,0.14,6.456e-06,6456,5442,30,6456,6.456e-06,0.0,,,live
2026-10-08T03:37:18Z,0x4406a990f0fe7d7f6a24202418f4fa08f3ae2276,0xc18dbe4a37267f01ebd9f097cbeaf5b6147bfcc845b65f10164dbed42ed2f333,0.28,3.868e-06,6189,0,1,7737,3.868e-06,0.0,,,live
2026-10-08T03:37:18Z,0x44137c3c861be51819ea2fe1b7406e815ec8f7c0,0xa141e81dbeb856bfb72a766e0616c8a4faeb2af25f10925ab87e8503d6d1db62,1.47,,,,,,,,,,dead
2026-10-08T03:37:18Z,0x444e0b4087cc28d79b7c1e9e089c82a49de73045,0x8c40e03e4ed1322038cff606d0f4152c19377274f305aa7241dab4380c7cf66b,0.92,5.549e-05,50047,17612,49,55497,5.549e-05,0.0,,,live
2026-10-08T03:37:18Z,0x448b4cd6555109c92d745e91a6f23cee717abb94,0x504147be1a056d1ee672fa46ad7851fa5b0d7657268719c8500de723e50a7c63,0.56,2.804e-05,21678,334137,1558,28045,3.435e-05,18.4,,,live
2026-10-08T03:37:18Z,0x449cab900d90391603b54d3b3e27d818a58de6d0,0x778acea5c26f08e79be26d6c2054d71fdc349f2ec411639f307aec118e0b3c6d,0.65,5.754e-07,39752,3525414,9652,57542,3.446e-06,83.3,,,live
2026-10-08T03:37:18Z,0x44bd7f46f71a8c1691f0fbdd5feea5916f4f7bee,0xae2b8300e072aeb64752c2605f9fba0e9df7b43055cef72506a96607a1e07f5f,1.28,4.396e-06,5680,10029,295,4397,4.603e-05,90.4,,,live
2026-10-08T03:37:18Z,0x450742a9ae0b3e7a7e18f0c98a94815a66691df0,0x269bca27265d1d756612cc65327a8c994b53c190,0.42,1.508e-05,7567,6,4,7567,1.514e-05,0.4,,,live
2026-10-08T03:37:18Z,0x451115a2a28d14e153601149da08e630551c6c5f,0xf29f51a9abb2471f9dc36abece8e557aae7860f312a27464de99fbe36c580f8e,0.68,1.998e-05,29952,14525,206,19983,1.998e-05,0.0,,,live
2026-10-08T03:37:18Z,0x456309ac03efe3b8f6739935a7d5e5ef49b4a2d9,0x44f87bac20f1924d9baa36fdee69d3585a4c20b41e18e6423eb8103810c01c41,0.98,2.713e-05,27126,511,9,27136,2.713e-05,0.0,,,live
2026-10-08T03:37:18Z,0x45768e65df614348c5ca02abeb85d58f8b0a4879,0xa0f5d44e41f7c4dc7aae570fbf1998234b8ff07d1bba42c621071aa3583d9821,0.76,0.0003362,48147,97560,236,76793,0.0003362,0.0,,,live
2026-10-08T03:37:18Z,0x45f14031df96e0c63efe066215742dad93cb7bc5,0xa5ba44ded4e96487fefb150b7b0ab016c24ee3a9,0.67,1.513e-05,7592,0,1,7592,1.513e-05,0.0,,,live
2026-10-08T03:37:18Z,0x46518ee404d5fca5590511c4d9ecf27a09e37943,0xfc3c6b0833a9585fd6e65fbb05b5c6c145554d04d6643c22259b01e4759976ef,0.08,5.703e-06,48515,42378,221,57037,5.703e-06,0.0,,,live
2026-10-08T03:37:18Z,0x465a80137016ecd6354efc9871295245532d1e18,0x2f473487d414d3df0867a1543cf56f30555f6b9d23de46ba4fede2f7b2b252d1,1.48,2.034e-05,20359,265,3,20345,2.039e-05,0.2,,,live
2026-10-08T03:37:18Z,0x46c595504561cb687b837b16f29489329d1b2233,0x8cebbf031dc8201cf6b0151d51ce56be897829d053b079a759cac3f94b67506d,0.75,3.86e-06,31024,19284,129,38601,3.86e-06,0.0,,,live
2026-10-08T03:37:18Z,0x46ededf4bfece1c58e8523b0377c679421e42f65,0xad1ecfdabce1482b42d647c1123a0d641fb6259d3e793f295b49f438f63cda5c,0.56,9.763e-06,9640,973,6,9763,9.763e-06,0.0,,,live
2026-10-08T03:37:18Z,0x46f2ae12c39e65ec356224869baabc4939c73039,0x6696e5d7225494d673f5588d36d8c0403de782bccc7bbec85131c26d1ac760d0,1.34,,,,,,,,,,dead
2026-10-08T03:37:18Z,0x47402a61a12fd28e5e3af71d3243835397d33777,0x0802b6102b773eafc8405b8ad23337945364bd53f7864840951928c261b7c596,0.25,2.428e-05,24614,42096,146,24242,2.428e-05,0.0,,,live
2026-10-08T03:37:18Z,0x47b537f7c2c2183967fe5ba883291b8ada490db6,0x08a577c64162ff70293b60b7058d991ab5eeeaa8677a3cc8379bff71805e8a4f,1.73,1.166e-05,10141,24598,365,11152,6.5692e-05,82.3,,,live
2026-10-08T03:37:18Z,0x47c69fc23cdd7c72779158b009b9af7cb5e666ba,0x1128bce8fa77cfe15cdeeb6298b229f5e13bcef127f2f0f7a9e37e7db7b77af3,0.39,8.035e-05,23323,13866,63,18352,8.035e-05,0.0,,,live
2026-10-08T03:37:18Z,0x47f388e7a84565270310f662a002e0d29328923e,0x48bce65a2b3245224751f5871d39578e6ceb234336100307d5844d954aed797a,0.92,0.0003414,48635,115865,243,77977,0.0003414,0.0,,,live
2026-10-08T03:37:18Z,0x484f805cd9924e743d7b5d176d48ddaa07c57777,0x63a754f47e24bac297912d9c991c76302dc707306a5e19dffc4db64ce26d91a3,0.82,0.0002277,51255,58962,229,52040,0.0002277,0.0,,,live
2026-10-08T03:37:18Z,0x4879cd5fe9f57213618435fa2ad19f398326370d,0xe50a6ed732448eb8b5f4328d2646694cf57c54be90342ea585350470e91293e5,0.53,6.092e-05,23169,151924,3260,59869,8.424e-05,27.7,,,live
2026-10-08T03:37:18Z,0x48b11871445cf02a6ba006f6d3c1b4f621307777,0x751cb43fb029ceec65aad8f71e498ab737bf928a98d79991524cb938e9a97ff4,0.53,0.0002609,54328,59129,231,59631,0.0002609,0.0,,,live
2026-10-08T03:37:18Z,0x49116dea4999cf298deddbd17148663bc4fd7777,0xddad20998ce51904e7b3c6fe13062c2fa700179d3240304fa310123834cae535,0.68,0.0001283,38239,19573,93,29323,0.0001283,0.0,,,live
2026-10-08T03:37:18Z,0x494822690996a402f82916d5b9eea742b4b31e18,0x87e1ae836cf5aa176be0210f09bc2c952053218eeeb3c50d60ac38cd0e1ea833,0.15,1.983e-05,19839,1,6,19839,1.983e-05,0.0,,,live
2026-10-08T03:37:18Z,0x497aab222c09c158bbbf4811ff45c83d976f7777,0xd760352660c32662746a43c205e5fa156878856d3d84e42c14781b27999f9338,0.35,0.0002556,53744,59998,230,58406,0.0002556,0.0,,,live
2026-10-08T03:37:18Z,0x49bdacd3a3ba1825b6419cccc06684464c52a437,0x6eb0a3983140234029fe8915239dcd7a2ca5c2764fe7edeb08af34039aca27bc,0.44,2.571e-05,29762,24705,205,25715,2.571e-05,0.0,,,live
2026-10-08T03:37:18Z,0x49d26acd35955c63cefdb0084d8d614b764e9777,0xc79d44a65f4790333fac8f5eebc80f8801455f583a1a3752f72ecfea0e1a3948,0.77,1.576e-05,19981,27527,107,15731,1.576e-05,0.0,,,live
2026-10-08T03:37:18Z,0x49eab8438f69d21096dfffc76738e37dc92cb3ae,0xe279b1917c69c8af6d36a8693d0cdf555b4e8ab0997a80519fbca9ddd2278d19,1.68,4.88e-06,6559,4782,102,4881,5.603e-05,91.3,,,live
2026-10-08T03:37:18Z,0x4a29ae199eafa0d3df80efeb49049df4e455a02d,0xb286db839596ff1a876777a61f3d9d941644a0926bf6a56ae239309e2718a6c9,1.04,0.0001385,61983,96433,602,2844,0.0001385,0.0,,,live
2026-10-08T03:37:18Z,0x4a2e5c4d28d506c40cb9bf11324a60a36cfb46df,0x24864033211e7523fe784d7fb43293a7635ccae99ce5c57c06f30c5944506b8a,1.01,6.83e-05,87765,39661,231,68308,6.83e-05,0.0,,,live
2026-10-08T03:37:18Z,0x4a31f6926dc4a3ca4552915b12090ad703a93943,0x2639e632dafa1b677884fe8e14e3f649c1338e401b27bdfb29ce0c50dd023225,0.85,0.0003326,47991,108439,239,75969,0.0003326,0.0,,,live
2026-10-08T03:37:18Z,0x4aa34c30224fbb5bc5295a76e6c2a3b8a6a71e18,0xbb76c0d221da17a1303f755d13907e53bfef2ebc7cf3c1e7596c74159e507c53,0.44,2.02e-05,20202,717,6,20200,2.02e-05,0.0,,,live
2026-10-08T03:37:18Z,0x4b17a1021dabcf5e7ad5e3a806ac9b4e9c4e617e,0x5947f555347bb4650197768f8f642f0ed8a057b37b2188e4802240bac53c2950,0.98,5.386e-06,5386,0,1,5386,5.386e-06,0.0,,,live
2026-10-08T03:37:18Z,0x4b5555451e691c15edf3a65cc19198c355b58777,0xce74bd845921d261e50020dd5b063c2067b2593cdeb6dc2996c08755219b0888,0.34,1.307e-05,18058,8202,33,13054,1.307e-05,0.0,,,live
2026-10-08T03:37:18Z,0x4b6c9a6ed3182b9d9f6997cd5682e0466f4a10fa,0x7d7d776ee228f2d70729f31ea87d94aa89512fbe,1.39,,,,,,,,,,dead
2026-10-08T03:37:18Z,0x4b7f77f64a9e653edc2e7641099fe325627ab8d1,0x138679a580e30371f9683911fe59e4ed1c7c5e9cb366be20b6e54f72fa4a1163,0.19,3.019e-05,30010,2166,11,30192,3.019e-05,0.0,,,live
2026-10-08T03:37:18Z,0x4bc20301779ad66422cccc39f10b01ee7b29d8b0,0xe740dea04e29df2ffc304ce7cd76cb5d110967db819fc4d6e37e08a90280397f,0.26,0.03862,7726,0,1,7726,0.03862,0.0,,,live
2026-10-08T03:37:18Z,0x4c2fd66a16986db687cab3747b62bf71d7509d1c,0xe50f4e58acf800948200e9148c6819e5138546467ca7940c6b31eed94696beec,0.82,9.529e-05,68389,195064,551,95299,9.529e-05,0.0,,,live
2026-10-08T03:37:18Z,0x4c6cebd0a2c2d4ed8253f5f6465acb9942655777,0xaed35abd6e4bb7e049619d14190c6b2e2d68e5e88d4cab686fbcd83136aa6f3a,0.3,2.483e-05,24926,53311,188,24789,2.483e-05,0.0,,,live
2026-10-08T03:37:18Z,0x4ceb92d74221625cd8a834ee26e75dee14a67777,0x69cabeab1961a2dc8c04cd844aee5c493ecd07b712af11c9731aec3a0f0c1979,0.73,0.0002601,54522,63027,221,59433,0.0002601,0.0,,,live
2026-10-08T03:37:18Z,0x4e7167e57cf47ad664876eb2391b7a96bdf9363d,0x017b7b33d735971713340bdb528262bb64f69e0ce9b24134cafe8a9cd2546303,0.57,1.337e-05,22988,4695,50,13373,1.337e-05,0.0,,,live
2026-10-08T03:37:18Z,0x4e77799f72522b2cf53cbb973d5ed9436e080fe9,0x14b33404c555b44969853b50b8499074e270c15f4ef41c777e9b55a5870fdc3a,0.17,0.0002413,40549,78999,245,55114,0.0002413,0.0,,,live
2026-10-08T03:37:18Z,0x4e87e98826959e0817e5f31b6bf2210e93b3bba3,0xdbe3d16b09903d266f2ee790f6eb8b602143371c1b89b048cf6770de60663c6f,0.61,1.015e-07,10160,251,5,10156,1.015e-07,0.0,,,live
2026-10-08T03:37:18Z,0x4eff71d7208cdd4236ee2484d4b331b95795b622,0x145dca9f64192d6d455834f0e57d2369e3504577999f80fa9c1278fff9af2293,0.9,5.141e-05,47205,11426,39,51416,5.141e-05,0.0,,,live
2026-10-08T03:37:18Z,0x4f65083d94bd11a21b73a7a210a62dff4007c777,0x5f6c213b4de334ce9e73c596ddb1bab12f6e377ec0c9c141358fc0b2b4190f3f,0.31,1.135e-05,16858,12139,50,11335,1.135e-05,0.0,,,live
2026-10-08T03:37:18Z,0x4f7f5fe069064a99edc3175132a946a09bee7777,0x48749420f18a937aaa35d0b215719c741a5eb03e182e4bed81711f610add5ce1,0.09,3.298e-05,28742,54513,174,32919,3.298e-05,0.0,,,live
2026-10-08T03:37:18Z,0x4f89947a975d6f20ee031befe2cdffe78e431e18,0xa2e4b4a0712df32d3fa7ff20e751db6ac5c69b198c7ed68c55e06e1ba6f44f5d,1.54,,,,,,,,,,dead
2026-10-08T03:37:18Z,0x4f9c7bab4f08c00334f33842f8ffa1c097861e18,0x7e6232a160a855533ae3209fbf72113b4f06f65f8dbc613b48201ea231ab572d,0.71,2.005e-05,20054,1120,24,20052,2.005e-05,0.0,,,live
2026-10-08T03:37:18Z,0x4f9eabdd8bd4e712b65aff579f0c4a73d860e5a3,0xbc7c44bd228393a861c752a09ce96b46fa13e81c,1.31,0.0005134,385074,0,4,513432,0.000539,4.7,,,live
2026-10-08T03:37:18Z,0x4fab804eb0cdd1f9ff1d2a1b8f79f7c48f1f0a4e,0x49a331d5a471cd892fb449e682fe6d7d352edb2ad172ce068161b63af0f94f89,1.44,,,,,,,,,,dead
2026-10-08T03:37:18Z,0x4fb63a5fcb60c63075aa1cef3d0bc1ff1d112300,0xb71958e3456c521e09f38a3703b26b9efa748767d80cecd5750af8304304a4c0,0.7,0.0003327,47667,114295,234,76006,0.0003327,0.0,,,live
2026-10-08T03:37:18Z,0x4fcabf0c7260f6a5652893c551eecfa90c5da777,0xaf9d0b0b3dedc231aaf3f3a76bcf46fe96cd58a557bbb8b84e5667e71e520ded,0.74,2.044e-05,22716,37833,152,20400,2.044e-05,0.0,,,live
2026-10-08T03:37:18Z,0x4fdf822a7156affdd0f3088932f679fb70045ae3,0xf747741f2e4556912141dda55ff7303bda16f20d26222296f14bafcdc8b44193,0.87,0.0001583,158304,1,3,158304,0.0001583,0.0,,,live
2026-10-08T03:37:18Z,0x5015b90babe227feff2fb66cd53c010322798f7b,0xc9faaf93715b15b1512f65e7dc9a3822095c2b17f380437887221592d23361b3,0.77,0.0002784,43855,82026,173,63593,0.0002784,0.0,,,live
2026-10-08T03:37:18Z,0x5034a76724cecce1a2f0f1389bce37af72345777,0xf8c172707545265c1ce12d379775633a509b8f6fbc0b25638cf5b4fe7995435b,0.52,1.337e-05,18239,7557,33,13345,1.337e-05,0.0,,,live
2026-10-08T03:37:18Z,0x50445dd94d9fdd0d387023bf780c9197e6cd547f,0xc2352e254c01f83361f11eb3c32cdfe4ff0442e01265af4e69e42cce36964276,0.08,7.014e-05,55439,269260,659,70144,7.014e-05,0.0,,,live
2026-10-08T03:37:18Z,0x505206bdbcec8555ae6358757aee4ff875911598,0x5f74c91ede81630d02008fae2c6790d318920d4d95cbd0efd173c62d9eff4c0d,0.67,0.0003486,48736,108885,231,79637,0.0003486,0.0,,,live
2026-10-08T03:37:18Z,0x5084e8b995f2634300590f1878b955af6f70d7e7,0xd736efa156832945aa3df45334387e3df0cdc63cd3eff42c94c741e45d032f49,0.55,6.503e-05,56017,107184,339,65035,6.503e-05,0.0,,,live
2026-10-08T03:37:18Z,0x50c986c8891f5ef6fabce76a9f46dba28b0977d3,0x51b20e98150e59f9bb2e547e9b35e2face73dbb950b1d6fed64dd459ebf5c9a9,0.46,0.0002857,44101,103593,238,65254,0.0002857,0.0,,,live
2026-10-08T03:37:18Z,0x50e76841b5a41478506579cac9ddf321d04fc1eb,0xfbf33a08e141e4f9254765475f4f422951de2e1ea00ce98a6eee9fa10e1e5dbf,0.6,5.081e-06,5081,150,5,5081,5.081e-06,0.0,,,live
2026-10-08T03:37:18Z,0x5219fc07c1564322f75c3e285b9f5e181458ef08,0x8c57f1a85347ea2bce7fddc2e2be2ab126497a7c60060b4fa48e8797a99b1e64,0.54,5.909e-05,39012,1409662,7330,59099,0.000406,85.4,,,live
2026-10-08T03:37:18Z,0x5252f2a413846a9482c536e512e76e7cc2a4947e,0xaec9cc747379319331f6ed771996e6c8a5e489864461ca27a0b331a3165efd8c,1.06,6.602e-06,6615,2,2,6602,6.609e-06,0.1,,,live
2026-10-08T03:37:18Z,0x526e8a86633e221dae77517dc54932f52ac8040d,0x76ff52194975c65ea51b6bd2b99c82d6593f82c4514442a53533cdfc8d6e3f58,0.26,0.0002044,37301,57918,180,46699,0.0002044,0.0,,,live
2026-10-08T03:37:18Z,0x527fb3d545420c5253683e733f21e5084e150e6c,0xdd87cdd87c25c3a28f9145d90eeba8901008f38f4aa1bf02fdcd3c16749ec1ab,0.59,3.823e-05,16103,1279,8,8733,3.823e-05,0.0,,,live
2026-10-08T03:37:18Z,0x529f9944e0cde4ceea6b645e2da5f150f8b861b3,0xe95c0c33ca488407204d51ad909e4092535ce992d6effb8868fba93a4e237a85,0.5,8.89e-06,6841,17472,104,8890,1.101e-05,19.3,,,live
2026-10-08T03:37:18Z,0x52a007451a8ddb185c334d6473f8564e12e06342,0x92f431fa292f83f82a35dece0ae8fb032d731d31013f3f0a57629a92d47470a8,0.92,6.723e-06,6790,132781,673,6724,4.191e-05,84.0,,,live
2026-10-08T03:37:18Z,0x52a6585ecb1cb8a0cf23632fe7a73d59c2681ed3,0xe4e82d588160fe807161eb8c0d7aaf3588caa9e32f1ae1a35db12a5753468a92,0.18,1.011e-05,10117,0,2,10117,1.011e-05,0.0,,,live
2026-10-08T03:37:18Z,0x52a7a401a721b49afcea4278c002a8c4a85a1fe8,0x383fae7afae786c7d120e759f36891f1add2459817ea9f06dc3c13ed13f75d65,0.67,6.461e-06,6462,5339,30,6462,6.461e-06,0.0,,,live
2026-10-08T03:37:18Z,0x52b34bf0d52735e72d0c2c34ce48d3796bbb2120,0x0a93006a982e24a449f8eea65415ed438ca9a0ee2147e2ed9ddc9b2e321a3bc8,0.36,7.9e-07,12724,1240,11,7901,7.9e-07,0.0,,,live
2026-10-08T03:37:18Z,0x531140fc4ae9aa04c21b9b9f3bea0e1daaa81111,0x04e43140f31b26f97d05c6cbf0e36d6719bdb9246714cbf2d4c44f5d95d452d5,1.14,6.531e-06,6531,0,4,6531,6.756e-06,3.3,,,live
2026-10-08T03:37:18Z,0x53dec24c3528343f4fd98f06330adb2f36142777,0xab30e51fc17f8df03eac88f96bc84b501c8bab8c710973c90017c5062021894d,0.52,1.833e-05,21365,31448,112,18299,1.833e-05,0.0,,,live
2026-10-08T03:37:18Z,0x53e5cfc7642e6dad89bc0a30e23f80f270d527cf,0xf555c03656d4ddc7812abc3924aaacd5df6e671e40179b543d15ec27c11d6c5f,0.38,0.001383,7293,0,1,7676,0.001383,0.0,,,live
2026-10-08T03:37:18Z,0x53fe1a1f2d11503d7c9e994976446de8c3b4e777,0x4215f443f364f35d69074041e5f36b98c4f434a8f16326f3e1b24303378f5b66,0.31,7.673e-06,13851,664,6,7658,7.673e-06,0.0,,,live
2026-10-08T03:37:18Z,0x5417eaece3885552e777fcf133254e641449ae73,0xa5646674f1481a4175be56a413514a0bee8ff70ffeb4d05cc13af6dffc95933e,0.43,2.475e-05,14480,150060,1489,24751,2.897e-05,14.6,,,live
2026-10-08T03:37:18Z,0x541f65c8241ce0d9186fba040359ff6f6be91777,0x0447515e5c43b620d1ff479038189f574884d7e8d1f45a0aba409b41e12f7445,1.42,,,,,,,,,,dead
2026-10-08T03:37:18Z,0x542a390c4fe50b86e8b11b476e1c71e472807777,0xf658821cfbee3e38b2bad6f701600acd38ab3249d9eb63fd54268bfb8c44f86c,0.97,0.0001834,45940,36065,148,41911,0.0001834,0.0,,,live
2026-10-08T03:37:18Z,0x5454677f5ccb5aea4cdcbcff56e2e736641a9d8a,0xc9e5e385b08e9056d4a31fbf16c5f2f22cc8b181,1.78,1.423e-05,7070,3,3,7070,1.511e-05,5.8,,,live
2026-10-08T03:37:18Z,0x5456b71f8eed3c3d082d5f1e5167161ac524900e,0x85ea25d75fbd5793f824ba189bfcc9026c724097c7a952157aca81c17a2eec8a,0.99,0.0003068,46071,85643,240,70072,0.0003068,0.0,,,live
2026-10-08T03:37:18Z,0x5467992ff0f370c57bce01486fe185af174af165,0xc0629f3ef21c5ae1c9fba03a764f7fb0def3dc8014a5ec8b0eaffa1895e93ce1,0.36,2.203e-05,31531,19267,205,22038,2.203e-05,0.0,,,live
2026-10-08T03:37:18Z,0x549c72bac3f8ba5e01799721997def768435b629,0x9567525471cbfd12fea9708c99e13e563877d075,0.95,1.504e-05,7516,0,1,7516,1.504e-05,0.0,,,live
2026-10-08T03:37:18Z,0x55281c4d0c1e1e9c404e199702d24b89e3d7493d,0x711b77366ea2d266a85585ca5d60b4ac36674d67339fb7917ce4ca1f4c5bb753,0.11,6.475e-06,6475,5549,32,6475,6.475e-06,0.0,,,live
2026-10-08T03:37:18Z,0x564dc3969d36e591aca589452b4435435cc6420d,0x8633f701ab7b4c7032224ec8e1fc94a8c9bef5d88ec7a6f2f42293ead0f42a97,1.44,,,,,,,,,,dead
2026-10-08T03:37:18Z,0x5660c4200431f61d4f4088e9a4312c8ee830fee1,0x8e905a9a62b1bdb998a518d487b9f234afc713e779249ff3c7d71db75cc3912b,0.44,1.013e-05,10134,714,6,10134,1.06e-05,4.4,,,live
2026-10-08T03:37:18Z,0x5724b3125498f9e247734114c56a411740544049,0x5d7de117bdfdb03aec48c8a28e4da23b990885cfd84ec98a03c12941db9d4150,0.22,0.0002806,43665,72638,187,64103,0.0002806,0.0,,,live
2026-10-08T03:37:18Z,0x5726246d94adcf6f360033ac656060c7fae6d15c,0x9a7c498663e2086037e34e28dc7bbcc8b7a6819f67b8808615afb2ba075c5d88,0.38,0.0002357,39929,75145,237,53848,0.0002357,0.0,,,live
2026-10-08T03:37:18Z,0x5754533b640cfed4f6b013113ca7556de39ce777,0xd75d00a8dd6df50c6ddbcd171c223a9d1ac196570d670b6bdcc71a5ce8053da5,0.07,2.183e-05,23388,52258,183,21791,2.183e-05,0.0,,,live
2026-10-08T03:37:18Z,0x579e2137e32cb1b690a288e617c919d19379f8bd,0x139870f64d1e382bf195bb6dd556b17846920f4ed9080468ce524584d2437bd2,0.81,0.0002932,45051,108721,237,66987,0.0002932,0.0,,,live
2026-10-08T03:37:18Z,0x57c3c0ae3d851fe9d22b320b743e0d0733867455,0xb9aa5bf4950dcb611794de4a13b2f29cacbf0c1611797e5d896570f57b338685,0.8,0.0003377,48344,83328,229,77142,0.0003377,0.0,,,live
2026-10-08T03:37:18Z,0x57cb8e1b9b14ab410383fb9b0f9c4b90bb927777,0xad32ae3187b2ffc3963ede203264335d46cb5a184f7b1846f8359a194b4b1d54,0.75,0.0001766,44975,42489,149,40369,0.0001766,0.0,,,live
2026-10-08T03:37:18Z,0x5808d41d77e45252fbef9724a09c91d685952c75,0x354ac360fb1eeaab6f6e581069d100a2e083a9c3da97a64869e1f843dc482028,0.76,7.172e-05,60397,19974,54,71724,7.172e-05,0.0,,,live
2026-10-08T03:37:18Z,0x5813d0baf603a03e5c07267cc1cd2e48ff25bd25,0xb7f3db6edd39192255fa73278ed17b46486eb5c4ce06288f3cef010925fdede7,0.76,2.608e-05,26084,3,6,26084,2.608e-05,0.0,,,live
2026-10-08T03:37:18Z,0x5820d4a11def24ed46c4a0c29648167af2368881,0xbd757dc128cf0fad9fdaf5817efecd26edd952c899946fdc7700aa2ff3b85303,0.06,0.0002642,42432,71976,192,60364,0.0002642,0.0,,,live
2026-10-08T03:37:18Z,0x583989209c18ee9c22c54e424a45604178896f70,0xfdfd2f58e215b790c69b8e3d86cd749f41857aef7905b21a2858b35575423a34,0.85,6.737e-06,6830,211287,1019,6737,0.0001008,93.3,,,live
2026-10-08T03:37:18Z,0x5942bf75fd8a216504432ea911a1f919d1fb1e18,0x3166ce06bcf631bdf88dc0c82345089ce333bf522c676c2856578ceaee724b3a,0.54,1.998e-05,19985,2,6,19985,1.998e-05,0.0,,,live
2026-10-08T03:37:18Z,0x594da1a58ce93eef708943f91b85d8ca5f979b71,0x89595e168fa31442b1ba85e7e509ecf06d842666636f52cf6c05ce670f31479d,1.39,,,,,,,,,,dead
2026-10-08T03:37:18Z,0x595d1d82b97c3a12a23e59b843bee761258678f5,0x1c842269d31eecff8d04fb99224698f897055c2fb030dad8745db96949b307bb,0.1,6.466e-06,6466,5561,36,6466,6.466e-06,0.0,,,live
2026-10-08T03:37:18Z,0x5969bd1cf8498a4cbf1f34951d564298c4d4d777,0x17d6701f1ec0c387bd548966cd7772f3eaee97ece4ce8921202cf2affc62a8c0,0.55,1.217e-05,17415,16922,59,12153,1.217e-05,0.0,,,live
2026-10-08T03:37:18Z,0x59cc3d6a44035dc537edea4cf81c67e44eabff4d,0xa415508a55ea6944ea025feefb9e3fc2bcb9daf12c91f72f07421f6a8212a35c,0.61,1.006e-05,10068,4690,38,10068,1.022e-05,1.6,,,live
2026-10-08T03:37:18Z,0x59db6fd0e9b2c1a52899246e0324f5e80a37bd3a,0x28bb52af60562be319a98fb78c5ec1b91f7a87ac1fb0fe8997e2b2ab17f480a5,0.65,1.786e-06,23507,4025,50,17868,1.786e-06,0.0,,,live
2026-10-08T03:37:18Z,0x59e5c96280cb49e302bf1b36a63de44992b71e18,0x67a04ce8b3c3064c8a205a042fbdd2a9773012a9c70f40ea078b20971e7e4591,1.44,,,,,,,,,,dead
2026-10-08T03:37:18Z,0x5a08fb49d277780e3cda077729e22cc05df988c8,0x60ea62e34e1db483ab9b26757c4c792f43d6f41bc627486bbb3524b1c8131781,0.19,0.0002041,119237,507565,1282,204161,0.0002041,0.0,,,live
2026-10-08T03:37:18Z,0x5a0be9e475bd2b854bf5b27584e988288a3d1777,0x46718ee7167d686735fee60a6fb1e993a6272ff0c255925cadcadf2299643d04,0.36,1.92e-05,21862,20876,74,19170,1.92e-05,0.0,,,live
2026-10-08T03:37:18Z,0x5a68612d94cec5cbbefe25cfeda3f2c64f4a7862,0xce99da6b887cc5cf93c614bdb08bfd749e85e92a61c5fa987152bd7d16cbaded,0.69,7.739e-07,15478,0,2,7739,7.739e-07,0.0,,,live
2026-10-08T03:37:18Z,0x5ade37a5cb6ceb365e660ed7e662687f95717777,0x49ddbd93831d72d7023037b4d472dd6d5bb888d02555f97223380f054c9b6eac,0.35,0.0002091,48655,53103,214,47796,0.0002091,0.0,,,live
2026-10-08T03:37:18Z,0x5b63033690a1b82b55c10595cb6e20c2e24fe68f,0xe34be522edc412a84e2a8440a9b7b2e7ef169bce3d95d2c1d41de28137ffe932,1.38,,,,,,,,,,dead
2026-10-08T03:37:18Z,0x5b6ce079cd0dad8d0b7de3d73c8fdb5d63b093a2,0x58c684d51d184427521555e5fd8d2cd6c1df0798,0.09,0.0002046,85763,915820,4038,204627,0.0002768,26.1,,,live
2026-10-08T03:37:18Z,0x5b81efe5e0ba2b31c0ed843b908a2c45fe6e14c5,0x3416b8d8aa6ae642ffdc2f65165ff479d4bd3007,29.44,8.393e-05,58991,1303434,1478,51747,0.0622874,99.9,,,live
2026-10-08T03:37:18Z,0x5bd269137dca309f3fd6a799a979dfe4086d5c69,0xa2dec232f15f8e4662cbf18357cd8e9314df62552c61fcaeeb1903fbf973e2ab,0.84,0.0003051,45998,87580,236,69699,0.0003051,0.0,,,live
2026-10-08T03:37:18Z,0x5bfb6a1919b6564580986cbacdf5503506e4c64e,0x082865862734956894a84895982c54cb0fff72f67cbecdaf0173848c52a6ba05,0.98,0.0002953,149508,287503,319,295310,0.0002953,0.0,,,live
2026-10-08T03:37:18Z,0x5cad5e4c09a241992d1ed496d4a643c6c9567777,0xc54b14840584ea2e26ff78e1b4e8a6f3fd6c33d2a4cf438ee00166df621c19a2,0.69,0.0002508,53441,63115,236,57318,0.0002508,0.0,,,live
2026-10-08T03:37:18Z,0x5cc26eeb997bee043317e348d16b3a7d393d6788,0x9bcc4a154f4a266f17fd77374ed2a986070e6032a04cc67e9bb311b7225a5c40,0.07,3.844e-06,85495,1868502,4876,384495,3.844e-06,0.0,,,live
2026-10-08T03:37:18Z,0x5cd356c52b30fe9912feb3c201af2575420fa777,0x437685f6ada0ff0f02018a6ff4da26f5e713c4d6af253c56ce598899328d7aa4,0.59,1.638e-05,20188,18696,65,16355,1.638e-05,0.0,,,live
2026-10-08T03:37:18Z,0x5cdcc9ccdf88717af0b1dbda7ee24fabd1e6d125,0x4b0d890381de81b984ae5a5bc5f84af55f3ad3e2dd538b4a059f3fee1684479e,0.79,2.613e-05,26136,11276,21,26136,2.613e-05,0.0,,,live
2026-10-08T03:37:18Z,0x5d6532df153974cbd78051b21cc4370a048e7777,0xcb11b7c90bbe19fc70fb140eb1d94ef791c5cdfd992321860d0ce1315a216f02,0.75,8.116e-05,30483,6412,32,18545,8.116e-05,0.0,,,live
2026-10-08T03:37:18Z,0x5d98467c57b14f59b3540bca799c8101a2086b3f,0x02047db207e4212a5652fd9a0c32c4bb1cd89789,0.4,1.531e-05,7688,1,3,7688,1.531e-05,0.0,,,live
2026-10-08T03:37:18Z,0x5dc9ad6a0e7dcff98e1ad937dec6093444ef7c51,0xa2fea17434aa1f4affe17f19281e23904bb1421cdef87251ac39dc77221d88da,0.86,2.617e-05,26171,3,5,26171,2.617e-05,0.0,,,live
2026-10-08T03:37:18Z,0x5de9a733d7bec3bec0050020896c40056bff174a,0x8fe741ef9dad75a7a6fd5c16a5311e6f204beaf73a14d8c57d15b601b01b6e66,0.78,5.593e-05,19660,7087,30,12774,5.593e-05,0.0,,,live
2026-10-08T03:37:18Z,0x5e18d72754b0bfb1ae3e83a98b7e4250a57cf153,0x84d11e42ce8ce976d3197f7ca94c2ab7a75afefabc26cbe602298d410a126109,0.83,2.263e-05,18383,882508,3129,22636,7.152e-05,68.4,,,live
2026-10-08T03:37:18Z,0x5e3b659a6edc9096735f6f35111dec3ef269cc1f,0x20301e40600071bfd41566efb30e54d18d24355173d4f94cff775433d1393194,0.82,0.000292,44947,106458,235,66701,0.000292,0.0,,,live
2026-10-08T03:37:18Z,0x5e4baff90fb3114436bd211a69f8d4928eda337d,0x7ad36e04d1181fd21d62d64d6fac284c855f2e029904f2f13d62732158356fa8,0.3,2.065e-05,31662,22966,256,20653,2.065e-05,0.0,,,live
2026-10-08T03:37:18Z,0x5e7397dedf42ad1c44cac5873678a13ff8fbc777,0xacc9bc91c050b5259b0f20e248f72515931146a579d9811ecc71d20ba1501577,0.38,2.435e-05,24571,45228,158,24302,2.435e-05,0.0,,,live
2026-10-08T03:37:18Z,0x5e92788f798645b090823c9f538dce96bcb37777,0x7111476ce208a85c9c5f772135c9ac8438c49700fb5d8935937b9a1ad4ecfd38,0.85,0.0001353,39533,27659,123,30914,0.0001353,0.0,,,live
2026-10-08T03:37:18Z,0x5ed8e0d69849a0adb4307c9ad27942a070eec026,0x3abad5d635f854bf8ecb26ad77570d6ca3e4c7448d3ee4ce48143de6b66c24a5,0.57,6.44e-06,6441,5508,33,6441,6.44e-06,0.0,,,live
2026-10-08T03:37:18Z,0x5f521b97284e0da55dcc3babbe0ecd9e36c44539,0x8162b0e937d68ae42673ad454144554d2b80f42b,1.79,1.447e-05,7189,13,11,7188,1.747e-05,17.2,,,live
2026-10-08T03:37:18Z,0x5f522e6b27ce29399b2c13a8b292312edd6575ff,0x7908833e7cf7130c41fedf5f1db2a05362961ffe,0.64,1.514e-05,7597,10,2,7597,1.514e-05,0.0,,,live
2026-10-08T03:37:18Z,0x5f547b7385273f4a1ee77395f805f03a6d6c7974,0xe432994f04f30c408d4108f28939a256c3136927c27534018db4dada0fb4adae,0.46,0.000224,39049,78368,235,51161,0.000224,0.0,,,live
2026-10-08T03:37:18Z,0x5fbe1ed4eabed583c126a6f75008915c8bfc8777,0x54f84e7a5672836a991e38a0fee1d2bf6a788965212cfb0e9adafb660cd0cacc,0.7,2.488e-05,24968,44161,160,24834,2.488e-05,0.0,,,live
2026-10-08T03:37:18Z,0x5fc591225f1f20c08c3c59fe25826f6a36e1d168,0x47c396bf4a4dd8d811afd20ee0eb1451f6c9055447a260b4f681d8c1f79d812c,0.22,0.9697,96983982,1000001277,1014,969740435,1.0,3.0,,,live
2026-10-08T03:37:18Z,0x5fc7eddf3e4628856b31f5bd7acf153340511e18,0x77840ff6b8d10ffff8d0da422059fe5c14977e2413b6a2f3ad8325f58d36379e,0.44,2.01e-05,20109,2628,69,20105,2.01e-05,0.0,,,live
2026-10-08T03:37:18Z,0x601609f7fa408b45584e8b97cf01899c8d5f6a26,0xe13a79383ba828bd6a7e41cc6900f854f349eb20cbad8c46d5bb086dba277977,0.09,8.119e-07,15845,192,10,8119,8.119e-07,0.0,,,live
2026-10-08T03:37:18Z,0x6065a2cf11506cb4b730b0ae71a8ef2dd7a2f3d0,0xb2ff3bbd2631aabb81ac6d3ae8d19f1249e40ab66ec85f209af578edbb08e0c7,1.38,,,,,,,,,,dead
2026-10-08T03:37:18Z,0x60c928dd6ed590d6cd2dcf4f72818f5d0b7f43c6,0x0f909ff597636116169e3f9fdf3104b980cd9c2061b208ee87c247a5fc75a5e7,1.43,,,,,,,,,,dead
2026-10-08T03:37:18Z,0x60f94da7577cd0a193a96fcb726fcf286adf6777,0xe81f5c82a3b6582672663f04fdc108fc0c1a56017483af25e5dd518eff548bd1,0.17,1.228e-05,17518,10161,30,12260,1.228e-05,0.0,,,live
2026-10-08T03:37:18Z,0x610c4cb7265fc698d9eb6e7e258e8d512a914777,0x0eee2f7578e10231fd8a49d86b898d2ec04c131135ee3dbc311e03fb793a0f9b,0.06,2.093e-05,22886,54043,187,20894,2.093e-05,0.0,,,live
2026-10-08T03:37:18Z,0x62af20934fa020340cc55b365e0ce59f9ce4ce5e,0xa9da181ec55b03c77a7daa393a16a41e9d6f02d07c3c1f3b6f3dc252065cd80f,1.34,,,,,,,,,,dead
2026-10-08T03:37:18Z,0x62cbac49be268d780d0f48ba97d16289d0acbfe8,0x0b51fc34e5a104a4ac4cb7689becc09d1e8217e9209849ff093e666a6e5f2b0d,0.28,0.0002367,40160,74146,236,54082,0.0002367,0.0,,,live
2026-10-08T03:37:18Z,0x62db9d2f9e35a4687e27ce5eb6b5d3fa125506da,0xcbbf361261d0bf4061949c5815665836ce737432828969dd9d7f33f664d7ed7c,0.39,5.037e-06,5038,11561,96,5038,5.761e-06,12.6,,,live
2026-10-08T03:37:18Z,0x62f2697ff34c51b720001f09aa956a17f108e902,0xb891a3c333f4f68e2c7c141b87e5da843a0497a78c6faf3a41b23bdee97b3db4,0.3,0.0003317,47554,96947,233,75766,0.0003317,0.0,,,live
2026-10-08T03:37:18Z,0x632698d6b8c488d843e246116ba0c1d97c953fc4,0x2c833b7ebdf179e9d720394d955a0d45f6e3f3bdb0fbd1de8fde4c17a438dee9,1.42,,,,,,,,,,dead
2026-10-08T03:37:18Z,0x63c12667638f2ae6fc6ae09b43d98ec84a8586ea,0x8315627976cab8bd937eb53d44d009e265d0e4dc,16.17,1007.82,113876,135132,523,6373370,2791.43,63.9,,,live
2026-10-08T03:37:18Z,0x63d15a000d350e0b9a3c3d6c2971db97be15f36d,0x95588781dc4c2a504bf6ff913443f8e5d370c755c1f2ad25b0e3e30d2f7bff47,0.52,6.426e-06,6426,0,1,6426,6.426e-06,0.0,,,live
2026-10-08T03:37:18Z,0x63fe11730a977a6e1638109a9f2821cefcef390c,0x66e66caf2fe368188f4d3c2a8770b6cf1adfdd66abd992698d2e2eed7bd125a7,0.15,1.14e-05,10025,69093,849,11407,2.3e-05,50.4,,,live
2026-10-08T03:37:18Z,0x64877c3da8f0ec25ee273a3b84d2e34975d0ca16,0x1a58e013da7c7a1788e098314d955901ebc77beaef9e1441f52173e856431a09,0.35,2.85,30912,555666,7586,95033,4.55,37.4,,,live
2026-10-08T03:37:18Z,0x648fd617a205a04a988b6e981803922707ba3c82,0x69bcf36c66ed24c678e727bded787549e7029dc9995c7c74feb0c5a9069b5861,0.15,0.0002866,44171,78941,236,65470,0.0002866,0.0,,,live
2026-10-08T03:37:18Z,0x64c3f04c0d9895e0aa921599a6c3d0b40f85a477,0xea928462fedae0e1c4a8942a6d98c15e37f3da66,0.76,1.505e-05,7519,0,1,7519,1.505e-05,0.0,,,live
2026-10-08T03:37:18Z,0x64cca457414719ce2bd5fdccf48de7632dc79a9f,0xfc3d1eb72217f88da3efbf596266d4cca0bafa35,0.07,5.37e-05,7957,41376,318,17901,5.934e-05,9.5,,,live
2026-10-08T03:37:18Z,0x65115a478105a759cec41cacf3d06d055b09544c,0x26b6e47f82c2cd01e22a91e877cb139f90921e43,0.18,1.609e-05,7,556034,2184,16096,0.000164,90.2,,,dead
2026-10-08T03:37:18Z,0x652cda50cb18ada98afe9495c99150d1c39a95be,0x0df5d4302711311ccc9c13c9ff35f10f08f42549d5dbe41bb760ba316acf371b,0.51,2.567e-05,25676,2,4,25676,2.567e-05,0.0,,,live
2026-10-08T03:37:18Z,0x655795995ea66580c1b97db6546c658ced597777,0x84aaab69fb55c15a248890facab252e4362f44bd5e218a2c2d0c13a6d2c10f02,0.74,0.0001055,34772,16783,78,24121,0.0001055,0.0,,,live
2026-10-08T03:37:18Z,0x657bc2b091aef9c81e4d223ba7b65f9e7185e777,0x0168404bb70145dfbd7ed2ee23838d993eb7494e1704cf5ea10b2cb999684ffc,0.4,2.463e-05,24751,38031,136,24587,2.463e-05,0.0,,,live
2026-10-08T03:37:18Z,0x65abf4025c5bd0d0c1d64e4c0dc050e7908915fc,0x0ee1be8723cf069b94fa6f45cd197b0be4bf2d85072cbc1352493b2f9a5ece3d,0.53,0.0002826,43752,82653,235,64567,0.0002826,0.0,,,live
2026-10-08T03:37:18Z,0x65f663606303c891a9aa4d12b6ef5f193c269309,0x34af05d28d2323c10c614551c93d413f0ce3db92cd4eb0b47f1016e61bc468a9,0.8,0.0002628,139702,199267,387,262811,0.0002628,0.0,,,live
2026-10-08T03:37:18Z,0x660ccabe9198f64f30ba3d1672eeff79ee30c631,0x5e94e6e8630e3c990d1dffa727e5ed27b699ba385297ba4ccb9dd9a390edceec,0.34,2.3e-05,31388,20460,205,23003,2.3e-05,0.0,,,live
2026-10-08T03:37:18Z,0x664cccdd08bd624b6e139ae07e934a2fa700e19c,0x1abea97d99ac183f9c213eb99fbaddaadd81a7703ee4d414c4d57756629b849d,1.47,,,,,,,,,,dead
2026-10-08T03:37:18Z,0x66783620a377abea3eadc8cfc2242d089059be17,0xe60d248e5c9158ddce4b36adebcc9c141df1b783ace0baab4fa3f92ade86b94c,0.2,6.602e-05,21184,9277,30,15081,6.602e-05,0.0,,,live
2026-10-08T03:37:18Z,0x669c75c7c1fec235110e7273c81c2dc5fe81711f,0x69c035486d8d430dc5c8b2639eff5fa279506f7753506948936825712a9b0efb,0.26,0.000173,34312,47473,143,39534,0.000173,0.0,,,live
2026-10-08T03:37:18Z,0x66f9227172c17a10244f2f1dc934bd884e4d4805,0xa52a7cc6ae89e4b08040afc1a6499f82bd06c30cd963900415cc325b7af7d1a5,0.69,2.579e-05,25798,3,4,25798,2.579e-05,0.0,,,live
2026-10-08T03:37:18Z,0x670fda7a1d3295da64abce09373c63c3c1cd54b9,0xebfee9a10bc2c27c2c2049adb4e8401050f13cd5,0.14,2.399e-07,0,5957,63,,0.01127,100.0,,,dead
2026-10-08T03:37:18Z,0x671cba7b3f32caf831820ea7f72d1b2752d07777,0x310819b9838b19143cb12ac5c459e64f8003ef5bf71a3e8b7469291bcc952a3f,0.56,0.0002438,52550,62191,230,55710,0.0002438,0.0,,,live
2026-10-08T03:37:18Z,0x67891ad66ed758e54dcbe527a095e5e49e5d1e18,0x7da394e476c16b7af7782ff52c1d3d425c4f1495c92c6326696515b41ace0d05,1.39,,,,,,,,,,dead
2026-10-08T03:37:18Z,0x679940887670b22a2ff51512997b9721641b5942,0x653434f47ef89b0a4b5a0a0579de141bec38ac5a08155d675b3be58c0ec04b2e,0.78,2.632e-05,26326,110,5,26326,2.632e-05,0.0,,,live
2026-10-08T03:37:18Z,0x67c51c928d5d8383f3a58fc591a4e6f6463949ed,0x77d31f9362c1c9cbe18d091dabe7568ed8316fd27d2469ea11e41cbc9d3912c0,25.75,0.0002458,24590268,2189207,249,103424411,0.00026885,8.6,,,live
2026-10-08T03:37:18Z,0x67c9b7f4269e29daa0c7ab3d9f0307e681c955f5,0xc258757640498d2106fa6a13ff46a505b50774f2cb1a8685173b48abf7725081,0.34,0.0002581,41882,83312,239,58961,0.0002581,0.0,,,live
2026-10-08T03:37:18Z,0x67e083909d6c38130c0e0fc0c90fd0115a2af39f,0x9db24cdfc68ff89290abad27e9a4931d01b92df42e9d79b576674a017293b724,0.64,6.48e-06,6480,5410,31,6480,6.48e-06,0.0,,,live
2026-10-08T03:37:18Z,0x67e9c8e87cef28ffe1a3e13c7082c64d96517777,0xa6d784289e7eecad5ba2edbbb43ed1eb9b9b2247bb857f7db43e52e8e31f015a,0.76,0.0002051,48567,61154,232,46882,0.0002051,0.0,,,live
2026-10-08T03:37:18Z,0x686ef4f48a081d2a150cee8303c8e1079dd14d7f,0xcc26d0b2e1f380d10212aac555222fbf32af9e44e64bb553c85c8a6142ea5394,0.86,0.0001308,90858,165936,400,130830,0.0001308,0.0,,,live
2026-10-08T03:37:18Z,0x689d8ac41e0da891104c6f9cb155882bcb9341a2,0x7e9bf733107418d5f9369d2f46a175d9746b75733d743bb0c853ea766062074c,0.98,0.0002477,41380,84086,198,56589,0.0002477,0.0,,,live
2026-10-08T03:37:18Z,0x68ba83b09d503ca977f62496dd2aa65e49713419,0x294484b73eda3c34d7aafa2955f9e003b63a6149888174dc849f948336a87d28,0.53,6.226e-06,41607,73794,262,62269,6.226e-06,0.0,,,live
2026-10-08T03:37:18Z,0x68f59f8b411a22c2c1aad520f1798dd9444c8374,0xf6a89196c9c451c336c6fcc583b81f1ee825fcdb02314a11a7b1dabdde452d47,0.66,6.567e-05,56483,20363,50,65671,6.567e-05,0.0,,,live
2026-10-08T03:37:18Z,0x69066104c208e6fa66f3a432551a20be7443f507,0xde4df4ca497182bdce0a2385ef01f4a45bc5d6e12daaa6c46890ecc048a5a3ec,0.53,2.904e-06,5065,37542,676,2904,7.771e-06,62.6,,,live
2026-10-08T03:37:18Z,0x69432c4963eea41676fd76356c7024c512be7c0f,0x40a4b4bd365e4b7e9d84863730aaf91b07ab1fcc04dd8874f22691d5cfef5d7c,0.96,6.405e-06,232497,9621978,10545,640548,1.417e-05,54.8,,,live
2026-10-08T03:37:18Z,0x6946659d5510c9ef1ed54af8c2540c2044f354b1,0x484ff275a7685ffabd5c689dc4015ddeed38a366745c2be7bca917749eaf5673,0.44,2.567e-05,25679,5,5,25679,2.567e-05,0.0,,,live
2026-10-08T03:37:18Z,0x6946cc56aa804db4a1f891583efb8a4d8002faac,0x601d5227be714cabfae1c8fb00707ca54ed0ece25c31ae3d8f5d8257ef188fa9,0.6,1.208e-05,11778,9922,158,12081,1.959e-05,38.3,,,live
2026-10-08T03:37:18Z,0x697322b21d5fff368613fcd8a087f4c57acc5f27,0x396d534889bed7d25901b6eb893495664700493fc9c813b01842575064cc8504,0.56,0.0002922,44552,100342,235,66739,0.0002922,0.0,,,live
2026-10-08T03:37:18Z,0x6998d13d21e1ddf31d063c3bfe8ac755317e1777,0xa2cb2c80b43fcc035325848e962b8d87d2e9470b8b8396bce450e0fe7dea3176,1.48,,,,,,,,,,dead
2026-10-08T03:37:18Z,0x69afbd999595f6beff924bbcd8d65ed139355777,0x27a31203a24202dcfb41a140b0804c92ea6ce32400a3e5e422d5c961c6c0a13e,0.6,6.865e-06,13074,1866,8,6852,6.865e-06,0.0,,,live
2026-10-08T03:37:18Z,0x69f045c79e398b78a8310e21ef5bc287ed3d47d0,0x899e5f516c9442df1325564ce3cd99a73551295779316b6165fe285496822519,1.15,2.836e-06,4997,4176,124,2837,2.532e-05,88.8,,,live
2026-10-08T03:37:18Z,0x6a289508b27eb310188f9e5ea21a0233dd671e18,0xb5a00dda09d7c60f0c0038c433a474de9fe9b094381ce6fdd1c2c011741ecfc5,0.42,2.012e-05,20132,1815,66,20129,2.015e-05,0.1,,,live
2026-10-08T03:37:18Z,0x6a3655f961764ce4551724f03ef5d5b842a4846f,0x10c58dd88c5586418c3c696c2180df09a53cb63940d11ebee5412cd6f5ccdd78,0.59,5.952e-06,40485,54477,237,59528,5.952e-06,0.0,,,live
2026-10-08T03:37:18Z,0x6a5d8e2fa64012b8ef16cd13f56e4ac39297a7e5,0x7c4702ef52dee5982bf9d6bc96f11c2b085e914810a0ba17fb32d6e6995a63ef,0.94,6.597e-06,6611,45747,1323,6598,6.597e-06,0.0,,,live
2026-10-08T03:37:18Z,0x6a6a57d1e94eb586c5b505a1c81434bda3d6ed97,0x104b7921a26f5b6f63068475ff20634c46f8df8a0eda01b04ac5696e4ba849f3,7.58,0.01298,1302179,11,3,12987824,0.0223196,41.8,3,False,live
2026-10-08T03:37:18Z,0x6a9a8eac1e9f7aeb3e0217d0039ca60387557777,0x44bb4fe1ce3bbc1240204a599f374840efb2644da981c44290daa6c8345a7ea1,0.64,0.0002278,50933,55521,203,52064,0.0002278,0.0,,,live
2026-10-08T03:37:18Z,0x6b1ca238f17dc760d4be485fd13721aca83c5191,0xbd24f3ce90d427bbb76cfced38eb8026d8efa004,0.52,1.511e-05,7586,17,8,7586,1.515e-05,0.3,,,live
2026-10-08T03:37:18Z,0x6b68837acb1b6b2415059f9f7290ca4c3e598593,0xa28e7c34dc2b02559d2ae36db1de48eaa02e30776fba4768131d6898ab188378,0.6,8.464e-05,23980,13116,52,19333,8.464e-05,0.0,,,live
2026-10-08T03:37:18Z,0x6b8d9d581e4157547b86e6b2403e5164bfab6691,0xec4cd4fc78c1e6ef9759dae1c4aa5a657705b7c3dac24b9a5e266adad5cae6c7,0.93,6.594e-06,6607,20509,265,6594,6.594e-06,0.0,,,live
2026-10-08T03:37:18Z,0x6bd363b1ba4e898262f248b4aea570d6ecf0a777,0xbe923afa5d673553b056a82ea8683053bb513e598507ebef99cefda70e76f495,0.07,2.595e-05,25501,52123,174,25908,2.595e-05,0.0,,,live
2026-10-08T03:37:18Z,0x6bedacab9a1a620e6fb6d9b42536fed1181b198b,0x9304584b3b1bd43ca41112599cb58ace025e7bf4,0.39,1.507e-05,7565,1,2,7565,1.507e-05,0.0,,,live
2026-10-08T03:37:18Z,0x6c4982bf2e7484f8f8c45b90f654f2c21b4f71b2,0xbee880d9aa13e5fa06466c076cfd9bee40c056eb7cbfec842837e231ba73ec78,0.42,0.0003649,49725,113190,230,83354,0.0003649,0.0,,,live
2026-10-08T03:37:18Z,0x6c4f7472deaba2d2fd37a090a757f456eca8c154,0xf903f70ede0b6775ebeb6815ea5edef220903ee0c5795d04508a27bb7e49d1f5,0.39,2.56e-05,25606,3,2,25606,2.56e-05,0.0,,,live
2026-10-08T03:37:18Z,0x6c658af6b9188de4d562fd5724ae5e32c20ce222,0xb1da5071855366c34fa096ea02844cbaaa871399fd03ef00a682b15fe7c46acf,0.8,1.815e-06,16982,5458,43,18154,1.815e-06,0.0,,,live
2026-10-08T03:37:18Z,0x6c77f9f5449d3ed17c14782958f18abc56347777,0x42cbc7ae5dc1f3a310656d7933452060a250f8c18e552f4c59e702401f6bf75c,0.19,0.000226,50622,61711,232,51639,0.000226,0.0,,,live
2026-10-08T03:37:18Z,0x6c90d47312de3fd0be4e49e163dae1c0aa0801bb,0x1affe4f01a0b655a97a20530bb33e1a8816027829842dff2b0d9a40082bc3d7e,0.31,2.751e-05,30681,30411,255,27510,2.751e-05,0.0,,,live
2026-10-08T03:37:18Z,0x6c9e27893d2861c507107abd2c8a64080e1a9d88,0x485793011d8911515e5318a325561430ea632e14cfa7ef22d4e99d1403778570,1.07,6.518e-06,6544,38,3,6518,6.653e-06,2.0,,,live
2026-10-08T03:37:18Z,0x6d0dcabd5088b4a422343d30b8946925ebbc5f63,0x34e4891bbdd0c9cc97ac08a4aa167692cf89934e6c7b15fe4377fcbcd5d88a9d,0.76,2.606e-05,26060,3,6,26060,2.606e-05,0.0,,,live
2026-10-08T03:37:18Z,0x6d21e58868667d89042305e30479be7a72e118aa,0xc2d696995cd791d09bf4069f38cdb7860320dc501738ca1f5d7d8a41987e6fab,1.68,,,,,,,,,,dead
2026-10-08T03:37:18Z,0x6d900825b3be5da55f8169443c0fa252dcc72617,0xf577d081a825b31fbfa98e34f9558b32a6710a2d467a487de86cbe25584729b9,0.51,5.946e-06,36884,55314,237,59467,5.946e-06,0.0,,,live
2026-10-08T03:37:18Z,0x6e6c012e69a02a7650469f153226db1f0f1291ff,0xfacc1e76b7e0ce6b6130d394513308a56e309a2e8a0c546cca6eb9994be1c2f1,1.51,,,,,,,,,,dead
2026-10-08T03:37:18Z,0x6e8cfb1cbb448975bc0a9e86cc21855e40c47777,0xad7a88a1143d59a0b2422ddfbe02b437ac30dc2ebc311fa89330246514d22683,0.78,0.0002383,52420,65257,236,54470,0.0002383,0.0,,,live
2026-10-08T03:37:18Z,0x6edd9780f299a4254ef7825d81d96e619901ec04,0x6e77b251aa666a665d5f4493a26e6a476450fbfca028becec209800c00f2e337,0.8,5.946e-06,49862,53727,383,59470,5.946e-06,0.0,,,live
2026-10-08T03:37:18Z,0x6ef7f26724a05a3850d016c9195a3400ff8ac690,0x691b8b4f82d43b8b92ae2a04f7bfb2dce0eb589c,0.17,7.166e-05,10,364451,901,71666,7.166e-05,0.0,,,dead
2026-10-08T03:37:18Z,0x6f05859b9042fa9d4f3183938d1ef1b606f5bc47,0x1f4a88c9a6d595894d20712d989ec3889b420907cde2d5d945d65b0ad81c6b0e,0.97,2.611e-05,26114,2,5,26114,2.611e-05,0.0,,,live
2026-10-08T03:37:18Z,0x6f13764e0d21266947b01beabcda48c966b17777,0x3399764c1027e16176669ed6b75a60d9ecd9d64ef6e56da9d59043994e50279c,0.55,0.0002083,48571,60352,235,47616,0.0002083,0.0,,,live
2026-10-08T03:37:18Z,0x6f165e63d613d3203322f52f7e5975fbabf94459,0x6e3a5377c3e6460c253eacc41f00e637c96b5995104233b74e0955c2526a1625,0.74,2.556e-06,28232,22742,107,25560,2.556e-06,0.0,,,live
2026-10-08T03:37:18Z,0x6f289f5d9adc13ab5865bc4570cbcfe5622eeeaa,0x856e305cc422ad24aea4f4b1c092d0221fb05d6400ed6d070bef1dbd0459a9bd,1.47,,,,,,,,,,dead
2026-10-08T03:37:18Z,0x6f4fd4dd91896a71d2c79fae6ff7e8b19d253d34,0x61a0d40ab85e2bc0ab1289d87033c6f97b6e1573,0.43,1.512e-05,7589,0,1,7589,1.512e-05,0.0,,,live
2026-10-08T03:37:18Z,0x6fc413272f15f1e0e44eab05d859b1f06710cb5d,0x8d0cb30bc496091912245d2aaf9e56d9a706ed2f1ae28971bea4672aadd0c516,1.44,,,,,,,,,,dead
2026-10-08T03:37:18Z,0x70087c3b47c67ca7b9aa6af2a03fb364ca5a6cb8,0x97f630c1f950811dccb48ad81ee57231da4d4ac4faa1719356b83e74ce2963eb,0.38,5.066e-06,5067,50,2,5067,5.066e-06,0.0,,,live
2026-10-08T03:37:18Z,0x700b1079f1787a7ebac3adf3e8b9190b37b11f44,0xddf04f033d377afe61ed8f219b5bd02462a20a1c1d17ad7d2b469516d41bfc36,0.94,0.0001423,88170,306100,888,142336,0.0001423,0.0,,,live
2026-10-08T03:37:18Z,0x703f58382161e8b7fbfc41d0fd21d30feea80e32,0xa276ee167fe3413480acdff6f683391370853f670d153020b5d46a08b2af1e6c,0.65,2.181e-05,30050,17700,205,21818,2.181e-05,0.0,,,live
2026-10-08T03:37:18Z,0x70779bc02d0e61b6a01f647f246cbc92093515e3,0xd2c8fc57f19ab14abaa402f5c6d9eef3c23a8746ae8e3f276a604c5fb5fcb9ef,0.07,0.0002418,40632,74455,241,55232,0.0002418,0.0,,,live
2026-10-08T03:37:18Z,0x7143a00b24faf845dc7decf5ccfd2cc5ea9c7f7c,0x6dca94afe306d3615e92f3507d5cd37d6de3dd356441fa7fd8ad1f433e640598,0.4,0.0001578,32706,48678,166,36050,0.0001578,0.0,,,live
2026-10-08T03:37:18Z,0x717d38587504b79e2e888c860bd1569c0d5984af,0x8da021f34c2f2a95696c4fd842b0cd0cc4e18468,1.46,2.787e-06,2902,21198720,37014,2787,0.01924,100.0,,,live
2026-10-08T03:37:18Z,0x71d2ff6261d5368cfbdd01b82a0746807999acc9,0xb80e1412b7a07bebf2a635169cb41886f823e950b7fc4b286c2b0118a28234f3,0.39,2.557e-05,25579,3,3,25579,2.557e-05,0.0,,,live
2026-10-08T03:37:18Z,0x7240b7baa4f985784c1152086829da541f18f777,0x5abeb3358ca7aa8067dac3edf1727496706a16d5a6fe453243cfb93f08e0814d,0.43,1.563e-05,19746,21181,84,15603,1.563e-05,0.0,,,live
2026-10-08T03:37:18Z,0x725b0a304b4b0b5e2d30a843e0935e82849e8375,0xd96d65ee72ab4c6cf3cf7f671621c058404cada4cd006d43714ddb75b95e208a,0.18,7.381e-05,22391,11103,39,16860,7.381e-05,0.0,,,live
2026-10-08T03:37:18Z,0x72d8414cb32e2ff2ca986734f8a6721e7339a777,0xdab45d89d257db92b29488166d9d4dde4681e06436a17def020128d581be7d7e,0.59,2.843e-05,26622,50045,174,28376,2.843e-05,0.0,,,live
2026-10-08T03:37:18Z,0x72dc556fff14115c077a540921e5f35499a4dca7,0x36ab7cfb4cf0a11e38e8c640494db163a3beeec1b23e7afcc48d8e1192e0601b,24.75,0.0006175,73714,32338,791,617528,0.00341706,81.9,,,live
2026-10-08T03:37:18Z,0x733c4b3af12c0427968e2729e600b1a1837fdbfd,0xe96126fd22217b876f6580505897eff2d9c64f182acb4640ad0c49280410b6c0,0.81,0.0001281,29773,44872,165,29257,0.0001281,0.0,,,live
2026-10-08T03:37:18Z,0x737ea86e89cc249aeda569a42d2f0da2f6fef777,0x6c915168e67321374981a267558b8e87008fd4d438b14ecd63730c3561fdab5e,0.47,1.285e-05,17909,5623,19,12830,1.285e-05,0.0,,,live
2026-10-08T03:37:18Z,0x73981abaf2b85e1627972dc9fab417b25eb7c1db,0xae7e4e418286b87be40ea3dbc5b832d5182b54fa7986d761be9f821c987e353f,0.69,0.000332,47614,102914,234,75833,0.000332,0.0,,,live
2026-10-08T03:37:18Z,0x7398eb65e6ab210f351c23fd3ac783e7f7f3f777,0x531dc014f6b9ac8eddc9d770211053e6a4cff737295e80b75aa5ddcfeb266bf3,0.17,1.992e-05,22326,45465,172,19882,1.992e-05,0.0,,,live
2026-10-08T03:37:18Z,0x73a6bb9e6153824783f20679e2ead5d9fc6610e3,0xfd8dd38223f9aa824d77f1b4dfc6f34e495f1b765a91d92743b133300e615a90,0.1,0.0002927,44726,79211,243,66859,0.0002927,0.0,,,live
2026-10-08T03:37:18Z,0x73e4e4065cec9a4bf2c14fdbbe540ac1ae032b2b,0xaa422007f754084f97021e06bb555f031c46a328c86e90a267b7613e02dc3052,0.65,2.181e-05,27332,14160,165,21818,2.181e-05,0.0,,,live
2026-10-08T03:37:18Z,0x74577e8ff3265eca2036045f8321c2510ca23777,0x4e7720315673bf06772b1895c14a58d94649fe9d621108be1d4c79a7dc0f37bc,0.53,1.787e-05,21091,37518,137,17838,1.787e-05,0.0,,,live
2026-10-08T03:37:18Z,0x7463f5a7f3ec0610c04aaa1111d76198737c7777,0x51aa1ceb214ddb4693be9e2b95cc64464822b39929e8c5877e86eab64a854fd9,0.66,0.0002544,53751,57327,207,58134,0.0002544,0.0,,,live
2026-10-08T03:37:18Z,0x74685e9f08adb9d746bc38aec229ce303ca02fe4,0x6f8160be28a1dcaad942bf4dcb01c86e2ea78e20ee90278eee953e45a93ecb0b,0.61,2.561e-05,25611,1050308,2644,25611,0.0002017,87.3,,,live
2026-10-08T03:37:18Z,0x74a7265605e205683e21a4e4b255dd534e5b7777,0xba7008227f2360492c1f6657b19e5e67de3fb04b8a3571f1a0e0de09d697e4c0,0.65,1.801e-05,21235,27374,116,17977,1.801e-05,0.0,,,live
2026-10-08T03:37:18Z,0x7520baba0fd3a2e36bbfcea4c2cf48545babdeb2,0xa39f63ed4298077db3f4bb4a129f6c1cc2e2506d40e4b9d2496a1988d396b64a,0.77,2.372e-06,29446,22423,108,23724,2.372e-06,0.0,,,live
2026-10-08T03:37:18Z,0x753569c0a5fd72a9e0a433b7e91309f096200a40,0x13fe32afd7391f1bbaef157c80d1578624d158b262c5f13b2390abb131a857f4,0.4,2.55e-05,25502,4,4,25502,2.55e-05,0.0,,,live
2026-10-08T03:37:18Z,0x75500075a6cf144efeea543abd740ca3cfadba85,0xebfd0cadee45c0949277d3d20ecb198c1f76dbfbf9c096887b356174f83cb3cf,0.08,0.0002636,42447,76448,234,60227,0.0002636,0.0,,,live
2026-10-08T03:37:18Z,0x7586e7fcdb6de2257b2419f2e0f481cd735a4fd4,0x627f39d91fa748d26a717461f0d9f5f6b76e5b327a2c4821b3eafcab87a3b985,0.71,4.672e-05,43634,11788,39,46721,4.672e-05,0.0,,,live
2026-10-08T03:37:18Z,0x758b1d88270709b6b2c98572b65f02db8c2f8978,0xd65a85403b23513de4ffe4311a33aea6bb34abf72bf3c83b2bea362dd207a518,0.74,9.927e-05,26114,24879,75,22674,9.927e-05,0.0,,,live
2026-10-08T03:37:18Z,0x759c8f52e76386ebc4eb376dee516a2babb025d1,0x39a0185dadb20e3d93df38a13abb2a7f271d8a603341584f1bac1f2117cbe153,0.35,0.0003658,49831,117816,235,83559,0.0003658,0.0,,,live
2026-10-08T03:37:18Z,0x7610d8a001b4de4bf089a53d9644da51a0cb18e0,0x162c8deefbd3f8f018a5ed801475cfbc5e2d38775d37ba1e417fec313b7f3fa4,0.52,0.0002438,40674,81200,239,55691,0.0002438,0.0,,,live
2026-10-08T03:37:18Z,0x762394d9d8eeb1f86ad9e580d7658da560f9ed13,0xdbf7a15ec7689d7a9e4b0aa43962e55c44679f85fbce15bdccda051195b98b71,0.85,0.0001295,83246,309070,883,129596,0.0001295,0.0,,,live
2026-10-08T03:37:18Z,0x7628fbefaead7bb63c3b6fef72572a3c0a32f777,0x328c88ad4383871b817254835c8f58d56cff47f3c2e3d0a3bab120d5fca8e1c2,1.43,,,,,,,,,,dead
2026-10-08T03:37:18Z,0x762e37ec55290582ffd14e955e4404362fa85b9f,0x1ee25af6263c16d20dbbd1ee47d1600b4918ab05,0.6,1.513e-05,7598,278,73,7596,1.527e-05,0.9,,,live
2026-10-08T03:37:18Z,0x765a6c0f077c60705d2cf7637e06e1d2243c7782,0xb603af66095810932fa2ab81a77512b5b4d9d676920f1d4b9fb05861301a4b88,1.06,2.772e-06,4286,2153,35,2773,2.206e-05,87.4,,,live
2026-10-08T03:37:18Z,0x76643d7d0c4c63f15260aa81bf0510210c27c4cc,0x71d85e0d1b1c31ad806317315c23b3ad97fd8d6d9f20794d803397135b0333d3,0.79,3.492e-06,3493,7613,1566,3493,9.983e-06,65.0,,,live
2026-10-08T03:37:18Z,0x767f89ae183d7e670e516a3a3bfda171f46b24bb,0xdfb031019b97c227364f9bf5106be20e913ac4f80bd1191990e0b8771c792eec,1.44,,,,,,,,,,dead
2026-10-08T03:37:18Z,0x767fd7a419afcc288ca5c0454ac5fccb9f7aabec,0xea04003724994eafc903d55f2314c6d1a616d6b89cf1118983718de6937378ee,1.56,,,,,,,,,,dead
2026-10-08T03:37:18Z,0x76967c4d4a6352e1c769677947187293c95be8bc,0x6f78c17e2d1ff83cc0c9d4861d919c574d5c1d56539d18e0cfb39479e7382268,0.9,2628.08,1050180904,5,6,2628080341,2628.08,0.0,,,live
2026-10-08T03:37:18Z,0x7696ad598c5c1e003439cecea13dc740cc53ba0c,0x9903036bb7bf1412c7abed4d61aad4d262540629e084cd815b27e790e9c31087,1.07,1.082e-05,44015,55169,837,108241,1.082e-05,0.0,,,live
2026-10-08T03:37:18Z,0x76a6dede7aace5c16dbf8e44a084c2c03eeee069,0x38a25c637aca049d3ceb4ed06fbc2ba8d83adaefa9d3362ca4608d416ff82acf,0.06,3.184e-06,25270,14233,87,31842,3.184e-06,0.0,,,live
2026-10-08T03:37:18Z,0x772a93b6cd5519e48d487cf18083c59ff68bacf8,0x8cead83c1b2fa55decdbb9d99d66e24e091446532558d87a4545f5a5e6993b46,1.14,0.0002423,79362,53876,138,242339,0.0002423,0.0,,,live
2026-10-08T03:37:18Z,0x773d67db2af5971f0f9f496dc41bb3e0d029e034,0x288fdc9b38a967d74b46d395172f2e09be9f7dba2c41dce64ee1112cd982395a,0.86,6.607e-06,6620,32803,439,6607,6.607e-06,0.0,,,live
2026-10-08T03:37:18Z,0x7758221543127cf0c166494e2d9f6d0c75393777,0x29e5011a7ab38287130772ca13a8d48f779d60a59b05183578ef3945531ca87f,0.18,2.326e-05,24082,54046,174,23224,2.326e-05,0.0,,,live
2026-10-08T03:37:18Z,0x77963dbf1143e409cceafef1fd05107b5f72926c,0x00c04dc603b99222ceed4b082095696b68700e19bd267cbb96a7af85143c5465,1.19,2.223e-09,4,8,3,222,8.402e-06,100.0,,,dead
2026-10-08T03:37:18Z,0x7799d3e74d7f2b0b5a418c9f4a9c1ad35e54036e,0xfafd823d5c0abf535c164fcbb9dfb5e9fe692935231211fc29bfbe6ecde57a8f,0.22,0.0001455,31443,50792,135,33239,0.0001455,0.0,,,live
2026-10-08T03:37:18Z,0x77a29a02771fab60ae2ca02b4d61adcbacc7d876,0xa7833d3ef2db26d91789eeec005b92537c2bfe072371399831e0290221802b12,0.96,0.0002775,43754,86131,236,63389,0.0002775,0.0,,,live
2026-10-08T03:37:18Z,0x77c6d5a89a0440992bec05c0866e0ec630bfb09e,0x8230c86ff53a22953d47bb5c99e361cccb49677d84d72ca8ba00f5ae71390897,0.36,0.0003662,49851,114590,231,83647,0.0003662,0.0,,,live
2026-10-08T03:37:18Z,0x77da56eb6d3f509d16393cf365410fd2583b2b4f,0x54fac8cd5d50395ce7d0156d9a54094b231357d12bc6b84ab9c95e91719e36a1,0.98,6.592e-06,6606,31728,850,6593,6.592e-06,0.0,,,live
2026-10-08T03:37:18Z,0x785650a35682e2851177dbe6ef545876383208aa,0xdf0805f28af5a9b842fb9bc74218298e74c83e8514b867d33d1384bbea1ac07d,0.56,0.0006263,126900,233518,1709,12665,0.0006263,0.0,,,live
2026-10-08T03:37:18Z,0x786c48f5030fd15e5980f3bf6c2ab627c5243677,0x5c0ff38c4efcc0e5371e42d9e1b1bdf3ed43ef8815974f7d57df73981aba25be,0.5,4.412e-05,41617,8350,42,44122,4.412e-05,0.0,,,live
2026-10-08T03:37:18Z,0x78ac5273b562159af5a4765a6f0f2aba5478b8f4,0x6dc274b50e1c7eeb49be3dcc7018331318623b98238d472e9b2edfda01633f3c,0.2,0.0003113,46005,94212,191,71117,0.0003113,0.0,,,live
2026-10-08T03:37:18Z,0x78de019cf1c4808402f70d74046261b8f731024e,0x8e33e5018461d034390b71a98c8a6c01baf0b37eb7eb945030a2e56be0371b24,0.6,1.978e-05,30097,14884,205,19789,1.978e-05,0.0,,,live
2026-10-08T03:37:18Z,0x78f6172a45ea80bc33f4403f57b9e51f7706bba3,0xbc67a4d8ee23fa6122ba2714a7193d41a0f468178066e3a2365987ceeefc4ba6,0.08,1.014e-07,8626,2,8,10149,1.014e-07,0.0,,,live
2026-10-08T03:37:18Z,0x79207be092278951e08b060e2ae771e5abd7c953,0xaaeb9fbdded03b9ed70e9cee3c80e670d8f432535fa4da53dc3f95bc380693f0,0.92,6.686e-06,6726,86016,5000,6686,3.844e-05,82.6,,,live
2026-10-08T03:37:18Z,0x7931955fc7d6fbb117f96050dccbb5dcc2e76919,0x90937d08bff214522016bb6fb844600788e21d7a,0.09,9.082e-13,0,30968,30,,2.629e-05,100.0,,,dead
2026-10-08T03:37:18Z,0x79488f14947025b627cbd813e4cbcbf057e45b1d,0xcee7370711172c2cc7273b7608ad28e94e566af3823dc6a2a9e8dbf4e7510a0a,0.59,7.111e-06,6921,1756,22,7112,7.111e-06,0.0,,,live
2026-10-08T03:37:18Z,0x799b7f779ae060818cbcb68545456109c6fa8777,0xd293515e6bbd9fdffa1d7b9b25c5ebdcc01f746a84185d4198c28ee127dddee3,0.15,2.199e-05,23438,46944,167,21952,2.199e-05,0.0,,,live
2026-10-08T03:37:18Z,0x799f3db78b06cbbda675e74a975a6a4bbf6e0777,0xb520ee1802fa759586c6782d6d2ea3ccd88c7c33a5e5a0ad7a159376446d791f,0.77,2.862e-05,26938,49515,174,28573,2.862e-05,0.0,,,live
2026-10-08T03:37:18Z,0x79a74fd91f8e1c4ab8e76253dec5c91f3094393f,0xc76cc63b4adceab331d583db9d0a4eb33e70064101e7ce9effd1aa16f65b27d6,30.02,0.001086,93599,4802,21,1086576,0.00239848,54.7,,,ended
2026-10-08T03:37:18Z,0x79bd2829a3decfd8f553d9e69b625bfe9dae4e55,0x85c6befabb2d0a0253e524d5355534366937dc12205dfb633a627c7f213bbf4b,1.42,,,,,,,,,,dead
2026-10-08T03:37:18Z,0x79c8ce95ae5ef8b96b0e7223bb02ad8904408a5a,0xdee453f8b1a066f77a3cb7e5f36891e8c4f8c04cc7a2ceb0c86c5adba1afa028,0.44,2.212e-05,31681,17859,204,22123,2.212e-05,0.0,,,live
2026-10-08T03:37:18Z,0x79d43d858905a833b58e93eeade512e2342d5043,0xbd0056a84561d28dc435f40e7c3a1ea7de8734ee0eacc67435db978d6c3e43ed,0.59,2.527e-07,25276,3,1,25276,2.527e-07,0.0,,,live
2026-10-08T03:37:18Z,0x7a2925a094739594725e4fa3652f832b01656996,0x8f4dbf77167151ed3326cbb31410a7fdb33f6ea23a54593a3710e196b515bd25,0.52,6.201e-05,54132,38311,61,62020,6.201e-05,0.0,,,live
2026-10-08T03:37:18Z,0x7a31602dad170d23875fe0fb3dee10370b123451,0x1fa6d3ab2c9cb10766615ed7182ec15693dad2636237957defb766b482675e58,0.15,3.436e-05,64471,3341,17,34368,3.436e-05,0.0,,,live
2026-10-08T03:37:18Z,0x7a430537b3eaae64572f728916513e5cfeb68faa,0xc7c9546180122b198ff026eec4e4e5094136aad8fb36bf37b95ac94e6a3dd208,0.7,2.576e-05,25762,3,4,25762,2.576e-05,0.0,,,live
2026-10-08T03:37:18Z,0x7a4506a6d78b9e804d142d20fdfe664933c01e18,0xc4e4fb4c69578d7ea6587bca32e1e5339794bee7a33a9bf54eac1999a8242454,0.09,1.987e-05,19880,811,18,19879,1.987e-05,0.0,,,live
2026-10-08T03:37:18Z,0x7a9bf3098096bef49399257057819c6b6165d777,0x87ed5e8c2a53bd90a3a1011385bb0f84ab3a358f1348fc2fdfe284d8b5304496,0.64,2.329e-05,24145,56341,195,23254,2.329e-05,0.0,,,live
2026-10-08T03:37:18Z,0x7a9cbcb51879cd9b79fe13e68118da4d8b8e6ec3,0x9388c47a64be4e5fca390df6984fb13a9c2720dd7d8b381eef83a62fbdf9521b,0.83,6.581e-06,6581,5606,35,6581,6.581e-06,0.0,,,live
2026-10-08T03:37:18Z,0x7aeaf371a3da50dff8cef7eb496e6b6b26bdbb05,0xa06662025075af8adba80419fdedd01609e09542f193c3af2bb90b1ac6a0c593,0.71,2.639e-05,26387,299,3,26390,2.639e-05,0.0,,,live
2026-10-08T03:37:18Z,0x7af9947903be028583624ff87ef0b889dcdf7777,0xef362cd0fdb3a6f8eddcd671fc0476582e4bdbd134bf5e1cb31346dd0b4ba14c,0.71,0.0001957,47279,40231,150,44726,0.0001957,0.0,,,live
2026-10-08T03:37:18Z,0x7b0ec66ac0926a26ae011790db7200fe434c9777,0xf758d5f93ee30c3da466332c8b74fd728b41a05f057509801527f34b801e6b96,1.39,,,,,,,,,,dead
2026-10-08T03:37:18Z,0x7b23c3f113d960061df63634318a540c8c6ab740,0xe9951140e0d65a5cec8c6e0bd264fa7df8712e76,0.63,1.514e-05,7597,0,1,7597,1.514e-05,0.0,,,live
2026-10-08T03:37:18Z,0x7b93d180c4808e59871c4c5a4f57853f666a62d3,0xb013336af149c25a2e5756b7ef21645967f34d23f83d11eb5bfcbbca44d0690d,1.47,,,,,,,,,,dead
2026-10-08T03:37:18Z,0x7b94914e3bdbae4a25603d5a297b98b4ef6e7c5a,0xf1fa2ede27701e41da8cbd071cd3d3e8b9fe183ec64619f8b9e580c141a6e4df,0.32,0.0002558,41725,77546,240,58439,0.0002558,0.0,,,live
2026-10-08T03:37:18Z,0x7ba7100dc3793a4a9a820b1a0dbccbe5b65d6d73,0x154cbd0d4aad6aa154dd908872cd99b56ab71b3b6dc77d42af558afde4a638bb,0.79,2.614e-05,26140,2250,30,26141,2.649e-05,1.3,,,live
2026-10-08T03:37:18Z,0x7c0cbb3c0427b8a709da3cc63836064cb60d982e,0x23ee6f5b1c3ad46dce92995126f68b6711974b35ee606ac81add3cc381474a78,0.35,0.0001525,32159,45482,156,34846,0.0001525,0.0,,,live
2026-10-08T03:37:18Z,0x7c4de03688d7b02773d91e2526c7846c96b15aa7,0x3c7585bb76c48e203f899dd86778969262653bb2fbc50f189320039a01d95bff,0.27,0.0002559,41733,64239,150,58469,0.0002559,0.0,,,live
2026-10-08T03:37:18Z,0x7ca459b2eb74873245d741bc8eec366194dfc39b,0x472d8589ade3e2c7256c4caede5a7eac4147b882cedc409144e19a323082d2b1,1.42,,,,,,,,,,dead
2026-10-08T03:37:18Z,0x7cedbc738d37f6acb211bfaea69ce9660af9d70e,0xf67449d6f06e3463b506aef14ee2e7181d8fddfc,0.39,1.522e-05,7641,228,47,7639,1.522e-05,0.0,,,live
2026-10-08T03:37:18Z,0x7cf3b173bbd6c8711c4641c6b917ebe3afd43a92,0x583cd6752d0dc003df86d10c131816868ab9975e7aaf48deab5f670b8e1b4802,0.92,0.0002725,43457,85056,244,62259,0.0002725,0.0,,,live
2026-10-08T03:37:18Z,0x7d00f2d4d0226f26d59a1ed22e6abda1388b9746,0x3d452a0026ec5c5dd9b17577af25e49f70e4479760757e5c5994583961200ed7,1.46,,,,,,,,,,dead
2026-10-08T03:37:18Z,0x7d02c6af403ce844982ba2dec84cf98001941e18,0xbc60da35aa23da0404217bb5a57f990015128623d47a9f583055c36269e5d093,1.12,2.012e-05,20157,1,3,20126,2.012e-05,0.0,,,live
2026-10-08T03:37:18Z,0x7d205fc668e77da9a681d2aefd483f7771bb5860,0x5d21dcf0670ba38e255fa96b790c6ed2a9d279226c748f61fd42244553ab3e0b,0.2,4.668e-05,41426,287958,787,46686,4.668e-05,0.0,,,live
2026-10-08T03:37:18Z,0x7d265a52af142fec10ac3fd256d2c93a2de485cc,0xe9ac50c4bf35bf2b0f40a6d74e697e56dd21554e9ec0fa570b2bea78093c90c7,1.38,1.067e-05,10661,16815,5,10674,0.0001964,94.6,,,live
2026-10-08T03:37:18Z,0x7d311b667603e3c739bf41fcdb500a9bdac0e922,0x6f9484f759d91e1763bc7e248ec40c87ef731178fbc3845fb7064b89478c04db,0.84,0.0001456,31753,39098,145,33256,0.0001456,0.0,,,live
2026-10-08T03:37:18Z,0x7d516c9a73a4be0f041554519d6fa1419a97ba7a,0x3aa40ba8b1b7248e578248b7bea28a0d4faae993c0a9244e5b140158173fba99,0.3,0.002579,25791,5,6,2579136,0.002579,0.0,,,live
2026-10-08T03:37:18Z,0x7d5eb4ee66943fc90d0e71d2b40aeb5b6faca1c6,0xba727009cbec8b9eeb67bb74947c0e6a8c004f0e,0.44,1.549e-05,7775,57,11,7775,1.549e-05,0.0,,,live
2026-10-08T03:37:18Z,0x7d7a351238f7797b8e5231c2beaef6675489fe7f,0x2ac7bd670ed11a71f718c00ab1258fb0105848849812dbe18dce53889c9ef499,0.51,7.891e-06,12709,1239,15,7892,7.891e-06,0.0,,,live
2026-10-08T03:37:18Z,0x7d9c7df39a2fdca5c835f6b079893296c484d68f,0x7362187db8d0e9b2779a1b9771aec5a53ea6c048,1.15,1.479e-05,7373,21,13,7372,1.522e-05,2.8,,,live
2026-10-08T03:37:18Z,0x7de0ad42a1733d1cd82e76d5804031daa26f1111,0xf8dceba530bf52d97756f27d802ef78dc7500798b5a69a8e7d86ac5a5f66d897,1.13,1.303e-05,13040,0,7,13040,1.346e-05,3.2,,,live
2026-10-08T03:37:18Z,0x7e03a6b9b5ed7b2040024dd68abe4b0b3ee9258e,0x98615785c20d23004e9d26fd46976956e885feb9a07e49b7e8a708dc46fc05f4,0.59,0.0001904,35967,73282,230,43495,0.0001904,0.0,,,live
2026-10-08T03:37:18Z,0x7e196303d1e802cd6a5255cc3370eefffa1bfba3,0x6423a4887716cbb8911e96d3ed37e2c33008764fba7c075c049afbd00599d57c,0.22,1.077e-07,10820,14220,197,10772,1.124e-07,4.2,,,live
2026-10-08T03:37:18Z,0x7e1f5fe1158d6824c3c5a3bd1b8b3fccdeb5b68d,0x4c5b68d3ca0eda54d3109f37688bf8c9da0ba0e4eaa8fe0a9dafb1f02c8334a4,0.38,0.0002927,44491,108154,241,66857,0.0002927,0.0,,,live
2026-10-08T03:37:18Z,0x7e4f054db90de25094c273955fc5fd83218a0759,0xb2944bf9abf97c2fc94b18bb0cc243c4346c1fc7a12d07ac2edde6c26ac3a18d,1.44,,,,,,,,,,dead
2026-10-08T03:37:18Z,0x7e53357cd8bfa4a6aa6cc16562b0d478b5805808,0x96acc0897c4753a1cc035361e0a275fa99ab61e02f4155512ade679afc6528f0,0.17,5.935e-05,42403,40396,143,59350,5.935e-05,0.0,,,live
2026-10-08T03:37:18Z,0x7e7155446fdaa217322112fc8418223f59bb63a2,0x41dd44c533b9edbb078bd0dbc63e77e2d6bf246c12737d9928a2e35ef6289030,0.59,1.002e-05,10029,0,1,10029,1.002e-05,0.0,,,live
2026-10-08T03:37:18Z,0x7e86f6cf297c53754b4ba21f8685739e799d4e88,0xc77dafcdf8deccd048c90e9bc5be25853bdca949bd84ab5804698843c3849af0,0.66,0.0001537,32365,50643,142,35121,0.0001537,0.0,,,live
2026-10-08T03:37:18Z,0x7e88d9566c45778b922da3422b5696844fd40f72,0x24494bfb562558ad25bbcb964970b98fd1261b9e79214edb00ac4f40c6865b0e,0.53,0.0002675,42565,102347,237,61112,0.0002675,0.0,,,live
2026-10-08T03:37:18Z,0x7fd49c4deed03ecc87d83369f1d2282cc2eda90b,0x05d89c895fd5787eb6cb8c0ee3451768bafd0b7ebc63cefa62566b5b37605333,0.17,0.0003867,51356,123259,238,88340,0.0003867,0.0,,,live
2026-10-08T03:37:18Z,0x7fe114820d7a02dee59eb90d5a77e481fdc94aac,0xea4bd165c30cd04902aa0af4067bc739312a3d2c291f4b5e2131021197d81629,0.14,1.047e-05,10471,2,5,10471,1.047e-05,0.0,,,live
2026-10-08T03:37:18Z,0x8036757b947c1f1063de3a7ff1fbfba3fea310e9,0xc0ef16fa4fd7fca6f1e5daffa8b1b396c81f829f,0.14,2.572e-06,2576,465339,1344,2572,4.991e-05,94.8,,,live
2026-10-08T03:37:18Z,0x80873dc611174093f1de95dce8698283017c2654,0xf17c2274f2bc1216f215186041d09c9af1e5fd7d7fbeab447987ae7db2019694,0.43,1.822e-05,12742,12490,143,18224,1.822e-05,0.0,,,live
2026-10-08T03:37:18Z,0x80877fe12ede96f807422d5d4ee4f4c47cebc8ff,0x26dd43b1be6b08ee36562e6c3ed807bb4b6f526f12413a693c788116e151eeb6,5.59,0.001523,100296,114645,368,1492736,0.001703,10.6,6,True,live
2026-10-08T03:37:18Z,0x8093c225409a44b35b7d00de8fcdc73c445b1e18,0x0482f643972ee264635473f6b25cb7da7d1fb9bd9688c10d71d9830ba84190bf,0.56,2.001e-05,20011,1,3,20011,2.001e-05,0.0,,,live
2026-10-08T03:37:18Z,0x80c058720dd029af7c65b12b92f1975749cde777,0xa9add6cd31d2fa7bc6646da622d9fe5d5505c458d66f41d6ad1a2c3bc874ca9a,0.44,1.492e-05,19293,44863,167,14898,1.492e-05,0.0,,,live
2026-10-08T03:37:18Z,0x81499d290bb051ffa39c55e8e00896176947c6bc,0xf1856a794a1abc7812c31a69e29c88b3b7410334dedf3a4d8bf2a88898120b1c,0.98,6.512e-06,6538,90488,2897,6513,6.621e-06,1.6,,,live
2026-10-08T03:37:18Z,0x81d3e89371f06542e96c285f914c90dbee7966d0,0x1f158491d8cb1812c607e64f1921b7e8b076b9859afab730a88a790fb4cc6e0e,0.8,0.0003467,48986,118377,224,79204,0.0003467,0.0,,,live
2026-10-08T03:37:18Z,0x81dd26e650c78d1ecf9ec765564ec8132e95f842,0x569c4f10a40af58b92730a58070600b379cf6648d78685ba640145834cf5add2,0.99,0.0002364,40420,76308,236,53995,0.0002364,0.0,,,live
2026-10-08T03:37:18Z,0x81f077c0369cd733bd5baeca2ea5945895519edc,0x9a3492c5112c79ba3af6abc2d70f1d3e6b7683ec656d5060d624eaa59ad779eb,0.4,8.718e-07,12657,1733,14,8718,8.718e-07,0.0,,,live
2026-10-08T03:37:18Z,0x823fd02e50ef118ba7399b3b77d6c5ffb49611e1,0x2965a3a7cba6e249adc208f5f26c4a90834d6f4dc3cfa0f7e7be2152bfb2f8ce,1.57,,,,,,,,,,dead
2026-10-08T03:37:18Z,0x825cc945d504406e9e078658aa1704ea4f9aae91,0x74f10d0cf2200fdd2e318ed49e87ca0e34724b44c350423682998d343c720771,0.65,0.0002213,38845,71329,236,50549,0.0002213,0.0,,,live
2026-10-08T03:37:18Z,0x82655c8422384476d1670b8730b3c044b7e82769,0x6a73b41e1b506ab4f60c9a7c27e3ae9293dfba0a7f2a3d54aceb6dbc8117f30e,0.98,0.0002041,37563,64187,197,46626,0.0002041,0.0,,,live
2026-10-08T03:37:18Z,0x828404435bc688e3fdc3408ce54f3ce7b99b04df,0xd152cadf302f1bf2b856f0dd909da6cbc0abd3ec6a1354f03a8e0b79f43bfee9,0.4,2.553e-05,25531,4,4,25531,2.553e-05,0.0,,,live
2026-10-08T03:37:18Z,0x828ecb134a45b9a5eefb55d7155c58c045a0007f,0xcdf281c2a061661e1f6d76d2239e76a1173b3f7f,1.64,0.0005152,386413,9,15,515218,0.0005445,5.4,,,live
2026-10-08T03:37:18Z,0x82babce8b3bc03b418e15e799e49837e66727777,0x1aa8a944d379def9f72833584768d36fc1786225fcddf57539f6f8516f6ad7e6,1.47,,,,,,,,,,dead
2026-10-08T03:37:18Z,0x82e60896958cdae0a30de7358f59c6910f5c9ba3,0x8ccb7a8cb4b7c45a972c52ff57a93f2ec7c89181804585123fb08e0ffb5fd672,0.47,1.012e-07,8607,508,17,10124,1.012e-07,0.0,,,live
2026-10-08T03:37:18Z,0x835288703c7e9da492fa40189a68369bfe193777,0x85e561d292eebd8933f47fc58569035bd5540208fee5fb4de8621be024084c16,0.72,2.075e-05,22842,45524,192,20712,2.075e-05,0.0,,,live
2026-10-08T03:37:18Z,0x835ce61e8cb3b3281fecbb6dbac72a4a6cb26a0b,0x24301b72dbc6f328f5d6f71ab8c79e172927c5a6ea9056b389abccc42171eca4,0.55,0.0002438,40664,79714,237,55693,0.0002438,0.0,,,live
2026-10-08T03:37:18Z,0x835f780ae03950a130a990502d45eb4232591e18,0x56f83f04f3cc8277c2a4284196c2a9c6a02d29e60056071a76633e70345b055e,1.34,2.025e-05,20260,319,6,20259,2.08e-05,2.6,,,live
2026-10-08T03:37:18Z,0x8380e0b2e3280d1fb714d6aec7b6fb1bbaf0244b,0xfcfc1932757847d01d04c86faf717eaa6a097cb510ead7414d8a4598e6ec339c,0.97,2.607e-05,26071,2,3,26071,2.607e-05,0.0,,,live
2026-10-08T03:37:18Z,0x83a49b808f8d5e02cb2931cd2352988f498e5ba3,0x541bedd98337d22c46ff8196494f14e7d9922ddedf07b74df44c7020487e5fdf,20.48,8.223e-06,131103,40207,645,822358,0.000146975,94.4,,,live
2026-10-08T03:37:18Z,0x83acee5ef38a55939aecb4b388ccd5ce8b5dfc43,0x806a7940df945b9b52e834f8d8b3cf24fa3404e23499255cc814d61a4bb06ee4,0.97,0.0003392,48385,110135,238,77488,0.0003392,0.0,,,live
2026-10-08T03:37:18Z,0x843279873513f28a7a0e51177424372c365b3af9,0x602ebd710dd44dc52f9bea6e98698e830164dbb6b3a38cd2a137892185138ab8,1.39,,,,,,,,,,dead
2026-10-08T03:37:18Z,0x84709d66690533a352c8a531b2a9b25da2941db9,0x85c17fd1fbbd3a256a001c852dc10122e51f0b328bb88d3fe9e4f6011cd538df,0.31,2.064e-05,32177,13551,154,20648,2.064e-05,0.0,,,live
2026-10-08T03:37:18Z,0x8474b542820f76b090bf58592febbc622a7200b2,0xe69ff1aa3b12ffd951e54ec81223510d8865f799248e51f93c37c639e9be4f3a,1.75,1.321e-05,10783,47412,760,12766,0.0001045,87.4,,,live
2026-10-08T03:37:18Z,0x84f85e4eab47b59f098362b9c982932ce7370f0b,0x046554b8a92d24bf12cd4713f35e4bbe26bb465d9765e0177ab2db485b15e2f7,0.57,0.0003741,50399,109478,234,85457,0.0003741,0.0,,,live
2026-10-08T03:37:18Z,0x854e9e576460056543b8422dfc2601fd416293be,0xf63fb9f83e6a04de212d7fe9d789cc74c95dbb5870fbe48bf5b84f740089f768,0.95,2.605e-05,26054,3,4,26054,2.605e-05,0.0,,,live
2026-10-08T03:37:18Z,0x856a0f8da9c637bb16af6a08cdcad3743efef9bf,0x993ecbbc7ef5d1c54797df9a3a6890adafaa48be412af3f21905ad19ac262a2b,0.08,9.029e-07,18054,3,2,9030,9.029e-07,0.0,,,live
2026-10-08T03:37:18Z,0x85dd0e6e0e4bbf96fd4d781144a073dafd8e9fac,0x4c23cf2506cbf39b01609fce9a305e558dc9b14363c83e393bb9ecfc9348833e,0.61,6.439e-06,6439,1291,8,6439,6.442e-06,0.0,,,live
2026-10-08T03:37:18Z,0x8622e995e1e0412f4815f4878e21a4cc2f7cc851,0x6c530d6f6e65659f9e1ad4a753d05177818e2174e492e531b73580f69ec8e525,0.1,6.481e-06,6482,5505,31,6482,6.481e-06,0.0,,,live
2026-10-08T03:37:18Z,0x863e86aac356b048f434fc04654b51b5cce7e2f1,0xde2818f91a285ab2f31549f66ee19a43657ce3dc391195f06f4de6023448185d,0.94,0.0002523,41761,80678,240,57643,0.0002523,0.0,,,live
2026-10-08T03:37:18Z,0x864140198b67d4480ed6c874234950994bbef4ba,0x9130f9019f4fb6d3a46d315d2551cae4fff0cc77c7222a046228865a9c96f6fb,0.34,0.0002166,38346,57677,191,49481,0.0002166,0.0,,,live
2026-10-08T03:37:18Z,0x870938606c5d3d3dff241cf7216eca876a53bd98,0x0a232078d1f771d308735ae57f8378c6fe179cc795e447b645828de9103ca267,1.43,,,,,,,,,,dead
2026-10-08T03:37:18Z,0x871c71c7444d055cc54c8ab3ed20f2efbab35b60,0x729f95c4953b33a1963bfd261dac96b80fefc69d2f06d9956ca16de156aad368,0.8,6.555e-06,6556,0,2,6556,6.555e-06,0.0,,,live
2026-10-08T03:37:18Z,0x872167decda652d21eacb480874c074f5fda492b,0x4ca7377ea9157c1a388d8d806845887fb536b3e0d9fe36650f0ebfcf4ac85439,0.56,0.0003127,46080,96469,232,71429,0.0003127,0.0,,,live
2026-10-08T03:37:18Z,0x874bf38403e45092b86fcc470c795831b552abcd,0xd35f6002d7ca8ac05a82de008418c28330b802e5af0e9d758febe6e7c7ff3482,0.77,0.0002388,40601,82903,238,54543,0.0002388,0.0,,,live
2026-10-08T03:37:18Z,0x87540fe397ec313e77a2fff0e502bd1d2b32074a,0xbac909595eea447503d339f82c9494aa897304873b19896def685a97599d90a8,0.78,4.928e-06,4923,330,5,4923,5.343e-06,7.8,,,live
2026-10-08T03:37:18Z,0x87708fac80f23e053ea812d108d3d1d6fc7e5527,0xeda1d73e65d812b20d0dbdf948955392c72f8cc19ac645b5159e8a963a3a8cd4,0.42,6.419e-06,6420,434,9,6420,6.419e-06,0.0,,,live
2026-10-08T03:37:18Z,0x87d4826cb2967763996796c00796186ca8ea7777,0xb91f960864b9b8bd577ca15d105d4d7370d9147fc547628a297b00a228592ab0,0.3,0.0002181,49794,59567,229,49842,0.0002181,0.0,,,live
2026-10-08T03:37:18Z,0x87d829177742e29d7993323fcce83d08bee37777,0x73932b87c732dbedcc42a975709e5fea459ef8e4cde4cd0fdb01ff00046c4c03,0.83,0.0002515,53913,60234,235,57474,0.0002515,0.0,,,live
2026-10-08T03:37:18Z,0x884cce31fd7354f2d3cb07fd8b02140b7e3e54ad,0x71b548539e745635785e25c21e8a55fe851f8a9b,0.27,1.512e-05,7591,0,1,7591,1.512e-05,0.0,,,live
2026-10-08T03:37:18Z,0x88c412414e8b79bee55677dd1e359cc9ad6769ca,0x52cdfccaa70b949ea100e1860a4294c984e885d7721c99cd729c4a817d3eef55,0.57,5.988e-06,5987,91,2,5988,5.988e-06,0.0,,,live
2026-10-08T03:37:18Z,0x88ca20f9f9383d945f9b45af16201de03d060bc0,0x6da03bc089982652af3c52f70c0c4d291d303b898d8694d1c9932096f578d359,0.14,0.000292,44600,111423,235,66712,0.000292,0.0,,,live
2026-10-08T03:37:18Z,0x88e568b0b8a7dbb427841d2ac2836388381ad777,0x6c5964f788b316ae7843304f51d6db135bf7b9daa18458b73dc45c705bf51e1a,0.22,2.588e-05,25401,46053,159,25833,2.588e-05,0.0,,,live
2026-10-08T03:37:18Z,0x88e76eda195564c9cd0d22330df182da88dce981,0xbfb8e87f299fc24d1df173b721c7d49728a9e8c4b51b3e56e9d630ca74389896,0.98,0.000284,44307,108639,215,64871,0.000284,0.0,,,live
2026-10-08T03:37:18Z,0x88ea154c960ed9d51481faf4988c9d555c0ca66e,0x24c203311db71f5e6b8caae102edbaeca72bf0837e19539c1069dbbfb590fba0,0.6,0.0003308,47397,120408,224,75571,0.0003308,0.0,,,live
2026-10-08T03:37:18Z,0x88fad55374a8c680526e5b2eeb24a1c95fe03f90,0xa334368b72d1199d360e3baa54fd23db8037f9efc8deeec43d9c8e5b777178c2,0.6,0.0003458,48460,106456,236,78999,0.0003458,0.0,,,live
2026-10-08T03:37:18Z,0x8901d5c5a4ceb0e21e6ad331f0d44e4521f3d145,0xdc1fee45120eb4a1bc77f980e0a97e99a06621d4014292e91573891a356253cc,1.42,,,,,,,,,,dead
2026-10-08T03:37:18Z,0x893731cc5f6c79b81e69707da2774ffed666f777,0x29c035c6a154f257e63f8cfd8d44ae1287db6120c629875e2035461157e31900,0.31,2.361e-05,24297,52228,191,23565,2.361e-05,0.0,,,live
2026-10-08T03:37:18Z,0x89698f62ffae673b29d71b4dd883506d6a4c7777,0x6043b2be4ce57c6ab2601382eb55de0388fcf983f1e2a3ec1371fbf6e4beeccb,0.44,0.0002606,54385,61761,226,59547,0.0002606,0.0,,,live
2026-10-08T03:37:18Z,0x89704d1c253bf2df85ecbec873f7775f7d1a7ba3,0x86db93bb22e926bb29d87f5d967daf5e57f45284d0365cccf6866f38b1aec54c,0.54,1.146e-07,9798,3507,44,11461,1.171e-07,2.1,,,live
2026-10-08T03:37:18Z,0x897d151787ca84994ac8df68500f17e587794796,0x6e7fdabe9b3ddbe1d6e2b3585163fe56662edd2255a71151dd2d02ff87fc495f,2.17,0.0001674,38410,137269,1355,162413,0.0002069,19.1,5,False,live
2026-10-08T03:37:18Z,0x899c171b808e14d724f8a03f14cb1cb051dad37a,0x909a6cb4e7db4d2fa78df95c377795d88c6a2ed7a4569fec3f702776f68ab275,0.14,6.46e-06,6460,5410,31,6460,6.46e-06,0.0,,,live
2026-10-08T03:37:18Z,0x89b76dcdda801f2e456765742c64950eb2a0c93c,0x8f6f9a474cbaa1b6b7cab7efa61073f08cc0dc9768214f65fa66a158208fd115,2.34,0.0002006,42020,663892,3716,197327,0.0003041,34.0,5,False,live
2026-10-08T03:37:18Z,0x89e52034ab4cd26444bcd06b923a15b5304eb6f8,0xd482ab8f60c176687979f19548424dada8dc6f0a1e705923ec1446dc8c8334e6,0.94,1.03e-05,10289,142,3,10301,1.03e-05,0.0,,,live
2026-10-08T03:37:18Z,0x8af779e7af059255092d26c211d2a488275f7492,0x543330017196230d48c2b26754394547c8900a54bedc70126460e2712b881d12,0.32,2.567e-05,25678,4,3,25678,2.567e-05,0.0,,,live
2026-10-08T03:37:18Z,0x8b042de0f898a5c608a168f3fc37eb6fc25bb6cb,0x44b6a9ff56672198bafc7a097962e25a308c16dbdeb58be04af1b25bfaa9e248,0.78,0.0001259,29505,31743,113,28770,0.0001259,0.0,,,live
2026-10-08T03:37:18Z,0x8b0745d335845091ee6790c1c5e102e1744a7777,0x42a079427e5c4c1ce9e9ac2fb5b3b3f09c5619704612a2be2af36a4a494bb07c,0.17,0.0002049,48248,61387,236,46818,0.0002049,0.0,,,live
2026-10-08T03:37:18Z,0x8b1b6ff31de927cf6131b64056d035735f793d21,0xbfa89ed69a29993864c7824de0b76526d22b9f85de91838d522d88b7acdd045b,0.98,0.0001439,31541,37394,138,32868,0.0001439,0.0,,,live
2026-10-08T03:37:18Z,0x8b64fbb55f77836a7d1b38bfde1b9ea3b6cfc5af,0x9521e1fb0e08e6ad933a1bcda8aaaf779c97b1d7ed6f946da954094f10a84b29,0.84,2.618e-05,26185,990817,2455,26185,0.0001024,74.4,,,live
2026-10-08T03:37:18Z,0x8b65b850ffa11a3fbeb3c4ca9a6b1c05bcdb7777,0x684d9d63ee792e8f38ef72dcf860e6e0143492f991780e4ae2a7b6b0663ec6b5,0.59,0.000245,52680,60115,227,55984,0.000245,0.0,,,live
2026-10-08T03:37:18Z,0x8b7924fe528fb87a58ded8a7e20e472cb9931e18,0xfd6ad81564825b19674076ae85482ef0c9ce364b4c90aaaabbd6d282a3139c61,1.52,1.993e-05,19957,0,3,19934,2.55e-05,21.8,,,live
2026-10-08T03:37:18Z,0x8bad8f6b34d80706cc3546e39d3793410971532a,0xe919a92b0264265de00a4d34fc0de958a077fb4e931da226371f11aac3c4395d,0.78,4.051e-05,16734,1421,5,9254,4.051e-05,0.0,,,live
2026-10-08T03:37:18Z,0x8bcc3efdd14957bff6e1d2d6d749eddcb8687777,0x4abebbeb99a1a395826a64456918dec098cf808676888a6147e723eeaf7c46f3,0.07,0.0002193,49970,58749,202,50119,0.0002193,0.0,,,live
2026-10-08T03:37:18Z,0x8bddc17eafdec4973647a18fdbb0220c94cfd989,0x61ae37fa49a8edd4bd7ed1d3d7e829f9aaef98d478025cc619ca6697d4f92472,0.31,0.0001677,33805,61351,160,38305,0.0001677,0.0,,,live
2026-10-08T03:37:18Z,0x8c15cef4306c8ad1fd09af2c8b2733e8ac4c7777,0xf99863e072c7f5699c95112e354f8c4a76167a589118849b76876289d49cc3ef,1.35,,,,,,,,,,dead
2026-10-08T03:37:18Z,0x8c9abe4042c66cb1e107fd8bb25516a2ca59f2f3,0x7f2d17fad9f6e2b7ccb491008996b50cdc855ad6388a65109b6d95a3680bed38,0.4,2.55e-05,25503,5,5,25503,2.55e-05,0.0,,,live
2026-10-08T03:37:18Z,0x8cc2646b1fcb70737fca5d890f2d1f75af00eb1a,0x52a1c202bab8216766e7dd5c797e662e5168cef2e73275313735189aeaf79e48,0.59,4.308e-05,66476,26150,137,43081,4.308e-05,0.0,,,live
2026-10-08T03:37:18Z,0x8d0f12c75aa8fccbdd99f346290f44cd926a0ae6,0x96648f5b004540a72c4b7375ef9b6a987994887d02777bb0f725a9b6213b3475,0.1,5.001e-06,5001,0,1,5001,5.001e-06,0.0,,,live
2026-10-08T03:37:18Z,0x8d34c1ce5263c0a31054ef9f62df200d9ab01e18,0x41755ee0418293db7b6d817e9ba571395e3ba240b9870d850b59687c256834fd,1.47,,,,,,,,,,dead
2026-10-08T03:37:18Z,0x8d4e41793c044b748dbf73902a6d3eb0becedc32,0x8686a5fdb0f088515a52a6c68e6f9a7ebf78eb8377c4d00e129e91d7aa0dc295,0.67,2.196e-05,28354,18035,196,21966,2.196e-05,0.0,,,live
2026-10-08T03:37:18Z,0x8d5c72c2d8f037bb00f9ab84e40eb1eb3096c494,0x5104e5ad53bfcb30ce52a84f00163c86e4078759ebd5b676a0a6f993c114d8f7,0.86,2.717e-05,27171,481,4,27180,2.717e-05,0.0,,,live
2026-10-08T03:37:18Z,0x8d6fcc7d0608f6cba7eefce7214748dc1b4ac280,0x465806b68ed4ab9f39cd9e1e2e701b0dee662da1e2170aaf29e4a8c5f562f1d1,1.47,,,,,,,,,,dead
2026-10-08T03:37:18Z,0x8de7065db1bc4ed7bdcbe34855032b1e22972777,0xe9a8d8667b4bd67c17252dc61b5dd0915bab3babe988ebf32b7ba1cd5775c2e6,0.28,1.469e-05,19167,21467,84,14669,1.469e-05,0.0,,,live
2026-10-08T03:37:18Z,0x8e0f806898d6d72d4b18a5202feadf9c157c7777,0xafdf8cdf99a8a4439c40caf6ee2602056257e8e1218634cd68ccc0f46ecb2538,0.76,0.0002651,55216,67480,227,60593,0.0002651,0.0,,,live
2026-10-08T03:37:18Z,0x8e3b6557fdbeb8fb3dcbe56d3b650231cf037aa7,0x85f88e07f36f5ad65f59d89cb14905080d6b06b3,0.53,1.507e-05,7564,0,1,7564,1.507e-05,0.0,,,live
2026-10-08T03:37:18Z,0x8e41fd25e85e624560fa50ff9f117a02cd30b8b3,0x7608c38ea8cc2082b043e886185979942cdeb58e,3.51,3.974e-06,3821,2503,95,3974,0.0452,100.0,2,False,live
2026-10-08T03:37:18Z,0x8e5c38a079663930fadfe0831912a329bb18dff5,0x4e9b24792b79fc75c73bb1452bd568d075316aeb4f7dada6faa2a86b4644db7c,0.59,0.0002269,39230,52931,158,51832,0.0002269,0.0,,,live
2026-10-08T03:37:18Z,0x8ea6b2ac3df8facdb1260a70ad81608dcd482ecc,0xb8e73c8d4ec4718fe0b89c8959af72639ccff41a6a0a7d3579612b6643e17a92,1.86,,,,,,,,,,dead
2026-10-08T03:37:18Z,0x8f280b4bf73fdd0c54a9360e7f9a181ffbc31e18,0x84ef09d92e193afbb8f0dc97207357f221a5f9b5a150ee936bba8e270f49725b,0.89,2.005e-05,20082,4885,45,20059,2.005e-05,0.0,,,live
2026-10-08T03:37:18Z,0x8f460905421ddc84bf959ef3381c6435f9a2bc9f,0x0f6b6b69a6862ad155eb3d31a7c003ff8edb98b94339ee8bbd67df90e31b3b0e,0.18,0.0001856,35554,55416,191,42405,0.0001856,0.0,,,live
2026-10-08T03:37:18Z,0x8f92590a68bf522b4a4d4e66879bca68ef7a5777,0xc33587e8c2dd756328dd15ab9a8c1016fb9daa749a15affff677dc0aeef2fa53,0.3,2.839e-05,26646,46304,175,28341,2.839e-05,0.0,,,live
2026-10-08T03:37:18Z,0x902ce3bf9ea32fce9d0bb1a1b9d20fba0ecbb439,0x8afa6f125d8b24c2a75810e51388aa7431cbdcbfe0670659373e587f917ad642,0.7,0.0001059,78771,81017,222,105977,0.0001059,0.0,,,live
2026-10-08T03:37:18Z,0x902f3fad5d05af1f3614381cc86b193a86517777,0xa33d8886a519be3db6856b0846a2f7738ccbf0d5aa768fb203a390d4bff19629,0.75,9.495e-05,32985,8440,38,21695,9.495e-05,0.0,,,live
2026-10-08T03:37:18Z,0x908e97313c81c7c27af6cb70f5db452f6cb4656f,0xa07aef56d3ecff13eea32bae4dd9e80188aa2908e96effd5086ffe7229e0434b,0.66,9.841e-05,74921,147251,459,98417,9.841e-05,0.0,,,live
2026-10-08T03:37:18Z,0x90e29fa1a2ce2ef334f633553fbc28fa041c7777,0xdb226ff4b76bd1962db9f39f72232785421f3e99ac188bbb9c6ec64796fbb377,0.77,1.982e-05,22409,54775,189,19787,1.982e-05,0.0,,,live
2026-10-08T03:37:18Z,0x91190add04a5b7edead115f0ef05614627c2a9cb,0x1dada0944e6a1ad3bf04c0c39dea5e6e3776bc08,0.11,0.007311,272681,4293978,13447,7311621,0.007311,0.0,,,live
2026-10-08T03:37:18Z,0x918a666e88d0729310a4007e3fa86feadd068677,0x2f1b2c2da3989fff95b74bca4f3692a53e93cefcdaa9ff8206842c3ecc86a05f,0.84,6.568e-06,6568,5441,30,6568,6.568e-06,0.0,,,live
2026-10-08T03:37:18Z,0x91a2dae9699f0b82540b5886b0d8759c22820ba3,0x40a433930370f6cdf0a78debc2c6dd599c23bd428c0d67dd8b5373e4f101557f,21.91,2.501e-05,566595,86592,778,2501903,0.000473364,94.7,,,live
2026-10-08T03:37:18Z,0x91a558990a451023816ba89602827ccb181fcf68,0x32e4a434b48cadf4a50e565ac54d363a068ab1493d59e6343d27a59d075a1465,1.46,,,,,,,,,,dead
2026-10-08T03:37:18Z,0x91c18d91e90f96af75b181026bf302604df27777,0xcf01dda43bb90865f7aece276b1875799622abd58698efc9b0d22830dfacecab,0.8,0.000211,49346,55930,230,48220,0.000211,0.0,,,live
2026-10-08T03:37:18Z,0x91fe0e2cae483d23d1b5e684d27665a60e8be111,0xd542ecba9f6f4a6cf4dde59eb6cd1b63a72562562091145bc55050e152ca92c5,0.64,1.824e-05,29398,10194,150,18242,1.824e-05,0.0,,,live
2026-10-08T03:37:18Z,0x922aa01ec38bdd58c17ead9ca36e1beb19113777,0xc552e490aea22adf5a45b1150481fc2939a62ec6978f530fa6ec4940196deb30,0.56,2.146e-05,23126,30982,121,21427,2.146e-05,0.0,,,live
2026-10-08T03:37:18Z,0x927b50e4ce03671d5a505922750edcc9cb734ad4,0x10f2a61a3cb3f8f4ddc2c1bd57dacd4fb38f794333a6110044af81d86d416a4c,0.92,5.355e-06,6869,190530,2489,5185,8.932e-05,94.0,,,live
2026-10-08T03:37:18Z,0x92cc31b2a75ec7921142956ee38ea315383f1cc0,0x4fa7168c927f87fb92ba17c29a9546a65269630281d5ab6100efcac9d581769b,0.44,8.747e-07,12711,1738,11,8747,8.747e-07,0.0,,,live
2026-10-08T03:37:18Z,0x92e54a8680f51179169151cc50615bc7c27bc047,0xf58b8e0e486850d906902af2fd4c16ec03e5897b45d603034e18c10b93a1a547,0.23,0.0002988,45070,96583,243,68259,0.0002988,0.0,,,live
2026-10-08T03:37:18Z,0x9368b8749fbe133814131f7899d657cc0516cf8c,0xb3e30d6f381825fc508926af4bba3144ce653a9e6f3f0b46ff1ad67419f8aaea,0.99,5.165e-05,47348,15417,47,51653,5.165e-05,0.0,,,live
2026-10-08T03:37:18Z,0x942575ec23f09e10f4e716c469131699c1278fee,0x49a2a734f9aa12784f8a14957c8b7ac45e7e769d88626b8f4cb2eeec52152505,19.32,8.464e-06,8374,5,2,7963,0.000482812,98.2,,,live
2026-10-08T03:37:18Z,0x9443000afa2d7da13a7c9bceda459718107efca8,0x711053be087a527d15a73ca6959236ce131127c9598b3d881848b8c2fda05769,1.44,,,,,,,,,,dead
2026-10-08T03:37:18Z,0x94cad93fa30adaa8f8086ac878a8563e32316c4d,0x0beac31eb6438ff5ad269ff370f6483ec31f9682d5f92821835764439c3b3b33,0.17,4.937e-06,200419,3677030,4620,493702,4.937e-06,0.0,,,live
2026-10-08T03:37:18Z,0x953e66a93d73ec124c48a5fd21b61d4377e01e18,0x5676e99c6d437e59838e345cc67c428f06190932b74b064b4cf6871c3357332a,0.44,2.001e-05,20013,296,6,20012,2.001e-05,0.0,,,live
2026-10-08T03:37:18Z,0x95e76dda22ade92c7b96557d2350025eaedb9cdf,0xd9021feb99b6bc9a62354864cdc3d46f0bd0a8997e1c7315b67a355c500a85c1,0.57,7.769e-05,63592,255966,609,77698,7.769e-05,0.0,,,live
2026-10-08T03:37:18Z,0x95fe13a39e5aca7ea26773cb5b61ba859eb25f26,0x6678be302b79ac71fe23a98ee0ddea960bd544ee971b89b10d8a4da04eab4ab8,0.88,2.001e-05,20019,6,60,20019,2.001e-05,0.0,,,live
2026-10-08T03:37:18Z,0x967a9f0b17748c435339f2546fb610c4f5fb5777,0x1f79230de8765d3296cdcd5085165bb36566f25974d33aca7e88afe819824f50,0.32,2.479e-05,24872,32505,118,24745,2.479e-05,0.0,,,live
2026-10-08T03:37:18Z,0x96a1c0b7a9db6a1aceeaa483dbcc89d16ca8bda1,0x0aeaf55f19965d015811eb8235dd8c5b93541831da5625d96b11156aed26d8f9,1.82,1.783e-10,10,16,4,18,2.304e-05,100.0,,,dead
2026-10-08T03:37:18Z,0x96d3371e7d5410ab4e07d7856cfc2508036993c1,0xad20f8a61470a326d696e9626e90861c6b4a4ba2ac3eacfffe1329243d5923c6,0.05,0.0001525,32232,43061,153,34831,0.0001525,0.0,,,live
2026-10-08T03:37:18Z,0x96f9c22a77afcdbbe3c0f2fe2f7a9e6aafb0c777,0x593107682a1439541781488c6ea5405105a037b45fe75357773ac0478ffb641b,0.76,1.261e-05,17868,14307,53,12591,1.261e-05,0.0,,,live
2026-10-08T03:37:18Z,0x9789cdb9ccea1d257157aeb35fb032b65b6b599f,0x76122020e8d07a313a6145c2c9f54ec6a1a8d78c7951797187a39676169fc5fd,0.4,6.205e-05,54106,679204,1298,62055,0.0004263,85.4,,,live
2026-10-08T03:37:18Z,0x97c932eac456d27a763bd8558b386e0db519f710,0x63d0350b271515eb6593c402f7db7d5519c8d317cda1c0a262bda6341469920a,0.44,2.567e-05,25678,4,4,25678,2.567e-05,0.0,,,live
2026-10-08T03:37:18Z,0x97d737c5eb59d0a74249545e273f5547a288e3e3,0xbbdae8d43b29985eac3be13dc5de04a6661462bd4cda2601b0775765faae7b48,0.91,0.0002989,45531,79576,238,68274,0.0002989,0.0,,,live
2026-10-08T03:37:18Z,0x9806d5dac1bba21d59d93932c61ac99fb21bde7b,0x00383e761026e46616a534e4dc89f367ac9b456c,0.78,1.514e-05,7569,3,4,7569,1.514e-05,0.0,,,live
2026-10-08T03:37:18Z,0x982c10ff5bd43a93124e651aa51279dfe9ecac8e,0x0f695c71450f9c1413513574187ae46fa3d65912e10d210f9218c6012fad3180,0.43,2.232e-05,32372,19478,205,22323,2.232e-05,0.0,,,live
2026-10-08T03:37:18Z,0x9842a40b109850a2bd54d970fd5091e55a03d371,0x8e4f14b643bc6ef41037d50a29167ad3f772c6b3649bc67018f62abdb98bd060,0.34,2.405e-06,2406,171320,1455,2406,0.0001548,98.4,,,live
2026-10-08T03:37:18Z,0x98e6ec996591c99285f3e24185ae7326dff14476,0x52a900298abe855e50149edf403a32b030e44399b05f7c22ffa33467f6485fc9,0.8,1.034e-05,10342,2,1,10343,1.034e-05,0.0,,,live
2026-10-08T03:37:18Z,0x98f27ece3ddb8920136c1bf14de29c37ee6500ae,0xf4fc5c80c2161c218be2ef96c1895aed4ce3df72a4a670940185516ebe39f5bc,0.26,9.252e-05,25090,16075,52,21133,9.252e-05,0.0,,,live
2026-10-08T03:37:18Z,0x998526e03b61356d683d72eb4d5485422b512cf4,0xee277f4c734f64c93de7de26bfbac4ece30badfd0fad46bfc1125b368ab0090a,0.96,6.674e-06,6714,95108,5449,6674,3.27e-05,79.6,,,live
2026-10-08T03:37:18Z,0x9a180b13771ec32e88ffe9713f9c31994d895ef4,0xb589af8a3cd7ac57039b6c6b53209c7298d5c474a949b536529ded7412e53e9f,0.28,7.361e-05,22386,11717,37,16813,7.361e-05,0.0,,,live
2026-10-08T03:37:18Z,0x9a3bce357ba60eaf3fc260c56e2af832ece2a26a,0x7975b3fa086924e3c2a11001f1a88850f6f3ccaf0ed5bad76d768df2c9385a03,0.92,6.53e-06,6556,87296,7499,6530,5.552e-05,88.2,,,live
2026-10-08T03:37:18Z,0x9a451e82548e9ec557ba4deb12ff7125d2ed1111,0x0cba9703aedcde92413c7b7cce3cd5659f21beac819655ecc10019e8ff0bef01,1.14,1.304e-05,13044,0,4,13044,1.347e-05,3.2,,,live
2026-10-08T03:37:18Z,0x9a56ece4b16a0cebf8caa411ce1106ae56b1f777,0x39c094460a5b3a8236cbcd1200650f2743e9df61d9685d47b140a8db6629c530,0.68,2.08e-05,22808,38285,143,20768,2.08e-05,0.0,,,live
2026-10-08T03:37:18Z,0x9a9e36c88ea2035b653b722b733e642f8acade3d,0x4e6faace0efcb1ae73b0085e800b7face74cb0c3,0.76,1.505e-05,7519,0,1,7519,1.505e-05,0.0,,,live
2026-10-08T03:37:18Z,0x9ad56c5f95208be3c6feb7da5accb48ec1873f5c,0x565774f5da8c61dad616cc1473927a2ba286c3754705bb4a2a4ac6881efd0ac2,2.34,0.9675,29043360,1472,10,48375486,1.01092,4.3,3,False,live
2026-10-08T03:37:18Z,0x9adb439a27576144365d832a4cf6ea117cf3592b,0x16e043fc2f13a4185fd6f0af4494ad395baa15ecd215aa95fef0bd21c9bfba2b,0.69,2.094e-05,29847,17248,203,20947,2.094e-05,0.0,,,live
2026-10-08T03:37:18Z,0x9b022ed6ee6366c3dda5cb5eb2f415d59f5e1e18,0xecaa73e2e4cf4dc4cca513cb762e1199558eb204d5d7c2c0d9e98bc43ccdd2a5,0.7,2.001e-05,20017,3127,37,20013,2.321e-05,13.8,,,live
2026-10-08T03:37:18Z,0x9b04ae702fcafb2257590fc0699d3fde495444df,0xd5d2c5abd81613d0dbc34626d03a530a252db4028b5472e04f864e1d0f9c930b,0.1,6.482e-06,6482,5441,31,6482,6.482e-06,0.0,,,live
2026-10-08T03:37:18Z,0x9b457df8d01eac59d6714a5221404bdab2461e18,0x2d57df5643a5ac355d8d29ff435dd75cc1eb8afc063565112a63140be1e52f0b,1.26,2.07e-05,21124,247,9,20709,2.553e-05,18.9,,,live
2026-10-08T03:37:18Z,0x9c0ce4f966ec0668d51ab07b46d54ae655cc64cb,0x4a1a63e2a42c3fd94eef684162793ede82decbb1962af4b6ccb629284097066b,0.42,1.315e-05,25316,2645,33,13151,1.315e-05,0.0,,,live
2026-10-08T03:37:18Z,0x9c1047647e1bc9faa3975e974ba6e3f3ee34e969,0x2bccf2c6067e7d2fb612ee057813f1c98a77d7dc40e68b4c746b499f44dee925,1.35,,,,,,,,,,dead
2026-10-08T03:37:18Z,0x9cdec37293acd933aa0fb1bec77afc6821d9bd01,0xe7d68c90fa606ad422b620b5f501e754a8adfaf2421e68016bf3a83257a0215a,0.86,6.469e-06,6482,12118,54,6469,6.591e-06,1.9,,,live
2026-10-08T03:37:18Z,0x9cedb3560ad1e1a6ae8a9e5d45503794f063c777,0xa65614401dc61791b3110731a02307dbd855eaf0cc7968c08f8ef986ae971e53,0.33,1.727e-05,20749,19180,73,17246,1.727e-05,0.0,,,live
2026-10-08T03:37:18Z,0x9d18c252de461d0f1824b922ff6969b28bba7777,0xf6b7d70d6436482faf834a2b94f83b3abac4ee4b08f138d6fde1b7fa06762381,1.47,,,,,,,,,,dead
2026-10-08T03:37:18Z,0x9d4d0afbdbde14dadc391c488358db6775ce7746,0x4e4bf5df78cfc83fbdd71999e72eca5be9df190491c0803407020f3ce05ea2cb,0.69,0.000367,50068,118857,231,83825,0.000367,0.0,,,live
2026-10-08T03:37:18Z,0x9df1179227966931b25b679601e07da784cd1e18,0xe846a47895d49d940fe6d8dc5d5137f5eab5f885da9a4e24de19f9094a37c42a,0.54,1.999e-05,19998,4,4,19998,1.999e-05,0.0,,,live
2026-10-08T03:37:18Z,0x9e19e3036e82fa3d3f2e4c8de45def347c44974d,0xef51ba569f2ff8749bb68a5b3f4a477e4ec7c7b074b6a4b36bbb74b8fa761779,0.65,6.909e-06,49956,51017,229,69094,6.909e-06,0.0,,,live
2026-10-08T03:37:18Z,0x9e570863a6a9dbafc7dd07bfe4f6ce5b22a58975,0x1f41360508ea7f2e727a142d378fba52dc6f6efc6aefe33b944d7f59572f8974,0.22,2.552e-05,28564,28883,253,25527,2.552e-05,0.0,,,live
2026-10-08T03:37:18Z,0x9e767a01d4241456c9bb53009868ef848b62d012,0xea3ecd671f18a13141a67c1fb6250343c1637f499837f5b3ae88bad960b2e73c,0.63,0.0003627,49716,111964,233,82849,0.0003627,0.0,,,live
2026-10-08T03:37:18Z,0x9e9a3ddbd47b110c8cea0253eb2ead13dee384ac,0xd2390640ee53b4b25fb6cca1fbf32e8605960e9811243f79a4d7b28e739176d0,0.44,3.1e-05,30734,901018,1634,31000,0.0003779,91.8,,,live
2026-10-08T03:37:18Z,0x9ef7c9293c5c6c8afaf097c2067bc1190d5c5777,0x3ce755deaa79fd251599c9070448cd760da00d73a63b96a90f712c3221d26247,0.63,1.677e-05,20483,47772,169,16747,1.677e-05,0.0,,,live
2026-10-08T03:37:18Z,0x9f4ba41f91a59a34e17ee8c9eb3a51363b11abd5,0xd23635812197b00b0ea0fd0e36021740c7951fb34ff1ca79260052b47e9769bc,20.51,0.0008319,85632,227911,868,784342,0.001145,27.3,,,live
2026-10-08T03:37:18Z,0x9f4fa77e859ef07da9fe7becbc12002ec9ae6777,0xa6b50aac3189397cde52cda310ecb3209fc2f735c77f0674c8e795da1d540a2a,0.16,2.91e-05,26971,59516,186,29045,2.91e-05,0.0,,,live
2026-10-08T03:37:18Z,0x9fa091e864b51d3bb4e52cced5be22b66c1439ac,0x1994be5aa77d92e687abbd10bac6ef509f8d7fa48b2e339ced0256f5e263d915,0.26,6.455e-06,6456,5420,30,6456,6.455e-06,0.0,,,live
2026-10-08T03:37:18Z,0x9fcdaeef06fa5a3d0838d3f7ddc85299f2246777,0x9a5d6f780b2940a8bb7bac2dee68e19b2890bbcb226e46b0d469d8937edeafb5,1.38,,,,,,,,,,dead
2026-10-08T03:37:18Z,0x9fd86f326fb245c2e1e1cfcb597af10093e0de08,0x6dcc7490db5aba436c995dbdb0565deff050b41c70caf465fae972ab83fe6363,0.7,0.0003101,46016,82927,240,70833,0.0003101,0.0,,,live
2026-10-08T03:37:18Z,0xa0176210c3e268ac463e1b95b44a50c68cbb7d5b,0x1d9f66c0106966a074cef0094deae0c0f02d3cde0a85246a92876e30e06be8ac,0.76,0.0001306,90217,1566953,3398,130608,0.0001954,33.2,,,live
2026-10-08T03:37:18Z,0xa053e7ae0e9bc0384a595412081c7e8b15de6a8c,0x9648243d769d0b17aff03a84924282bc20eeff0b8a3513ad4e23c7d2c328612d,1.47,,,,,,,,,,dead
2026-10-08T03:37:18Z,0xa0711a3df2283ec4f10e17f0c86062b39150d777,0x651597ca72665982bd01375d961d08e89fc44caf7202e85396eb6d1298c34352,1.48,,,,,,,,,,dead
2026-10-08T03:37:18Z,0xa07f1926ba15f4eb34e269f1accd176e32dcd039,0x14ca8e9b72b52adfd15ade79fb5e518acca3fa79880f69e631e2a9d20c18a4ba,0.57,2.944e-06,5102,115551,1379,2944,5.076e-06,42.0,,,live
2026-10-08T03:37:18Z,0xa08e265632949fe1a031416dc16f968b59afcc71,0xc98da97cfd8fa4b221c4baa43be8ee78cdb00b494c1920f9715a31649e55309f,0.08,0.0003489,48832,122973,242,79708,0.0003489,0.0,,,live
2026-10-08T03:37:18Z,0xa0acb475e8d0e60bcb0caf8d5b7d8d97c82e45b7,0x9c223714c6d5ffa2a960795de16f50915343644d,0.08,2.804e-07,0,6146,67,,0.008911,100.0,,,dead
2026-10-08T03:37:18Z,0xa11384abdef69a787c87934bd789623393eb3f61,0x4a0af0e2be085c6c67ba5c7fc78ecdd6ad99e4d8c32123a3f12b41d8882655f8,0.87,2.715e-05,27145,468,4,27153,2.715e-05,0.0,,,live
2026-10-08T03:37:18Z,0xa1c34982523bf63fb9887c818a32b9650e8999b1,0x682f616a72c5e6c71f02d1d7cd497fcad63df69fda4e4f314b8d41ccf402944c,0.89,0.0002755,43661,76706,239,62940,0.0002755,0.0,,,live
2026-10-08T03:37:18Z,0xa20baf0c1176cccab01c1db0a9c53a822cb418b4,0xfd4bb24be8b03e82781d74bc202a24fc35aff58fcbbfeca1203298fbfc01e882,0.58,0.129,15000081,21001213,55,129070697,0.1291,0.1,,,live
2026-10-08T03:37:18Z,0xa3018007ca1f621cdbf0308066e3f0c9a8287777,0xd1a9f48161e6764316d7de0e4f1fe7e5e8102c7cfae525f2b893f1a86cc9c16a,0.71,0.0002685,55249,66297,236,61348,0.0002685,0.0,,,live
2026-10-08T03:37:18Z,0xa3b1d2be58e49a9aa3ff1efcdfcd9588ff1dcf3c,0x1a512113e967ca20927f84229795df96a91dc5262ac051c538c92f073f9872ff,0.35,0.0002234,38914,65483,203,51033,0.0002234,0.0,,,live
2026-10-08T03:37:18Z,0xa3c98d02506ff5ccd638d3d1a0bc92dd7c387777,0x522affc8d9451d4643682f288a0be9c9c331d1c60108172b33170c33ac55db5f,0.93,0.0002546,54198,68308,235,58194,0.0002546,0.0,,,live
2026-10-08T03:37:18Z,0xa3facfbe2347cb79b0fb043146c2058ebeda1e18,0xf69cd31fc4f00c690ba65c4a2d5415f1d0adc2d429564147bb61819197a9ba7d,0.95,2.001e-05,20015,14,6,20015,2.001e-05,0.0,,,live
2026-10-08T03:37:18Z,0xa3fb963efe0081ec5857777d251f597172befd2d,0x8f13548c7afce032d9d7adfc1275d6b23d631cb8,0.08,8.793e-13,0,38128,29,,2.138e-05,100.0,,,dead
2026-10-08T03:37:18Z,0xa439c0dd5a1a6a0157bc477d02d624fc2a7c4777,0x9b69f6343c898b9da66867e1dd370bfac21dfbe13082cf30d6c29485ad31e1b4,1.47,,,,,,,,,,dead
2026-10-08T03:37:18Z,0xa44930652990b9ca033679bfef951d8fb1321ba3,0x2b669eda5eeb08737fd04fc178b8b4bf796d24c219bd938432a64b6a9fb9298d,1.45,2.369e-07,20062,101,29,23696,2.703e-07,12.4,,,live
2026-10-08T03:37:18Z,0xa4560b2d04804d7fc9aa53cfc95799711573ce2c,0xf1070a63fbdb4b256dddc0bda06753348e9ad05f5af12d651e509d4e1e7f1dde,0.68,2.141e-05,29264,18840,205,21418,2.141e-05,0.0,,,live
2026-10-08T03:37:18Z,0xa48dedf95fe3c72a0f10af13c11f5d26c0353a1e,0xc13b01708e878d681833a0ce778a15d5854d6ef56e1ff6ddda25e19165c6c69a,0.22,0.0001005,100555,123,16,100555,0.0001005,0.0,,,live
2026-10-08T03:37:18Z,0xa4ed602f4bd38d3f25a1d99141f0aecbe7d349d8,0x36a57705bb9113f8baa64873f5fcea95a563425839b9bc57d12a15d0e3bfe48d,0.4,2.078e-05,31728,16766,205,20780,2.078e-05,0.0,,,live
2026-10-08T03:37:18Z,0xa52c9564976376e9105ae9d20af72207608b2076,0x41b2b7947614caafd0462a826dbb90521c63a0c6b483b993350a39ea5c512289,0.98,9.043e-05,71074,43455,99,90434,9.043e-05,0.0,,,live
2026-10-08T03:37:18Z,0xa550b18887b406c57f3ee8b0a7aa510974c16cde,0x8ba765b32687b8b685e36064419adff5c253bcf39ef20aae101719669fab0fb8,0.05,1.031e-06,20621,3,2,10313,1.031e-06,0.0,,,live
2026-10-08T03:37:18Z,0xa58f35d3d4dae126a6ca6ce66d40e6374bcba17f,0xa732d5827493a42403ac80d1962434f5fd0dae221a167af0056f561d1c0fedbf,0.63,2.528e-05,25289,0,1,25289,2.528e-05,0.0,,,live
2026-10-08T03:37:18Z,0xa59bb854aa90c4c044921b4eda0bd012c50653af,0x0755ab375084da56ec5fe679d89717887519b03387a92febe5d50090cc99a952,0.32,1.019e-05,10191,113,4,10191,1.019e-05,0.0,,,live
2026-10-08T03:37:18Z,0xa5aae9b57d4775b613f981d5b467677a596cb7a0,0x4e510728a11329aecbf7e5981a06950f0c70c20f8fa15af04b33a1c84ef8e520,0.54,0.0002614,42087,99284,235,59724,0.0002614,0.0,,,live
2026-10-08T03:37:18Z,0xa5b96614821e836a734b7b2cda57f61b400c60ef,0x010f459a7a56f7475cd152d3f21d016d56d82d7f6c7e74c20823ed09281bbe8f,0.65,5.338e-05,48394,17003,48,53387,5.338e-05,0.0,,,live
2026-10-08T03:37:18Z,0xa5bb18b53f242d1202e81ecfe4156145941d86db,0xe3c907b187888c50f010c9502235b3f454e4934c5134c723d0ab9c099f5877cb,0.6,6.541e-06,6606,127679,650,6541,6.564e-06,0.4,,,live
2026-10-08T03:37:18Z,0xa5c8cc9fbe4b41b383edb70348d28dd287c63e18,0xddc30709002e268d820bda2b6f8b59675e7e9b2f42c3bc5c80caa123f77336f3,3.44,5.58e-05,22159,26234,1670,55160,0.000175272,68.2,3,False,live
2026-10-08T03:37:18Z,0xa636c8ce6713e5836f8699c6ebae2fa3f63205fb,0xbd9777f9def377bb704b4f86abfc5bc37a92685772c4f60b0f9def4499dfd6d1,1.34,,,,,,,,,,dead
2026-10-08T03:37:18Z,0xa64e05b44e70764541708f3bed407a4738817777,0xc70928b12a380a0b1b1785ab8351d599039b0396afe8dff147fb19e69c4b71fd,0.67,0.0002393,52140,62207,233,54690,0.0002393,0.0,,,live
2026-10-08T03:37:18Z,0xa6968e7b5111c534ff42bb1a1618b746f6d8de8a,0xc6a7054d9ec16ef6169b481a41e1683cab38ec74ef8d7532aeb7451af9799594,1.42,,,,,,,,,,dead
2026-10-08T03:37:18Z,0xa6dea16ddacf9618e15521614436a1828f8f97b3,0xbddcb7b220363fbad34d42f828c09fdb30216afaabee5e4cbf816988131fb259,1.38,,,,,,,,,,dead
2026-10-08T03:37:18Z,0xa72eed163f5869227c567fac779541756cb913ed,0xefb30efdef67b69b6d8860d606736b89e11aecfe23f04d98eda26d5acf635c6c,1.0,6.613e-06,6627,40080,2166,6614,6.613e-06,0.0,,,live
2026-10-08T03:37:18Z,0xa7485968564b86a539a1700800e64718eaecd1c3,0xe7c41d2d83c7eb164174b8487e7f9884b68bc961e5b6f3c9557b24f8f61966c9,0.66,6.873e-05,58376,21804,52,68735,6.873e-05,0.0,,,live
2026-10-08T03:37:18Z,0xa8028d022e8f96eef5b19a7cc4079d4e6c2ce4f9,0x20a796740354429fe2216fdb0f20dff96225dc32a40fe0d795124d3bfa9c3949,0.39,5.116e-07,10234,0,1,5117,5.116e-07,0.0,,,live
2026-10-08T03:37:18Z,0xa80646aabcb9d1f9bd3552feaa680a4a25157777,0x787d43fc439e6e646a05250c81cb1def752072c7a69cf5c9af2023a7ad8e5f44,1.39,,,,,,,,,,dead
2026-10-08T03:37:18Z,0xa81118e134dd431b6da5dbab421a4cb242b1db39,0x140dd8e1a17d149e6adeb0347ed990ca58ec82897ac678c0ef9cfae0ebc963c1,0.52,5.178e-06,39872,55657,383,51789,5.178e-06,0.0,,,live
2026-10-08T03:37:18Z,0xa8158d5ce561f8bee6d4be39b36dbc2368aad16a,0xafe57564a7068f67c4fd089b72353b5b3e2f40c5250e9b6885b74650fd1cdd11,0.95,2.714e-05,27133,528,4,27144,2.714e-05,0.0,,,live
2026-10-08T03:37:18Z,0xa8500a809443b32018fb6e7045d9ddfebacd1e18,0x0b63111b1a70e04129769bd12f11fbb105ca6f84730926740cb2c4fb0cb9a99c,0.38,2.013e-05,20136,3037,48,20131,2.013e-05,0.0,,,live
2026-10-08T03:37:18Z,0xa859501407518a5778ccfd227771a37b876197c8,0x2f1b331ecad04f7981f9b7693d925e697572310d024f71d1053ed62573fef8ff,0.33,6.445e-06,6446,5336,31,6446,6.445e-06,0.0,,,live
2026-10-08T03:37:18Z,0xa86a61a859b8a215116cbccfacb1ea52a5333455,0x8b40f71aae77ffbe30430541c374cd2ae9a3a0439bed7d9582063a7502d1ef33,1.47,2.74e-05,15538,38129,539,27400,8.082e-05,66.1,,,live
2026-10-08T03:37:18Z,0xa8936b7148efda48226de8c06706c8f7b0f85c98,0xd42db345a4bd4df194902102fddc4edbb46f6b63c805cd242b359884d3e86e88,16.36,2.366e-05,14429,5444,59,22740,0.000157768,85.0,,,live
2026-10-08T03:37:18Z,0xa8e180dda63533cfb3753962f85aa5f2a81e0a2f,0x8ce12f0c335186f1d2f986a3a4b1b8331e798bf309d2a05655148291a43d8080,0.77,5.905e-06,37003,37408,350,59050,5.905e-06,0.0,,,live
2026-10-08T03:37:18Z,0xa8f1ebabc11f14a3ec95f5300f30a6c99e250777,0x6b1fe84f2a97a84a961e6639aa0b324faa0d6936df0aa3086626dc51a7683dfe,0.78,7.457e-06,13752,616,6,7443,7.457e-06,0.0,,,live
2026-10-08T03:37:18Z,0xa9188c9f5a5a1f8191b8679cea5f1d020f483f22,0xab340c2fc7920314bbb0c5a9adfc4e27212da40362d6b94c46806b2ba584cca8,0.64,2.286e-05,461895,12900150,15550,2286928,2.286e-05,0.0,,,live
2026-10-08T03:37:18Z,0xa91c23d91ae3e4acb35c9cea4a05e8f8909781bd,0x4bc6624eb680ea4f1f116f95a8af84add2b442c90359ff4d0de82ff112f44e9b,1.02,0.0003584,167450,95499,185,358486,0.0003584,0.0,,,live
2026-10-08T03:37:18Z,0xa930a6ba7be179ee283b95d194a068af09f17777,0xe8bd871399163826e050ebbe398774a2bd8625ae1803e7f12693fd941a364708,0.28,0.0001092,35207,15174,63,24951,0.0001092,0.0,,,live
2026-10-08T03:37:18Z,0xa9928ad59e33dc119ea845c523e59ff952804c6b,0x61a5193adb28395a6b0e4f2bbfcc038cf15a68e04e99cd39a373d46e6870b65e,0.6,0.0002692,42716,81423,241,61488,0.0002692,0.0,,,live
2026-10-08T03:37:18Z,0xa9db6d3fb987257767b7227b7df5fad099004571,0x7a3a8057d6e4d173c1b8cf9491fc24b696613b1d49450e483c090357fe8de07d,1.13,0.3826,16500940,49522,27,382644345,0.3826,0.0,,,live
2026-10-08T03:37:18Z,0xaa07a0e9209e16ac99708c3ec70159c6ef3128a3,0xea9f200e13055b82f175f44f592c4c13dd8c9d9320a66487d3c5cd90d68550ef,17.85,0.04537,831253,1424463,2756,43106793,0.123459,63.3,,,live
2026-10-08T03:37:18Z,0xaa07f927b255756e947eafb2778db2c3fc9a28a3,0xb9a25b92a05ff018a6a684304a60067acb5c537ed38635049792ffaf26111f41,1.16,0.05207,14847863,21963671,223,49472274,0.05207,0.0,,,live
2026-10-08T03:37:18Z,0xaa122c212e7272fb6704803e1ecbb95114ff87d2,0x32a392f9c48944ccbce01f1c76b6e7b0e5cea89d09aa166ae690a748962be3fd,0.52,2.561e-05,25619,4,4,25619,2.561e-05,0.0,,,live
2026-10-08T03:37:18Z,0xaa14610fa987fee2b7b50898fc0b099f9af07777,0xfa4a5236e662f1c22edb9127672f80df8b8c6be7c7f114b377c43c7695e57db2,0.81,0.0001742,44843,56828,225,39822,0.0001742,0.0,,,live
2026-10-08T03:37:18Z,0xaa252b953fa6076fbb64d573c2290a73cc4f5319,0x7840e42027ae14c5b99dc1c8b21c88bec4c1ced4f9ce8e8432ed319605d6b733,0.7,2.579e-05,25796,2,3,25796,2.579e-05,0.0,,,live
2026-10-08T03:37:18Z,0xaa4914af73cb91fe34dfa10696028bd129b3cbea,0x68a5b64a22d910f6693b64bdf2404bfee3e195001db5e264907faef1da6cc25a,0.63,6.453e-06,6454,0,1,6454,6.453e-06,0.0,,,live
2026-10-08T03:37:18Z,0xaa5751ff3fb61e613993b2eb4eab1fce017081fc,0x2f509c6e2675a1a7945902c64ba4aefaef32b2fbf34245f12078a1d0573db170,13.41,0.0006218,73974,146156,640,611294,0.00316245,80.3,,,live
2026-10-08T03:37:18Z,0xaa75e755a333a0f7730a98e816e8ee324f0a94e1,0x06115e1093d70999e1faa11aff77fe315c17348ee064d4b626c0fa1a8c94829f,0.6,4.409e-05,17304,2835,13,10071,4.409e-05,0.0,,,live
2026-10-08T03:37:18Z,0xaa8ea6979dfa4af171472b881da620d83f4ec777,0xe88f0064cb3dbb1a05aec1b71864ff3dc079611907506a56c4b7e61580e342d0,0.27,2.538e-05,25172,52009,184,25330,2.538e-05,0.0,,,live
2026-10-08T03:37:18Z,0xaa919aa4ed11e38e76b69ee85937e7ec03faebf6,0xd4b3d91408892a919baa38b2cf16350331ec50052cd618db9d43f2c736f6284f,0.65,6.521e-06,6547,34018,206,6521,6.521e-06,0.0,,,live
2026-10-08T03:37:18Z,0xaad60db435da6efffa411eac59413d1dfaf172d4,0xd0dffc71022066454f10b32934950145084f29a8ffaf1b4744942d097101962c,0.57,4.927e-06,42073,54966,391,49275,4.927e-06,0.0,,,live
2026-10-08T03:37:18Z,0xab1c50bdf2d239cc1ce702f62644e2573faa682b,0x5f30c2ad8d0b9cf94b82a6209f97c0bb3b7ec3a9ab5080b7cb1005ab78d8806c,0.78,2.578e-05,25782,1154650,2798,25782,0.000186,86.1,,,live
2026-10-08T03:37:18Z,0xab2a8ec408056d13fbcee6cef6b80018fbb54051,0x8aa1081d2401e1c0dc2a966a871179443adb81b381d1f70d6f035c38c8149310,0.38,6.39e-06,6300,1127,7,6391,6.39e-06,0.0,,,live
2026-10-08T03:37:18Z,0xab395edf33658efdc767da01da1d7243ee5f1a85,0x9f848519639f7bef00cda121fcd7805b754164cd1151bbc12983e90af68789a7,0.73,0.0002661,42775,83629,178,60791,0.0002661,0.0,,,live
2026-10-08T03:37:18Z,0xab41308c0856b6665db14fb11ef45ce2366332d5,0xd746ae4427ee5621e5a9122c4c95f58fcb68c54c89b1a1265a29a36c07f10324,0.67,2.078e-05,31233,13530,196,20781,2.078e-05,0.0,,,live
2026-10-08T03:37:18Z,0xac434a90ba5e5c01a8d4736e6ac4960586492b2a,0x658238b264ca2666b59d3ca3efa623ae7024eb32,0.57,1.513e-05,7592,0,1,7592,1.513e-05,0.0,,,live
2026-10-08T03:37:18Z,0xac5254231f1bfce67b711d2bed6f095389416382,0xdd2eeaaebb7b36c82168f533378fc047f1d0f562c582b821ebe817a1c1106f7c,0.88,0.000377,51136,132898,230,86119,0.000377,0.0,,,live
2026-10-08T03:37:18Z,0xad2cc3791934ec36e498b3d35b616e0318ae73e5,0x7d7ea5f34d0b3dc0a6bc504eb6871074f9c0ca6976554d091211a8386d352888,0.94,2.609e-05,26096,2,3,26096,2.609e-05,0.0,,,live
2026-10-08T03:37:18Z,0xad4d85e5b62abca75c9c8b25ac612165c95f1e18,0x19a85b970b4f7372fd92dc5c519f63ed3b53525350f11717d5a2c50aace16f38,0.93,1.987e-05,19872,550,15,19871,2.051e-05,3.1,,,live
2026-10-08T03:37:18Z,0xad565654201d9577ed384fe7494221875c03b064,0xb9da3542e09563dbaa6a028ce780ab242502c68435ca24e0995053bcf4afd80a,0.78,9.891e-06,9891,56,4,9891,1.004e-05,1.5,,,live
2026-10-08T03:37:18Z,0xad7e6be0c72db44372a570bb24480e40acd1afd4,0x6f0fb98e6f35d6c9fae68fb8367df8b307629c90e33d9ae59c5d0346bb1230c5,0.63,7.85e-06,47614,48989,238,78505,7.85e-06,0.0,,,live
2026-10-08T03:37:18Z,0xad86b5afa0bafaf6bcfe0c816090fe2ce0da3425,0xe062c49b7bb00244eca0e2029cc673f4836abacd7b1a56516900d4fff2483cf4,0.86,6.571e-06,6572,5556,33,6572,6.571e-06,0.0,,,live
2026-10-08T03:37:18Z,0xad8b4e19e82e4e2fa6a29c1c6bdbbf2d84b6e64a,0x6383bee41c623f9b93537a4b21d4a924dac7e7a4,0.27,0.9998,10000,5,10,999802673,0.9998,0.0,,,live
2026-10-08T03:37:18Z,0xada4c1cc32878fad9a54f5537891d419d8e9640f,0x584d9069c1106c31b4495ebca186c4467dd732ec5c2ba70b37ec82077ac90c16,0.15,6.45e-06,6451,5430,38,6451,6.459e-06,0.1,,,live
2026-10-08T03:37:18Z,0xadbc89b8dfcd77b8a1e1b495e96228c49f38eb71,0x6644b2021e87fdfcd70b791ce323c72977b846ce0cb24f2524a1128de2f15131,0.59,5.511e-07,49542,13071,46,55118,5.511e-07,0.0,,,live
2026-10-08T03:37:18Z,0xaddee94d670cd2bfcabd752ced03758831977806,0x7a1371a8324a015c73c8f3dd61c05d92eab1bbf3,1.14,1.457e-05,7265,9,15,7265,1.526e-05,4.5,,,live
2026-10-08T03:37:18Z,0xadfefd9334772993e1dfa7391c60da5e1ec27777,0xd3f8ce7ba0f40d00b224c87ed9b806ba70def5bd299e73c06c364c0ccde3e134,0.38,0.0002642,54585,64615,234,60378,0.0002642,0.0,,,live
2026-10-08T03:37:18Z,0xae271a54182021b51bbf66366c0f5f181aba3a7c,0x01ffdf0f7266822d571d0914b7874a74656fe4d5a28a650cc38b00afe1d8c81f,0.54,2.563e-05,25635,3,5,25635,2.563e-05,0.0,,,live
2026-10-08T03:37:18Z,0xae835fc8cbbe61f67b4080b40c4b5b35bddb5995,0xaf34bef9d92201bb033716be1b622b2c36dd5a0f62d753cb42bc841516ac1630,0.4,2.398e-05,28352,24600,200,23982,2.398e-05,0.0,,,live
2026-10-08T03:37:18Z,0xae91b9e0a09031642d6bc143c5ddedd2b6f71b01,0x36360ed3f3f1cd01ae3ebceff76fedccdef78899af3c1725f1941f2fe41bf374,0.7,2.576e-05,25761,2,3,25761,2.576e-05,0.0,,,live
2026-10-08T03:37:18Z,0xaebc764c588c9a480307dd59bd55f542e2b5b35c,0x91da0a979dc925aac6b318b50be7224948e8b2b7,0.06,0.0003201,104557,922222,2746,320159,0.0003201,0.0,,,live
2026-10-08T03:37:18Z,0xaf29a96263246e9416056dc8bf77e9f56ca0cc04,0x461fc81e3fdb5acf7ef4864a67f57a1e0499d305d85212e5c46404c7bf1b29e7,0.51,3.574e-07,62870,6266,28,691,3.574e-07,0.0,,,live
2026-10-08T03:37:18Z,0xaf517732f7aa425ecb8903634e7f076a83678aa6,0xd9ba3cc67467066accd6e1c1be6e9bd813d931857b921008288e440cc122239b,0.97,6.603e-06,6616,30559,1268,6603,6.603e-06,0.0,,,live
2026-10-08T03:37:18Z,0xaf57eab05f0caaa114f4cd5528530b4216e4cff5,0xf4058ebf6da2c4c09d041442876e2e94271017ceae6de40e489676a237c2f055,0.15,0.0003777,50704,136627,235,86269,0.0003777,0.0,,,live
2026-10-08T03:37:18Z,0xaf8237b2a1b95edf3729b21a8488910606012df4,0x2678ad9d6fda253e3f8f1fc6cdbfcc548118c6559fe87ea70d8b7f33252f888e,0.95,6.596e-06,6609,20562,383,6596,6.596e-06,0.0,,,live
2026-10-08T03:37:18Z,0xafa3464944569569802669538e7312a3e2190131,0x9c7b19e520b84e3838e7a332cc655b23df0ec00b4d38d17634fa7e47507dcb2a,0.5,0.0001806,110480,139699,323,180627,0.0001806,0.0,,,live
2026-10-08T03:37:18Z,0xafb33f12c65285438f0e688cb8583405f3e64152,0xeb9d878fe824910ff789f09a5acb8fabb1176d31946d6e5c6f8bbe47db17cdc0,0.99,2.612e-05,26122,2,4,26122,2.612e-05,0.0,,,live
2026-10-08T03:37:18Z,0xaffdfb3438b7c4c96742942873ab86a7ee519767,0x5612492b6b4db5e4b20a26e99156b0e53d1c9c4cc378f7a7f8f2dd63622a0707,0.66,0.0002656,42536,90449,202,60678,0.0002656,0.0,,,live
2026-10-08T03:37:18Z,0xb020e4fd65502eb4766fb86a720aef714b433f96,0xf5cfe971a06c7f918d450b25c1c153063434ee678df4bb9e75e1439d580e38e8,0.4,2.553e-05,25530,4,4,25530,2.553e-05,0.0,,,live
2026-10-08T03:37:18Z,0xb02e8f92aa97dd90285af017db27792369ebd02f,0x440b93e8d58de6575e321f90d6ade177a98d6f81,0.73,0.002408,1112474,521539,1998,2408828,0.002408,0.0,,,live
2026-10-08T03:37:18Z,0xb055ebb6b29a9a590667d824a86466159f5afba3,0xec298a5a30e10d45a8410ad0dc6bccd390774aba32e298761912d5a4572ce6be,0.52,1.007e-07,8565,10,5,10076,1.007e-07,0.0,,,live
2026-10-08T03:37:18Z,0xb08f292ca078134ddda2419337861dfd4ed11e18,0x4fbe57af9988d625172b6893bca69faed8029cb13f88309ca0fed9467f6043b1,0.64,2.014e-05,20147,0,18,20147,2.014e-05,0.0,,,live
2026-10-08T03:37:18Z,0xb0a4497cb5e37b48201c8b9ed998354831851777,0xce4a70b464a8965e4b3bcce1690fa4c98c0660c4e4bd182d8483b5f8738f5fd4,0.26,1.379e-05,18561,9473,35,13772,1.379e-05,0.0,,,live
2026-10-08T03:37:18Z,0xb0b3abbf3a5ff48bf20bf7bc0fd064cc4b824fd6,0x1171ebfc08d29a38c56883894b7b0661c492d0c82110803293c8a699175f329a,0.32,2.353e-05,32056,20776,205,23539,2.353e-05,0.0,,,live
2026-10-08T03:37:18Z,0xb0f3ab8575bfccad787490e00d0e8e4f13f77777,0x5358916ab961df9d3708236a032c76db5b668c13f3d96538b9091c7de42bada8,0.09,0.000246,52920,59184,230,56225,0.000246,0.0,,,live
2026-10-08T03:37:18Z,0xb10e359bd403d5b1a6aa250f6dcf7fb07686c972,0x48b07961081a4ddcad63eeaf66293e10c8854469,0.67,5.273e-06,4800,14312742,28253,5273,0.01313,100.0,,,live
2026-10-08T03:37:18Z,0xb11451f22dcbddf314afe5dde2df24ccea248777,0x2c5f7b248d8b09b5c6e3d28fb9d0d9458ad58c76275bfe694d20b34a88c7c87d,0.1,1.916e-05,21924,51464,187,19131,1.916e-05,0.0,,,live
2026-10-08T03:37:18Z,0xb16d8f96937539c3f072a1a7ddde33736ceb3b56,0x6ef679422555ddd2017a6caa4020151a8445556b,0.28,4.265e-06,5928,391,3,4266,4.265e-06,0.0,,,live
2026-10-08T03:37:18Z,0xb18a4bcf9018bedb1fcb90ed80f87087151c09f4,0x206211d456a3a9dbe45e13507aac5131ace9c716,1.65,2.897e-06,2888,2363,25,2897,0.01692,100.0,,,live
2026-10-08T03:37:18Z,0xb19d50293dc2156e57fe0c625a5dfb3d286a8f93,0x5d82c926daf94ee68dd442d2812f43518fbcab46,0.57,1.513e-05,7592,0,1,7592,1.513e-05,0.0,,,live
2026-10-08T03:37:18Z,0xb232ca4665c8a3bdb7968dae6b708ebd48e02639,0xa152f227d0814a10cbc78d1f48b31b3db455c5c46e9bd5b3364081cfa1ba3cf5,0.1,0.0002444,40823,82143,239,55839,0.0002444,0.0,,,live
2026-10-08T03:37:18Z,0xb27f886903f9001b9f759711727646373d742ba3,0xc02578829887e699bda3607843e1e99f45f6a037e4f16ace4f931c31f8337647,0.43,1.48e-07,12823,23594,365,14802,1.486e-07,0.4,,,live
2026-10-08T03:37:18Z,0xb286271ac023261f68662645ef608447d31d4fe1,0x23a662b5fec9035ebdad5e6491deef158283aae288436314f0cb3bc83dcccee9,0.09,1.032e-06,20630,8,3,10323,1.032e-06,0.0,,,live
2026-10-08T03:37:18Z,0xb2fc3157333df3d33f44790bc88ffbe13b297777,0x77c177531a917b9b249dd9ee0d5548216878b515490f2ba242993742e0d1b546,0.17,0.0002244,50520,63628,232,51292,0.0002244,0.0,,,live
2026-10-08T03:37:18Z,0xb323ddbacfe94afa78dd8b887da9a7286946f30a,0xefacc53ddc5327a43dab3c3df2b5d60eb6b1463bb41eb2dc33c880d0d579d9cc,0.31,0.0002917,44590,83227,241,66645,0.0002917,0.0,,,live
2026-10-08T03:37:18Z,0xb363202df533f79ecfe0be6f1e0781e43343eb5c,0x0fd838bbcf76031be6c770cf4e55f9a97b55bbf3,1.44,1.234e-05,9736,24097,972,12344,2.183e-05,43.5,,,live
2026-10-08T03:37:18Z,0xb38af4eb0f8c7554d11e26ca44986912761e8a19,0x49e4e4e5e4f498de140d153997dce0793dcf6dd3,0.89,1.506e-05,7528,2,3,7528,1.511e-05,0.3,,,live
2026-10-08T03:37:18Z,0xb3a2204fd5d011d268b56d6f7a0ccca484f5a727,0x9c41406df394f1c619721992b7227a0475c4a90cd734a73fc8ab91c6cd73e761,0.32,0.000621,226887,1447117,3136,621037,0.000621,0.0,,,live
2026-10-08T03:37:18Z,0xb401171abc19a8ccdd673ce423b143a6528d1e18,0x0f5291558508d9ee226fe7d37a8415bc226e85834025b6c9e5d36357f9faefbe,1.63,1.999e-05,20000,3,3,19999,2.001e-05,0.1,,,live
2026-10-08T03:37:18Z,0xb47c6bf935b19068dc3bf9b81146b8187cbca688,0xc9e4c5458260bdebbc9a2881b4f48fdc74b6e3416b728f20fd5a63f47f065c4e,0.52,0.0001766,108965,185411,446,176632,0.0001766,0.0,,,live
2026-10-08T03:37:18Z,0xb484b1216beaca0a9093de83be11f22b83ae26e7,0xc70c5e094e7ad752e7f0a220fdbd23817d4e57d8a6763bdb0f85e489b2ed6b5f,0.7,0.0001721,197200,361776,1964,172188,0.0001721,0.0,,,live
2026-10-08T03:37:18Z,0xb4ebf16f805c3e307242728c1aa3c1ee07e965f7,0xe1d7af709494705b7326e61093b992ed239a94f0737ff2f572dca0c4fddaba9d,5.4,7.02e-06,7859,88664,688,5394,0.000598759,98.8,3,False,live
2026-10-08T03:37:18Z,0xb55e6ea3ee2e670f65fa6ac254cc063011f76ba3,0x54cfc2ca4b8c19a9310cd11fda36a5f4162d28bb0d2ac391099028791b8456d3,0.59,1.017e-07,10184,352,5,10178,1.017e-07,0.0,,,live
2026-10-08T03:37:18Z,0xb5a3f2e32c391c760386866564c332780ded0882,0x3baa2daf87c84619f2abb24815d5052fbc7aca5f,0.34,1.512e-05,7590,4,5,7590,1.512e-05,0.0,,,live
2026-10-08T03:37:18Z,0xb5bf0616d4bf9ab6dfbe1eb23c5ffbf136f61e18,0x039f96d357d0d8d2ad3fc2be4497b432500542dab1f1af1370219008deb39046,0.25,2.105e-05,21109,40236,756,21040,2.572e-05,18.2,,,live
2026-10-08T03:37:18Z,0xb6031e64c7874e2bf6f84cbcbe7bd603f2553f0a,0x772eaa2c6abdc49c063638499b40d5ad2370148d9a94e27a4a44dde119e7625a,0.68,0.0001642,95570,7975761,18366,164296,0.0006425,74.4,,,live
2026-10-08T03:37:18Z,0xb645949625b67ef9a97fe2008cf45c242385f777,0xdf98f89b3ed2feecfa01636917d28f81c64c6ec978d9399ed5d65094dae2ac12,0.11,1.829e-05,21403,40793,124,18261,1.829e-05,0.0,,,live
2026-10-08T03:37:18Z,0xb65dd50e6de16884c33c338a2a9cc9c11a55cba3,0xff8475217f4eb4de85d556fa51e881850d8007bc16a728fd822a8afa75cadaa6,0.55,1.015e-07,10162,2033,23,10157,1.015e-07,0.0,,,live
2026-10-08T03:37:18Z,0xb68398617dbd4ddb6acc2c4cb4e7ff82ed904777,0x9846b48be9eb278e882edfa61a4ac8945da0a9b2156ad36747fbdb5128d96143,0.75,2.009e-05,22504,48155,184,20060,2.009e-05,0.0,,,live
2026-10-08T03:37:18Z,0xb70c9adb2281eee879c7cbaee0fd0059a2f866bb,0x56b9ad9f42359d2a9321c55bef17ca95627bdf6f,0.4,1.529e-05,7679,0,1,7679,1.529e-05,0.0,,,live
2026-10-08T03:37:18Z,0xb784e5e0b85d5cc9fec1c5f223f9321b3fe99fda,0x9103ea32b122bde9d0756048c6d3f8966e517ed917410791cf014d4434c06440,0.09,1.031e-06,10313,3,2,10313,1.031e-06,0.0,,,live
2026-10-08T03:37:18Z,0xb78cfe933bf89348c7c68bab31ba84cbc5a27777,0xa58583a86f57938b850206dcbae71d3d917f081fdca062bc4e69ffd5360482e2,0.57,0.0002665,54927,60594,231,60902,0.0002665,0.0,,,live
2026-10-08T03:37:18Z,0xb7ae81383be1f84ba5b5a52d2f512c4a9ce88192,0xdf88149f4766e067461f7db398f2ad6bc501d4e56aa29e01dced6d60622eca21,0.92,0.0003154,46729,88689,240,72048,0.0003154,0.0,,,live
2026-10-08T03:37:18Z,0xb7c6556db5dc4a4b7cdeaedf7ada1c9027c3d891,0x1deb1928cc688a808d57972d5e1ba7e0f20df8b72d7bcc3a1da5acc5c1e66267,0.61,2.202e-05,28416,17993,206,22026,2.202e-05,0.0,,,live
2026-10-08T03:37:18Z,0xb8120ac7444953e7f3b30ed7356045f2c5d10777,0x7531c0fd8de9cca766288f7629af8f017691b8e9d5e7052b19c97f2907dd9e85,0.39,2.81e-05,26421,48083,184,28046,2.81e-05,0.0,,,live
2026-10-08T03:37:18Z,0xb86933ec816e7f5b43124cb5604ffa882c6a6777,0x0e287b4e29d0d709caf05359fb3248e9cf1bf9a94de999b7db1b32418d2d2c18,0.11,2.416e-05,24588,58856,182,24122,2.416e-05,0.0,,,live
2026-10-08T03:37:18Z,0xb8aad220341ed8d9558d4aea2d96a677813dcccc,0xf9559fc80edbbe2a7f069509339756ed14feaa682db9c6e8b12b841c65019ca1,22.84,9.529e-06,9811,14,7,9529,0.00116173,99.2,,,live
2026-10-08T03:37:18Z,0xb8c02eeba19dfc72ca404d745a86700259375777,0xbf89d19660fc10c387d2a11640defeba45db0e9fc1fb1b80b39046961dce5537,0.43,2.813e-05,26498,51085,180,28076,2.813e-05,0.0,,,live
2026-10-08T03:37:18Z,0xb8d2887665997e3997ec9e46c1809db0b350f4e0,0xe3818a7f938c8eeabdb2596110c9af8721139f68351d8866874a8ce647ac6471,1.05,6.554e-06,6580,0,2,6554,5.676e-05,88.5,,,live
2026-10-08T03:37:18Z,0xb905b8e778b0d83836a5a7a333a77d8ab7eeb6d5,0xbfdc7bd0b2553b2f59e50e4237170bcdb95c67a8,0.51,1.51e-05,7579,0,1,7579,1.51e-05,0.0,,,live
2026-10-08T03:37:18Z,0xb93cdc3ca47f1143449f3b501cc5654fe9587777,0x282becbb83aec5ffeebb6d8c61330f4a84d27de97f481bd764ff12ac7611dcf5,0.61,1.908e-05,21809,43673,135,19050,1.908e-05,0.0,,,live
2026-10-08T03:37:18Z,0xb99cbc865cf3c54d1eebef6c0845295ec6896c07,0xeb6ab569a4d81bafaf31d9f54378d63cf786799118f1f2989031b7061ecc42ec,0.97,2.611e-05,26116,2,4,26116,2.611e-05,0.0,,,live
2026-10-08T03:37:18Z,0xb9cf03507e6f6aa24f11eb46b4dcb71229a02040,0x3febb9a2ab838df35418e0cc5f0303242384f365a2e9f6d5f506cd73f1a4664d,0.68,0.0003567,49301,106168,239,81486,0.0003567,0.0,,,live
2026-10-08T03:37:18Z,0xb9e4c11d0fa3480be9135c1cdfedacad31fb1e18,0x38dda07e06e8b87b5200effc17b74dab61418c91e7a2c6665841683a882e57a3,1.52,1.967e-05,19680,0,3,19679,2.005e-05,1.9,,,live
2026-10-08T03:37:18Z,0xb9e4def3d26c113aa49a9e76af327c7950291fa5,0x0cf77ae161929e3801bb671122cdf406d6d54f7aeb4378b94e008bad34a674cb,0.07,0.0003355,47866,112526,235,76648,0.0003355,0.0,,,live
2026-10-08T03:37:18Z,0xb9f71c7279773f0718b4a9cb80885d688d116777,0x16edeb8e78e278ad6cd506bdc509b14f570a118045da18acea0b7b0e9538f395,0.56,2.427e-05,24599,49377,183,24229,2.427e-05,0.0,,,live
2026-10-08T03:37:18Z,0xba1a2d9783ebe2b76493c5c12eb9813a0e062843,0x6e8a6a1af8ec53f3f09c7303e5403558dee42d0a,5.45,8.305e-06,6673,523,207,8306,0.0517375,100.0,1,False,live
2026-10-08T03:37:18Z,0xba1bc05fbc9f6be1fbce39e7731ec7e8b49a1777,0x9da794e6b9cc5e60ff2eac7a8927997823157aa80041d3c9a2ecb5f06b6de860,0.72,2.082e-05,22888,28670,117,20787,2.082e-05,0.0,,,live
2026-10-08T03:37:18Z,0xba26f3df2f81a13e9e6d24f02eb8504f62970bca,0xa7e3c86e18fdf4123ad14b1806e1dcea1c14c3f3f6c3b008288c9a2d00fe0eca,0.17,0.0003339,47704,105805,238,76281,0.0003339,0.0,,,live
2026-10-08T03:37:18Z,0xba2ef4773b8ce52149e5b0c7ee7af2d62c1eba82,0xb0d0ac59d814347f885ce3e7cf902e344b473c3a8ca2d05ffb03f07bd13a252c,0.14,0.0003416,48208,124263,217,78033,0.0003416,0.0,,,live
2026-10-08T03:37:18Z,0xba440941f475646388f3424a5f9e5e74fe4f0726,0x11236b6ed2e9ef69f1d88b6c0990c7df192a57b6c26e625ecf31dfd90a36d53d,0.86,0.0001422,62811,82950,444,2800,0.0001422,0.0,,,live
2026-10-08T03:37:18Z,0xba6263f3e9ff4d7d6438317be7ee98d9f2c3c45b,0xb5e14b901f9a767946ab66562c2856f7f1c618f6,0.55,0.003582,160789,4062411,7345,3580592,0.003582,0.0,,,live
2026-10-08T03:37:18Z,0xba7532b9c1b2156b4e6f147e5e95439eb3107777,0xec3cccb5dc21e77dc02f913d9e9fb0fd1156091b2c88add1fc3435b03296dd9a,0.78,6.428e-05,27217,1525,7,14689,6.428e-05,0.0,,,live
2026-10-08T03:37:18Z,0xbad2206521c8cc5a2399993ba1078f78c3751e18,0xbc71bb75e4dc2f9f9fe6b6a9b09a30685c81f1d7d26ddce3aed0ac8b29c09dae,0.42,2.002e-05,20028,2529,33,20023,2.263e-05,11.5,,,live
2026-10-08T03:37:18Z,0xbb085f24b03d00d39db9d488830a405161b215b3,0xe692b645b523828c43217dff8c65d1f428ba30be5011043b920e56fd96d16088,0.6,0.0003089,152087,577364,603,308960,0.0003089,0.0,,,live
2026-10-08T03:37:18Z,0xbb398c35f0c295931038fe27ede10a7d78dad965,0x4577a705ea5d54445979a72ad972f1f3fb12d658c5295d48e9dd141982feb230,0.79,2.878e-05,28725,1298,11,28789,2.878e-05,0.0,,,live
2026-10-08T03:37:18Z,0xbbaab9e03d7bf77fd680e396b14d4fbc00d17777,0x6a32e0416b1c8401f1b3f11f512695ad560085abc0d8ccc49f478c76fe32445d,0.7,0.0002263,50758,57445,234,51708,0.0002263,0.0,,,live
2026-10-08T03:37:18Z,0xbc304d32192f4c0fff3b6d9bc4c4c93d482191a4,0x41a4e93179da5886303108fe4c1f201570c6fc0a,0.66,1.17e-13,0,9085,40,,1.098e-05,100.0,,,dead
2026-10-08T03:37:18Z,0xbc4a655167d3ad1056954b485c8fd3a15debed12,0x37d4f9a151cbc619d7d22b0140fc0cecc66afcbedcfa52368987124fb427ca58,0.98,2.614e-05,26145,3,4,26145,2.614e-05,0.0,,,live
2026-10-08T03:37:18Z,0xbc4dac09ddf9e9131c97902dd3d33fda3c665a92,0xdd9f98e153cf39e0b0c9caf943e7de322c350ee76be49888c6aa55bd00760e13,1.38,8.195e-06,8179,26705,7,8196,0.0001653,95.0,,,live
2026-10-08T03:37:18Z,0xbcbdeeb90d762592898a5a67859e0d4b01da1bfa,0x256dd3c0be785382d039da8a4152bf2e4d4f9fba7654b733584f189ee6f0b1bb,0.3,0.0001156,83383,204823,491,115678,0.0001156,0.0,,,live
2026-10-08T03:37:18Z,0xbdacceca02eeb8bf22254036a0950b0d42577777,0x54e06227cb210e8a7705a20e39fe0e6ccb9be487ab6495086f32cc3a7795a397,0.63,0.000149,41161,38288,143,34048,0.000149,0.0,,,live
2026-10-08T03:37:18Z,0xbdbed1cafe4e9c61cea746ac2b97c24cf6541e18,0xc51fb3fec8e2654718f077272122d9f6c22a2796e299d6a141eb045432e23848,1.43,2.025e-05,20254,0,3,20252,2.025e-05,0.0,,,live
2026-10-08T03:37:18Z,0xbdc00f2b4bf0afa7dfc8fe698b9fd4e38abbc546,0xde8f19fe85e7612b5d086da99b8caff600a2cd165e0e13aa485d39c08eadaa97,2.57,9.253e-06,7818,1266,36,9254,0.000295075,96.9,1,False,live
2026-10-08T03:37:18Z,0xbdc336f3ef34e93861779c50d56e7129a8fe4bf7,0xa7008490588aa094fd12188ec61f933e0111f63b512b2630c3eedc4fde54d57d,1.38,,,,,,,,,,dead
2026-10-08T03:37:18Z,0xbddd48bde05b98d222a7110fb363c5176360b356,0x5d07d9472723803073b594f582149ca82ffec1c2,0.42,2.592e-06,2700,2826148,10280,2592,0.000851,99.7,,,live
2026-10-08T03:37:18Z,0xbe639b4df40f8e90b32a0d3fb55142230c43c7cb,0x088d38e1ac1766b62a8267f95e6c85c204142f9aa51c56038f2280804213765f,0.87,2.621e-05,26213,281780,617,26213,2.621e-05,0.0,,,live
2026-10-08T03:37:18Z,0xbe8ef202a916acd2e4adc8904425e2fd30e304f0,0xf5346cc4f03aadb7d14cfdcdcc9525872f4b3073,0.93,1.504e-05,7517,0,1,7517,1.504e-05,0.0,,,live
2026-10-08T03:37:18Z,0xbe91e0b6e6c778af47610717771138dfd2d05b11,0x3dfa584f57f96ca534f1d8a05f3ea33254cfc6af39cb0de85cc0e2598f213b79,1.47,,,,,,,,,,dead
2026-10-08T03:37:18Z,0xbea0919850f660ec2698da481c57587a7b748308,0x477d50b2da05e5ae1fbf405c1658a90ab63108f5fc4509719f5274fff339779e,0.98,2.61e-05,26110,2,3,26110,2.61e-05,0.0,,,live
2026-10-08T03:37:18Z,0xbeab526f2decbb4292f8ccc744e471879bc83e6c,0x96fa91c26894bd938988bca99a73b132e7e70138d170373aed168b16fac11f7e,0.94,0.0003058,45969,106011,232,69845,0.0003058,0.0,,,live
2026-10-08T03:37:18Z,0xbf0686266e60a81a71745a8aaea7241a33d69fa1,0xeb2adb5e8165a19cda9739f454bd85ce5c37920d5763c9e50c404f56c9bcd34e,1.44,,,,,,,,,,dead
2026-10-08T03:37:18Z,0xbf177ef2b7f0d9cade41a8069138868517ed4310,0xc6ebb5306debc6d6b3c0fd0039a84bc6ad439dc9b5dd7363be3eb3f79a8ed22f,0.51,0.0002418,40515,83169,237,55229,0.0002418,0.0,,,live
2026-10-08T03:37:18Z,0xbf26b670281ecd28260d86244fab151d32df788b,0x82945c6538d3617d95c470abd2c485122392d02713d7f769bb5095c1fd2e50c7,0.57,3.283e-06,5388,62322,684,3283,4.525e-06,27.4,,,live
2026-10-08T03:37:18Z,0xbfdac6235dbe77c0cd6edb01c810c7da858c6c41,0x93d8dbc572068e01ebf1128d5de3e4703792a2b51be7e6ac101458900709440b,1.27,0.0002031,42389,143283,442,184728,0.0003931,48.3,,,live
2026-10-08T03:37:18Z,0xbfe2d9a62409e67e41e2473bc7afe758b64d7777,0xdbfa293f5601a9ea5cdd0892e0e0770eef8b43f965e3cb829e4cf2cbdb9fa0a9,0.88,0.0002387,52505,61131,231,54561,0.0002387,0.0,,,live
2026-10-08T03:37:18Z,0xbfedb850e6f9e8427424f726905edf510180c777,0x9363357ff6d637720bea4b465f738057cbacfc14cca981b1cb68c50095ec826e,0.16,2.027e-05,22517,43485,144,20239,2.027e-05,0.0,,,live
2026-10-08T03:37:18Z,0xc04a07958ab5ccd820986070f1d60ab7501ad171,0x57afb4c290ae9b7b8533e5187cfcbf19485825c63a075cd5cd611ae16ad38f68,1.63,,,,,,,,,,dead
2026-10-08T03:37:18Z,0xc0cd177e129379b795a92386a0e3958fe35951e0,0x215b53d8bb14ff5cac8dd2a4cccc4fa3174716feb74a3b90929a4c323847d960,0.7,2.582e-05,25828,312231,703,25828,2.582e-05,0.0,,,live
2026-10-08T03:37:18Z,0xc0e82b787a22109939753faa4d08859f0fd2c232,0x56993ea114b99a17f9432e732943332336e1f8731103b63673684efe3989598a,0.4,0.0004079,178990,1737920,3483,407957,0.0007692,47.0,,,live
2026-10-08T03:37:18Z,0xc0f7453b871e94ee4e7bb52d0717db75a6723811,0x6b97b223f3a92ef7b23445d40062d59d126da48b116408a724c85406b2b91d12,0.75,6.54e-06,6540,5486,30,6540,6.54e-06,0.0,,,live
2026-10-08T03:37:18Z,0xc124dd04dc7c836a7b83ea1bb7902010b28051ee,0x463f8abe901e2f11a3b5c4069f3645e36d0e8add6ff9d178bf8714f7ea8103e4,0.94,0.0003046,45917,101487,238,69584,0.0003046,0.0,,,live
2026-10-08T03:37:18Z,0xc12dcb66d7556ac35546277eee283c3697147777,0xd7c75bf3ed3dd83b67357b498d6ae3dd76c543172c7ff40f3a566c59a0f18d57,0.77,0.0002086,49000,59008,227,47666,0.0002086,0.0,,,live
2026-10-08T03:37:18Z,0xc132df3f78a5114d68f73e09b6b2d8902f7772c7,0xf9c5d7f6ae487a42611bff07273f8eba49ed8e4c1ec6dc169ada9962c31d391e,0.36,0.0002419,40520,80636,240,55265,0.0002419,0.0,,,live
2026-10-08T03:37:18Z,0xc1743a9eaa1e6f52962da566e542b24e561e1111,0xfdde1e50287e403bb11b9b6b05c4a196a82769df253e3de467725cceaad24889,1.14,1.304e-05,13043,0,4,13043,1.347e-05,3.2,,,live
2026-10-08T03:37:18Z,0xc17ce6cb7b9918314f0373638b31a11a26806ea2,0x1dda5c8b61bf2796572248a1ba0cc2a6fadc7f20c4b50cb1575226245e1585b4,0.35,0.0001461,31470,47302,120,33376,0.0001461,0.0,,,live
2026-10-08T03:37:18Z,0xc18ecc2f1af8b603a441bad05feb8703e7337777,0xabd5ac4f2c8628068b8d1bec5dc314d576a0eb5ce04a5a89441b1a3245425a2a,0.08,0.0001905,46596,46542,181,43543,0.0001905,0.0,,,live
2026-10-08T03:37:18Z,0xc1a07657096b2ad332824d5f70902072068a3d8b,0x0dfd6f6a8d47e5b247be344f01c7cbad1360fbf3,0.57,0.0003203,32033,99777,599,32030,0.0003203,0.0,,,live
2026-10-08T03:37:18Z,0xc25d36262741c1bd62f75bb92da024554ad3a827,0x0e919265ab4d633aa0e37a9295aab5aa43ae897be69f493911118a2741b88c79,0.42,2.405e-05,31241,21488,205,24059,2.405e-05,0.0,,,live
2026-10-08T03:37:18Z,0xc289fe68a1b38fb0ed7a15a5e6ff035bd2b6450f,0xe8b22671e30eb3fcc756fd96beab968ffa4d9fbcfc22db897b2509adc9a40b01,0.31,6.416e-05,20906,9254,35,14655,6.416e-05,0.0,,,live
2026-10-08T03:37:18Z,0xc2933cb916bb163efa30ab3b156057d17c3d4ee0,0x950da61149a6684eee4db6339fa10e72e51a6e1e4be41fbc8813fee0d07bfeb3,0.53,2.581e-05,25810,947502,2342,25810,0.0001295,80.1,,,live
2026-10-08T03:37:18Z,0xc307713f39be4c2897660280a97a70b64c287777,0x0fefd152da289e800af6c6f2601158b51e58e5e99ab9e78ed72138b33169860d,0.51,0.00023,51029,59362,228,52567,0.00023,0.0,,,live
2026-10-08T03:37:18Z,0xc319024f52527af660133e5f7e77975ca5d2e26e,0xd2c06447ad2a3eabaa6d1cb033cde8705652f66aad932e85e0e77d08a8668b80,0.4,0.0002333,39708,74613,240,53301,0.0002333,0.0,,,live
2026-10-08T03:37:18Z,0xc32e0c03c9dbae075b9a77521b26965caedd7777,0x9ffb3b109db11392c608ef26a1f431ce246590bb79feb023fa116bea8e816735,0.14,2.204e-05,0,51389,177,22001,2.204e-05,0.0,,,dead
2026-10-08T03:37:18Z,0xc37ced23d91405f0942d68e12024ea4e1dcafda3,0xa3f931446d3dae6ee0b4f5b2e63141e6dc4bd973f6e7e1254d92426d573fe874,0.87,2.631e-05,26320,56,6,26320,2.631e-05,0.0,,,live
2026-10-08T03:37:18Z,0xc381ea72f658c8c2dcf36a20c186cb65b255ec8b,0x9dfed318fea86a5f5fc8cae486ba5f4cd5e9303c4e68ea8751b708a7cfe988a1,0.08,1.033e-06,10337,3,2,10337,1.033e-06,0.0,,,live
2026-10-08T03:37:18Z,0xc38c332012a9116dcade0c7f43b5d3c71799a9f8,0xb4b0dfeaa2e2a838f0f7a304f005ebe32390d4ef,2.18,2.787e-06,2783,3645522,8737,2787,0.02089,100.0,3,False,live
2026-10-08T03:37:18Z,0xc3a83191c072a68cdb64d71f517857cb99cada77,0x254edb0a1f75ccd69a58f5d40ea68021ccb809bfb10ca66e9b93b71de411d117,0.18,0.0003511,48898,113502,233,80207,0.0003511,0.0,,,live
2026-10-08T03:37:18Z,0xc3c19b606f4208713db0e83c737ec778077967b6,0x66187b1e9ff0f22b74a4c978e4380ffa0c8058463afd72b4411c78f0c87e0be9,0.67,0.0002436,40737,79844,238,55643,0.0002436,0.0,,,live
2026-10-08T03:37:18Z,0xc3c647888708194f5889acd5064dc805290f80e8,0x28122e385014dabc279d36b149f2e2174de8e072,1.22,1.47e-05,7327,72,47,7326,1.523e-05,3.5,,,live
2026-10-08T03:37:18Z,0xc3e83323db93c6d320a72e65a863b3de645ea6a3,0x2d309efd0a22cc042b210b9ecf94439445138a55,0.17,9.113e-05,11,346169,865,91135,9.113e-05,0.0,,,dead
2026-10-08T03:37:18Z,0xc44b844975203370f6a3b03445dce0c329067777,0xa7b3f1a6054d9594527317a1e28cdb621e1fc1927283a8059e2bd9cdf4da67c1,0.86,0.000291,57982,62303,233,66511,0.000291,0.0,,,live
2026-10-08T03:37:18Z,0xc45b4b03f9101fa828ce7cf384b0133099bdc34f,0xfd7c5f0ff7bce5e3f89f3858fa1fad9a8f78aa0ed2ba3cc3159e1c4457ec2473,1.34,,,,,,,,,,dead
2026-10-08T03:37:18Z,0xc46a812b77993b80b385338bcd39c9f25d4bac0f,0x4b017217ac8309af596d06f0d4892beb405d5020,0.75,1.544e-05,7716,269,43,7716,1.712e-05,9.8,,,live
2026-10-08T03:37:18Z,0xc4a2eb6071d59809afc33a827fffd0ab44fd285c,0x594fbe33409e208d12c3a8b58397666f186e6c138c59004dda6d08dc64ce68b8,0.72,0.0001465,31677,38594,121,33460,0.0001465,0.0,,,live
2026-10-08T03:37:18Z,0xc4b67323fa21c9bdfacfa9438652416d9382fee1,0x9cec4994132c3f67975700ffd47633b194b460a4e911e1c39d0be83a3f14fd6d,0.85,1.003e-05,10038,1,8,10038,1.003e-05,0.0,,,live
2026-10-08T03:37:18Z,0xc4d284df1ed74a287ebd0c38f26106e34cb77777,0xa7c316beb38af8f52703e4189328a4b55d3f0f270248cb60b5199ec9380a378b,0.11,0.0002213,50178,65530,233,50572,0.0002213,0.0,,,live
2026-10-08T03:37:18Z,0xc4ebc1c5f4140b8217376cb759a9c522c864cb97,0xfe08003de9430c83d5f2a3707d86aeac26461e11f691cfe924202efa832ae807,0.51,4.942e-06,224066,12754073,10236,494276,6.696e-05,92.6,,,live
2026-10-08T03:37:18Z,0xc5054afcf1b76911e542aa33901ed0c928881e18,0x8c9bf564a888dd928fb524d5dc1cd8dc9a7e4ae83829d4d0c4293ff3f9899988,0.46,2.012e-05,20128,16,18,20128,2.012e-05,0.0,,,live
2026-10-08T03:37:18Z,0xc527e864f165ec931f2223968605f37b77681272,0x7e280f510ab4bb74d00bd71356314d15af20330e,1.02,0.006518,5866980,16,43,6518866,0.006618,1.5,,,live
2026-10-08T03:37:18Z,0xc58383d546c3723ccf6827de39a4f555858df60e,0x8c695d93790be2ac5df187279b2ea986b6318f2ff61a36d6ebc83b38b4234f88,0.34,0.0001203,85583,1198074,2268,120337,0.0002807,57.1,,,live
2026-10-08T03:37:18Z,0xc5d4f8391c70205c8e82087c93e497b57674ab97,0x3d9b52287c3b09797658af72b614fb14aa75c44ba1a417766dfdbbe79c4caaea,0.05,9.415e-07,18417,207,11,9415,9.415e-07,0.0,,,live
2026-10-08T03:37:18Z,0xc60beb77c5fbaa40b14e7aaf90d5c4b34e8ab006,0x9d7863a45cf66868249d482a63f9501293bea6c5ed2e2ea9bddab4f5567dfb72,1.14,0.005185,1561722,24929284,2406,5185266,0.005185,0.0,,,live
2026-10-08T03:37:18Z,0xc61ff46ccf3a38eb3055a3697c267276093b68c3,0x9cb36ed7c33221cbf2062a07e2aa6da7a81b8241,0.11,0.0002685,100256,1111798,4188,268518,0.0002685,0.0,,,live
2026-10-08T03:37:18Z,0xc65422fdf2393b06708b913ffd042462b8e29777,0x972c01f79ffe9640d09a0bf502cae133be5813f74041050e5224cfa1074d3c95,0.51,1.303e-05,18005,13164,46,13011,1.303e-05,0.0,,,live
2026-10-08T03:37:18Z,0xc666c2a3354ad9a91225a5a17d74f57832d004cf,0x02281d6997e76e78c4897ec2742f5475ffd8f1930eef6e577c47ffd84b8cc70a,1.48,,,,,,,,,,dead
2026-10-08T03:37:18Z,0xc677954b65913a9e4d3c0f9cdf5ddd572c591e18,0x1ba918d4656cc064be9ded9c44e7dc5de1c9171237ceccad9f48c11afeff0a2a,0.52,2.009e-05,20098,8,6,20098,2.01e-05,0.0,,,live
2026-10-08T03:37:18Z,0xc6ae836db065fc26b1a4eea89fbd727d15aa7301,0x17b2359cbd4a5c37987ad3f2be734c1c6815148000c53c98530235ee44938a93,0.87,0.0001502,32269,39288,127,34312,0.0001502,0.0,,,live
2026-10-08T03:37:18Z,0xc77ab38fa4622c016ff9453d502a544286f57189,0x0b7de377963a402994e483a49fa24e54ee26777986f05487e5a36633d0be58ec,0.98,5.393e-06,5393,0,1,5393,5.393e-06,0.0,,,live
2026-10-08T03:37:18Z,0xc77c8fa9e6a9954348f2ffe115d2cf566ee5358d,0x3d6385fa39a601e509795f596a01b47a47e93e89330675c792c2a936be164535,1.71,0.0002416,198673,277448,1994,241669,0.0002416,0.0,,,live
2026-10-08T03:37:18Z,0xc79b7c9e31e2d640b1047452a4eca78cfe48f5d4,0xd3404b70483b51d78b8ff377c570c3c002f1f31b5d9d4a75326cc289f1956542,1.42,,,,,,,,,,dead
2026-10-08T03:37:18Z,0xc7c9b68cb305235c26ef73a1a2a4be7e49601e18,0xd9ed205ca25808526a638a8cf71404541d495098f417fb2aec7285fec76740ef,0.42,2.005e-05,20056,1,3,20056,2.005e-05,0.0,,,live
2026-10-08T03:37:18Z,0xc897d19ed6b05a8b92e178b54cb190e540ed626f,0xc2104d0b02a1848637e99472ded6a12804c27c844a15c6456ca8b7c48f5b589f,0.9,0.0003778,51193,121000,226,86308,0.0003778,0.0,,,live
2026-10-08T03:37:18Z,0xc91ec0533a47930df60b8f034f1377293393e6d0,0xfad2324c46db92f549f6b98ca213ce76bbdcf121930c29eaf14168f8842df2e1,0.76,1.046e-07,10468,2589914,5070,10469,5.491e-06,98.1,,,live
2026-10-08T03:37:18Z,0xc977fabd8ff4931caa00dfb8fb3654d3dd19b315,0xdfb890b0a440da6da6629c8ab61b95763689b6fe622b6786fa04f8ebbd92f2fc,1.43,,,,,,,,,,dead
2026-10-08T03:37:18Z,0xc9981989b65d9a5ee71eb3eb376373af38b97777,0xf20841d8878ae1e374a1e6729685f86c60b16bd6e196b7a88f9802e162478ded,0.14,0.0002575,54074,61260,235,58836,0.0002575,0.0,,,live
2026-10-08T03:37:18Z,0xca0d3b9313714cb3ec0414f5a9fb536aa9ac4cd4,0x2e92bff138bdbcfd22fd5209fb2f52bdb892ba653d34118b1521baf78d9285c0,1.02,0.0001728,77824,1208270,3720,172900,0.0002999,42.4,,,live
2026-10-08T03:37:18Z,0xca229e487b407b480b022746cd5a898205941e18,0x27e561d8b6093f80fc2acd72ad4567c23efdac4afa1b06b08ca52a0ffdf4f241,0.43,2.002e-05,20025,2332,27,20021,2.002e-05,0.0,,,live
2026-10-08T03:37:18Z,0xcaa3f6fe26f9a375113473ec912418a19a4057af,0x47feec7071a6145ef34a607196e91fc64c7f874b9960b5a1215378b0e244d57c,0.55,4.049e-05,38793,6603,23,40496,4.049e-05,0.0,,,live
2026-10-08T03:37:18Z,0xcafe1d64c643aa1b33dcbbd32abb517eb6faf2d1,0x58479673b8c611f22105dc864aa99bf0700caf0d33371d5377752ae70827bd6a,0.27,0.0001089,80089,203604,510,108924,0.0001095,0.5,,,live
2026-10-08T03:37:18Z,0xcb39bdb8c573dbb7a742bbb85339d1a7e0b133cb,0x97c59070db46a11754b3a88d533bd4089557e244,0.14,6.789e-13,0,30371,27,,1.95e-05,100.0,,,dead
2026-10-08T03:37:18Z,0xcb773af18c30e449eb776695ddf956b26342933e,0x3f144924d8c5349ce20703b95aa35f3a27d734ee1b8436cbf38ad03270baafe1,0.21,0.0003753,50526,116145,230,85735,0.0003753,0.0,,,live
2026-10-08T03:37:18Z,0xcb960ff56c42ff61d00e59650b0515f02ab157f4,0x60c6d5407087dba9c6af3e5463e3c86b7391b8cf7645a8e8ff807e5adc33b4af,0.71,1.008e-05,10083,75,4,10083,1.016e-05,0.8,,,live
2026-10-08T03:37:18Z,0xcbf46b5b4054195a884903a19dc6649c322cba89,0xdca148056af2c26983d20498f97e2038372b359c83943a5b0495d077ae3d76bc,0.26,2.709e-06,5193,5460,27,2710,2.709e-06,0.0,,,live
2026-10-08T03:37:18Z,0xcc2b768141c664cadff00025babb2f173298a6ec,0x9ff93b6d23b913744f5b84a532954689ec13e138f5a67f7a3f2cc9c087f60765,0.39,2.557e-05,25579,3,3,25579,2.557e-05,0.0,,,live
2026-10-08T03:37:18Z,0xcc6b1aaf3913da40e3b4bd05e48153b7089bfaa5,0x6b7808679b37c74d4016764001ea5c2d6cf91a53c53b2a8e3fba1606da25e403,1.43,,,,,,,,,,dead
2026-10-08T03:37:18Z,0xcc775521bac87147d7cf770d4d3972f9b8b77777,0x9dbe85c2724e1bee38ca64d94d82bbc1ba6ce84fc0fb2f6483df33cf35010108,0.05,0.0002404,52258,55872,200,54934,0.0002404,0.0,,,live
2026-10-08T03:37:18Z,0xcc7e3cdce19717683f7f388c5ffcf634744b9409,0xd795c3848a28dc43a1f0e5e367d555ea0051d784accdbf031eb50a626b7f928d,0.69,2.58e-05,25806,2,3,25806,2.58e-05,0.0,,,live
2026-10-08T03:37:18Z,0xcc7f20ff3b5ea5bc0125fabf9f32a83ceab4e737,0x51eb57cd7148b610ed726a80dfd3d3372825580a915e24fa6b1cb9b547f18db4,0.67,6.568e-06,6608,92581,3804,6569,3.156e-05,79.2,,,live
2026-10-08T03:37:18Z,0xcc83c1146a8a67a13786b57ad64a545e38444267,0xe06a6416705525460804969e65445d272bef00ac34825078483726aa86fd50ec,0.34,2.719e-05,29439,25916,205,27196,2.719e-05,0.0,,,live
2026-10-08T03:37:18Z,0xcc974592403a25ce0afc772d50efb8abf7367777,0x4a1ce0b753d291a3071d5732951cd75e8e15ab6e0f4ed7913fc5c99d60e4b6f9,0.73,0.0002353,51935,62159,217,53768,0.0002353,0.0,,,live
2026-10-08T03:37:18Z,0xccb39e78d7adb3c74df5018b772b6345e78a6e1b,0x901cd98ecf728afbac883c452befd06a859d66220150536c9bc40279a211345f,0.61,8.054e-07,70492,5573078,4629,80543,5.771e-06,86.0,,,live
2026-10-08T03:37:18Z,0xcccd03c0b7f9584e35541f5d23738e7893a9e976,0x5d412dc27d95226bb88a3147a113a0051293168bebdecb09698c21837f20d1bc,0.21,2.436e-05,28098,28287,243,24360,2.436e-05,0.0,,,live
2026-10-08T03:37:18Z,0xccddd458ac1c743405fe4de25f3eec06944ad4e7,0x5a240272d90987f4448d68a5b082621099b0fec2b4a9e27004d90154efc60509,0.6,3.815e-07,36917,116848,156,38159,3.815e-07,0.0,,,live
2026-10-08T03:37:18Z,0xcd1875c455f14753d78346420be456bc57ce8776,0xe6efa1c917aecd87a2054f0a3b6718cfa253d09fc001523e2747060faeef03cb,0.54,2.673e-05,26721,546,5,26733,2.673e-05,0.0,,,live
2026-10-08T03:37:18Z,0xcd6ec11bc16e60220d629a70bc6719585daf53f5,0x87adce2befb92c1b6ae68b1f4fd4ab6e9eb28cc24efab81cb6cba1c5da1c3615,1.39,,,,,,,,,,dead
2026-10-08T03:37:18Z,0xcd85f2e546ab495099e0d7d1b3117b572edd3777,0x2e2d5157bfa72df13a5cb2f1f23cb2a61f7b23ac81ca65e14d7935c7185678bc,0.78,1.851e-05,21671,44994,179,18478,1.851e-05,0.0,,,live
2026-10-08T03:37:18Z,0xcdae63d95d6dd4f89f6e508c77bd4388b4e5c8ab,0x4674f978aab6c373c1634a6729771d9bd6b97bbf25fdfa70d601a81a339f6974,9.52,0.0005167,67479,28657,128,516771,0.0007324,29.5,3,False,live
2026-10-08T03:37:18Z,0xcdb5356786e57a2e426c7db1376abb3de6c5fc2a,0x8ed840566aaa883593aea46ea96584fb659cd938ef1716d4b487c8a1dd5721a3,0.94,0.0002253,127350,592103,568,225369,0.0002253,0.0,,,live
2026-10-08T03:37:18Z,0xce015516ab6fae49a3a14a41d82c9fbe8bec1e18,0x66cd39ea71cedd3475ce33e8901c34b2b8f193809f862fea9ab02fb5d4a30b6b,0.5,2.02e-05,20230,4531,90,20208,2.021e-05,0.0,,,live
2026-10-08T03:37:18Z,0xce713a57b669345f1079de6bed0552d1cf7c93f7,0x6bf91e78e70e7d99d5154f4a8ffeaa25b2185d40,0.63,1.514e-05,7597,0,1,7597,1.514e-05,0.0,,,live
2026-10-08T03:37:18Z,0xce71600241d8d40c7041cf4c949d526f16db0dc4,0x36d44d0f8360bba9bb4364d5521a94e0dbc95c18b4a891e19efa63b25fd25996,0.93,6.684e-06,6738,180753,5911,6685,9.955e-05,93.3,,,live
2026-10-08T03:37:18Z,0xce8cfbd3776d8f6920757d3bb0d56a89bdf01e18,0xbf151ca525848d8f4c0a61fe30051e49359034783a1c9afa610cf69259ec2fdf,1.14,0.1059,15096470,28130581,142,104970281,0.1059,0.0,,,live
2026-10-08T03:37:18Z,0xcf0011d550d102894de642d2f42506c16232549e,0x7a12d1ae4914ebf51408f62db6f0f2338baa8e0b7ce8a96762884d8a4986a222,0.65,0.0003719,50395,105746,233,84952,0.0003719,0.0,,,live
2026-10-08T03:37:18Z,0xcf309a2053a0b35fbcdafab8763b06e1eab98777,0xfe32833cf39e35c781edada72e9a6c7ef0de97bde1447b501604c7ed226ba928,0.35,1.759e-05,20916,35128,120,17558,1.759e-05,0.0,,,live
2026-10-08T03:37:18Z,0xcf3edbabff55ac84a8b6d6726a48e7a5deb17777,0xa68312d89ea871ce376cd417f41fa2f622024fb59e06ec600da93ed67f2112da,0.16,0.000206,48377,50253,182,47079,0.000206,0.0,,,live
2026-10-08T03:37:18Z,0xcf62ff3e5e0d42187dc82d0ac2b0909667277777,0x78625cbc37af1066da532e51bcddca18d85db3a6bb1e75523385deca2bc9de01,0.8,0.0002578,54548,65284,236,58925,0.0002578,0.0,,,live
2026-10-08T03:37:18Z,0xcf8c1eeb6360d2a4caf32ac04d08a0b2be247777,0x2c582621780815086e15fb700a04cde8fc651a047689f189cb0370ad6c476165,0.54,0.000256,53782,59834,235,58514,0.000256,0.0,,,live
2026-10-08T03:37:18Z,0xcf8e76780631f6bada34c9890a4b88dcdc08ccd8,0xe1bdb2a5c2886b313fab83ffa7753a39c199dd3b2cf9afd9c7c50b0aaa45b243,0.83,0.000258,42295,81627,241,58932,0.000258,0.0,,,live
2026-10-08T03:37:18Z,0xcfc388a8bdd0eb4d23a9cbb7738b1eacf2dc9c41,0x952ef726d711e9d00bc259a45111313e23ef228c25b15ed83fa86dd2423e79e8,0.38,1.465e-05,12220,4994,35,14657,1.465e-05,0.0,,,live
2026-10-08T03:37:18Z,0xcfd35108be4712eb68230ef83e95a8d868b72724,0xf720f768a714d891a2fb134a561498d08c6ae7f1,0.68,1.516e-05,7610,1,2,7610,1.516e-05,0.0,,,live
2026-10-08T03:37:18Z,0xcfe1b650371c93298ea32df380f26a40915e9b76,0x3621dce31e391b4cddda7f3b2f2a4d498f5adff54587867ec924bc0d51e4d233,0.94,0.0003058,46007,86775,240,69856,0.0003058,0.0,,,live
2026-10-08T03:37:18Z,0xd060f448de7bccb6e54b0cb8d5bc871c8d339eec,0x04e30fc2de821c43330d0264c134da23a527f433b31539895f4b5b29e5c181c4,1.13,233.16,5539919,245,9,16788000,233.37,0.1,,,live
2026-10-08T03:37:18Z,0xd0c4d8e3e13cb65153940c5dd60657c16d321f4b,0x9e617ab486d52e44c7e66190b61609346abfaaef26fac742dc359b949a881abf,1.4,,,,,,,,,,dead
2026-10-08T03:37:18Z,0xd0c8bf3a018fe9072a4c4120aacdc1abda0db4be,0x5099f55f6e04e8233c7e1477d4911cb3bf52537fb53b9fe09e7998d4bbe621c1,0.6,1.215e-07,12067,2502479,7085,12151,2.138e-06,94.3,,,live
2026-10-08T03:37:18Z,0xd0c8ec6a8c6218d215c014e5f9862caebf1be6f9,0x9fd0b0e0150859c0c62300bcf7c6e47b4b2ca063fe51b310b06a82c9dfe6ca2c,0.38,1.269e-05,12534,8158,75,12695,1.269e-05,0.0,,,live
2026-10-08T03:37:18Z,0xd0e27e3f93672b268c6587506780b5cfbb01c721,0xd11830f9df32209f603083865efdbc04bf1ca74881ee14b73510eb979babb0ed,0.96,0.0001253,29395,30616,111,28618,0.0001253,0.0,,,live
2026-10-08T03:37:18Z,0xd10b904c089f4d68e8ac19ef959bf3473f6880da,0xb84c9fe573a3e2b62d74fcfb45716da4a39b883231d804524d015d6255e5a289,0.44,0.0003252,47054,102378,237,74295,0.0003252,0.0,,,live
2026-10-08T03:37:18Z,0xd1578b54f8a2d6c705b487a04e27eaac22a1e209,0xf150be239902959640b2f2ba4a231a68cd5a587f50415e26d3afb76183cdce1e,0.32,0.0002846,44012,94810,231,65022,0.0002846,0.0,,,live
2026-10-08T03:37:18Z,0xd1a7ed83d7ab3956ae612866204bd9da2f6fe777,0x5f289220289b9d332c9f058b826ccf680e99056e43f022d3842902c4c7b1a96e,0.27,2.065e-05,22708,37187,143,20615,2.065e-05,0.0,,,live
2026-10-08T03:37:18Z,0xd1a802223ac7642cb7c68339fad8b54f602ab259,0x566513b54866b4091485b962e6eb97447b59e12aa5a7e2a7d0907cb04f22ba82,0.65,0.0003219,46850,103506,231,73531,0.0003219,0.0,,,live
2026-10-08T03:37:18Z,0xd1b1d6b90c9479f3f5a8cc5dcdd282fa7806fd48,0xa9189d1402a2d2ace8a67c1e7f005815f3054d5ec7e7982cf974d7448f28644c,0.6,6.46e-06,6473,17599,127,6461,6.46e-06,0.0,,,live
2026-10-08T03:37:18Z,0xd1c6c839e32462f93afad47535cb364253697777,0x32a57ebc5fa146cb305a172f095fb7e071157fc7cd21d656b8ef7408200e14cc,0.19,0.0002288,50907,58073,233,52288,0.0002288,0.0,,,live
2026-10-08T03:37:18Z,0xd1da58b52d513fd5c033bb883a223d7855037777,0x066f968b25757e742cae4db0be0e0aede81d586201abd10b0b75e23549319069,0.51,5.932e-05,25928,129,2,13555,5.932e-05,0.0,,,live
2026-10-08T03:37:18Z,0xd22974221a4a02f69a6b19350ca69d86c9aa0183,0x81672a0f8d475b62c11ebe073feaa81e66837caed366ec67b1b5b05c5711c1e6,0.39,0.0001151,82942,55159,184,115166,0.0001151,0.0,,,live
2026-10-08T03:37:18Z,0xd252fbad2e5946ad4540810339a7d8a8dc12be0c,0x68efdfa0e16f8f638bca83861b94dc30d8014cf9c7fcb82720e33f0618eadf7a,1.68,1.111e-05,9897,31195,549,11114,3.832e-05,71.0,,,live
2026-10-08T03:37:18Z,0xd253d62ee715108dd4905b4ad272131e73d8cd58,0xbd488f67985e3ef6256fcdf44aed8909f0c51a55658097598035bda6a941775f,0.52,0.0001136,82327,121569,366,113684,0.0001136,0.0,,,live
2026-10-08T03:37:18Z,0xd279a0bfaba0da2dd6680da39b265b9a9fcfa777,0x1cd4605f66edd3206d190c7c65a8437eec6395888d995f542cc942b67d01ef09,0.21,1.725e-05,20748,44373,135,17217,1.725e-05,0.0,,,live
2026-10-08T03:37:18Z,0xd29205566e5730c81c57de961a1ee060fa568840,0xa5db4cdfc2d787e3fee0bce7e6880974e8cbbfd61de8750cc270b69f08b9ec7e,0.55,0.0003413,48115,110855,237,77970,0.0003413,0.0,,,live
2026-10-08T03:37:18Z,0xd293e3a70291b142fc80340e21860b2ed17f1e18,0x52dcd1ac963a820980eb021eef9c46407ef524b88f1c60c9295c60534908c69a,1.35,,,,,,,,,,dead
2026-10-08T03:37:18Z,0xd2cfd27401045b625df0dc7180c83962081e906f,0x18ece5785b00af3654f752f96d96dfc7fc434fc2bdc637ee93293d37c428edae,0.32,2.733e-06,4917,57938,754,2733,4.738e-06,42.3,,,live
2026-10-08T03:37:18Z,0xd31d0de6faa404f205a32bce7ee30953e5a2050b,0x27cecc6e641ae4ba91b13ba4aab211ede592bc56a92f9da1c0fe6344829e34d9,0.14,0.0001129,56033,95115,428,112925,0.0001129,0.0,,,live
2026-10-08T03:37:18Z,0xd3235e66957b0c189728f37dd7cca4b6d6db9414,0x5ea150d3cb6b3b4b94495b16f53d87baf87cca7e93f53977e0731be441f174e5,0.6,2.565e-07,25658,3,5,25658,2.565e-07,0.0,,,live
2026-10-08T03:37:18Z,0xd33bd95fdaae15eafb12dd107b410719b03d57cc,0x79fb6cead0aea856f0c0c396bc0cec9e701d98f7768a837a1bbf1e08b230ed70,0.15,1.769e-05,17044,2741,22,17691,1.769e-05,0.0,,,live
2026-10-08T03:37:18Z,0xd3ba36a26a1adde5ab50ba7829e8ad074b7da777,0x95df47f95c623467f4b421f2d8ac7763b02d6e3d6443253f6dfdeafd84c45a1f,0.06,1.545e-05,19668,29545,120,15424,1.545e-05,0.0,,,live
2026-10-08T03:37:18Z,0xd3d398e52a838576d7a3162f9258c19ca0886924,0xff941c636d6dd893aa2c7706a534337a4c4afbe8af5347941a6647d19de5c59a,0.86,2.618e-05,26186,2,3,26186,2.618e-05,0.0,,,live
2026-10-08T03:37:18Z,0xd3e8d7b7cee639c67075cf0fab76f72130e1229d,0xfcee3779f50212fbf9311d4a95dd363ad3c0ebc2c8df9acef5938ce40c1eddf0,0.39,2.56e-05,25607,3,3,25607,2.56e-05,0.0,,,live
2026-10-08T03:37:18Z,0xd44beeec16098a66889c913978f6cbbc601e1111,0x6cc762cb2b69c6cafe3cf209621d9fda8ec10e07268837785959fff593c57522,1.14,1.304e-05,13040,0,4,13040,1.348e-05,3.3,,,live
2026-10-08T03:37:18Z,0xd49288cedb89ee3c0553edde5f3140daf6b27405,0xa8c5d544a681d0d76b911b5be899925c7d6bd8f1767fe987cc304324c7c0eba4,1.42,,,,,,,,,,dead
2026-10-08T03:37:18Z,0xd4ce38f27e6df021964f0e0bad519f8058a5e69b,0x313b3b4685c0689f0805352b7d80407b2c50e5573cbe1ca584c19e0657fb4993,0.15,0.000262,42217,76363,240,59843,0.000262,0.0,,,live
2026-10-08T03:37:18Z,0xd50f69a0b7dfbaaace56dd5a31972c9ccf719777,0xc976224b0c739f6418b8edb1a3b1fb3aae7b58504bf29d63823ddf333397857a,0.35,1.414e-05,18753,9667,35,14119,1.414e-05,0.0,,,live
2026-10-08T03:37:18Z,0xd51345b40051d8394686db8490b2377404ed76a0,0xf60345e3af1567bf45426e1e5bc6faf0e5cc6f4d84f63f4eb589414364a59bfe,1.76,0.0003417,79802,100480,625,74022,0.0003655,6.5,,,live
2026-10-08T03:37:18Z,0xd556311a336765427dba264829427ac4e80ec6cb,0x4070ff54aed32c3fd18a78b4c6ff93afd809b372332eaf1e26c8e4f0be3ed4e8,0.71,0.000308,56234,607142,3524,308042,0.000308,0.0,,,live
2026-10-08T03:37:18Z,0xd5caeb75aa0cbc76f0caa2c2114c0af5bb3b956b,0xc583987eef391014763ebb7e830caa07fadecd8c2c7692a8b3fa486fd3e38b79,0.73,7.823e-06,7742,7213,142,7824,1.139e-05,31.3,,,live
2026-10-08T03:37:18Z,0xd5db700525a342ed4b81967a5a82a4f903efa170,0xd7b223455fb009f9e31b1200355aa3b557b80745,0.34,2.575e-06,2585,951224,3187,2576,0.0002433,98.9,,,live
2026-10-08T03:37:18Z,0xd5e9b44e2d3c49398e1b1761a02f47282e3f12d2,0x060bb537c69c96f23446f88c77afe50f035698018c698ee3732aeaa166a5b0a9,0.12,0.0002646,42472,83820,221,60437,0.0002646,0.0,,,live
2026-10-08T03:37:18Z,0xd7073115dafab6dbfb587b53dd261bed0ec6dba3,0xe3564bdabb96b86e06cec5f7b1a3a9251b968685705fda7bb3f2868d35099645,0.05,1.666e-06,61997,3433421,7220,166649,2.569e-06,35.1,,,live
2026-10-08T03:37:18Z,0xd7a712f3b8c574c87b1b2bd1682431093c49dc1c,0x73cede53c18964172f0252bf5b65f7d41c5b55039c753fd69d0abe7373227484,1.75,2.495e-05,22433,10730,134,24955,8.189e-05,69.5,,,live
2026-10-08T03:37:18Z,0xd7cc9a382637bd6cb6fa7e81095ac078cb9c0777,0x5335de42f4e7e7f6b57fac2863af38c874e5f1a453116a7b198b87235901aa52,0.6,2.256e-05,23708,50368,192,22516,2.256e-05,0.0,,,live
2026-10-08T03:37:18Z,0xd81eb3e062f15e4af531f4299ca358c925f17777,0x88bccf898ce381ddc4b0ff9e55e7223b3117cd4edb1947fa833aadb7b5877847,1.43,,,,,,,,,,dead
2026-10-08T03:37:18Z,0xd858e4c0d7008a5d7406ef7cd9432246ace14d7b,0x310346a8b2e4cda2ce4ab4244c7edecba88a0f15,0.42,1.532e-05,7689,16,7,7689,1.532e-05,0.0,,,live
2026-10-08T03:37:18Z,0xd8610d3caf8991aa4dbee47c08c0d72773f3ea87,0x987b7016da6cc42b01ae7a10c2a71b7ba8027483398e56d76f869d34340558d8,0.1,0.0003395,48110,113090,226,77554,0.0003395,0.0,,,live
2026-10-08T03:37:18Z,0xd86ba7b77578576dedfefadab63866b67e3f94a5,0x0d7a07c2a1f01fd0fade47c569320eab8c486d68deeaaf57856530b4959916db,0.56,3.616e-05,17851,30116,638,35755,4.757e-05,24.0,,,live
2026-10-08T03:37:18Z,0xd8798430ca02f2ff2206a06db4f3d38ea0117777,0x2100987aba26093c1819f5e6835c242715d690c76a237f2d6f7a7b5951be1a40,0.3,0.0002429,52539,48847,181,55511,0.0002429,0.0,,,live
2026-10-08T03:37:18Z,0xd896c65d668dd99b0c2f76bf208c14ec6564b777,0x4054f07ea6e20854878020150bd6326a7606fe4340d9fa56115009733c2a40c4,1.42,,,,,,,,,,dead
2026-10-08T03:37:18Z,0xd8b71c041f2a170245b4962b1a713b3d1cce6777,0xb4c39c398f6ae894f02dc77d8e3f5a7650eb8b703f125329526e74d9571bdc35,0.79,1.903e-05,21980,25459,103,19000,1.903e-05,0.0,,,live
2026-10-08T03:37:18Z,0xd8e6da44ed61bad390d8cbd69df724f53693ff5c,0xe09494eff84979f694cd91dc71642bf8086ba45ed0e13410c0ffb7e5390dcc1f,1.4,0.01624,4880048,4871161,153,16244660,0.01624,0.0,,,live
2026-10-08T03:37:18Z,0xd92e9222cabd6ae38ae006ce94da04ca7e987777,0x5f7ea960ad902a76a6fae6bd53dda01f7b2b48d26f90d61d632a1632c28ce03f,0.99,0.0002524,53962,63044,234,57679,0.0002524,0.0,,,live
2026-10-08T03:37:18Z,0xd95d3234b28de184d76b53d88328e29e0aff17c2,0x545599edbb45bb6ee8a2ca25ad2f549134c6e979d6832adc0745e20fff770b6a,0.06,0.0002364,40151,81864,242,54003,0.0002364,0.0,,,live
2026-10-08T03:37:18Z,0xd983a5fc453ed002e7f08df380ca5307a3e3f2ba,0x98772e3723a2d3404187a769a4e098854dd4bf07fcc0c9f69f262c307da052cf,0.72,7.537e-05,22726,13633,49,17216,7.537e-05,0.0,,,live
2026-10-08T03:37:18Z,0xd9a4d422f26f2ea037c5bf2a924622a8ca249e86,0xeb07447bd0be15e38ab616c0d5ff5bff81bf34b433847b239116bb1d29c421f6,0.99,6.236e-06,238374,22959544,18721,623680,3.889e-05,84.0,,,live
2026-10-08T03:37:18Z,0xd9b680ce0084ccb3675b7c2230915d2c0694312e,0xa4f097bde1e2c37d79320e251f55774d3ca6bcabf03ec833e88f8c7c653f8769,0.96,0.000243,40959,77403,213,55509,0.000243,0.0,,,live
2026-10-08T03:37:18Z,0xd9e444a7f63edcc20601bb79514924925b06ce2e,0x716160ae37802b6d27ae5fef34ddf8f8f2e7d45eb2465c0792f8d214c09a0f83,0.55,8.517e-06,44804,47568,233,85175,8.517e-06,0.0,,,live
2026-10-08T03:37:18Z,0xd9f3a154c921b2935ba3193a3fa2aadb0bae9777,0x6b56e047b076af282d19b40b6b7c80e8528d94b152f842b07b08a18eca1edb27,0.51,2.668e-05,25753,47603,178,26637,2.668e-05,0.0,,,live
2026-10-08T03:37:18Z,0xda5f185b62f4aa822c5ba254c7fdcb67dde9253f,0xcbdf10cc152991b24e6f6a0de99f273481b6fcf9734ea100314f8e4056574b4f,0.76,0.0002131,38335,77627,239,48681,0.0002131,0.0,,,live
2026-10-08T03:37:18Z,0xda75fa9839fc1c67f72443439953001f73cd3ba3,0x8eabe6e8405791a9e50c30207e8707fae33f91ee6179f4c4fbe81ccbe1da5310,0.26,1.015e-07,10157,506,5,10155,1.015e-07,0.0,,,live
2026-10-08T03:37:18Z,0xda9a9b7ab92dfc59c1d1720022f6ea7f2678b287,0x9a5ed4d0966a1441e137d0d5e0a0d15072ec406dd0d12661e0d2abf927ad469d,0.59,2.108e-05,32406,18378,204,21086,2.108e-05,0.0,,,live
2026-10-08T03:37:18Z,0xdacea63e8c3149b6da7c5ce1944cb9deb4f32c2e,0x187619331217d601f33de2b76b7f813d6005f8dbd303137f0f65cd87e6f60a41,0.17,0.0002973,45030,89994,238,67917,0.0002973,0.0,,,live
2026-10-08T03:37:18Z,0xdb3a01b1e5d260f23a548b242ceeb27500d9a19a,0xb8b4ef5319fe6ccd68e541104f6403148c0a540cfae30b2ad41c5eb2a655cea6,0.99,2.612e-05,26121,2,3,26121,2.612e-05,0.0,,,live
2026-10-08T03:37:18Z,0xdb4a91f2344e4109efd368a1a7c192347e922777,0x7b0e621e7514ed651e6c539657a38b1d7ce00b210813eb3af1399abfb690b46d,0.61,9.056e-06,15025,3185,12,9039,9.056e-06,0.0,,,live
2026-10-08T03:37:18Z,0xdb4c68f9641f6843776e6babece9947a7ce77777,0xcc0ef82702238905984a48f1e3d49b10d37273437a7397b30b2614ffe01b2ae6,0.85,0.0002461,53310,67805,234,56244,0.0002461,0.0,,,live
2026-10-08T03:37:18Z,0xdb6f09193e6d7625b1e31d6b622cf2a69ed23b41,0x3cc6044f6fcadc6867407a8ef4bbd665887a47f2b87e35cd0dd93670cf03c130,0.83,0.0003724,50814,106661,242,85064,0.0003724,0.0,,,live
2026-10-08T03:37:18Z,0xdbca8fe9b7885ea1f5b09cfc39344cd2aefe1111,0xf6190d0848693c58f5222549f68ee14f22d72ef8bf99bb51ae7d6bb3af1403e2,1.14,6.813e-06,6814,0,5,6814,6.813e-06,0.0,,,live
2026-10-08T03:37:18Z,0xdbf7011cfd647d9f8ff3b3672310fa20d54d7777,0xbe14260289417fae236eae8547a1e37174c6427beb20d5c6abb49c35c3ede584,0.84,0.0002294,51507,62126,232,52437,0.0002294,0.0,,,live
2026-10-08T03:37:18Z,0xdc1235e942a05c3b50a2879df69a2865d86e1e18,0xf02b4ae766157436baffc91eb829aadbfdc6b020714b4962e2dc24dc3bd6fbc9,1.61,8.271e-05,62805,51814,1122,82347,0.000296,72.1,,,live
2026-10-08T03:37:18Z,0xdc453b1405cfe25e2afba8e7f4272b0a00437777,0x16684607c92e1a59302763400cc1641c8f9dbe7e,0.4,0.0005112,75050,871159,4097,510423,0.0006617,22.7,,,live
2026-10-08T03:37:18Z,0xddbadab50698bffa1e02df1643309ad08bca7777,0x15495a44653b43aca35a43f72d0a274e4e7fafed3c7b81c7d2f6938edfa0f137,0.95,0.0002438,53003,57147,231,55710,0.0002438,0.0,,,live
2026-10-08T03:37:18Z,0xddf9d22705188cf23319a3fba925f82be07b6ba3,0xc879c3e594e39d9fafb51968b1329b80c9dc3adcbd404beb432b7cbbfb2d6906,0.32,1.01e-07,8589,5,5,10105,1.01e-07,0.0,,,live
2026-10-08T03:37:18Z,0xde08dc3e242bac188b086a92eb9446c27bd37777,0x5a86dfa54b587101808c4798bd23bee99f40e8db65107435bedae1258548abd3,0.08,1.444e-05,19019,19599,69,14415,1.444e-05,0.0,,,live
2026-10-08T03:37:18Z,0xde4b1f1ddfe95a9a36667d4546d0065cc452314b,0xa90069c7c32b0f3d5f60a30e7220534013b90c7bc7b7b6107ecdac8cb3bee39e,0.68,0.0003093,45910,87071,242,70662,0.0003093,0.0,,,live
2026-10-08T03:37:18Z,0xdea1f8e5e0db0f2ece3ab9f87f637f10bc271777,0x59906c40d430a461302f7c5aa5e71ccf24b468e13685bdb2a4a62527fe6230df,1.44,,,,,,,,,,dead
2026-10-08T03:37:18Z,0xdf206d229cb4e725c3e0a0473dc7c1b2940bebb6,0xa56ead1fa4bc01acb581f983ab81b23a055f5d4a5e38ce44ff5c8c527ee4b24f,0.89,4.982e-07,5336,98,29,2768,5.054e-07,1.4,,,live
2026-10-08T03:37:18Z,0xdf7a1b3c8b41155a7a60a2dbf061237f34eeac7e,0x6d6292db69c3c014c0394fb43f5be4fe475f0f0efb8f18d68d12dca32251b65e,0.07,6.624e-06,45258,73086,257,66241,6.624e-06,0.0,,,live
2026-10-08T03:37:18Z,0xdf8303387c3b53050133d4f98c28862751a87777,0xe40310dbdf069fa604151da259e3aa0aa91a15405d97401bbd24860766321975,1.42,,,,,,,,,,dead
2026-10-08T03:37:18Z,0xdfc7e3542030419776be5c599daadd18a9b7aaac,0xda0ffead3406c7d4c033568b178f2a3aa3003ea5d614a84f2b45e5ab6918910a,1.47,,,,,,,,,,dead
2026-10-08T03:37:18Z,0xe080a29e79262899e8466cefc938de3f652d5724,0xa85429d07bfbdc561fdfbb700e48e255f76496cfd9bfefcfffce351430342e50,0.32,2.567e-05,25678,4,3,25678,2.567e-05,0.0,,,live
2026-10-08T03:37:18Z,0xe0b79fbad8e5b05e1728e721045dd10c0d244870,0x974ad2bbc714cee3811c1d911077a5e678baea4aa90092260307ae4ce565903d,0.7,6.545e-06,6571,70393,2447,6546,6.545e-06,0.0,,,live
2026-10-08T03:37:18Z,0xe1243842e091f073841fc1ac9527ea7e64f168bd,0x5e16357a83d5ee8b900ae9c902dfbc829e71b5e9aee99af9215b5a9a42a93dc5,1.16,0.007952,2391950,17424442,1099,7952432,0.007952,0.0,,,live
2026-10-08T03:37:18Z,0xe155dabc7d280d282aee451ee160fd16f0b83baa,0x70c0d163e3f32c7356950f77f3ceba792f50df80828370dca0e403670dca082a,0.38,2.81e-05,31219,23990,205,28102,2.81e-05,0.0,,,live
2026-10-08T03:37:18Z,0xe18dec6378753a8aa74c7eee39e15dd4bdc0e20b,0x718267019c1957ab9c94908ee38981d9d7f0bf9f71d4e6dff7ea30883a01ecd2,0.93,0.0003428,48698,98655,235,78308,0.0003428,0.0,,,live
2026-10-08T03:37:18Z,0xe1a4944e7f5b2551c06a3b13037eed7544347777,0x2f11820d37b45697797777f1ffa19267c9cc501d33ba4cc23366bab467360d1a,0.43,0.0002321,51318,58728,225,53054,0.0002321,0.0,,,live
2026-10-08T03:37:18Z,0xe1fcf722705592c5fc3874941e40447763a46b84,0xc86ea97c0491406bcdb973ee35b5aa309a0b00ae9c7d432c493a2b740bad7d87,0.55,2.518e-05,25180,0,1,25180,2.518e-05,0.0,,,live
2026-10-08T03:37:18Z,0xe2475cc4468d6c4c6e2b82aa1da3c6a984187777,0xf7ba30bcfe1336ae5cf7b49fecd76099bfb3dd6b8377432d518558320002ee56,0.2,0.0002329,51379,64189,235,53219,0.0002329,0.0,,,live
2026-10-08T03:37:18Z,0xe254b668e5ac2ec60b7a5d35345a278574f4d777,0xc65c52a55c02d6e0240056ab1319c2de18dd32d72d661e308e9a1347a5403d92,0.78,9.719e-06,15700,4064,18,9700,9.719e-06,0.0,,,live
2026-10-08T03:37:18Z,0xe26620cbe94a5be840e2e751b0675b657807f60b,0x1c39ec0d981c9b45645d69744ba46e7ccdf032b5ee9c25b40f8dd90b26c88a8e,0.57,0.0002389,40275,76413,235,54573,0.0002389,0.0,,,live
2026-10-08T03:37:18Z,0xe2d404b252ace52fa881e3c9f7fb2e5b401deeaa,0xf7545114d2ebc355a4624b9685c5c76b396399bfc656ec8de54cf408d7dd0352,1.73,8.757e-06,5963,340,7,8757,0.0001571,94.4,,,live
2026-10-08T03:37:18Z,0xe2f449d84c4e902e525230554f2e4861996a2d89,0xf05637f1667726a67ab94dbda81756d571b258c96bd350c58d833ff9b5be4f69,0.52,0.0003407,48082,113946,232,77825,0.0003407,0.0,,,live
2026-10-08T03:37:18Z,0xe30bbfb66a39ba20a883c8e4dfa3d8e843e64acc,0x0b80ef673cd54c94f3eb9d03c51d5b0efecc517c,0.34,1.505e-05,7554,0,1,7554,1.505e-05,0.0,,,live
2026-10-08T03:37:18Z,0xe36e06ca66fb55d6568a16ffe4760178f51f4590,0xd4244cabae594943508877a9d17868f3a6cf390d8dce93ca3e4c1f69435e7737,2.35,3.281e-06,5374,175,8,3282,6.109e-05,94.6,1,False,live
2026-10-08T03:37:18Z,0xe37d577e74888edc77e61c27a089bd2c92ac2d58,0x25956ec21b0d20f9563c60c7640b11fc7f6630135d60f25ff1982c5407c8fcb8,0.69,2.58e-05,25803,4,6,25803,2.58e-05,0.0,,,live
2026-10-08T03:37:18Z,0xe3c41b68f0eb5d1aaaaf85947b0782c53a7b7777,0x52d87cd5393eaf74f78bc2031e86c384543f28bdd535226f158bdc493f0858f2,0.54,2.156e-05,23151,52366,180,21520,2.156e-05,0.0,,,live
2026-10-08T03:37:18Z,0xe3e3b42c776efeb2aab2d1ad4f8767e12123aec8,0x37491f70790ff0f8b25ae3fe003f5c4cf511c92a913e7e3c9cff9eb93d382940,0.93,0.0002131,38394,80993,238,48673,0.0002131,0.0,,,live
2026-10-08T03:37:18Z,0xe3eb6a6937c14afd15e2a18c45c415412436eb86,0x5756c3ea1f3806f5068634e60b19028a36d46a716b029cc788c0d34f8f546c71,0.95,0.00022,110008,9804,53,220017,0.0002234,1.5,,,live
2026-10-08T03:37:18Z,0xe3f035a10b407bcd9a6842525f6c1e27d0657777,0xbd68582f0e3306143f98501d69a8115028e44b052890f9c29e12f58f202ed402,0.98,0.0002375,52324,60183,232,54282,0.0002375,0.0,,,live
2026-10-08T03:37:18Z,0xe437ccab414996ae7ce8f183ee776d3ddee96777,0x80a956edbd4375a49b5cf5f2ca94b008b7181eda720efd5e7f2c8ee3a84804e4,0.08,2.201e-05,23486,43496,142,21969,2.201e-05,0.0,,,live
2026-10-08T03:37:18Z,0xe4e8aa009c7ece78c25af8518a40c6dfce42aba3,0xa9168f51b7d88be55c1820a8861a54776fa5e9144c0483a90b0422f6fb0080df,1.15,1.13e-07,9652,244,8,11303,1.904e-07,40.7,,,live
2026-10-08T03:37:18Z,0xe51e7dc0732a2ce8cf12045bfcd348b18c3398d5,0x7d1de28ded06546b7ab1268d4a9d2de836a4b8dad8c7103d9a784099278362da,1.42,,,,,,,,,,dead
2026-10-08T03:37:18Z,0xe56af4bfcc36ef1ec8c0239c5fdf654c0ee66777,0x105598e8863ee90514d6bece2eb6225b0a01edeb35b22f83c8712782e544691a,1.38,,,,,,,,,,dead
2026-10-08T03:37:18Z,0xe57ca28e0d94627c6fd386e9a8be590c37beb499,0x8c70a99c7939716c24e543bfd5894f77a8844dad99203b448f21aa564d82d25c,0.57,4.906e-05,45324,11219,49,49063,4.906e-05,0.0,,,live
2026-10-08T03:37:18Z,0xe58e2ebbcf58863bbbd1ffa1582c1106d6905217,0xb525d633b921511be4e631badac35148e4b9f151dabfc09539526b76b93b932d,0.87,4.797e-05,18240,5444,22,10957,4.797e-05,0.0,,,live
2026-10-08T03:37:18Z,0xe59b0ff562a72881803802ea0382dde66e669b69,0x174820aa84d7c4c08bed69ad215cf37d7a121e8be24fc8f81a7fe517e146a981,1.42,,,,,,,,,,dead
2026-10-08T03:37:18Z,0xe5b9e58850345d68ab46a4367bff10ddcf25e60e,0x09d38d96d71959d9a161313ca272d22239c5cdf1623fb1f1047a46f16a6c6e85,1.38,,,,,,,,,,dead
2026-10-08T03:37:18Z,0xe63e99e12c9610760b6740d6ca6f751463a2ff00,0xf396263191bb910399dbae2bbc857ebf5939a8f462251276cad6870227623362,0.3,0.0002728,43131,77306,237,62329,0.0002728,0.0,,,live
2026-10-08T03:37:18Z,0xe670fea66a414b3aa3d5a1a692cf2be79fc21e18,0x72178195a7f64f768a1bb1a4f5a0edf96c9d352cb7ed5735a683c89f2d813ec3,2.72,,,,,,,,,,dead
2026-10-08T03:37:18Z,0xe67ab7871c0df7a2446d644d0acc07983fd661ac,0xcc1436f9b19d9172a8a640ed21a0dc310c6edf9976b41cf735cd273f0b8ece50,0.78,0.0003296,47734,102527,238,75281,0.0003296,0.0,,,live
2026-10-08T03:37:18Z,0xe67bba951bb3f342b5d23175df6600e167a77a56,0x3c4c54fa1b9148036bda49115a8e24613ed064a78c50fe6c979377748d60a503,1.46,,,,,,,,,,dead
2026-10-08T03:37:18Z,0xe6edea1b0f69ad759576b0270c44bd9e5cfb7777,0xa8adb91dfba32006329500f07d93b19ad86cc4c3e081e2957d91de15b31e9ed1,0.86,0.0002047,48645,51660,187,46785,0.0002047,0.0,,,live
2026-10-08T03:37:18Z,0xe751b6f48fe949a6742b3ee4b1954ecf5dc6d47c,0x45cd8445df61bfb3f9d47d33da0278e835a1970b73a2757c7333427f1cf34dc7,0.53,5.144e-06,5145,25,1,5145,5.144e-06,0.0,,,live
2026-10-08T03:37:18Z,0xe774e6b1cc16edcdad1d5e0723666f81965b1e18,0x4564b0e56b6aba4186471ae711ea857782f803817309abf2dc0fc0a80a9eb9d2,0.59,1.991e-05,19916,1,6,19916,1.991e-05,0.0,,,live
2026-10-08T03:37:18Z,0xe7d0c84c86f84dc82b0efaffb2731081160d1e18,0xd6981a99e5a597adcd24a58295103d22a22fe292de06005ee4e44f46f4f48af5,1.39,,,,,,,,,,dead
2026-10-08T03:37:18Z,0xe7f404a2b56eef88af5cdd2df355af504f356bd0,0x7dd7961b06e40a70b76cc53e2aaafbb601fe3cbbb8c3e7d8616272da98fb1223,1.48,,,,,,,,,,dead
2026-10-08T03:37:18Z,0xe7ff3538665090b46033bf16c2dbf3ebfd2c74ca,0x2af7c903b8faa1caf60541e9ecfe861658cdf5ccfa552d53c7d03eb84e5bdd48,0.1,8.384e-05,23935,16920,53,19149,8.384e-05,0.0,,,live
2026-10-08T03:37:18Z,0xe81e2ab8e61a5372252923669c98364318e37777,0x5aed5860c5b9a6a6cfe37bc2ac73a7fd77e90e5e968452654f8820e9f494d639,0.32,0.0002118,49026,53548,208,48408,0.0002118,0.0,,,live
2026-10-08T03:37:18Z,0xe9077038f5c5c1cdbb722965f7820f9ed9dc5bd9,0x9abe026e16bd12b835689831bf969a11e445cad1201f071b5a08694b8c2d8b6c,0.53,0.0001339,91551,63200,150,133964,0.0001339,0.0,,,live
2026-10-08T03:37:18Z,0xe91c41960d3a7c0a053db1df227882269accd79a,0xd54b3569bd66943b682da6553c23358720738f359b4b91ac144a5ddc85eadb0d,0.08,0.0003827,51119,120291,234,87415,0.0003827,0.0,,,live
2026-10-08T03:37:18Z,0xe923ed624e3aabded1e6e3e77908422fbfb8f777,0xcdb991f2ae31ee13cf9ddb7f641c9f4147f16a35254da805ad76afd861ada00a,0.64,1.712e-05,20711,42090,154,17087,1.712e-05,0.0,,,live
2026-10-08T03:37:18Z,0xe937512e7c3e2b326b4154901ae784a8d247d4f1,0xa01e52b5a26ec78fc06e5b4e6619884f8181d6b9514647bfe72c3e11a539e380,0.7,6.528e-06,6567,73395,3405,6528,6.565e-06,0.6,,,live
2026-10-08T03:37:18Z,0xe96bbeec5ce1075318bf5e6a08cf1e0ceb491aa3,0x3b322852a86c60329eac7e2e3031a2808493ebba08da61646560a0b95c745276,1.66,,,,,,,,,,dead
2026-10-08T03:37:18Z,0xe97463ebe4342ae4d34b65cebc1a65cb0a709943,0x41806a12a313be539393bedd583869a67020fd87fe5d0917ceb574cc3274c0d4,0.22,2.637e-05,30981,29172,255,26379,2.637e-05,0.0,,,live
2026-10-08T03:37:18Z,0xe97ad07f6649e794ce172d6765d326a1c64be759,0xa62d2c2f8e3767db6e5626b9be633df184714e2774b4df5bf0136b869f909501,0.52,7.908e-06,12734,1241,15,7909,7.908e-06,0.0,,,live
2026-10-08T03:37:18Z,0xea19087d556fa244d0f1ab9502ae84e11c83777a,0x567f75a374988ab0eba4408ec0be6bcdbf4bc887c99fb5ad8a963e47ea3abe96,0.6,6.44e-06,6440,5341,31,6440,6.44e-06,0.0,,,live
2026-10-08T03:37:18Z,0xea372e9b702cfd3021d71b11927fe4538a9e8a4f,0x95ae02bf8573ec26c08db7de9f997620873d8e624c7cf2d46c17476ccf96b3b8,0.65,5.887e-06,5849,29066,267,5888,2.69e-05,78.1,,,live
2026-10-08T03:37:18Z,0xea47084b3dfc4fd74e5a0b66c7a157684fb30483,0x5e3d169966518bac5b655b752fb63ca812c939f8a8339ba57c17b2d671f3e700,0.14,0.0002907,0,78442,242,66405,0.0002907,0.0,,,dead
2026-10-08T03:37:18Z,0xeb049653e2e5b4ec839492f0e977473534580b1d,0xf822a50c4e5ad76daaa44124bbf0ef0c836c5c6a6e62a4327ab176dd21c0bf94,1.34,,,,,,,,,,dead
2026-10-08T03:37:18Z,0xeb07867f2208c0110a35a9ba2ff32cbf4856874b,0xdc6279da7578076aedf733f86cbf017f9f53ed27a16c2b736449feebdfbeac4c,0.75,0.0007946,576348,9,11,790070,0.000804,1.2,,,live
2026-10-08T03:37:18Z,0xeb5e4f655eee663a01419bec7dd74b5ee45b5f67,0xd3d50aad859119bfe773db3e81066363d25e3514fc87785d190db7cb41a6f350,0.32,5.026e-05,24161,110024,1304,46600,5.617e-05,10.5,,,live
2026-10-08T03:37:18Z,0xec0714205323c8e15cdb67d0fa00aa182c4206f9,0xd0695c230722db2434f4a16f4a14a2fb0adbda6d013d0db2016b62549a01fa64,0.77,0.0003414,48550,116170,235,77992,0.0003414,0.0,,,live
2026-10-08T03:37:18Z,0xec5ec0605f59c1a449c9f46e706cae85ad71a2f5,0x645c1d513c07fe01547cc1975702e50c5602a4e410dba12859d073f729c294e3,1.35,,,,,,,,,,dead
2026-10-08T03:37:18Z,0xec8d19cc7155f813395d603a85777ed432dca777,0xfa8baac808798872878dd426faeed562d8476b268648f42b31fd710647b77b5b,0.35,8.495e-06,14535,3159,10,8479,8.495e-06,0.0,,,live
2026-10-08T03:37:18Z,0xec90cdf6ee6799ac4b1108e71e4a62e2eff01e18,0x5117a84188af7f1bb07f1d0875808e0c211a7045127398bcf68ae9bb3d8ffa7c,1.64,,,,,,,,,,dead
2026-10-08T03:37:18Z,0xeca1e61169b1d26ea0c9c7eda9dbd3877f3ddad0,0x2daf6feb7d7d2ba76de6a48321d0b5c92c3d2caed05bfed5c5096bcb1389c127,0.51,4.289e-05,40668,13671,48,42892,4.289e-05,0.0,,,live
2026-10-08T03:37:18Z,0xece3a0c0cdc4534fe1b1759d51fcf9929e57bd7e,0xd416bfe00c929ddf55d3653d470daa188b4def90e4b70e8dc0e8f4cb56335308,1.16,0.0001241,158466,65876,389,1834,0.0001241,0.0,,,live
2026-10-08T03:37:18Z,0xecf5c785842403c05467ce02cdef5107073d87fb,0x97a889b92d34011e13df3a8fb5d0f2cf3ab4fdbe9b2b8f2638e50e91bb9da3a8,0.87,0.0003457,48950,113944,235,78957,0.0003457,0.0,,,live
2026-10-08T03:37:18Z,0xecffa55e2d9c1806ed98f8003d547fb9dfb4e777,0x89c2ad67475c5380f0d4cf0b0f95827bdffcd032434e56c7c5f8c1f1519301f9,0.67,2.46e-05,24800,50733,186,24558,2.46e-05,0.0,,,live
2026-10-08T03:37:18Z,0xed69b54b163eb6cb8e4c634275d7b99f95c4b7c1,0x39b662c9d25e387c7a33b989b99005fb95c1ac6cd8088befae14639ea38e942b,0.99,2.613e-05,26133,2,3,26133,2.613e-05,0.0,,,live
2026-10-08T03:37:18Z,0xedb6b2a5cb28696fd573cf484f3e9ca3a34787bf,0x4eabddbf53f1c690731b2429f10967cbd11a8c177374b184ddb455964305d7b2,1.83,6.491e-06,6491,8,5,6491,0.0001166,94.4,,,live
2026-10-08T03:37:18Z,0xee049979960d5e42b389b941ec45790ca7b6e1f7,0x92a4f531f82e1440d6e349bbc2ed42ba389e013f,3.61,7.309e-05,24847,14738,216,73091,0.03389,99.8,2,False,live
2026-10-08T03:37:18Z,0xee9c573c6748ce1c5a2c63e2bd03401bfe4a4777,0x58c08ef32909ef9798768ac55e989380e8d17f0d8265c9f7dc14998ab3840692,0.2,2.211e-05,23487,46111,144,22073,2.211e-05,0.0,,,live
2026-10-08T03:37:18Z,0xeecd14310573b439cb977dca46a22c72e2c0ba25,0x9b64cc4623eb286356ba8d7d4c1606ddeaf0fe0789c37756fc35f1bc1c4849ac,0.3,1.586e-05,6496,127,2,8123,1.586e-05,0.0,,,live
2026-10-08T03:37:18Z,0xef8594d57e661bd7053f3cb8cce65d6d78749259,0x93336430d165e490f75be84bd8119f17c77d00ed,0.55,1.511e-05,7584,1,2,7584,1.511e-05,0.0,,,live
2026-10-08T03:37:18Z,0xeff3a5fa1bf824c70bb269db81711160cb7b6b39,0xef6c54f78e0516d2a189466c31218f2d1637d246178672ca481a9205b8004221,0.65,0.01052,9981247,11084521,5942,10525387,0.01052,0.0,,,live
2026-10-08T03:37:18Z,0xeff69c46ce2d538fec444b3ef2a723b267d279ee,0x41a3a8c456c571c6f8a62d3911a0deeeca178328e67b41cd59cd61eca37a81ac,0.18,2.693e-05,30094,29850,253,26939,2.693e-05,0.0,,,live
2026-10-08T03:37:18Z,0xf0f140c67d0e3f5bb0e0a19d739ca12c60972d80,0x3602802de7cccde06493706410c2eac7408d2189,0.05,2.587e-05,24584,2,3,25878,2.587e-05,0.0,,,live
2026-10-08T03:37:18Z,0xf10f0a0c79d977471c8ed21eb806ec24b3532415,0x9a3dd2793f1022f082fb32ade4b40c96db01d3cf3096958a13537e601d4c4325,1.35,,,,,,,,,,dead
2026-10-08T03:37:18Z,0xf13f2d9f443dc218582f7e8762a2f9afb5a61e18,0x7f830e84df1efb6acbf6ed3974dcbd95a02c60c0d9b917c936bcd309f01e5b33,1.43,1.894e-05,18960,428,9,18947,2.441e-05,22.4,,,live
2026-10-08T03:37:18Z,0xf195df5c0abc48ea929c080dfb92e8d5c4d5e27f,0xd8059618d3fafabcc96297c5658607e78ae1a1ab24a68bd4bf77d6f89fc6f342,0.16,7.258e-05,22238,12488,50,16579,7.258e-05,0.0,,,live
2026-10-08T03:37:18Z,0xf1d958a5edd31308f02edd46cd9b6cc5e48fe8a4,0x0937d0b185bf9907c9898959b65ffdad77c82268af8bd5c130466ff26ec63f30,2.29,0.3671,14686512,793,4,367162811,0.3671,0.0,3,False,live
2026-10-08T03:37:18Z,0xf1db6171c2c9327dacfcd21234ffd1aeb3320348,0x74b7aa9130219a286fda4696c4db2fc51e861105b9009ec2db67ab956bd8e9e0,0.9,0.0002413,40908,78705,229,55112,0.0002413,0.0,,,live
2026-10-08T03:37:18Z,0xf21b6d9b337abfb40f91bbbb0b1c73ccc6cb45ea,0xddefc8467c9b77e3f2c1525e0cb0f453e4408fc0,1.1,2.583e-06,2584,4190535,12766,2584,0.001203,99.8,,,live
2026-10-08T03:37:18Z,0xf2374d49e9a6d73d24dd927a7e2275a659038f26,0x09c09a671a0d3cd31e64fbae16492facfa737fb9fb6544b997da29ed44ac838e,0.44,1.774e-05,12559,12346,144,17742,1.774e-05,0.0,,,live
2026-10-08T03:37:18Z,0xf29f1fb53363599ebcd83984b9fc25ef491ea31a,0x360132c87f5db02cdb30f560f794c46a6e769ee3867489ee2720bc8e97cce411,0.98,3.074e-05,30559,2224,8,30748,3.074e-05,0.0,,,live
2026-10-08T03:37:18Z,0xf2aeb007aa4d0dcd4e81177eaac70a45c76fdb51,0x66b0543f2cde4299bd8fd0d535e23f4131d017f70f555f4b53b6001a8048d8c7,0.97,0.0002763,137740,425444,899,276333,0.0002763,0.0,,,live
2026-10-08T03:37:18Z,0xf2b88c1e01aca84bd27c00ceda28e731d41a7777,0x8da8257e3abc368f3ddc1b96a2337a5c124c2175f373c2fa75e202ca2f43e48e,0.54,1.834e-05,21366,32262,112,18309,1.834e-05,0.0,,,live
2026-10-08T03:37:18Z,0xf2dcec29ab8e64b068cfdedb4a74cf31c718a32b,0xb627e605f44f01d868de69b28d39f08558989e54ea9b047d528aaa9467d07c09,0.23,7.11e-05,23657,11613,69,71100,7.11e-05,0.0,,,live
2026-10-08T03:37:18Z,0xf3540e8507be970a5d7fc5c35f555117ed168238,0x1460181be1a47e7fff591c46c3cd08e532bf09b45ddf8e0602e672bbdda46759,0.6,0.0003645,49707,115592,238,83264,0.0003645,0.0,,,live
2026-10-08T03:37:18Z,0xf36a91caaae145f79e327d62fbbda8b14d28e00b,0x2a196c66b29c23b106326a93b5fa6da60b9831578ad5a7e37838bee0f7f5a488,0.77,9.246e-05,25273,17492,56,21118,9.246e-05,0.0,,,live
2026-10-08T03:37:18Z,0xf38679620002b560791a3b215e44dca5f3857777,0xf6925f28300e3052abe8c7ac6003282c30d373ec6c22d9e323dfdfb35fdc2dd3,0.1,0.0002678,55178,64806,231,61207,0.0002678,0.0,,,live
2026-10-08T03:37:18Z,0xf39d6c53f268d807b0f9b0c3d087c5330c8293e9,0x41ed5a0cc88e3591f213ffcab1806afaba5b123a11b5443c6c08157d9a3dc72d,0.76,5.605e-06,48255,41498,216,56059,5.605e-06,0.0,,,live
2026-10-08T03:37:18Z,0xf3a31bbe475d4757e1841292e34c5467d6810158,0xa71f1216457e113e423edb77c264cd7a32d6bdaf3b9e0d220686aa6c284284a4,0.42,0.0002564,41681,82515,235,58566,0.0002564,0.0,,,live
2026-10-08T03:37:18Z,0xf3a4920a27a4550c1a2f1691571dc34906384142,0x62bc2ec028355163dbc1d857b9213db0cacad3e8be3f6c1a38084e598a88537d,0.44,1.649e-05,13000,12971,142,16493,1.649e-05,0.0,,,live
2026-10-08T03:37:18Z,0xf3b81ca0db47c62f357536bf706fb9623909e77b,0xafe979a3a4bb81a0a22951af4d026b53a90f253db85f2f00b7ea5a45d9240a42,1.11,0.001557,124557,286848,566,155764,0.001557,0.0,,,live
2026-10-08T03:37:18Z,0xf3c1f79ca84ab6615a4dcc8862bb3dcdbc1826f3,0x3807b17846564830776e15c626210debe71339cce73b5005cff4b0e99427f3f3,0.91,8.575e-05,68577,47811,111,85754,8.575e-05,0.0,,,live
2026-10-08T03:37:18Z,0xf3c92998d8efe1712d8e7220d40b2c1b5a637777,0xead7db244d6cb8266375511f3c3c22fc2f8e71b7946963a07a86a38316af5841,0.72,8.666e-05,31460,11140,49,19801,8.666e-05,0.0,,,live
2026-10-08T03:37:18Z,0xf478426704c34115773b55fb4a7ba5ef233bf6a7,0x411b1ed39b3c5a94bc17dafc7120a5585ee53f06b8aa6d4d66f69c18c6bfa6ea,0.67,2.569e-05,25694,1151745,2479,25694,0.0002114,87.8,,,live
2026-10-08T03:37:18Z,0xf53160ab6331d156fd543e774599eda35644b3d2,0x2b799ca6b3dd53bf4e9fd9f5a97196d853fb561ba06f673cb8c5e99928c5c0ac,0.46,4.89e-06,6559,281642,3506,4890,2.455e-05,80.1,,,live
2026-10-08T03:37:18Z,0xf544ab5e68473089f4ac9e1a449e6231946aef86,0x512219f537587fa50649451fd5fab615a18df4421aac4b831ee1ce7e0da82b0b,0.88,0.0001272,82270,309493,882,127232,0.0001272,0.0,,,live
2026-10-08T03:37:18Z,0xf571e29c1fb6fe41469e5998ddfdb418f96c07d4,0x629fe1a5979a56500021340917942bff169f706c64d9058464b3ccafabd8af81,0.39,2.56e-05,25608,3,3,25608,2.56e-05,0.0,,,live
2026-10-08T03:37:18Z,0xf596cfb7db3d53df6326720b3d7aeda4ff120d7d,0xbcdea1d3cd48a47473b400dbaab6351f34582ac0286b896c698f75b2e56089e0,0.54,6.448e-06,6448,26,24,6448,6.448e-06,0.0,,,live
2026-10-08T03:37:18Z,0xf6329698edbb6f00a94ac53aa176f25db661b777,0x4760b26fca730cc52bb01f45edd5734ccaf4ea9a2dc8104e59aaafed5dcc072c,0.78,7.684e-06,13961,1129,7,7669,7.684e-06,0.0,,,live
2026-10-08T03:37:18Z,0xf638e4d86915c11bdc97b4efbcc4abee5fd21777,0x1c2d67749c9abf0562d95c2a6baca5f4a38b2c372c91fe064f97c6ce9241ca29,0.77,7.828e-06,14090,2028,8,7813,7.828e-06,0.0,,,live
2026-10-08T03:37:18Z,0xf640977bda22729b56383b7a466e22d0a8d6f781,0x93907665bf4aa1d0289b6a52061e4a3d46bc0b03bb67555c878494ff78b7bb6d,1.39,,,,,,,,,,dead
2026-10-08T03:37:18Z,0xf72447778fd5fd94171db99e1e6057764ccbf777,0x414f59e6ffda98901d0356aac8712838675d8b2caff523c1f2ff1e089737ecc3,0.22,6.797e-06,13020,3661,14,6784,6.797e-06,0.0,,,live
2026-10-08T03:37:18Z,0xf7962bf4802c23803d19720ba69787fd85cd7ba3,0xc6a7a95f757e2060fbec7d75b376b3693877833a5bb30c4f2ff9a93c6f596aaf,0.55,1.088e-07,10938,12428,318,10882,1.095e-07,0.6,,,live
2026-10-08T03:37:18Z,0xf79811e8124546068a6bc31edfbeb0707fd4c496,0xa6fd93d6a8457e60d8ee561adb7fb04f5e586cca0659b091dcaab6de08561253,0.56,0.0002145,38174,77462,240,48998,0.0002145,0.0,,,live
2026-10-08T03:37:18Z,0xf89c9acd150aeb234dc5e10a7fa5e29c92e53777,0xf39b65d70ef1f86b496b5fd49b32051ec4e657eddbd158c1329e9f7ab7427512,0.35,9.649e-06,15491,2271,12,9631,9.649e-06,0.0,,,live
2026-10-08T03:37:18Z,0xf8a8425b8aea7843050d9db1e9c2ca3aadef3ba3,0x6f5688c28c4cd5c596494901c4e2177e19bbfd4666fffa8a5c58733f354032ee,0.1,1.014e-07,10143,0,5,10143,1.014e-07,0.0,,,live
2026-10-08T03:37:18Z,0xf8cf5a5401da690682abacf179576422498e7777,0x49cdb63451e910b4b30c4e1687921b7d98c1b78682d01b90b6eab9d4806264ff,0.98,0.0002099,49185,50902,198,47969,0.0002099,0.0,,,live
2026-10-08T03:37:18Z,0xf8e7c17f4b74e0ba6506476b6ebdcedd0d5a7777,0x36370fa12e3ae0a0fa7bd596490695b66ab0647415c8880115702e2fe9ef008d,0.44,2.299e-05,23967,52898,181,22952,2.299e-05,0.0,,,live
2026-10-08T03:37:18Z,0xf8f1429c01aae0b35bb704c516643d0725b47b1d,0x2a8bfbbb2830569bb25e4b17b5eedf5bd7a73355a536a1fe7bbf7f12075e5217,1.34,,,,,,,,,,dead
2026-10-08T03:37:18Z,0xf8fef142f7ab1af3a4125c57377dda7eaa07e049,0xbdcc9004fa82baf38128622979c162c8c077eb3a6fdaaf1ea7ae33a7bc38b489,0.39,6.756e-06,8184,2738,74,6756,6.756e-06,0.0,,,live
2026-10-08T03:37:18Z,0xf917af6c74b0a017d1f4a5db50136e9d3bdca777,0x82fa9c970979dacff8929e4af4f6c674abe59ede886818d24e0b1b72c11ca70f,0.27,2.734e-05,26143,52839,178,27293,2.734e-05,0.0,,,live
2026-10-08T03:37:18Z,0xf9568a804c10189b64fde9e94e05b03699687777,0x847bf0af32931ac8ef6e14a85c70ff4331384663006edadb1d9145ed366a2808,0.4,0.0001943,46836,41910,181,44403,0.0001943,0.0,,,live
2026-10-08T03:37:18Z,0xf976b154dd483e43f07d1255c8cfa16b82114e11,0x07eed63338f995f32c09503f65d2c9137b0a2f2f,0.57,1.513e-05,7592,0,1,7592,1.513e-05,0.0,,,live
2026-10-08T03:37:18Z,0xf9bebc691dcb571ce14ce326def9c57138d7a3df,0xa0cecd5f7e8bfbd313d53673ff9849822ff1ba3739b1cec0cb3baf2cbb0f81ba,1.25,1.042e-05,10414,16477,5,10425,0.000234,95.5,,,live
2026-10-08T03:37:18Z,0xf9d5b3ebb7ab64c8b76483c71718ed5f3c282635,0xff89b5363e3373676ba36a6581a63266334476a8b04dee36db1999dc91bc52aa,1.02,9.925e-08,9925,4,2,9925,9.925e-08,0.0,,,live
2026-10-08T03:37:18Z,0xfa301121ab716fbdea9beeec970afa0eeac17777,0x1ade75c43999df89399884e819871105f2a863e3b6651c4ae917ebda109f057f,0.63,8.11e-05,30367,10498,43,18532,8.11e-05,0.0,,,live
2026-10-08T03:37:18Z,0xfa31d04462746aaa24bc7e5626403e09e4b106ec,0x432733840e61898919abd6850d94e2a708621d82fa84656cea0db33142f610a3,16.79,0.0006822,81196,199800,1175,682209,0.00357691,80.9,,,live
2026-10-08T03:37:18Z,0xfa6ed9d2e3996d11b5ac61e0e47b072ddfb71e18,0x2aa72b3287d1b538adbeb0e38635b5de4c18b32230cd31478f99376a5f8e1b7f,1.18,1.994e-05,19956,669,9,19949,2.011e-05,0.8,,,live
2026-10-08T03:37:18Z,0xfb213c21bf41a1437505bbd2e906fc8801407777,0x69a615fdc6684a5577afec42c0cd3eea3b99fe98582fa140e7d026c7d2a1dcfc,0.55,0.0002499,53160,62222,233,57106,0.0002499,0.0,,,live
2026-10-08T03:37:18Z,0xfb2305c6fd43e31fd6fbd4cd3f9202c4df6196bf,0x80dbf9e1a5c75236e5457aeeb081235374db06355602de9950d45f0ebbfaff56,0.75,0.0002675,42862,90504,200,61109,0.0002675,0.0,,,live
2026-10-08T03:37:18Z,0xfb4ef650dd3a179ceb032dbdca1257a2339624b6,0x1251e8475e11efdf10da35a846530a4a710a2aa7a99586c18497e805767c61c0,0.78,2.635e-05,26359,126,7,26359,2.635e-05,0.0,,,live
2026-10-08T03:37:18Z,0xfba45e98e197053654f4216341cb7cb46105ea7c,0x8e631a1946d3095a8ae1e1a5cbd181de7431dfbe488533696d95746a79678636,0.71,2.616e-05,26165,189,8,26167,2.616e-05,0.0,,,live
2026-10-08T03:37:18Z,0xfc965231910d400c3a06fea56e2b88d9babd558a,0xbcd9e90c0c119731c161b9189afb85abd2cd3c375b6030cc16127ec172c73283,0.54,0.0003023,45254,77673,236,69050,0.0003023,0.0,,,live
2026-10-08T03:37:18Z,0xfd1363ff923e9432ce72656b96a9d5fd7b1b5bbd,0x27bbcef06ea975469b97dda9feacd643be0997c2f0a9d50453d9af1867acb2a2,0.52,2.605e-05,26055,213,6,26056,2.605e-05,0.0,,,live
2026-10-08T03:37:18Z,0xfd1c28ef54856dc02f8ef7de71805ea7bf111077,0xd8d58f53445b4af5081f8396307b9febbdbd01fc86018943aecda6f58c113678,1.39,3.207e-06,4711,655,37,3207,3.672e-05,91.3,,,live
2026-10-08T03:37:18Z,0xfd46ed64f46c7aa5a3747f35ab1964481cd92c89,0xeb600244f986ffdf140f1a04e4e2f467db7dce86,0.72,1.525e-05,7652,1,2,7652,1.525e-05,0.0,,,live
2026-10-08T03:37:18Z,0xfd5e4947a03c916f6dcffd0289e9539c24cd83f8,0x22dc9f3a01c1e671819e4421af5e86ac65b5e53e9d564c27b188b50947ec31f4,0.05,1.289e-06,12892,3,2,12892,1.289e-06,0.0,,,live
2026-10-08T03:37:18Z,0xfd74addc2b229b271d27a27f5cb24046e461903a,0x6ab1840fc231cb3afd95ce3c859fe317f469db2b196eef566392c44a0bb47924,0.95,0.0003156,46704,109087,240,72094,0.0003156,0.0,,,live
2026-10-08T03:37:18Z,0xfddca99df55950b58bb8c1d7e6f4610f7d6b7777,0x5e1e3e4bb075ad024886c47ae5dde6e6e05bb714a947517590c59400327ade99,0.87,0.0001832,46045,38644,156,41876,0.0001832,0.0,,,live
2026-10-08T03:37:18Z,0xfdfce5e9b8d02c6e037ffd5918807a240b84fed4,0xbd21866b65d4fd8efda49e0631acbc58a6bc54d8d63d5500f884e084ca00cc67,1.47,,,,,,,,,,dead
2026-10-08T03:37:18Z,0xfe196654722338e1694e95d2006c81f4e4832777,0xd3417b8510ef36b53f2bdfa21d8e7fc7837110d27570ce476bf2bcbec4b5e4c0,1.42,,,,,,,,,,dead
2026-10-08T03:37:18Z,0xfec0806c830dfa506ec684233bbce2cb1a1d7777,0xb9e50c81ffeaef4379e096249718f8d43253b6460316ebfac60ee18762e5362a,0.73,1.961e-05,22244,43217,157,19577,1.961e-05,0.0,,,live
2026-10-08T03:37:18Z,0xfede4dc12163ddb2d2a7e9ad28a462d7b4d68def,0x972fd8b7f9e7c99dbb11e57932c787ff44cf0963bd922e1275068e497e6e6a22,0.65,0.0001683,105931,312319,837,168313,0.0001683,0.0,,,live
2026-10-08T03:37:18Z,0xff3c0045812b6ab6945db84e85293e321c6d973d,0x149ba5913df2a2c186c6cd790b9995af3c823466aab7f3540ddd935f8b2cce91,1.47,,,,,,,,,,dead
2026-10-08T03:37:18Z,0xff4378aff57882a6dca648fc485fe3a28dda6f81,0x823e586de00f5b998335afe0520a0ecd42557bee2758f7b6431e837ac72fbc63,0.43,2.153e-05,31351,18473,205,21532,2.153e-05,0.0,,,live
2026-10-08T03:37:18Z,0xff4c3278e735fa52b1012b06748407d26e047f18,0x5560b76440e9b6660ab6ca8c7ae1941c92abffcf,3.19,2.78e-06,2777,31,2,2781,0.001959,99.9,1,False,live
2026-10-08T03:37:18Z,0xff9e58a0e8a4d7b0942f9728693dc781580ef508,0xc0870f4b002ced58392352c0cb829b6c1bb27e84d700ce5b7153c6d050af8143,0.6,1.315e-05,25763,259,9,13158,1.315e-05,0.0,,,live
2026-10-08T03:37:18Z,0x8048fadea6739c37215f6ad7374b726e2a8b56bf,0x3fa1fbd13ea160a8b774b5f9745b3003ae7b5839e3fdf6df39a6ac9373abb4ab,0.0,1.028e-06,20564,3,2,10285,1.028e-06,0.0,,,live
2026-10-08T03:37:18Z,0x000c193fa0b00b36638ba9d69ef6d5e2aa132808,0x767a1687a5f0b1eea44133bf2e74e4ac19b56267182178c152b43f0953bb6848,0.0,1.006e-05,10061,8,4,10061,1.006e-05,0.0,,,live
2026-10-08T03:37:18Z,0x76345713326a5a27c694756a3ecb1353f2d2d491,0x8d7c1ca8c88ffe29c776ee394bf89b2595990aca,0.0,3.374e-05,285648,14282,12,158618,3.374e-05,0.0,,,live
2026-10-08T03:37:18Z,0xa64698eb6bda09590c8ba462668d9f45bcb79aef,0x10643a101f279380312b3b4a088ff627076dc3c9,0.0,0.01468,12305,5198,50,14686,0.01468,0.0,,,live
2026-10-08T03:37:18Z,0x5d3aa0102eec69e8e4554e6defbd2a035e87e777,0x566dc08a92b70188367f8c55a22f363e9146850e9a5451737a9579c07a1ae8d0,0.0,1.81e-05,21258,61033,192,18067,1.81e-05,0.0,,,live
2026-10-08T03:37:18Z,0x4500d80233fef60523a6b046d9ef20414d797777,0x5c3fa4ceb74933c89f8a8c302186d8a647caba8f330aaa00de8e1319232c982d,0.01,0.0002335,51470,60662,230,53361,0.0002335,0.0,,,live
2026-10-08T03:37:18Z,0xf68151b8423221b8cc7e0eae247d25a6cda9f3d3,0x19a08d5d848cf6c3c0ad25f703203b848cbe03372ce0e058c52ec87bc2e95e33,0.01,0.0002878,44252,82779,229,65744,0.0002878,0.0,,,live
2026-10-08T03:37:18Z,0x6e1315376ab2d7e1414664d6d8d6d4d1a4a75847,0x98bc7ec5fcdc6f061eb7e6b48fcca2a3438c83747fc9f84db346f8011ecfa00f,0.01,0.0003422,48253,112112,230,78166,0.0003422,0.0,,,live
2026-10-08T03:37:18Z,0x099963e7026f6c6e04af0f17f3e126af9161c76e,0x0e50b334a810223602a4997bbed610e8192afb1a40caabe8cc5f54e40e5c9a23,0.01,7.071e-05,21915,12200,48,16151,7.071e-05,0.0,,,live
2026-10-08T03:37:18Z,0x9a967c29f0656d4a3050e2b77b6941877eb01cce,0xf7624aacbc14dad2c596f67a907b298c67656318,0.01,6.672e-05,57106,48057,159,66720,6.692e-05,0.3,,,live
2026-10-08T03:37:18Z,0x14a97491e286815c7d56644b460787f2a897a777,0x78b1f7cd084c99ed3d21f811b310bd28b47bf81d3eaf057e24afeef9757813b6,0.01,1.806e-05,21219,40292,136,18031,1.806e-05,0.0,,,live
2026-10-08T03:37:18Z,0xb496b65763fd6e1b02624e9c31a20f36a4723d88,0x1e51a9247528ad3356a2e53c9c0ae25cfe84e261ba9091275b34bbeaf108accb,0.01,6.457e-06,6457,5433,31,6457,6.457e-06,0.0,,,live
2026-10-08T03:37:18Z,0x1ffd7b51e4a7897c21c3f376f39412c0dbb5185f,0x7cbef1dde00cb6c21595fdfb4f7d41ccd117b0f3b097d8fbfd37c10c1c90dcbc,0.01,6.439e-06,6439,0,1,6439,6.439e-06,0.0,,,live
2026-10-08T03:37:18Z,0x32e14575675cc9b1c13cfb5c643f1507b8dd7d11,0x08b56fd356bdef90c8135b2f4ea7e03cb2afc4404c03d6dd8b5250c029ce987b,0.01,0.000347,48550,100471,221,79270,0.000347,0.0,,,live
2026-10-08T03:37:18Z,0x6a3701ef958c45f4a977e39b8f9662ca2cd27777,0x9f1288fce9edaa20ef985ea30631d1a97dc44653750604450edd89aae6c3ea82,0.01,0.0002207,50001,58578,226,50445,0.0002207,0.0,,,live
2026-10-08T03:37:18Z,0xf7634a3d08ecabf506ad6ed3bdd1d5277f6f9a42,0x75aaf08877adeeb574bfa0bc207d5e500c24c84fad48aece4ce01901bbdb9f20,0.01,0.000219,38568,65423,216,50023,0.000219,0.0,,,live
2026-10-08T03:37:18Z,0x12a66d8c2c595f1a27633a58c1d8ade37b0fc777,0x8c01c6ce0c804d4eb85697e5a9f8e4274217e58d48bfbdbba96b221547229ea0,0.01,2.075e-05,22741,46736,172,20711,2.075e-05,0.0,,,live
2026-10-08T03:37:18Z,0x3f7c8a4e407cb1607c95a7d94c72c0dd087e043b,0x3ea66145bb375f5b5dfcbf1f8f01cadb79ad3f345a1f27b8ea35c5542f6ecf80,0.01,5.535e-06,35440,75209,257,55357,5.535e-06,0.0,,,live
2026-10-08T03:37:18Z,0xda599a1d030f6dd1897d95b285687a3df293c9af,0xaa92d396c8c0d1caa339c37b5361436196be3854e6b82f8273ee9397ca796cf6,0.02,5.005e-06,5006,9156,114,5006,5.005e-06,0.0,,,live
2026-10-08T03:37:18Z,0x5ca930e3012095eacced615ee7b5f111aa063b45,0xfef6f1af268a8c97b86678ea6da8f3f6d9bc562902240e0cd67237d65cb8b113,0.02,6.454e-06,6455,5557,31,6455,6.454e-06,0.0,,,live
2026-10-08T03:37:18Z,0xb82e1ee3c1baddf291f3836968589ff72f38a022,0xd40da6452ab9b0b718cf5f8563314a4432fc39b5,0.02,1.991e-05,182322,13950,59,107561,1.991e-05,0.0,,,live
2026-10-08T03:37:18Z,0xd53b4c6d899dd39c8e68f95ddeee3e226d254777,0x4fbfe9c86b0aa17da45e8ac49478a6023b77317f3db2537d9ad2dd8065fd94a4,0.02,3.041e-05,27557,51008,180,30355,3.041e-05,0.0,,,live
2026-10-08T03:37:18Z,0xceff90de2030746af0865a2beda184d66e8bab54,0x838fca776012323f2a34e0f8922df68f1db03260c28703d9e2d3f99e8cb07641,0.02,6.454e-06,6455,1791,14,6455,6.454e-06,0.0,,,live
2026-10-08T03:37:18Z,0xfc5c8ec56af0c5ee6ebf4c4184c8a5a7bc74e9ba,0x7ad92327e884dd403c3996eaf24e8b5ef7103f5dc6cead61adc79dfc768a2ef8,0.02,6.456e-06,6457,5494,34,6457,6.456e-06,0.0,,,live
2026-10-08T03:37:18Z,0x7ae9ba1f764fcf03974f51af3b102c37dce80468,0xfc97f276356d2e822973cadc33776be54045bfd1b35f49318121648251936d25,0.03,8.691e-06,8592,65013,712,8692,8.691e-06,0.0,,,live
2026-10-08T03:37:18Z,0x216816935a755fa0818f7b6cccf5d7a679aa7777,0x6f4eaf8feda35c4a7657b13cb063119d5ebf9b0735e7409e8a4448fee589a64d,0.02,0.0002352,51658,59257,233,53742,0.0002352,0.0,,,live
2026-10-08T03:37:18Z,0xe4bb4de778b07aa5becf4709eb2caa29f80f929f,0x836941920ef3ed6d83d7818933c052193328d8173ed093d34c102e60b1d70af4,0.02,0.0002695,42823,105197,233,61555,0.0002695,0.0,,,live
2026-10-08T03:37:18Z,0xb5f117eb7e564a720fe55780dc3a82a9cf1a0572,0xecc572844a863446e9fb93b71523147dd99695294a1595c1940542393f1a5f2c,0.02,6.449e-06,6449,1292,6,6449,6.449e-06,0.0,,,live
2026-10-08T03:37:18Z,0x74cc9593a7abce60b3109a361057628ac15b4db6,0x07b9a2dab7d0f99516675d6658467fb9b22030187968a1cc3e49827ca96998b3,0.02,6.456e-06,6457,5431,30,6457,6.456e-06,0.0,,,live
2026-10-08T03:37:18Z,0xe7e03b522dbfb5fdbe3d4be45b0aca17e3647777,0xefc86429b9f699868a228bdc281111b167a1b1609fd9cb9e109544323e5bbc8b,0.02,1.88e-05,21698,31463,115,18770,1.88e-05,0.0,,,live
2026-10-08T03:37:18Z,0xbde1ee8d3a691b8c41dc6a2f2ad3b6dbf7b85bae,0x47a06c005dd5c0e616b2a2164c7879984277ba9f9964bdd4e1b6c8821c830d40,0.02,6.545e-06,6571,20581,287,6545,6.545e-06,0.0,,,live
2026-10-08T03:37:18Z,0x337c0737c62a7cfd532ef76a21069cb94912cb2e,0x19043eb8eb33c9ba045833825cfbeeb183f2e4d07906d16176d254ea3efec74e,0.03,7.094e-06,7080,5452,25,7095,7.094e-06,0.0,,,live
2026-10-08T03:37:18Z,0x93ded6f2804dea043e19132a4f5bccec9ea95921,0xea2bb6de9dd4ce3a2a8ea88dc3efa162d5ceec0390c820dc0767115bf70c8fb3,0.03,6.493e-06,6493,6477,50,6493,6.493e-06,0.0,,,live
2026-10-08T03:37:18Z,0xf007aa336939003d8188babf144d27a4841e0dd8,0xd1ec6b25bc6d77da5b9fa93640db2b83a771c5ba6fdcf6b1365df5401730f6ec,0.03,6.481e-06,6481,1687,12,6481,6.481e-06,0.0,,,live
2026-10-08T03:37:18Z,0x6f653576baac2d63d66609d9017654e0d0742de4,0x48bfc2d4f2af50e2a43831603c7ce8928fc028e79ba5c373669471f6825bb9df,0.03,6.473e-06,6474,212,8,6474,6.473e-06,0.0,,,live
2026-10-08T03:37:18Z,0xc65f927b8ef1e3f71e58f65e64a95e9ab19fc0f9,0xa3156f2e0cf97e27f37691ed6bd379a18d1ca79f918520fa452864566d3320c8,0.03,7.742e-07,15480,3,2,7743,7.742e-07,0.0,,,live
2026-10-08T03:37:18Z,0x9348cf45f500251694ab7cba5a8cb63041277777,0x2a056e2be4aa9bcef7ad5ae05bf52108da9822688e7db25c1b0539861010ad07,0.03,0.0002844,56879,69595,237,64986,0.0002844,0.0,,,live
2026-10-08T03:37:18Z,0x6f02b7aa4bac35f66ba9ade67d24833f5a77c777,0x0c049d862f11e40bcf5002756d65754b16a677820f9f921e73ac0250a901c57b,0.03,2.438e-05,24706,56169,181,24336,2.438e-05,0.0,,,live
2026-10-08T03:37:18Z,0x2f52f2fabdca5df8aa2053a60f3a3cca2adc242c,0xfe5409318e214f0093826ceb643ea8a1c0bd89b01a9bc74c9a274a4ca78ac4ca,0.03,0.0003045,45578,111892,240,69548,0.0003045,0.0,,,live
2026-10-08T03:37:18Z,0xb71c11e14e788777ae1cfc9663f6b4143667b777,0xc55534ace9d7abb7e21c981eb1cb53faddde8a491e3e25e9f529e4eea16b15a3,0.03,2.084e-05,22854,51365,179,20801,2.084e-05,0.0,,,live
2026-10-08T03:37:18Z,0x46db7c3783b46b3715227c09a4422a4f0caf0510,0x3dc4cf222aa67af0926afcb8cec114d0d7e1443a,0.03,6.43e-06,8152,2046,9,6431,6.43e-06,0.0,,,live
2026-10-08T03:37:18Z,0x5ded802cbc44273aef401be89b0fa4895b257777,0x47ed8a092566e26953759e6d40f9432753d8b3024cdfd683fa0c8d958a305622,0.03,0.0002375,52014,73984,234,54285,0.0002375,0.0,,,live
2026-10-08T03:37:18Z,0x24a71c056cf04a8ef3cfe1a978723d7f7b5cd70a,0x0d77cc016a53ae4c02d429b7d5631864b1cc21a7071533cefed6ed4417aee508,0.03,0.0002523,41518,74467,238,57644,0.0002523,0.0,,,live
2026-10-08T03:37:18Z,0x634526c6efea67059dcf0ea7dbfe424081c6de43,0x9e946fbf080562ce2b4557febccf07ff048e3275d34d7612526e108798a5ea52,0.03,0.0003819,51072,112590,235,87230,0.0003819,0.0,,,live
2026-10-08T03:37:18Z,0x0b033ed8935cdbf36fdcde008173ff814db46777,0x0d206b8ce729693123c02f391456cc0dd9909a13703ce7c6e69284584d7e8cf6,0.04,1.686e-05,20557,24407,76,16831,1.686e-05,0.0,,,live
2026-10-08T03:37:18Z,0xc47409d3dd3c7c4e7834cfe17405f2c39e987777,0x648a16237f144b3d700cd3133255cd712522483d2361041ecb2007edbeb0fabc,0.04,0.0001669,43601,35420,131,38146,0.0001669,0.0,,,live
2026-10-08T03:37:18Z,0x68ca7a6aa54d263a0de91420edb2f18bee76b70c,0x0a89054ce13bbc88574b62f1818c293a8804df8becd4f7e3333c79adc77bdf0a,0.04,4.049e-06,31957,47045,369,40496,4.049e-06,0.0,,,live
2026-10-08T03:37:18Z,0x965c70597c1f86bb006e629813d04a690f6f1e18,0x2d21b4d0a0ea6cfe822af9561934ce14ce32c89cba89be77685a32e2ffb6b6b5,0.04,2.007e-05,20075,26,6,20075,2.007e-05,0.0,,,live
2026-10-08T03:37:18Z,0x6dbc05981aef54a467ce05686ef7649b1bda7777,0x3632a4b4e3bc580c9a6573f10f5fd0ad138a2c5397db117677d9e99fe5140617,0.04,0.0001226,37372,24004,98,28026,0.0001226,0.0,,,live
2026-10-08T03:37:18Z,0xd9d94715fee42144a2683341ba10fbe1751ccc58,0x4f8b199ebbd63e443ce7b759ba800495f8662d3700d86d86878709b17bc9f93c,0.04,0.0002022,37164,69483,194,46190,0.0002022,0.0,,,live
2026-10-08T03:37:18Z,0xa6503bbc3e8005a7c8d0062eedb9a22b449428b1,0x098f164fe9528eb3618b2d66afd76a4a0fca28cc5ef7433081a8ec4795b8fb6d,0.04,0.0003375,48011,105852,197,77089,0.0003375,0.0,,,live
2026-10-08T03:37:18Z,0xcd9320eb722eefa8993cc6eb91db4743a3584653,0x2437df99285203d9779ed3d4f556743bff7b01369fb8f4bac150b4ea22294f57,0.04,0.0001219,79579,251147,620,121991,0.0001219,0.0,,,live
2026-10-08T03:37:18Z,0x5fff62effcd0d74d5ab1bb7ea3344db4db718777,0x37727a6f4c7fd5a7bc2ae7c2adcb08026f6e13c336a0356d7a22a93b37a2840c,0.04,2.296e-05,23987,55540,187,22915,2.296e-05,0.0,,,live
2026-10-08T03:37:18Z,0xf2f78a8ccc9bd8f64c709ddba5962a9e014db309,0xde5f29149bd816ac29c3940ca2d2a6ef052b297e5df54ff487d5ea1ff43f982a,0.04,4.801e-05,18103,4633,11,10966,4.801e-05,0.0,,,live
2026-10-08T03:37:18Z,0x5fc54b6cbc5ccd9b112ddff3326caeeaba33d168,0xd5a973d05d0296a8ca4a1b9b99afbf8121646ab2afee79ac69c64e8ad9ccd754,0.13,1.006,10101014,208,8,1006077247,1.006,0.0,,,live
2026-10-08T03:37:18Z,0x5fcbdf8254f43ddca05e8b3f515a7d34d93f94cc,0x843322e35961c344bad16e04dde419fff82eb58ee04180a86b841b6bb43942cd,1.15,3.83e-06,5810,80474,1449,3716,6.56186e-05,94.2,,,live
2026-10-08T07:37:25Z,0x000c193fa0b00b36638ba9d69ef6d5e2aa132808,0x767a1687a5f0b1eea44133bf2e74e4ac19b56267182178c152b43f0953bb6848,0.17,1.002e-05,10030,10,5,10030,1.006e-05,0.4,,,live
2026-10-08T07:37:25Z,0x0040070833df5bcf9644a5c9732a1fe906c27777,0x0061a6568e820becb465c3e6c8817bba1e8b6a91feeef04756bf6e15263cd252,0.48,0.0001755,44656,48919,176,40119,0.0001755,0.0,,,live
2026-10-08T07:37:25Z,0x006ef08c918d26323e4a39038e769323f1cdd7d1,0x6f4dbb53677c17a4e71f737108f2da32199ae07011e77f1a57152696134c5ae3,0.4,0.0003287,47271,131764,235,75090,0.0003287,0.0,,,live
2026-10-08T07:37:25Z,0x00b5dbca58b1fac42236b5718636b7d42dbc1777,0xe284473c5adf3338150b20a178ccf8feb5fd68248ba0f3724a738751b21c914e,0.31,2.846e-05,26654,55643,188,28407,2.846e-05,0.0,,,live
2026-10-08T07:37:25Z,0x00cc64df238a4f9b4f2bd2e6239b00497083f92f,0xe4473bfc0c6ef64359d3aec47a87a2e137973cc068d5b2d188d3ece836700c8a,1.47,,,,,,,,,,dead
2026-10-08T07:37:25Z,0x018015ab182dc9b98e59756d22919930a6a5f740,0x8c51f6293faa4523bf8c3be729b21bd7f604e2a8a1db6a46e5dbf34b94802f7a,0.93,0.0002933,44976,104229,237,67007,0.0002933,0.0,,,live
2026-10-08T07:37:25Z,0x01d2ba2781613096083b8c1372016b4833a41ee1,0x5c42c0bb47c04174f382ccb2b2a2ba42b1bb9a61289daa6f9a916812d6f498a3,1.47,,,,,,,,,,dead
2026-10-08T07:37:25Z,0x01f60629024cfe49dccce5724c9e2412f6428fb5,0xde5ed9fd7d6f63bff2093ab95059bd24d82c816f8d3b23fab9614f5ecb7e21d0,0.26,3.719e-05,36148,5191,13,37194,3.719e-05,0.0,,,live
2026-10-08T07:37:25Z,0x022887fa0ef7ae52cd901f7d275f1de1e4242b00,0xf505dda2b15d66e61a326b7f41f73d4cb38a0ab54aa27634d438f88b34d70c26,0.86,5.263e-05,18958,2856,13,12021,5.263e-05,0.0,,,live
2026-10-08T07:37:25Z,0x0276db07a9f2f1fbf83b96e6870d64ab56a07ca4,0x61cd43d4635b38e73d39ce27bc5e18152fcba62cffceef5da5597a1256ecaa1e,0.69,3.657e-05,15748,193,3,8354,3.657e-05,0.0,,,live
2026-10-08T07:37:25Z,0x028bbf1bd9ab64e9ac9735001493e86b4af911ae,0x208a806eb64a7522a9c660e4deb09f879c1a956cf332b1a7c5c3b3424979d626,1.56,3.023e-06,1,0,17,3023,9.821e-05,96.9,,,dead
2026-10-08T07:37:25Z,0x028ebd3795160b3f07532eb6b62d025081cd7777,0xfef8cb002870b89ba62b07f9e5ca1d7d5d5ad9fd2f91431a5af4a3cf34510b6e,0.16,0.0001931,46791,47208,184,44139,0.0001931,0.0,,,live
2026-10-08T07:37:25Z,0x02930c9e73284f9728d267e86ac64771a1aaa394,0xdc0fa764ceed6f26af81766d430af642ed60144c0537fe26e3ff96550bc8525a,0.45,6.866e-05,68661,27744,241,68666,6.87e-05,0.1,,,live
2026-10-08T07:37:25Z,0x02bb7c32fb7baa6d3cbe73819e5ad48a360da80d,0x26570d7e4adf8dfa5effd08b3a9d488f3d4abed93d69cf06985cec301072aff6,0.23,0.0003867,51353,109770,236,88340,0.0003867,0.0,,,live
2026-10-08T07:37:25Z,0x02f0db6e9197f89d9e2519a0bfa26f99c99afdc0,0x0570e44b25829cd509f0ac54cfc0388b2b954e27,0.35,7.769e-06,7770,1,2,7770,7.769e-06,0.0,,,live
2026-10-08T07:37:25Z,0x02f60c43ade4e6ef1bea7d1387af506015237777,0xc62ad395b63d820d112aaf15eee3e5efc5e87ff53d4604260e4f13578f8f446a,0.53,0.0002456,52719,58906,228,56128,0.0002456,0.0,,,live
2026-10-08T07:37:25Z,0x03380e39b61d197ff009aec32cd570cbe003e6cf,0x74de6bc9c51379578dcd8ef86a31d6f10ee8ebd5fbeae77e48c36673f08e8ecd,0.9,7.869e-05,133563,11223,68,202,7.869e-05,0.0,,,live
2026-10-08T07:37:25Z,0x03593991b09b1daa8c647bd6add61f58e3ffeb5b,0x668eb41d891204cca9160254c0a3ebdae8b7727f1c498d878bdc78170a14b497,0.81,6.583e-06,6596,16566,240,6583,6.604e-06,0.3,,,live
2026-10-08T07:37:25Z,0x03d29b112b553369265e1c06c4cdfdd90667ef3a,0x597f7bd85ffbd3203834e1839aa35e518c2521cceae5019dcb06a17b9f1adc4f,0.1,0.0003291,47315,107798,240,75167,0.0003291,0.0,,,live
2026-10-08T07:37:25Z,0x04524f6b87815f8ff71daff7300b3dbcbc8d4777,0xff197d51fcd0c1c521788e93e6245252ed230dfb2cc241f30693f6290a34bd41,0.7,6.356e-06,12568,936,7,6344,6.356e-06,0.0,,,live
2026-10-08T07:37:25Z,0x049ec20fc9fb83c1343f879bf47937e050d27777,0x668f6c30329df3e0f9e7ac98c6762a4b5f036ff5dc2178b23a897c8722910ffb,0.69,0.0002199,49879,61162,229,50250,0.0002199,0.0,,,live
2026-10-08T07:37:25Z,0x049eef2ebf4b137432f4223d4eade5acfafa6777,0xac032d4df29a730f79c420a38bbbac74d5a0a40f4b38ec32c1ae0b47e8c9b281,0.88,7.178e-06,13432,1124,10,7165,7.178e-06,0.0,,,live
2026-10-08T07:37:25Z,0x05091c49e891fdd8799ec1bb94e8f733eaeb0dff,0x4eb02358ffdf655fb4479c6a817ea660f8429199e3db94dc167414f21888a509,0.08,0.0003779,50714,115935,241,86326,0.0003779,0.0,,,live
2026-10-08T07:37:25Z,0x056e3a4c5bddd3cb092cca5604cffd06fabe3b2a,0xfa6ab16643bc0166d6dd02528ae41d99227ced58a5738307c92eab207adbac61,0.61,2.206e-05,32462,17685,205,22067,2.206e-05,0.0,,,live
2026-10-08T07:37:25Z,0x05aaca11a0fba2a35dddf1e33f77c3667ddfb7ed,0xbb6300ea8aeb7d742122d0d4dfbe57507cbfa4f4ef8807f1fb3bd9a80983f87d,0.39,5.423e-06,220852,16397225,13827,542378,4.809e-05,88.7,,,live
2026-10-08T07:37:25Z,0x05c291c8a587ee3f7e689f6c141f092cce298777,0x334ff23b8cd8c4027339b3e14cd0b378d43f252128afd9892b9ae3a0b968545a,0.25,2.201e-05,23495,52533,178,21973,2.201e-05,0.0,,,live
2026-10-08T07:37:25Z,0x05d3c7811c1de2175856ad5db15648c55dbd456b,0x19f8b261c00d992e33dca6c91bdbe247c734b1bf8882adb938b7d40cc5b02fa9,0.81,0.0002629,42346,81424,229,60061,0.0002629,0.0,,,live
2026-10-08T07:37:25Z,0x05f2b6a7ad477635ded6c1997a43420720deab6b,0xa29270a5f8b6a23ac9dccc69708085e31dd9d2f45974981d2548e463e20b3a7d,1.49,,,,,,,,,,dead
2026-10-08T07:37:25Z,0x061492894a363ce3db4b46f178114fb736565871,0xdcf628e9eca89a4c703ca6fa12bc7a716bbc484c,0.35,7.765e-06,7765,1,2,7765,7.765e-06,0.0,,,live
2026-10-08T07:37:25Z,0x0625a1f4bd03b243ba78a157f489981fe59f2777,0xa7fc118b8ebe27fb8e0bbc0327c242372389a4174b3c6427b921978f689278fd,0.16,1.636e-05,20202,45086,144,16331,1.636e-05,0.0,,,live
2026-10-08T07:37:25Z,0x063bc9fc378e3d9d126f40e158e29ef132d76def,0x7f573f75ff13f53ab8737b59e60f69da03de3596552c3f11d573c53490d9633c,0.86,0.0002153,38349,73724,225,49176,0.0002153,0.0,,,live
2026-10-08T07:37:25Z,0x065b336813b85f7205c06cab5ef595a334e37777,0x4b813e1e77e2fcd29307514f20e34a885e5a94edb6d4a7536209ef11b408f3ba,0.77,0.0002173,49601,60449,235,49656,0.0002173,0.0,,,live
2026-10-08T07:37:25Z,0x065ba6f19334ce12ca6ccaa7eb9eff844b546c64,0x8d2ec3128cd9db586e6d781aac1126fe79996999,1.89,2.414e-06,2423,102,2,2415,1.21e-05,80.0,,,live
2026-10-08T07:37:25Z,0x0682904b18f733414acb732d5c0c8a4c72ffec31,0x604702515d6d79f29adbe826b547681d98c178e212bc75a3e1cda33726e55a43,0.47,0.0002463,40975,83089,239,56276,0.0002463,0.0,,,live
2026-10-08T07:37:25Z,0x06ba8f70f1ef18ac951ff6280c8b6a1e4e67f088,0xbccc81ce648a05edd5cd2b2cef784d84097142f9,1.93,2.394e-06,2427,256,2,2394,7.342e-06,67.4,,,live
2026-10-08T07:37:25Z,0x06c2f8a5e2fdf45eaf62e21238eb7c7e3092dafb,0x83bac508c7c975afd868ae2b97e650870f47b885feec8a263752ea123451cdbb,0.8,2.364e-06,20609,24116,126,23642,2.364e-06,0.0,,,live
2026-10-08T07:37:25Z,0x06fa6cb0b19d47685aa28bd91bbf95d80664bb96,0xad01be37723779943d1023d083de058382ce18db7573ee45a5469d57f12ceda4,0.59,2.099e-05,9736,11599,138,20991,2.099e-05,0.0,,,live
2026-10-08T07:37:25Z,0x06fddbdd6264f59e4e4a55fbce032abcbb011e18,0xe91b4097d8bed2ebfb7e3500615e42d67c9c76a285adc83b4d700f2132eeff1a,0.59,2.005e-05,20053,4,6,20053,2.005e-05,0.0,,,live
2026-10-08T07:37:25Z,0x0701a04ebc73882f5369e4a9ec76c2bef44c7777,0x099a9f9bbff8dced74117c2558a06a01097c5a0cde9039953f40e2c9e62686e8,1.43,,,,,,,,,,dead
2026-10-08T07:37:25Z,0x073e0f008167dd3a589f57ca7d97948925cfcacc,0x4efb491b736d2a81abe4fb4ccfe5514ee9a263f6b8b35d407ccdce5a53ad69ac,1.43,,,,,,,,,,dead
2026-10-08T07:37:25Z,0x076b7aa0cac1ffd85b2d4128857216046b64d1a2,0xd606363e47eb909cdc1302a02c9f90f8255d98c9,0.38,7.749e-06,7749,1,2,7749,7.749e-06,0.0,,,live
2026-10-08T07:37:25Z,0x079b2a636ac4ef4094aeeb9784644d8f4ce99107,0xfa48d1ecf13d25b821f1d56adead83476dbba7962452e58d937cdaa1953a61b5,1.36,,,,,,,,,,dead
2026-10-08T07:37:25Z,0x07f1cae8a452b7449fd7ef2194bfa3b4b2487777,0x8aa29c88c713fe97f2b6124a066377840edd18dc9a0690346763502d0b45b32a,0.8,0.0002405,52275,63777,228,54958,0.0002405,0.0,,,live
2026-10-08T07:37:25Z,0x0830a9dd26a04e959657ab6788d45f5725590c32,0x5408ad4b4f1d5091b99953af963500a792f47bc3,19.95,0.001006,288784,25319,7573,36286759,0.00126957,20.8,,,live
2026-10-08T07:37:25Z,0x086f443aca0d70aee2a42fb836a21e1e529f5fe2,0xc6c289386884be3f5ee68cd45002d38e5403e71885aceb58cdba8ffa213ac386,1.27,6.991e-06,7007,240,14,6992,7.028e-06,0.5,,,live
2026-10-08T07:37:25Z,0x0876a383a5e07fd6df50c277d589c3ba736214b7,0x241c19a41911a98196691a66dd8eee88a8d3a42f9b84a82e1255262bb5f13160,0.87,0.0002934,44732,89585,242,67027,0.0002934,0.0,,,live
2026-10-08T07:37:25Z,0x08acaf3b51be14f67a637fdecc52fddafa325140,0x826653b5ccc1e4b9e9c19d2a78dd2a184613c3f07e106cec1b53bd7a63f4ca3b,1.03,0.0001854,43814,47908,287,185419,0.0001854,0.0,,,live
2026-10-08T07:37:25Z,0x08e4b43b3f9968360c38ca06ceb31417e2e31e18,0xb278db74091d3641e8db1395ecf78314d84597d5441f863c39c77047a1a0ef8a,0.35,2.008e-05,20088,1556,24,20085,2.008e-05,0.0,,,live
2026-10-08T07:37:25Z,0x08e84603a059ced2f818630ff31aab789cf82d06,0xbccf70d7a346ffe51fa1f21665017cf79a8e1b0e897e5fc3cbca02426e3b8872,0.52,0.0004771,110222,467673,1043,477149,0.0004771,0.0,,,live
2026-10-08T07:37:25Z,0x08f13d403670edf6c043146899838e14391b764d,0x16663e26244c246451c616bcd1e71b620f7c75183518f6e5fa41c0f9c2f21334,0.75,5.15e-05,18690,3357,13,11764,5.15e-05,0.0,,,live
2026-10-08T07:37:25Z,0x08fb22c5d26d7aa4d237d0ac346990061fe980c8,0xe1bea603229ff6b86b0cdc0ef13ab22d974d729d3011c7745bda851b64a91527,0.27,6.58e-06,6619,113003,4708,6580,7.171e-05,90.8,,,live
2026-10-08T07:37:25Z,0x0904c50b7553b01c9a9a81ed92ce6a5b2fb78777,0x706a102e7367e8de0bc39d627fa9ad0ed71ed319eaebe780b3f902fb9e57c66b,0.82,7.077e-06,13311,385,4,7064,7.077e-06,0.0,,,live
2026-10-08T07:37:25Z,0x090d6bbcaaffe6531e820a5f1cac47d281417777,0x303a296dbb11c64d2779c716d190b919ffca56d844bbb4bd2431ac31d84ef6e3,1.49,,,,,,,,,,dead
2026-10-08T07:37:25Z,0x092c2769ac60ac1b3df2865147630289cf577777,0xf2c636230724288409ab8a5d1247371d34c80f8fcee06b58873c5449113452f2,1.35,,,,,,,,,,dead
2026-10-08T07:37:25Z,0x0990894451fdaf84ed9f5343fa5233b989ec71fb,0x32989b3b251fb36b79e316ee3687d3c8d73ee482d3dda756123d3f1f17a88019,0.55,0.000267,42479,78205,194,60998,0.000267,0.0,,,live
2026-10-08T07:37:25Z,0x099963e7026f6c6e04af0f17f3e126af9161c76e,0x0e50b334a810223602a4997bbed610e8192afb1a40caabe8cc5f54e40e5c9a23,0.17,7.071e-05,21915,12200,48,16151,7.071e-05,0.0,,,live
2026-10-08T07:37:25Z,0x09c4908429802aa9130a9580ed344d65385f0dfa,0x4fba2e318a3c60e53abde4c69efb22365fca96ad7dd4aff862d096add5fac235,0.93,6.444e-06,6458,12288,90,6445,6.792e-06,5.1,,,live
2026-10-08T07:37:25Z,0x09e37048fcaf0b96c7c2ebcfb19481239b1f89ba,0x5e361e6cf828b48e835e5023da815f96c959de9c,0.11,1.503e-05,7542,0,1,7542,1.503e-05,0.0,,,live
2026-10-08T07:37:25Z,0x09f716f4f0b472d0997fe60b001355a614ee28f6,0xedd12e5d4110d16cf5ee654b7e70897cbe395d8580448ef40636aa34d124330c,0.86,4.717e-05,17949,2964,14,10776,4.717e-05,0.0,,,live
2026-10-08T07:37:25Z,0x0a193a8a48e284ce91bea212354128168cc27777,0xb3af65e649380ac9b3e4795fb3123949104ab43ab61c73f1592984e9bc6c18d4,0.24,0.000298,58251,67537,235,68104,0.000298,0.0,,,live
2026-10-08T07:37:25Z,0x0ad9c4b1e584deda68488a80d84f2d6616946c41,0xc2ac53d4aab207ae0d79dce5e6681daf03f8aeaccb39c0bd5ee7efdf5f18c7a7,1.42,1.044e-07,10447,79692,126,10448,1.89e-06,94.5,,,live
2026-10-08T07:37:25Z,0x0afc155ab1c777e28268f70d08889175870c7c1f,0x61c1aa34ccedb6f4998f234a8b0df7302bf18633680b3f823844adf57b8a1e51,1.47,,,,,,,,,,dead
2026-10-08T07:37:25Z,0x0b033ed8935cdbf36fdcde008173ff814db46777,0x0d206b8ce729693123c02f391456cc0dd9909a13703ce7c6e69284584d7e8cf6,0.2,1.686e-05,20557,24407,76,16831,1.686e-05,0.0,,,live
2026-10-08T07:37:25Z,0x0b1be5a4d1f654fe0fcd01f4f7ced07648c27777,0xdd1903532caabbd46cc44bf9462a5d5247159bdcc79c2804f7fa12bfee2f0d34,0.35,0.0002264,50697,60995,236,51730,0.0002264,0.0,,,live
2026-10-08T07:37:25Z,0x0b43c68bc0837e5307a3d3c32fe88ee601d1d171,0x94d42f8a1cdb9debc3f365943e627c7aa10d6226795fe4d2ef5d401df66e51d6,1.8,4.832e-06,6516,5051,136,4813,4.767e-05,89.9,,,live
2026-10-08T07:37:25Z,0x0b57de8a50c5538733e52c4e9b5b278884bd02cc,0x302b7f4759f398694c8087e0668d1cb09ba79a8b,0.35,7.764e-06,7764,1,2,7764,7.764e-06,0.0,,,live
2026-10-08T07:37:25Z,0x0b6af1e45b69488f78dc1673bdca4f36f511c7e5,0xaa038ed2a5ad6cdd807df5abb3ccd94d0a5093142d98114e1e22475a128bad86,0.59,1.891e-05,13927,12365,145,18910,1.891e-05,0.0,,,live
2026-10-08T07:37:25Z,0x0b7c6c138dc75622f4200d157b13fb93e6bd94fa,0x5291cfd042d8a771a510534ee31090bc4f4dc72724871e8f321aecfd12332a9a,5.65,0.1116,11162378,8300635,393,111619243,0.167232,33.3,6,True,live
2026-10-08T07:37:25Z,0x0b85313abd1c40508eccf8bcdc3861aaeb72475a,0xd73ba1ccaec9a0d96f87c44dd90cb2ec0d68cd9854481bc33fac565440cc892d,0.28,0.0003447,48496,101983,227,78731,0.0003447,0.0,,,live
2026-10-08T07:37:25Z,0x0ba9f17e539e2529c9b58de15a62fcba75628dcc,0x3a886d84c970b96f79df681261f9e4ed0f126ed0c4178f47e5097351036ea928,0.14,6.42e-06,6422,7,10,6420,6.42e-06,0.0,,,live
2026-10-08T07:37:25Z,0x0bd13a608c3614997ac05ba9587f2ea6fc722513,0xdb05043fb24e475a8b51a06b08b25ef192baf9fef585483fdef48db64dfd8ef8,0.49,2.567e-05,25679,4,4,25679,2.567e-05,0.0,,,live
2026-10-08T07:37:25Z,0x0bff78881d46852d7c0b6b457ad2e71b825dd777,0x5ae6d0caf15dd37c0f83067c7dd2e5922ab9e17a9ca089cf430bd9398b6eaa3b,0.31,1.636e-05,20212,26584,107,16335,1.636e-05,0.0,,,live
2026-10-08T07:37:25Z,0x0c00b0ce571b766116d9fd27b3d31402f20d7777,0xbc3d63fe80c7af1150abfc7406f2be8e8b83cfabc236f624feac3ba09ce04130,0.1,0.0002322,51277,59059,232,53067,0.0002322,0.0,,,live
2026-10-08T07:37:25Z,0x0c07d3447378fddcb1e0de31e51500cbd96eb7d0,0xfff5004cce7b8458bf39677a43d8339d54a97367e3926c3668cb6d36f86c0ecf,0.35,0.000293,44613,76998,237,66929,0.000293,0.0,,,live
2026-10-08T07:37:25Z,0x0c09ce4f6ca4c064f66e02040204185e2385ef8c,0x2fc8ce992aaf2b496106cf550a4c2de3bee92b9347bf2ec4f5bf45eea3a87813,0.55,2.137e-05,32128,17755,204,21373,2.137e-05,0.0,,,live
2026-10-08T07:37:25Z,0x0c200bb76884c32e700e3e25dd296ca59bd4f378,0xa20ea2ae4e2f81025b76e32210d541f342584d4e26abef5c06044095c3503a05,1.36,,,,,,,,,,dead
2026-10-08T07:37:25Z,0x0c6144942bb7dd6aa9eb86f798575e58eb3f21bf,0x00d7f78a821b21e41d22dd6e798b70cf0d675f6fa4279d4e8e048811fd689993,1.56,2.628e-06,4166,506,21,2628,1.5e-05,82.5,,,live
2026-10-08T07:37:25Z,0x0c974d884b3ba2cc8340efa9c328fcdbead19453,0xea936cfb24508ef92799efeb2594cb96b5b757e72402258ea91f211881d667e6,0.52,2.416e-06,2417,238397,1387,2417,0.0002189,98.9,,,live
2026-10-08T07:37:25Z,0x0ca5880547d2def3405eee300f064be80fe19777,0xb699daa28a35b235fa22d8878aa43e317a59b557f187fe387e10a0506a05851c,0.87,1.418e-05,18839,10144,43,14156,1.418e-05,0.0,,,live
2026-10-08T07:37:25Z,0x0cefd5b4e26fdca1839a11d399c811cf3dc0875d,0xea0390e0606c94e23caa181e360bf8d7479331809f8adc5487d85ac2fb0da8ae,0.99,0.0003574,49768,112461,238,81628,0.0003574,0.0,,,live
2026-10-08T07:37:25Z,0x0d33d507c983263ec41b72fce30fb3e7801d9bf2,0xbfc381e63d6999df9341e8d4612c833d2b44d7d8c8f80d7a3a71a7eed596a779,0.77,5.592e-06,47862,39557,224,55922,5.592e-06,0.0,,,live
2026-10-08T07:37:25Z,0x0d4fa5cfc0c7ca63415bf7b93cacb8d3773a1ee0,0xe1594fa5ad640fa06335d8700f8de9ab38031b739d561fbc00708a4aed711ab7,0.06,1.028e-06,10287,3,2,10287,1.028e-06,0.0,,,live
2026-10-08T07:37:25Z,0x0de5faa1aa0e9f6d3459dcf22c0d74e9da3c7777,0x73de26a59d42fbcfcc291935cbcbdd26920604b660b704cf3235c65340a6fb1c,0.76,0.000243,52408,61205,233,55533,0.000243,0.0,,,live
2026-10-08T07:37:25Z,0x0de9a43f711e9ce1ff10446a638dcf7460184777,0x9298cdd2d375a0f7fd5d2c00ac38340905ed21419b40087168b0fd6dddabacc7,0.81,1.403e-05,18735,9868,39,14003,1.403e-05,0.0,,,live
2026-10-08T07:37:25Z,0x0e4cd4013dda18932be600f61bf44a8d266dc885,0x862315f17c899af86eeda8a7ca3a7636ff57d3185bd363eae6249614925b4a18,0.51,1.925e-05,29777,17512,206,19252,1.925e-05,0.0,,,live
2026-10-08T07:37:25Z,0x0e842fb13303536de4eab91f5b3fb3d010f84c1d,0x16ae21387c4d75d345c7388ffd45876cb3013e72490b9a59826b7b3b23c2f24c,0.5,7.916e-07,12749,1242,13,7916,7.916e-07,0.0,,,live
2026-10-08T07:37:25Z,0x0eb80135b2913da5b5d0a1e8e5b320e5dd0c7777,0x8e44b0841bab19ec909913520d29c1cb7beff54ed586865706f0a2e895dfb7eb,1.36,,,,,,,,,,dead
2026-10-08T07:37:25Z,0x0ec1d448f0ea7df64a2735f34f12a7d861b24314,0x2f987554b72785795dc85815ef2dd2c7beb2dc1a9596379b94e915f695d0d2dd,0.95,5.041e-06,5042,0,5,5042,5.074e-06,0.7,,,live
2026-10-08T07:37:25Z,0x0eda64b90e24128e139519464516ab4086ca9793,0x1b89345ecb618a515b9d616bef963d766d93dc3faf102ffcccf446a10021548a,1.37,,,,,,,,,,dead
2026-10-08T07:37:25Z,0x0f2efbb6447ed639dd10b81675ede630bdefe6c0,0xce06592f3a5210ecc8a94965e5a3851893e49c77,0.71,1.508e-05,7570,0,1,7570,1.508e-05,0.0,,,live
2026-10-08T07:37:25Z,0x0f94a628a05a86bf2df6bebf8150132b27e6c9b4,0xefd2727de02aa94b3310c46e582981d3b7f726caa5c81e7da36442e3d3658816,1.16,1.484e-05,11437,122322,1810,14847,0.0002205,93.3,,,live
2026-10-08T07:37:25Z,0x0fa3cf4751eb5867907881327105a34f72626e2e,0x6d7769e2452d4879c1698796acdcea9f3509918f,0.85,1.519e-05,7622,1,2,7622,1.519e-05,0.0,,,live
2026-10-08T07:37:25Z,0x0fcac679919439eeffeee5348b3adbccf8c63f30,0xc952fcf4ce0b40b66cd8acfb3965ea83e6177954a53a4891150f060dcdc28944,0.35,0.0001884,35812,45291,164,43040,0.0001884,0.0,,,live
2026-10-08T07:37:25Z,0x100765a16f42636bd84ee1e86bc5107b84bcdba3,0x8111082d181841cbd123e82bced032b1331140332b6ce3da37f53a6b24ed736c,0.77,5.213e-06,136977,2341292,33678,521302,1.07e-05,51.3,,,live
2026-10-08T07:37:25Z,0x1042903fbb41bad4da10aa1875a0bf22ef0f4777,0xf45a5b9f8f8038ed0b9a72629f7e83ff5a29f48af2baecdfbc804ddac6a55cff,0.85,2.301e-05,24023,42683,171,22970,2.301e-05,0.0,,,live
2026-10-08T07:37:25Z,0x1043934db6a69665104d80eb147a05f5242dbf65,0x185282c23e0c15c3778a04d2db9311afca76c5742026264f5efa1c826f689645,1.42,,,,,,,,,,dead
2026-10-08T07:37:25Z,0x1045eea3fd512553192050604f0aa7bde837a360,0x50165b6730e964bba362e8e8d59d54c1aa901f246cae2effb4cfa71862b7f831,0.96,4.447e-05,17542,1787,8,10157,4.447e-05,0.0,,,live
2026-10-08T07:37:25Z,0x108b3cc1f53c4489ce4dd395a91e0930c91e9777,0x07bdc75076f6e1f86d20069841514f87ad4012725fb4d5fa68cbc8d4ec00d0cd,0.67,1.798e-05,21163,42560,162,17946,1.798e-05,0.0,,,live
2026-10-08T07:37:25Z,0x109b383a42305dc48855b9b791c202002c6b391f,0xfae05f0de699abfb7541108b42be62bf10587d0732f7be1be260c28a9f235ce0,1.53,0.0002903,45865,263009,1563,274446,0.0005273,44.9,,,live
2026-10-08T07:37:25Z,0x11c66a32ee88b7678fdd9b1adf3335f157c1e1a9,0x81eaf4aaa29e1214ab31d0871f69118a44ad9ea578967717a06747c1e65d71e2,0.48,2.311e-05,29942,23501,205,23116,2.311e-05,0.0,,,live
2026-10-08T07:37:25Z,0x121d4b13d5e61e42e52bd62600bad8e777a3f988,0xf89bc62ead041799b18be2a4a99a1df4cd7b0b6ed2a8f96eb05f63e426ec9ebf,0.8,0.0001287,89336,128541,340,128784,0.0001287,0.0,,,live
2026-10-08T07:37:25Z,0x127a6f9b1184f5c2b317f6c65684a18a37bf0777,0x6ebfc6f1ee581c96d9ad0b487efcb7d43693763f8a5823d91a90d222f17ac2b6,0.85,1.979e-05,22272,18229,63,19758,1.979e-05,0.0,,,live
2026-10-08T07:37:25Z,0x129b2d3915b21093321f6c2a3bc061faa8fe4860,0x7c4f28adee169d01eae9c28b61f638cd08889b990d0fdc73e59d73b360de16e5,0.55,1.92e-05,26129,12741,111,19208,1.92e-05,0.0,,,live
2026-10-08T07:37:25Z,0x12a66d8c2c595f1a27633a58c1d8ade37b0fc777,0x8c01c6ce0c804d4eb85697e5a9f8e4274217e58d48bfbdbba96b221547229ea0,0.18,2.075e-05,22741,46736,172,20711,2.075e-05,0.0,,,live
2026-10-08T07:37:25Z,0x12bd7c7ea509924e4c8ea8bfcfc6e8404afc09b1,0x24e50197fa574ff0f6d634e6cafd62c3e8eafe8beba2110928b25ce31acfb8c2,0.48,8.616e-08,6591,0,1,7755,8.616e-08,0.0,,,live
2026-10-08T07:37:25Z,0x12c5b1b29d8a51a73b431d95f96730d8b19359d8,0x112568e0564187997de565b718af11ed00b83f599ad0e10c3d0700a4a762b6d4,0.85,4.804e-05,18114,4275,15,10972,4.804e-05,0.0,,,live
2026-10-08T07:37:25Z,0x12d5fe655344f7d6911f66a1ba00b9d5eabef073,0x416281854ebc2b140326f1589450569623a1c4a17cb9e45ee43fa632894a901f,0.71,6.009e-06,49599,44808,217,60100,6.009e-06,0.0,,,live
2026-10-08T07:37:25Z,0x134511e367da04e6ab773b858d0d6ff5c3145777,0x179ae51dd4e929a2340402f2dfe5893fd612b3c2326fae4d1591ad611e88a0d0,0.35,1.965e-05,22160,54540,194,19617,1.965e-05,0.0,,,live
2026-10-08T07:37:25Z,0x134ee003959281d5b7bd4d7fbef83cc27b74c777,0x3f32595cdd3fd036020145a5d5defd5675233ad9a364f84246d6c8e342c28b6c,0.28,1.746e-05,20908,47276,177,17426,1.746e-05,0.0,,,live
2026-10-08T07:37:25Z,0x13a0c78482148e7896105051cef1f07732a7eba3,0x7447e3feb6bdd608f0ebb7c7367d2debf620231aaa9d95dd4b78d686c23c84eb,0.24,1.013e-07,8618,0,9,10139,1.013e-07,0.0,,,live
2026-10-08T07:37:25Z,0x13a0e12c215bc0669941da309c3bfbd5b32c4c1f,0x9c97a40cf7077e2aaec305206e0af1e4c32a795acc18815f5c77dd9eb09f0775,1.43,,,,,,,,,,dead
2026-10-08T07:37:25Z,0x13f8ff6b55b72f2f4b41c33cdaee9590b38d7777,0xdf19deb7af6d2d3628d2b1f67aecddc326fdfd1245e8ef0943d638a5cc3e90dd,0.86,0.0002099,48900,59523,235,47974,0.0002099,0.0,,,live
2026-10-08T07:37:25Z,0x147a94143182c2c598508354e314a5c855a9a63d,0x25cc472506890d869c5e521dba4974ed2f86add26e3748f3d132bed8e3bbe946,0.6,1.824e-05,12749,12678,145,18243,1.824e-05,0.0,,,live
2026-10-08T07:37:25Z,0x1487de817f6bf92cb1305d4a0d76848e098cd1d9,0x7e0d7145e4a806668f7425afe70e6eeeb9e28b7b7710431af364dc616dc77405,0.97,4.7e-06,38397,22206,127,47003,4.7e-06,0.0,,,live
2026-10-08T07:37:25Z,0x14962005b7e1ce98f689f702b52d283e6b9abd2f,0x35a8681ab8640a864a956edd2adbd717b314843319d100004701630c5dece384,0.47,2.766e-05,30817,29832,256,27664,2.766e-05,0.0,,,live
2026-10-08T07:37:25Z,0x14a4d8e57dba0ce1491c8664881d3b1c52ecf4dd,0xc551612d363e4ccfae68254d3de159baee18962ea8c5143e5d472b7c7f1a463b,1.39,,,,,,,,,,dead
2026-10-08T07:37:25Z,0x14a8c337949f4245945f3d77174d21e9428f5ab7,0xea3b206ad91ea1291eeac3de78cab58fcde981058510fd7b71d98d5dd7199c74,0.08,0.000234,39871,81543,237,53457,0.000234,0.0,,,live
2026-10-08T07:37:25Z,0x14a97491e286815c7d56644b460787f2a897a777,0x78b1f7cd084c99ed3d21f811b310bd28b47bf81d3eaf057e24afeef9757813b6,0.18,1.806e-05,21219,40292,136,18031,1.806e-05,0.0,,,live
2026-10-08T07:37:25Z,0x14c9b228a3fb996bb65f10b0e985879a4db5f75a,0x7ac77cdaadd54da8636c93c03f7ba55b82619e5fbf9fe255dc6c23fd00fbbf42,1.39,,,,,,,,,,dead
2026-10-08T07:37:25Z,0x153212f6da9a43aef0621c258ab60c833702c777,0x7db4dcaf1277597179048e8f1614a790f7875fb469a6957dae741b996e266b4b,0.14,2.574e-05,25321,50912,188,25699,2.574e-05,0.0,,,live
2026-10-08T07:37:25Z,0x1551fc7371a18f01c64ea4b1d979872e77f57777,0xf60010fda853d8360cd27c4e9ad64f9c02e4587e6faefbce9066d07739885cd0,0.4,0.0002524,53491,66474,234,57689,0.0002524,0.0,,,live
2026-10-08T07:37:25Z,0x1586e3e601c15d79a83288e6c592942129f728a0,0x0b220fb84c24d434c68215c0fcb5cf211748fa274b55260a168f70650fc8166f,0.67,7.909e-07,12738,1241,12,7910,7.909e-07,0.0,,,live
2026-10-08T07:37:25Z,0x15939ba7c64eabe0a6cc870d454f352d6e59b49c,0x12e1f7eccd4317acbfc6dd9d5e7fea63e5d0c1ff328b877152816d278761b80d,0.63,8.384e-05,67115,1186799,3025,83848,8.384e-05,0.0,,,live
2026-10-08T07:37:25Z,0x15b7f50cd2870c57c203c2f3f1375cba65737777,0x775ca9d04a237409d2a377ee42c8315bf317a223631b8af4aedd3f415f156178,1.0,0.0002693,55803,41691,148,61551,0.0002693,0.0,,,live
2026-10-08T07:37:25Z,0x164c9d385f9b6862ff5c1b5457d8cd211beaa750,0x08439d94cfee14a01c96eb41cfa929e24407fb842f5e540109f8893aa2a4602b,0.24,1.29e-06,12903,3,2,12903,1.29e-06,0.0,,,live
2026-10-08T07:37:25Z,0x169dbe9aa431db05a3f2086fb690e8bc1e064794,0x8ea0384cc8c6b03b6fafa253056d7530e76475f6a48afabff47344eddc023fd1,0.76,0.0001322,141495,171619,1140,132297,0.0001322,0.0,,,live
2026-10-08T07:37:25Z,0x170867335fc4eeff6c2b4d07de6fc8b4f57048d0,0xa114292c01fa9830165745af1b2c8838c23b3d39,0.52,0.0001911,12889,48065,190,210308,0.0001911,0.0,,,live
2026-10-08T07:37:25Z,0x17185bcaaf4ad3e3efbbaf053ebbe25975caf777,0x286db27a9a319b4df14e9af8da2241a58d0da471fbe2886da829831e01100144,0.36,1.706e-05,20634,28061,90,17028,1.706e-05,0.0,,,live
2026-10-08T07:37:25Z,0x17529a74ee9ab94c8a3efdc62aa65a0364846607,0x8c28944ef714a44bbe9af1ba3230be15dd4beba9801766023413168bb056710b,0.51,0.000293,44625,101224,232,66938,0.000293,0.0,,,live
2026-10-08T07:37:25Z,0x176460556165b7337729761191b8bd93dc19afa9,0x6f5ff5c9605a8e7086c1baf5a38eff5caabd4e3d272c700ec3ad4d442ec69b63,0.55,5.06e-06,5061,30,3,5061,5.06e-06,0.0,,,live
2026-10-08T07:37:25Z,0x17a1c643774b302a02a23a592f46dade1e21ea9c,0x92f08db731333a55d074f27b0ee0f1337355314659efbc32076d5cc2d3581b98,0.69,3.775e-05,15999,320,3,8623,3.775e-05,0.0,,,live
2026-10-08T07:37:25Z,0x17b7919ea26a884ec299a6b34e8d499a2948de06,0x0fe6215cc533dd54644c2d4fb176a5448e85e004493b9706bb97afd972abe4a3,0.15,0.0002838,43860,96410,220,64827,0.0002838,0.0,,,live
2026-10-08T07:37:25Z,0x17fafdc610dd488962eca955355fee4d88367777,0xb0239fe26db18b97f81849c83492d14517746397e8b05c123fc94b3a026416e7,1.47,,,,,,,,,,dead
2026-10-08T07:37:25Z,0x186f7ffee3216786d2380ea691f7aae98201751b,0xb30c2351c5707882e11ddf8792535aa14284ee39d1de2f4dacbb8a24cb569f5a,1.01,0.000137,118528,77933,567,1892,0.000137,0.0,,,live
2026-10-08T07:37:25Z,0x18eda0f9f6eb224e8a75b98f3d4cf33b183f350a,0x72e8626d4dd83b32d64e1419f46dbdc16ba754bf70defdacd061b15bb21cbbb3,0.05,0.0002925,44473,100498,234,66812,0.0002926,0.0,,,live
2026-10-08T07:37:25Z,0x191c2a2a61cb146e801e5c4dfc6006d5e7336071,0x22c8a02271a78b24580205d6e768bcb7a92fef5a5464c9db58e80dc2ba688af7,0.14,4.41e-05,17284,5147,15,10073,4.41e-05,0.0,,,live
2026-10-08T07:37:25Z,0x19743d23a918b451304a317868cea13dba997777,0x12ce27ad49faca5d9d33ccfe1f406197c6c512a6e29127fec669c10cf808da87,0.27,0.0002406,52367,64862,241,54991,0.0002406,0.0,,,live
2026-10-08T07:37:25Z,0x197e6037075cfa64525407d6d6107542b72d9777,0x9ea01c254a85bdfb1882a15a53d8b65ef7e7688df8cb7f486fd3942ea925190e,0.26,1.756e-05,20962,42834,137,17534,1.756e-05,0.0,,,live
2026-10-08T07:37:25Z,0x19dcb63c4d2f29a6f077f094a4f858fc790145e1,0x835f8dfd0065bb0538b3944f286baafd70a779d433cb76a8a27e6ad0a4517892,2.19,0.0007001,78588,368284,3248,698582,0.0007001,0.0,6,True,live
2026-10-08T07:37:25Z,0x19fb7f9a8b26a15ea410294a1ccb67cc64e85213,0x8e7c8b056d3f4b0abce31b902eda9dcb658a74b1445854709bfc3c13699e6191,0.35,3.097e-05,30727,3914,15,30976,3.097e-05,0.0,,,live
2026-10-08T07:37:25Z,0x1a461d21240568987a97f8337b16a4cb46356777,0x4bcc59d482cd0f5a7e3c82112d8f4f2cef2881428b3a7ff2bd06cfeba732011e,0.42,8.128e-06,14247,1419,6,8112,8.128e-06,0.0,,,live
2026-10-08T07:37:25Z,0x1ac953220eb65e4481e70b53968d298205712ee8,0xf9e3ffeddbe2d3820dc690e9f6caf1e4428ecffadfcc60368aa6504650856c79,0.72,0.0002601,42028,80363,241,59418,0.0002601,0.0,,,live
2026-10-08T07:37:25Z,0x1acfefa97361a7310016997318f2d01f22bc162e,0xdcf0ceb9e79957f1878858bd3dd1fa5425b501e19a9a84bb72e0b280c12b0574,0.94,2.512e-05,25123,0,2,25123,2.512e-05,0.0,,,live
2026-10-08T07:37:25Z,0x1aee5971c1702a99a2381bcad4fe9134a01335ca,0xd101979e131943a75aead6e270fc4c614a6ce1bc02715c96430ca2867f1b28f3,0.75,6.417e-06,6417,1,7,6417,6.434e-06,0.3,,,live
2026-10-08T07:37:25Z,0x1b5e539f7f426d1255fab3f66c0c0c058f6d61e3,0xacd0c686db916eb01930d281e39d3ac80a8c638919bd86bdf7e965f5f7ee8f5d,0.85,2.199e-05,31277,15626,205,21992,2.199e-05,0.0,,,live
2026-10-08T07:37:25Z,0x1b651d4fab47c70d1c69cd5497fffe2ea0a53197,0xd6032a38d0c85d71d909f429d7d5a101c09fcceb757740da4e8a111a1c650530,0.57,2.552e-05,25530,4,3,25530,2.552e-05,0.0,,,live
2026-10-08T07:37:25Z,0x1b7197f4d51a5acda1bf6d39b274accfee7f55ec,0xced76888d18d877ef1c11ad4ba04dcaf10218781c2afd45db4e9f1c9d2d58f93,0.89,6.552e-06,6578,56811,1836,6553,6.552e-06,0.0,,,live
2026-10-08T07:37:25Z,0x1bc742e9ebe775ff339cabfef2aad2a871d7a777,0x9a57c511a6344ad53c10c5379a1ff30e80e00e394dd200431ab2d366c1b86ac6,0.92,1.68e-05,20585,25080,90,16770,1.68e-05,0.0,,,live
2026-10-08T07:37:25Z,0x1c251277a357ce8b7ec3cc0fb5c16574de971e18,0xf785ce38904f9a9b3a79fb84b5d5272602e8c9ab313b4aedf32acd1ac05a496e,1.55,2.003e-05,20052,1,3,20032,2.273e-05,11.9,,,live
2026-10-08T07:37:25Z,0x1c581f724bde9426adfbb9c69a2046bd76b80c80,0x73c05eab784229e20c290cd370582607f2fc43fac96de1e11907b2d4dabcf694,0.28,6.528e-06,6555,33883,1195,6529,6.544e-06,0.2,,,live
2026-10-08T07:37:25Z,0x1c9e3c2e1124fdd5ed270e34d28fc36a9a6ea106,0x41106192c8d1b2ce6f99054c15f9d221a33e5ded70d610d2f6bfc5ea21fb35fb,0.16,6.536e-06,48445,63822,253,65362,6.536e-06,0.0,,,live
2026-10-08T07:37:25Z,0x1cc3b1c326072d877ce5bdb1ab11425231d0e7d5,0xe84a3b63fcecea932af0770069c3fe193b01f0e67f3c7bd7fc18290dfcfac2fc,0.95,2.616e-05,26164,144171,312,26164,2.616e-05,0.0,,,live
2026-10-08T07:37:25Z,0x1cddc8ec37124af49e5a09796f90f028cd0a7777,0x3ad9a611dc0864d9091a88f68279a6cfa79d48e2e37e5257c6e1c2e481e99674,0.28,0.0002231,50363,58983,204,50988,0.0002231,0.0,,,live
2026-10-08T07:37:25Z,0x1d12a58893e9a8680b14acd9056b17fdc20efba3,0xab15e737d49881b46e0f617b525f84ef836cfbaf166025850e707338fbfca485,0.27,1.014e-07,10143,1,5,10143,1.014e-07,0.0,,,live
2026-10-08T07:37:25Z,0x1d2586813cdcf17dec56b19c1c09d0ced050c799,0x9e3e0a505d006df3e48b4628954c85d28a3b911d5f76290bb4204174bd972fb7,1.08,9.67e-05,29207,505974,3971,89938,0.0002272,57.4,,,live
2026-10-08T07:37:25Z,0x1d48170b7e78de874dbe27de148f6b94a82f3dd4,0x800328e7af8cae3c5d28a97485be216e6e2a0e89cee8a8473735bec8873c83f3,0.56,2.56e-05,25606,3,2,25606,2.56e-05,0.0,,,live
2026-10-08T07:37:25Z,0x1d563cb4f00fcbb9adc5f04d65b9fac2c0c5faab,0xd89eb2a1854dbb7abc019129c608ce6edeb3519933f9f35d676e775a3251fd5e,1.37,,,,,,,,,,dead
2026-10-08T07:37:25Z,0x1d885194fbb4bda2120122ac67b18890fb631102,0x70f7d08bd1f1dfe4663476bfc7bf4939e26bbfa3f43b2aa6d9e3067a7aeddc52,0.93,0.0002227,39189,80580,239,50874,0.0002227,0.0,,,live
2026-10-08T07:37:25Z,0x1da81ca017949efbe07972776580d04592ba9b63,0xf05301a0f49598ba66be16af7207fb365c78a4d7a3cec8ce7ae981ec0e6b5248,14.51,7.88e-05,26365,77877,869,78534,0.00152526,94.8,,,live
2026-10-08T07:37:25Z,0x1db45cd140ed3942a797443af5ca88a19da4f18b,0x1f57885ee805dec05d8890c71ea659923e220cab0f295f87583b820ce0152536,0.68,0.0003763,50485,98908,221,85958,0.0003763,0.0,,,live
2026-10-08T07:37:25Z,0x1e7624ef1982f1a05f50e313405b8fc70786b1ea,0xdc8f6de068ee31db82a8fe46bfaecc4ae11304d7fd39ce93ea81137a964cb424,0.14,0.0002912,44392,87030,220,66514,0.0002912,0.0,,,live
2026-10-08T07:37:25Z,0x1f364ea29d785b8a62344c0c07a0605097b9c777,0x0d5893a9efb088fbd3d7a91a4ef029d3b48f924da109aa436b7ce5ac1807fcd9,0.15,1.359e-05,18403,12302,39,13565,1.359e-05,0.0,,,live
2026-10-08T07:37:25Z,0x1fe54697a1106c30763359f30399a7f9ef23ae88,0xa2f4b5b89ed5c5b0ef3658abee3340c90c63218a5fd6ce44773f601c45c6e431,0.81,0.0001377,30674,40522,144,31465,0.0001377,0.0,,,live
2026-10-08T07:37:25Z,0x1ffd7b51e4a7897c21c3f376f39412c0dbb5185f,0x7cbef1dde00cb6c21595fdfb4f7d41ccd117b0f3b097d8fbfd37c10c1c90dcbc,0.18,6.439e-06,6439,0,1,6439,6.439e-06,0.0,,,live
2026-10-08T07:37:25Z,0x2052e653077189a8d6100f2d4fb5904147c74e97,0xd288d2ea9c7006d5a76e0cb09049f699386e7c9afd50e09e79ccb2acc8204d67,0.91,0.0003334,47895,112530,235,76153,0.0003334,0.0,,,live
2026-10-08T07:37:25Z,0x20e767e5a0aa592e930029bccfa77dad4a92a89c,0x906d06296061064b0cd3f0712fe864d5e35552cc66bf2d645d30a5e0550e0f4a,0.91,0.0002115,38113,64846,199,48318,0.0002115,0.0,,,live
2026-10-08T07:37:25Z,0x20fe795be6afb679168abb57c7c5060312821e18,0x73b39f8f4732e51b079a36db1e67aaeebaca054d0f2f9006691b08d8cc77ce4c,0.67,2.032e-05,20402,10877,201,20327,2.532e-05,19.7,,,live
2026-10-08T07:37:25Z,0x2123673ed23f20a711a7da70e3a2b2d1ef0b0777,0x762e4b2ad42d4e2c15155aad06fede1cc09c397c8670b819f31d02a1f56f8438,0.59,2.561e-05,25237,51819,182,25569,2.561e-05,0.0,,,live
2026-10-08T07:37:25Z,0x21551503bcbeafa2abea7831de8598eafbed9a79,0x7d169fd139e79f524367a1a23f2c29eced9b961fd45db61b9513539fbf206a49,3.37,0.0001566,37172,100579,1349,156682,0.000303606,48.4,5,False,live
2026-10-08T07:37:25Z,0x2165923752c5bcff2b2bae45dedba4373291a659,0xc2812e35bcfcc461dba51e99867cf9bce446a86b722f914e391383026be4b31e,0.87,0.0003598,49532,102339,235,82183,0.0003598,0.0,,,live
2026-10-08T07:37:25Z,0x216816935a755fa0818f7b6cccf5d7a679aa7777,0x6f4eaf8feda35c4a7657b13cb063119d5ebf9b0735e7409e8a4448fee589a64d,0.19,0.0002352,51658,59257,233,53742,0.0002352,0.0,,,live
2026-10-08T07:37:25Z,0x224a794031d54e49b46919ade2c55ff255dfdd97,0x3939ce55ec4e0ff8df9aa6469a795c793da06d55,2.33,4.671e-05,20197,5920176,13273,46718,0.01903,99.8,3,False,live
2026-10-08T07:37:25Z,0x22844cd7dada8831b703f4092ad20bdaad6ef2ef,0xcd3be95302a2701bf3dac62d269c4d14a01c4e780f4f7818aa292b437d042365,0.76,2.617e-05,51779,7416,40,26180,2.617e-05,0.0,,,live
2026-10-08T07:37:25Z,0x22a68ae074150397c42d968ec050cd1ff3501a51,0xb5e9ffb179c2fe9b9bb8737ea0b128b933069770,1.63,0.0005135,359470,0,19,513529,0.0005409,5.1,,,live
2026-10-08T07:37:25Z,0x22eb9f1c5385ed74257da42d8021916c2d837135,0xe85a8f60ad2b0b7e97b745bac661671223100ea6089fe8ff0e93ba7d6894bdea,20.55,3.433e-05,20948,7718,99,34332,0.00471535,99.3,,,live
2026-10-08T07:37:25Z,0x23567e51980db99c513c527a283d188c8e4c6788,0x56cdaeb5ab77dc4475e2aa4cc6c4646dde0edac0ae098b44ad0d6eb1b4ef07ae,0.36,0.0006229,121290,222585,931,622930,0.0007086,12.1,,,live
2026-10-08T07:37:25Z,0x237c6ef731939b60af0e8090e495ebb4665c1e18,0x8e33cbc82539cba1e8590043badc1e3c957fd4a0c632e81b3f8cabfb697ede36,0.96,2.006e-05,20067,1755,48,20063,2.091e-05,4.1,,,live
2026-10-08T07:37:25Z,0x238e40b75ae78a1388a14e517d855893e92e58db,0xd2e55bf2b9389719cd157105f30ad329ef17820a2cccc3809b8afbaa17245d85,6.63,0.0003393,54706,51650,325,339359,0.00453603,92.5,4,False,live
2026-10-08T07:37:25Z,0x23b3b97490db5fce70f320dd0d05914aac95d586,0xf846a490227e96157d5f132ed2234570dab651cd8c283fc6842f121a5b33818f,6.42,4.965e-05,8980,9,6,49656,0.000104769,52.6,2,False,live
2026-10-08T07:37:25Z,0x23ec51aef157d1fac746d7074323725ce7e64929,0x86e4196857b2b44f37dcf51d9ebe6bb4f006cd710f12c4cd9bde3e0e9fe84d18,0.73,2.552e-05,20362,6319,19,25529,2.552e-05,0.0,,,live
2026-10-08T07:37:25Z,0x242e9c51afd94b2572581525ffc1894b318ac127,0x060bc0d134b51600f63d4f2fac7f9d4a38b37a22f10979b3fef6a7ec27075025,0.48,1.012e-05,10121,0,1,10121,1.012e-05,0.0,,,live
2026-10-08T07:37:25Z,0x24a71c056cf04a8ef3cfe1a978723d7f7b5cd70a,0x0d77cc016a53ae4c02d429b7d5631864b1cc21a7071533cefed6ed4417aee508,0.2,0.0002523,41518,74467,238,57644,0.0002523,0.0,,,live
2026-10-08T07:37:25Z,0x25210bf09a7983204f8e34ab9b75b21c5bf05da5,0x335bf7e03665660f7662d898d10d23812164ba2ac8c8e6ab6c004378e5727742,0.87,7.757e-05,120594,25341,136,1197,7.757e-05,0.0,,,live
2026-10-08T07:37:25Z,0x25446881321c18e7369667ed70c69c817744748f,0x55d0a2277442d62f320bec721b8f7c0a7c6edbc3f6e03c20893d4f24bb93ae40,0.26,0.0003248,47087,101345,229,74190,0.0003248,0.0,,,live
2026-10-08T07:37:25Z,0x2557854af509ab605857019ca519112671c37777,0x99879f70184fd8b6ec84f6ed6a5727d0186098652bdb7be39e80f9627b478087,0.38,0.0001855,45873,47209,193,42402,0.0001855,0.0,,,live
2026-10-08T07:37:25Z,0x25582f260e98b8a5618ba0761cae1ea74568effd,0x3fff1fdf003a2be94eb108e76ea234e344c9145373f9d7c4708c6090f1ee40b8,0.69,3.828e-05,16111,376,4,8744,3.828e-05,0.0,,,live
2026-10-08T07:37:25Z,0x2561ebff9c609a08e089f364f60c9da03ffe7777,0x3234742f1c8e90fea1f294003cb1443d8fb7dd6bebce8e586a87e1345929159f,0.91,0.0002599,54608,67869,233,59397,0.0002599,0.0,,,live
2026-10-08T07:37:25Z,0x2565b392953916c6957a51f095a7e5dbc8d37777,0xd04884568e9ac61a5a4c24bdd3b99aeaac93bcb0b2ceded6b36427379be6d9ba,1.4,,,,,,,,,,dead
2026-10-08T07:37:25Z,0x25670f99d357704f533bdcf28026860a028249a7,0x31f71b6f9caa57223b8dc2b4aa356c6a0797458da0c4be0cebfbd22fbb2ebcb8,0.86,4.794e-05,44537,9375,29,47940,4.794e-05,0.0,,,live
2026-10-08T07:37:25Z,0x2578666b7f4ba11149027771a420fff0ee12eb35,0x876b35b6207042890f159c96efc6a9b4a6689a6e91070583215bccba771a8acb,1.36,,,,,,,,,,dead
2026-10-08T07:37:25Z,0x257b59b02f15783173a6642d423e7da8482747d0,0xc0e56138b89dc9f00433acd557b00a2e79be4f484259144391a933d7d645c555,1.31,1.069e-07,10693,143429,248,10695,5.511e-06,98.1,,,live
2026-10-08T07:37:25Z,0x258d9dc54bf1f113edb5dca8de54b59eee460da9,0xb266e38a470bac98457159fda1885b2ad6c9d481b13e45971b27a64acb13b848,0.95,8.221e-06,49164,49542,236,82214,8.221e-06,0.0,,,live
2026-10-08T07:37:25Z,0x2594588bb7039d52137b0925080fad59113bbbbd,0xa772b141dccdd70473bb22ecc9271397825dce2b,1.39,,,,,,,,,,dead
2026-10-08T07:37:25Z,0x25b7fe31a507b34ea219f2bdd7fa3b09327ac777,0x035463e2b87728685c646b52ab599ddf594cb642a0e31bd10c762d3a81cfc2e4,0.58,1.775e-05,21008,33179,113,17717,1.775e-05,0.0,,,live
2026-10-08T07:37:25Z,0x25c2dd5831651515d9fdac4e502a71ae01eff815,0x5c3ce2eb0bd8df43f40c8e1d266951cb182954fd855c5f7aa6221692ca3a550b,0.56,9.927e-05,99271,396,2,99271,9.927e-05,0.0,,,live
2026-10-08T07:37:25Z,0x25cb22f18ee0a1b9b3180d3c7ad3b87261128d9f,0xc3781d3faa9122d0af454c6d27ab483999593c5963b988b8e67672d62e3fd36b,0.94,2.909e-05,29011,1454,8,29092,2.909e-05,0.0,,,live
2026-10-08T07:37:25Z,0x260dfe18130f438aa1222057fbd22675c3b8c8f7,0x0ef50e443fe2e6c45ad49fca650c511d6e39c2bc3a4e213c27ca0a0270f55024,0.6,3.498e-05,25083,820845,3093,34980,0.0001258,72.2,,,live
2026-10-08T07:37:25Z,0x26453db060192a7556ce01d904018fc23ab90770,0x60cfaeef80fd7b433482e4978a5c904ef340a018ce0602af3c77f180c7e88c45,0.28,6.489e-06,6502,17314,462,6490,6.489e-06,0.0,,,live
2026-10-08T07:37:25Z,0x264c3b0e29db4bcccbb1a59f26dac8ea44757777,0xf84deece42818c44dd3ec574f002e53e5d19c2b52d7c5b4be651bfaac469f1fb,0.51,0.000214,49249,61728,234,48917,0.000214,0.0,,,live
2026-10-08T07:37:25Z,0x26ce195bf13bc59e67471327697ef203d72f0a22,0x304f91851c1b5ea4709c0b64cd0a88b08330b7600f8d598e75677358ca531e05,0.92,9.351e-05,25351,21074,78,21359,9.351e-05,0.0,,,live
2026-10-08T07:37:25Z,0x26f0ca083aa811c05f3d6d946a3308bda40c8896,0x4c299815ebbf03ae15b30346fed511d3a9e91bc05bff7197e3eff64376a31fea,0.96,0.0003315,47891,94435,240,75732,0.0003315,0.0,,,live
2026-10-08T07:37:25Z,0x273430bdca9da12f24fbb451d525d04c62019541,0x57801407fd104af3c63afe422b80eed217f7057276675d05cda55d786588003f,0.36,0.0003129,46134,81619,240,71482,0.0003129,0.0,,,live
2026-10-08T07:37:25Z,0x273d04fbf6b17341be22d936bf7250a997660777,0x8729ad9e80842380d64e1ce3bb87d52615aa818380273b8feb34a7181b5bcea2,0.32,1.517e-05,19477,17464,57,15146,1.517e-05,0.0,,,live
2026-10-08T07:37:25Z,0x27a2aed99ce1897bb69946fef8934d9cbdf17777,0x1236d874ab3a4a2e6ce355e758286ac6cb97501ef7b504d968166a7a404aaf8b,0.63,0.0002572,54036,69908,231,58778,0.0002572,0.0,,,live
2026-10-08T07:37:25Z,0x27cc558c914cc4b3f24082579f9f35f8660e61ae,0xe050e61ab8ce3b7ae45024b6afdc05258a6b191c2a64954f2f85a684c62b9625,1.35,,,,,,,,,,dead
2026-10-08T07:37:25Z,0x282bd7131de6925bf8c1d8f4136d790d96488028,0x590cc9912c83b844e359835a63ab238ee489ec2d4b3d74edc57baedbf93af4e9,0.63,0.000346,162832,396965,945,346087,0.000346,0.0,,,live
2026-10-08T07:37:25Z,0x2874608eb6c8499cbb8dce5490dead74338a6472,0xad50729d7df727bf57566d44ad04bc3afdf6bc45e4ac1a21c7bd94d6813f697f,2.36,,,,,,,,,,dead
2026-10-08T07:37:25Z,0x287af280680fac48316ad4b5b2333754aea7b34a,0xb4aef7d297abf31bcd165259799232a6f45eaca535e1796d9b1a91561251335f,0.12,0.0003292,47251,87164,247,75210,0.0003292,0.0,,,live
2026-10-08T07:37:25Z,0x287db92decea86fc545b311571313a0d2ed20653,0xefb250ea233d985cf8df86dc7af6957338046910aa01c5c3b601cc929c3f58fe,0.16,7.7e-07,15401,5,3,7700,7.7e-07,0.0,,,live
2026-10-08T07:37:25Z,0x28a3c41b06a8231ea154f1d051ed28f197926183,0xe8c9e9611d1d8e5c70b766a0eec47ba2fbd8fa4e8d4baf92459d1862657fb6e0,1.38,,,,,,,,,,dead
2026-10-08T07:37:25Z,0x28c0ed929a489c2748cfeedc31a7e16941349201,0xd739d62db8ae37b982e1c608f7af431cb3710259d9af07f76d39e64ff6e19d8c,0.74,2.524e-05,25244,0,1,25244,2.524e-05,0.0,,,live
2026-10-08T07:37:25Z,0x2902c2356e2ab0618815463605252617936b7777,0x954b2be1b7e744cc8afc98c94e90c4f43b05d195e476a89662c902927002c19b,0.08,0.0002471,52905,58493,226,56470,0.0002471,0.0,,,live
2026-10-08T07:37:25Z,0x2987ea2af7996304f1554657f0a88cc1d705af67,0xc5755ccbb05476debb8993e9750a97f2a8a5ffff,0.84,1.518e-05,7617,1,2,7617,1.518e-05,0.0,,,live
2026-10-08T07:37:25Z,0x29c00d48c2f03f4222ad2be2405cde0925317777,0xedfb8216612ceaf1a7a2a4c09aaf3aab0b5a2a93a273d6cdd078fc6daea92f21,0.31,0.0002165,49553,61598,238,49467,0.0002165,0.0,,,live
2026-10-08T07:37:25Z,0x29d37a3704013c1f1116ee03ae7251551278ee3c,0x4607136304188e8e635a97fe195629ceeeb96c008b56e18e8de004d370ff6baf,0.26,0.0002597,42107,78975,235,59326,0.0002597,0.0,,,live
2026-10-08T07:37:25Z,0x29dbab5c2e326e848f83a76fe40f92b5214d7777,0x0e93fccdf9a0d1cdbf8c7cbfa001d7762c1748d1f2e25b28d17c334a26557084,0.07,0.0002305,51045,58466,229,52677,0.0002305,0.0,,,live
2026-10-08T07:37:25Z,0x29e7df154bffbccec65bc6cef9d1b00282741777,0x70796e16e898d8cabe27d043a998de7f77c2cd50602d86331039dd062a4ad715,0.43,2.509e-05,25031,55306,184,25043,2.509e-05,0.0,,,live
2026-10-08T07:37:25Z,0x29eac11b6a976928e2acdb8443e06c6c8b7b7777,0xd04dec4a4f4c1b9910453e4f7b6a559a0a057a80edf8b6d3df5b9cab712ca541,0.68,0.0002384,51888,58040,214,54481,0.0002384,0.0,,,live
2026-10-08T07:37:25Z,0x2a8739544ba74aa012689e282cf884565d5a7e9b,0x16e3ba53767096bd8e87a317ffcc9b0b2dc73744,0.69,2.638e-06,2687,1274718,7429,2638,0.0002242,98.8,,,live
2026-10-08T07:37:25Z,0x2adc83e2cb68ead467a18d34778aaa5e75ecb777,0x280ed7d55a4e565a096b25470a49fd5695bfe382cd4d2c6cf148db062b789461,0.69,2.523e-05,25042,55104,187,25189,2.523e-05,0.0,,,live
2026-10-08T07:37:25Z,0x2b678b5adf8a933c19283865ac1db801588f6777,0x29385df89fefd6895207c061bb8840df237a9a8ec732bba828648999a2b2a0dd,0.8,1.324e-05,18203,15207,58,13217,1.324e-05,0.0,,,live
2026-10-08T07:37:25Z,0x2b71d57c67eccdeea1284b259c322ebf3c674600,0x51435e8d0ebb74b7d0b36cfb1ce8e66f047fa99f6d9a03ef7d684262ae7f04e2,1.43,,,,,,,,,,dead
2026-10-08T07:37:25Z,0x2b75f0fbd30e58491612950e6a906766df276bcf,0x9fba6cdc960ecd8c97097e7f620a660e1fc3a03dbb4ef8d22c5c741f7d93fffd,0.28,0.0002331,39884,75027,240,53250,0.0002331,0.0,,,live
2026-10-08T07:37:25Z,0x2b789d69eae39aad83d947755e6e4692ba1f7777,0x045fc5690cf50d36303efa8932d9f199c3972f4f38269d831031e7824aa8f820,0.88,0.0001554,42140,31117,120,35517,0.0001554,0.0,,,live
2026-10-08T07:37:25Z,0x2c4e9dfa7d87895bad791a7507bf976d05d95229,0x54b311d84efec0a702a49a3cc4125b8180a61adc6e9ee207090c2021f4c3bbc4,0.95,5.648e-06,5649,0,1,5649,5.648e-06,0.0,,,live
2026-10-08T07:37:25Z,0x2c4f66e3892ae1261a0699fb20051fed8749ceff,0xf480b7114047946ddac237a51266ee838f1861e1f4da61106bdd7dccba8cce49,1.37,,,,,,,,,,dead
2026-10-08T07:37:25Z,0x2c5d826e7e59533f7d1f1de5d1339feddb9e7777,0x175513b4375fd16f0d663a2fd20d6c6e19fa36221db633a7c5dd15a72ccc9257,0.15,6.436e-05,27003,2239,13,14706,6.436e-05,0.0,,,live
2026-10-08T07:37:25Z,0x2c936f73a08a997051216b2009747e30e6df64e1,0x311a9c1fcf6baa9d66c98a9bed6d244747e3cdf793a9937fa34e9670029ec3ef,1.59,,,,,,,,,,dead
2026-10-08T07:37:25Z,0x2c9726375d91ecd146c1cf27253745e92c146ba3,0x8c0d831e6f93914c9bbdb8f0dcbb7d504b16b04369d0498a0573d59e0aee123b,0.68,1.32e-07,11425,4533,69,13205,1.32e-07,0.0,,,live
2026-10-08T07:37:25Z,0x2caf693f29504c87b8c90cbe7d6dddf0e1a6e04f,0x78d314cf639c7cf06660815a5bda34cc9a978c01f1f7b28c397635b41530c088,2.0,2.057e-05,13469,28153,426,20327,0.0001248,83.5,,,live
2026-10-08T07:37:25Z,0x2cb9db5057aeb8970febd85f5046182566a1dba3,0x56842bd8388815e23fd6c1a46e807330aef4fe1844f1e52ca11e12b2f8b1cddc,0.23,2.066e-07,20660,414355,307,20660,2.066e-07,0.0,,,live
2026-10-08T07:37:25Z,0x2d1dfda4c82b1c170c1f902a5d1d92cd26787777,0xf2ea37d63b8f3381dcf7426600dec5c7a8b6692c4fc448b4bd82c871c48290f8,0.93,8.124e-05,30579,7198,30,18563,8.124e-05,0.0,,,live
2026-10-08T07:37:25Z,0x2d79f9c2af3b0c3f34f57963200d002eca49f770,0x58dba9ae28e4d3e1f802c52cf30b3c5ee41c9e75207d124bd2b8c9d7b23d142d,1.48,,,,,,,,,,dead
2026-10-08T07:37:25Z,0x2d8feb4191d089d15da87a1ded361498e1ee7777,0x6268c50e9cfcc159abf8ca96cfda94220015193d2920e8de2e2445971171cd68,1.37,,,,,,,,,,dead
2026-10-08T07:37:25Z,0x2e0847e8910a9732eb3fb1bb4b70a580adad4fe3,0x34d0dc122cf9a8eb296fc5e0d3a233625d7d19b7,1.22,349.28,875257,1734132,2925,6170471,350.33,0.3,,,live
2026-10-08T07:37:25Z,0x2e2b4ec896cfd2796d536ad2764166890191af7d,0x32e1696bd956d5cc8cf1aa52f54172938a35d13ebda288ff4a5c5e9fff26e25b,0.88,2.586e-05,25863,4,6,25863,2.586e-05,0.0,,,live
2026-10-08T07:37:25Z,0x2e51a7381fe59fe04277a767d48d50abf427b95d,0x19c188f6c9067fd72f73ae509e181bbe6294beb65c1133f06431ad0d941c8b06,0.86,0.0005243,206355,1635120,3520,524399,0.0005243,0.0,,,live
2026-10-08T07:37:25Z,0x2e595a119ffc6f28d454515095a7c36de4a19fb9,0x6d24321be6f937d036d832b0ce05108528d1bf62407743b7c1eb34feb82e76e1,0.11,2.569e-05,25695,111610,234,25695,2.569e-05,0.0,,,live
2026-10-08T07:37:25Z,0x2e66479cab3807c58309138a808fd14c5cb3cbf0,0xc02641258dc481bdafe3840db55e2163cac70b869c2a4d1109b4af106346d757,0.82,2.231e-05,30752,16327,205,22311,2.231e-05,0.0,,,live
2026-10-08T07:37:25Z,0x2ea345e8dec21daae68eade0421404ca1311c815,0x62e51458ef87ae244e464590d6d0d5b748c9baae09ddbc6fa6cf75e280549282,1.35,,,,,,,,,,dead
2026-10-08T07:37:25Z,0x2f52f2fabdca5df8aa2053a60f3a3cca2adc242c,0xfe5409318e214f0093826ceb643ea8a1c0bd89b01a9bc74c9a274a4ca78ac4ca,0.19,0.0003045,45578,111892,240,69548,0.0003045,0.0,,,live
2026-10-08T07:37:25Z,0x2facdb530ac2270154562790268ca85fe8ec1777,0x0b0c50f7ec3b4788d6c2f57a539ce1479b84c49926eee2056b1522c1c937bcb1,0.52,9.217e-06,15140,2956,12,9199,9.217e-06,0.0,,,live
2026-10-08T07:37:25Z,0x2fbd2ce682731f3ef65b7a1770421beabb4fc281,0xabf1dcaf0bd834bb728b7a15d9213ce0794c7f9ac470a00520bf57f828810699,1.44,2.448e-05,500990,6519004,5288,2448529,3.898e-05,37.2,,,live
2026-10-08T07:37:25Z,0x3038e8addb805bd1ffb92d18ef0f62e87e6f86a2,0xe67c1914bfac22f960523503e6fc5063c7ac62cccbfae17cf66d4f4408ae1e75,0.15,0.0001525,32189,41549,155,34850,0.0001525,0.0,,,live
2026-10-08T07:37:25Z,0x30464fdd76f1e5fc152a9dbcfc2710b9ecfdd650,0xdd1b498d1d13dace4d7cad5b405d7887c1f55a4c,0.14,1.51e-05,7580,11,10,7580,1.51e-05,0.0,,,live
2026-10-08T07:37:25Z,0x30a99cd6ad35362cce6b176231c7dea8a166763b,0xf64d0b80a7af1c2282126e0bc088a220bf73b191ac4b6b151aa23486fd60153e,0.25,6.032e-05,34939,80158,224,60322,6.032e-05,0.0,,,live
2026-10-08T07:37:25Z,0x30ae27093b1676199034de53ef9aeaea3d68fcf4,0x04c79296e8eb4505667949ba1538d0feddcfb415,0.72,1.509e-05,7573,0,1,7573,1.509e-05,0.0,,,live
2026-10-08T07:37:25Z,0x30d498b1ebce596de859246702af21afbc35d335,0x9ec0a6b773db86d48b930acc44fa647cfea0daf63ad8e0702244e65eb08509ab,1.4,,,,,,,,,,dead
2026-10-08T07:37:25Z,0x30e127c75933e8c3e9017ca34e7a73f69caa0cea,0x1ef0c5b9fdc32aa9d3acd2eb39dc9fa0674df0176c3d403fdd076cd812902fe4,0.39,0.0002997,45123,82774,239,68455,0.0002997,0.0,,,live
2026-10-08T07:37:25Z,0x310ff816f6cd40246631cde164f831b24f3eed8c,0x427cd44bb410c845ede8c4afda6611f3573d66e0c8033a8710e26845ab6d4a8f,0.77,0.0002046,37283,49956,176,46730,0.0002046,0.0,,,live
2026-10-08T07:37:25Z,0x31621ba4a7cb6a1c92a2894a2c573b9487064777,0xf4e9c15659007d45ea2914aa772cbe00d9033469989a8575c3562165f8a85405,0.24,1.247e-05,17681,20586,62,12453,1.247e-05,0.0,,,live
2026-10-08T07:37:25Z,0x3179cba42aaaaff4cb301217085a03c442777777,0x9e8ab2b272e65081b6b8f1adb5118ebb2d3445103c0b10fa5bf8fd9d82567f8e,0.9,6.464e-05,27210,1691,8,14770,6.464e-05,0.0,,,live
2026-10-08T07:37:25Z,0x317b102560c4d40d7dca5a530205c046ed7e7777,0xce3ed83eae495214fdf4bdbf15394c6e249f5448f80a8e7cdd281827a7bc8797,1.47,,,,,,,,,,dead
2026-10-08T07:37:25Z,0x31844b9b5982a3ec3a10e7c5dcfded2852a68060,0x73de57b30b2b2181be6440246b564cdf4c557dc9ee5a4dd79514f28091fb83ea,0.76,2.516e-05,25163,0,1,25163,2.516e-05,0.0,,,live
2026-10-08T07:37:25Z,0x31f6bb1088904dcb616b8a6cb022ca67fa5b7777,0xea958f585bfb434b4f728ae6fa50e92d922a85a46b9aa32227693eabb56c7874,0.14,0.0002542,53634,57749,219,58092,0.0002542,0.0,,,live
2026-10-08T07:37:25Z,0x329d468e9939d4fea57fc4a66f012011d883d586,0xb4330b9e80f37695d4684dbac77e6e6946f24752afbf97a6ff7bbdde7a5bafb3,0.73,1.88e-05,16382,4329,14,18807,1.88e-05,0.0,,,live
2026-10-08T07:37:25Z,0x32e14575675cc9b1c13cfb5c643f1507b8dd7d11,0x08b56fd356bdef90c8135b2f4ea7e03cb2afc4404c03d6dd8b5250c029ce987b,0.18,0.000347,48550,100471,221,79270,0.000347,0.0,,,live
2026-10-08T07:37:25Z,0x335097010f139689a8bbbc885c6d0f71a1e21e18,0x85f3a50de8b530a921c7c413028ab55f1489822b94f491eaa398309dff9c3b43,0.33,2.006e-05,20061,275,15,20061,2.019e-05,0.6,,,live
2026-10-08T07:37:25Z,0x335ca4695aab48d92a2285720eb4d961652ccd33,0x4b7c83944443bc624a0d9d817ffe96d413d3a4cc04e963fe19f4e5e1cd634bd0,0.15,4.902e-05,18245,3036,17,11197,4.902e-05,0.0,,,live
2026-10-08T07:37:25Z,0x337c0737c62a7cfd532ef76a21069cb94912cb2e,0x19043eb8eb33c9ba045833825cfbeeb183f2e4d07906d16176d254ea3efec74e,0.19,6.453e-06,6453,5753,29,6453,7.094e-06,9.0,,,live
2026-10-08T07:37:25Z,0x3388272818254b77f39dc3297f82c2ec9ee9dc3b,0x4abbf0813546d60a232e04cc749d70f00004db6797ce3f1c8ab151f36036da1b,0.39,6.823e-05,23128,12002,71,68232,6.823e-05,0.0,,,live
2026-10-08T07:37:25Z,0x339e562e72fb3c06d2510e7ac44905f0a8bc7777,0xeb2bb4f6c1c7dbbf782ce65dd969ba47905fce836d0732c99b75b585fde8fc86,0.32,0.0002538,53674,59411,232,58002,0.0002538,0.0,,,live
2026-10-08T07:37:25Z,0x33b101129368e8aea24088214633d848ba878c2c,0x56c462e1ff6e16ef9c77a18cf04c33d11b69da0d738b10747d4c4cae9a2c6c6b,0.07,0.0003333,47532,99454,214,76129,0.0003333,0.0,,,live
2026-10-08T07:37:25Z,0x33fc2a7f957fb67a66a307d30265fb7a92f87094,0xfa4b1130f74e8f660036f66148fd0578713bcff740b3032d092553e396a9bf6c,0.17,0.0002248,39097,74050,237,51364,0.0002248,0.0,,,live
2026-10-08T07:37:25Z,0x34812c72cd239694c611cfef963578e45b057777,0xd3b49f9a126b9f3572487480cf4d86e17d8d8d1a1f41430d3a9578cad2715e8b,0.94,0.000239,52468,61068,228,54613,0.000239,0.0,,,live
2026-10-08T07:37:25Z,0x3487195a8294ba3d924259cc45340b2ddee16393,0x04e92d6ae08882abfe749b1317c9023fb69c7ba8f6cae15e6009f72764f90210,0.91,0.0002167,38613,82321,245,49497,0.0002167,0.0,,,live
2026-10-08T07:37:25Z,0x34a5f114990185a128fe99ba8c7d9a280e1b7777,0xd6d83c0ce13b1c835de3d152a88075c4486c2ac9ae47a150662162da7733e840,0.84,0.0002249,50544,58903,216,51388,0.0002249,0.0,,,live
2026-10-08T07:37:25Z,0x352b1722b683f2ca2e31be2d7f39ed269a506777,0x63d910f929d0d04308da2186085053a33a98733f39e2e79275233c0d622d755e,0.48,2.621e-05,25585,55049,190,26168,2.621e-05,0.0,,,live
2026-10-08T07:37:25Z,0x3559bf521409f84625a1ff0fce76520c83ede1e7,0x6e8aa7b41f071bf4f91bbca4cbd9626d0bda3e30da36ef2ad196386b14a2e5ee,0.47,0.0003316,47535,100200,227,75736,0.0003316,0.0,,,live
2026-10-08T07:37:25Z,0x355b20827140802774c65a61e78427982c5a7777,0x8d94182cd0c7b84f01f449305e75c24a549889719c5f0ebc2b3ebc3d1db2a7dc,0.44,0.0002115,49013,56276,204,48332,0.0002115,0.0,,,live
2026-10-08T07:37:25Z,0x35687da627dd04ee65f281901733af2510d916cc,0x41084903336d337b4f29dbb7fda6089776c605ed34ea44a6ffc0e204f7aa8733,0.37,2.716e-05,31084,31216,255,27169,2.716e-05,0.0,,,live
2026-10-08T07:37:25Z,0x359e683a318835abb123761624ece2894f280dad,0x3db78a0b3260b14e6df5b8b3832559a701b0676989ff25eda0da0a8e8075257c,1.47,,,,,,,,,,dead
2026-10-08T07:37:25Z,0x3643291c88aea24db8cf324ac9302d1416d9f0b0,0x9b920c1fa4f1cbca3d584f8538e590cdff69a27a3a7ae81cb39174039602da50,1.0,2.86e-05,28548,742323,1667,28602,2.86e-05,0.0,,,live
2026-10-08T07:37:25Z,0x364a0a772bf822f654795a50029917af24e53131,0x17f88527f9c1cc1af3c3268b3737aa7b1143eaa5,0.08,0.0002823,225863,95,13,282328,0.0002827,0.1,,,live
2026-10-08T07:37:25Z,0x366906c8b09b60bef11ac8109701bdafd3357777,0x2a27ce3d6e3d74ae60d6d1fd3a886ad85bc37c3ddcfde9c992544c0cd4608ff7,0.69,0.000209,48583,58240,230,47768,0.000209,0.0,,,live
2026-10-08T07:37:25Z,0x367840893c2a32a9454a90e86d8a1439684cb5ba,0x50d996354019159fab492680c611bcf70a182ea8ed7291cefa7c7c28dc32fa28,0.1,0.0002155,38260,74388,239,49242,0.0002155,0.0,,,live
2026-10-08T07:37:25Z,0x367ef1ab55ae7cafdd3a64392c8e8c68edd8eda6,0x5b92f8eb1fafb75520c233f38cd0fe83da5e1875c880e2c160f1c337f4717b81,0.86,2.58e-05,25801,3,4,25801,2.58e-05,0.0,,,live
2026-10-08T07:37:25Z,0x372291b8936b9f3c1d0968817f5ed415800d15e6,0x25700c3fd00bdf81f8c209e56393e79acf7fdca05e5661c17306cd6b9d4296e1,0.72,0.005145,5146,3,3,5146,0.005145,0.0,,,live
2026-10-08T07:37:25Z,0x374c2ea5b55a3596042cb849056324abee857777,0x8b125d6d65e504d905ed7770f414eb68f8763a604736e5e9900bc19ce4b1e9cc,0.39,0.0002343,51516,61242,233,53534,0.0002343,0.0,,,live
2026-10-08T07:37:25Z,0x378a50eac56f45fb74e4ce7f1962dbca33515c14,0x1c7d14d2147795daf0b534521fec5dbb6579b2d6,8.78,0.08987,159914,38803,205,1505868,1.04604,91.4,2,False,live
2026-10-08T07:37:25Z,0x37976986e7eaee89b2b4b62d6c800d52fa186c75,0xd12f36a01245553e3d01fc321812a0c577311d4abf6bf621e3dd98819dcf31b1,1.44,,,,,,,,,,dead
2026-10-08T07:37:25Z,0x384bed880a5bd6834504079d3a5ef097d9a0d560,0x6dd47702af1b3466c031b26d3a14fe09ce991828f1070f32f4ed5a83e9144880,26.35,0.0006972,38058,183,16,19389,0.770428,99.9,,,live
2026-10-08T07:37:25Z,0x3855ad0988a7f46b7c269f70e732dab7bd15c777,0x5062a435d09ee362d116e05ebdfff2981314346e2896f93e8c9219ed7aa8dd41,0.63,1.863e-05,21577,44193,161,18602,1.863e-05,0.0,,,live
2026-10-08T07:37:25Z,0x385f4f8ae47651ce5f58f5265395a669f8281e18,0x46525dc119850396470f132c4a989d7192cb692139db891b5a4cdcd684c11b17,27.36,0.01369,571067,365872,1850,13691002,0.0636511,78.5,,,live
2026-10-08T07:37:25Z,0x38c8ec96cf924fdd743d075ec74dc6c27643a973,0x363f2c49d67c148a9f18d451ceee4596ae459dc17a47527c3b748de266111075,0.83,4.256e-05,40458,8869,30,42565,4.256e-05,0.0,,,live
2026-10-08T07:37:25Z,0x39b9fc603bfdcb89cf3fc69c897ecb8849817883,0x380a416ce975e5ab8824b73f797c606c01b01cdbadacac52f05f1de79de60411,0.14,2.131e-06,19096,6046,77,21316,2.131e-06,0.0,,,live
2026-10-08T07:37:25Z,0x3a2565decca919c961acf6d5bd02bdc0912f796d,0xed4b5c943bedd20a19bccf10e48f96e2a08b11c98895425a2d72da930ace5da5,0.82,7.07e-05,92236,44526,272,1515,7.07e-05,0.0,,,live
2026-10-08T07:37:25Z,0x3a4d651e7ad99f0743348f6d7efe45eb2e73dba3,0x1f17d899e64c72ba8d15de794f4f7597428a7ffe72cd1e9ca1ef6a1c4e9377b5,0.71,1.013e-07,10139,1745,30,10135,1.013e-07,0.0,,,live
2026-10-08T07:37:25Z,0x3a7bd93c08678fd3988de0538684bc035f7ca8a5,0x4df8dde96ab790f051d7385fbce255ac3bf4b0f601c5b27aa5e84be28b8daed0,0.87,5.502e-06,38758,39662,208,55024,5.502e-06,0.0,,,live
2026-10-08T07:37:25Z,0x3ac08ed8deebae092367b119b81ad2b431a11f12,0x7eb1db9f2398d664151040d439ea38ccda76e761041da1300d795d7afb1bc11b,0.49,2.567e-05,25678,4,3,25678,2.567e-05,0.0,,,live
2026-10-08T07:37:25Z,0x3ba500f1ababbcf0f0247d06d1c56fd7e6c4c09d,0xf49ee5b66c4e7163026e5d25e6a1f93cff46dca4d3752f712d181d9392c1d567,29.53,0.002182,127010,271126,2070,2100658,0.0090823,76.0,,,live
2026-10-08T07:37:25Z,0x3bc9d951d39091b3f335a0e96e439884094cd534,0x6bd4d0c50461ae66ff356ae4d2f3b78c981970b4d7e0cdad0601f95e99ab5612,0.72,4.278e-05,40604,7480,19,42784,4.278e-05,0.0,,,live
2026-10-08T07:37:25Z,0x3bcb37cc35fcd538ec387202ac4b461199710e6d,0x11153b90617be7ccdbde8fed9a38c8756b749c110a68d5551fc6b25e0bb8aa3b,0.68,6.436e-06,6436,5524,39,6436,6.436e-06,0.0,,,live
2026-10-08T07:37:25Z,0x3c62877d2876ec53e53b05d9d70f1cfd84bd7777,0x5d9f253c00d71faebf09654467b29636f31489f0b284f2c94fbad8b6b3bccb37,0.42,0.000178,44919,48100,186,40676,0.000178,0.0,,,live
2026-10-08T07:37:25Z,0x3c7b315837d8732bf6378932ad218cdc4096e6d0,0xf95564b4218df8432306f915f7144a08f512e43acbe8c0264b8ffbd761c37a56,1.0,7.079e-05,24986,936339,11037,62260,0.0001611,56.1,,,live
2026-10-08T07:37:25Z,0x3ccc7270bf03cfe3f7772f7dddc28f56f42378ac,0x6663b85b082a6287dd96a7d534176dfb478f5c39f926bafa770919d99a483776,0.51,2.198e-05,31975,17846,205,21982,2.198e-05,0.0,,,live
2026-10-08T07:37:25Z,0x3cd956e0ff92b6dd86828e324105e3ad84b9e246,0x71c1551db00decdc2956e8fdea0b9476d4e3510a,0.91,1.501e-05,7502,0,1,7502,1.501e-05,0.0,,,live
2026-10-08T07:37:25Z,0x3d1e6057b6d849884c3d44868a970671e75d7a9a,0x9004a50e07875d9a592775aea1848ce4c479067c16e3f7b816bfa9fde20da29a,0.17,7.837e-06,47513,48818,232,78370,7.837e-06,0.0,,,live
2026-10-08T07:37:25Z,0x3d2f220057b2feca65eea77c030cdddc4cfabba3,0x1376362ac4d8368f71f38c0ddf81c7e800c00e2411d2231bd05b476f13e49463,0.68,1.011e-07,8598,5,5,10116,1.014e-07,0.3,,,live
2026-10-08T07:37:25Z,0x3d389e46b7437fbf745e5283e1f559b28c74dc3f,0x50bb53331ef6b7dabe87ffd6bc6d6c3996844ecc766680aebd386fd3913d6b7b,0.25,3.114e-05,30896,4096,34,31149,3.114e-05,0.0,,,live
2026-10-08T07:37:25Z,0x3d56a97bfde692d2f60dccf9d94a1d71c9169777,0xa47feda1ada838fa05e168c8763563b22943b9b8b5a29bd362783ab67edce2ea,0.77,8.489e-06,14547,2723,13,8472,8.489e-06,0.0,,,live
2026-10-08T07:37:25Z,0x3d9bcc2060eacffa0ad7aeaa86dc586e27777777,0xc5d862c4f94d6855fbcf44276c31c63904a9f1ce5d35ef1ce860ffd1379ead6e,0.59,0.0002253,50457,57448,227,51496,0.0002253,0.0,,,live
2026-10-08T07:37:25Z,0x3dbbf26fe8a420c67da31b51ae1a676501723b44,0x92755d1d4106af13d71a6a2f96700df5d562bba33e055d543225608f88e56c54,0.67,0.0003104,45906,110300,234,70906,0.0003104,0.0,,,live
2026-10-08T07:37:25Z,0x3dd9ca4a5b1ec9a911ec3dc1d3f8efdf017e69e4,0xe99cff8b9b21c97fda40eab7bb4f00264ffb08161ed7bd302f17cd75f0897848,0.89,7.302e-06,47599,45758,229,73024,7.302e-06,0.0,,,live
2026-10-08T07:37:25Z,0x3dfab271b8c911e8baf7ed41aa10ae5bdc09d777,0xefc3108a923875aa4bc7cd9e501016f0a803cbba20ec6c74ee28c030a53acab0,0.56,6.335e-06,12548,2868,17,6323,6.335e-06,0.0,,,live
2026-10-08T07:37:25Z,0x3e2a54ca8872c9d86a10c9b97a192ba0ed96cd01,0xb0cc63eb45ee0ac96d34e603f55d9327c4bb8cd4c1fd6e44a5385cca39f419a7,1.38,,,,,,,,,,dead
2026-10-08T07:37:25Z,0x3e37854c4e06f7b29bb08eb29181733fcc3ab777,0xbbf464d37f5d6efa01e58994a3e733d718ec80db3006dcf193e0b4e0937e6d4a,0.57,7.557e-06,13680,5729,23,7543,7.557e-06,0.0,,,live
2026-10-08T07:37:25Z,0x3e9b1bffcb57dcf5e353a2f5a15d6be7053b3566,0xd33b3588aab31511f2753a267b44ac9c12833e19c081a914953c631bbc54fc65,0.57,0.0003644,49624,126964,232,83247,0.0003644,0.0,,,live
2026-10-08T07:37:25Z,0x3eb4968cc95a891ba72e2c5b664b7142dbe87777,0x2fe25a0712b801788112a8d4b613857b6bb57177b3aace21b26002c6d26b9fd2,0.11,0.0001703,43880,42042,166,38917,0.0001703,0.0,,,live
2026-10-08T07:37:25Z,0x3f365696e09a076082606c745f2736f1e430ab6c,0x98ab5bcb7c56a50289c847f513573850315da754141b3923ec181508ab635824,0.68,2.567e-05,25678,3,6,25678,2.567e-05,0.0,,,live
2026-10-08T07:37:25Z,0x3f7977f7e4e665cd50f9acd74bead3c1e184e8ee,0x48a61fc30901b297eece44f6d0b4ea3b125d6098879f9e5d5f4824e5742f501a,0.99,0.0002937,45116,80785,237,67082,0.0002937,0.0,,,live
2026-10-08T07:37:25Z,0x3f7c8a4e407cb1607c95a7d94c72c0dd087e043b,0x3ea66145bb375f5b5dfcbf1f8f01cadb79ad3f345a1f27b8ea35c5542f6ecf80,0.18,5.535e-06,35440,75209,257,55357,5.535e-06,0.0,,,live
2026-10-08T07:37:25Z,0x3f9251ae3d0cfcdfc18709f0d553ee5efcd37777,0xcf206ff4cabe11968dd7d1103dfd44fc2ccbc561afffd303b5c757b6cd187fa3,0.48,0.0001391,39738,25637,103,31804,0.0001391,0.0,,,live
2026-10-08T07:37:25Z,0x3fac178d376dbcda7a4bc3204de93b65710496a2,0xc881b89710b6518746c250c6e3e49882dadfb3d33d27b4852f0b70b4cb82e53f,0.52,2.363e-05,29714,21216,203,23639,2.363e-05,0.0,,,live
2026-10-08T07:37:25Z,0x40bbba418863aee67746debdaddeb23f8220415f,0x7df22449f6c8c2bbfe547ed46646aa1c18bf9531c115b4acd6cdbbefe430b412,0.88,0.0001066,27028,30345,93,24361,0.0001066,0.0,,,live
2026-10-08T07:37:25Z,0x413333c2c5448554f5230b3e6a47aee110361b65,0x3cab61e2dc583e65dd65d0f1c68c82853fdae55f,0.05,1.301e-12,0,36017,41,,2.79e-05,100.0,,,dead
2026-10-08T07:37:25Z,0x416d0c4b431cfa33b4a4974e3dfc9f5089137148,0x81af43b4a865633cd16c9758569cdb5846c54caf,11.4,42.54,111039,24596,103,167534,1308.59,96.7,,,live
2026-10-08T07:37:25Z,0x41e56aa29794619640405f1b6ea0d7ec8fcec30e,0x882a6c2682931783dc8be93b56308d541e26c0dc45ea7afd0a709297445a98b5,0.37,0.0002635,42322,86609,233,60184,0.0002635,0.0,,,live
2026-10-08T07:37:25Z,0x4247596d88e5c0be2fca7394c51e0ac180edc777,0x1f9086333c148d9cf5dd6f4037da7164e16b7c959945cb64518bc260a75df3ef,0.39,1.829e-05,21361,49554,177,18259,1.829e-05,0.0,,,live
2026-10-08T07:37:25Z,0x42e8234d8e9b9ed6b318a87e501f5fd0ea287777,0x30eb858641e3e5c00a36fc4ba531068e581807640469e5059d944c77ff057413,0.68,6.167e-05,26436,386,2,14092,6.167e-05,0.0,,,live
2026-10-08T07:37:25Z,0x42f904d836624014e10746cf98ec95df93597777,0x0620bbacd66d5eb181f93a66b1b2c3f729966b45018664fc265e1887ecdecdf9,1.49,,,,,,,,,,dead
2026-10-08T07:37:25Z,0x4325d557705f5ba3cbdbc8199e68910014cada3a,0x27d9e709565d26d674c6729da9ee9d4dd7782f9a49f1766730158a6fed146acf,0.24,0.0003203,46764,82230,243,73156,0.0003203,0.0,,,live
2026-10-08T07:37:25Z,0x4370d6ad97c715573260db0dfb362b113d3e88d8,0xd586af03ce061c8998ca43804bd4cde610682be45b767a4f6bfd2153de5772e6,1.41,,,,,,,,,,dead
2026-10-08T07:37:25Z,0x4385bc367c76922193b0e84d5988cb3daed33bcc,0x9e9428352ecda700d3c1f88a928957bddfc80c0a8b8e14c06e6d7b77ef1a77ef,0.91,1.469e-05,14691,8,2,14691,1.471e-05,0.1,,,live
2026-10-08T07:37:25Z,0x43a8b5a13beec66f9f8d6159d4b32024b7d987b8,0x65ea3d1be6abde4808942ff762738c8c5cd62bb1b9c368708fe615d5656306f1,0.83,6.464e-06,6465,5344,33,6465,6.464e-06,0.0,,,live
2026-10-08T07:37:25Z,0x43b51e4764af4f823ba7d839c6e05c6b17ce3344,0x9cbcf4db7e6bdbc0474daff4a15125895771ce6d27353d50b65b84051f133657,0.31,6.456e-06,6456,5442,30,6456,6.456e-06,0.0,,,live
2026-10-08T07:37:25Z,0x4406a990f0fe7d7f6a24202418f4fa08f3ae2276,0xc18dbe4a37267f01ebd9f097cbeaf5b6147bfcc845b65f10164dbed42ed2f333,0.44,3.868e-06,6189,0,1,7737,3.868e-06,0.0,,,live
2026-10-08T07:37:25Z,0x443d685cf26fd79b4116f8883b13dbf184d58c01,0xb8aaad695023fb5fdb30e22b89cd9ba9d5fdc5e89f004798f73937090de55b69,1.39,,,,,,,,,,dead
2026-10-08T07:37:25Z,0x4461a0ba33c20bcc87691adaff83c8ad43898919,0x0c8e66a9a52e6737d72bb3483a3f2bcc36ef7f8b,0.1,1.502e-13,0,19142,85,,1.599e-05,100.0,,,dead
2026-10-08T07:37:25Z,0x448b4cd6555109c92d745e91a6f23cee717abb94,0x504147be1a056d1ee672fa46ad7851fa5b0d7657268719c8500de723e50a7c63,0.73,2.804e-05,21678,334137,1558,28045,3.435e-05,18.4,,,live
2026-10-08T07:37:25Z,0x449cab900d90391603b54d3b3e27d818a58de6d0,0x778acea5c26f08e79be26d6c2054d71fdc349f2ec411639f307aec118e0b3c6d,0.82,5.754e-07,39752,3525414,9652,57542,3.446e-06,83.3,,,live
2026-10-08T07:37:25Z,0x44bd7f46f71a8c1691f0fbdd5feea5916f4f7bee,0xae2b8300e072aeb64752c2605f9fba0e9df7b43055cef72506a96607a1e07f5f,1.44,4.169e-06,5425,5340,204,4170,4.603e-05,90.9,,,live
2026-10-08T07:37:25Z,0x4500d80233fef60523a6b046d9ef20414d797777,0x5c3fa4ceb74933c89f8a8c302186d8a647caba8f330aaa00de8e1319232c982d,0.17,0.0002335,51470,60662,230,53361,0.0002335,0.0,,,live
2026-10-08T07:37:25Z,0x450742a9ae0b3e7a7e18f0c98a94815a66691df0,0x269bca27265d1d756612cc65327a8c994b53c190,0.59,1.508e-05,7567,6,4,7567,1.514e-05,0.4,,,live
2026-10-08T07:37:25Z,0x451115a2a28d14e153601149da08e630551c6c5f,0xf29f51a9abb2471f9dc36abece8e557aae7860f312a27464de99fbe36c580f8e,0.84,1.998e-05,29952,14525,206,19983,1.998e-05,0.0,,,live
2026-10-08T07:37:25Z,0x45768e65df614348c5ca02abeb85d58f8b0a4879,0xa0f5d44e41f7c4dc7aae570fbf1998234b8ff07d1bba42c621071aa3583d9821,0.92,0.0003362,48147,97560,236,76793,0.0003362,0.0,,,live
2026-10-08T07:37:25Z,0x458c02895cce6b4f7908a5816bae0c1692340777,0xd4616bedbdf43d707d5361ebcb454280dde74fdd21c959f78efb548e6006d47c,0.05,2.253e-05,23719,31516,125,22493,2.253e-05,0.0,,,live
2026-10-08T07:37:25Z,0x45f14031df96e0c63efe066215742dad93cb7bc5,0xa5ba44ded4e96487fefb150b7b0ab016c24ee3a9,0.84,1.513e-05,7592,0,1,7592,1.513e-05,0.0,,,live
2026-10-08T07:37:25Z,0x45f3e5c9875c245b32efe0a230f493d42f7881b9,0xbf5bd64d3a37b3b0974987c347138b17c2dfb193,0.13,1.007e-12,0,22288,98,,1.492e-05,100.0,,,dead
2026-10-08T07:37:25Z,0x45f8011d44b7080d91744d3080ec3d412841a9e8,0x544fec39ff60c00c149bcf8e60a0bdffc133e7b003bce8768776cf91c8f7b4f5,1.38,,,,,,,,,,dead
2026-10-08T07:37:25Z,0x46518ee404d5fca5590511c4d9ecf27a09e37943,0xfc3c6b0833a9585fd6e65fbb05b5c6c145554d04d6643c22259b01e4759976ef,0.25,5.703e-06,48515,42378,221,57037,5.703e-06,0.0,,,live
2026-10-08T07:37:25Z,0x465a80137016ecd6354efc9871295245532d1e18,0x2f473487d414d3df0867a1543cf56f30555f6b9d23de46ba4fede2f7b2b252d1,1.65,2.034e-05,20359,265,3,20345,2.039e-05,0.2,,,live
2026-10-08T07:37:25Z,0x46c595504561cb687b837b16f29489329d1b2233,0x8cebbf031dc8201cf6b0151d51ce56be897829d053b079a759cac3f94b67506d,0.92,3.86e-06,31024,19284,129,38601,3.86e-06,0.0,,,live
2026-10-08T07:37:25Z,0x46db7c3783b46b3715227c09a4422a4f0caf0510,0x3dc4cf222aa67af0926afcb8cec114d0d7e1443a,0.2,6.43e-06,8152,2046,9,6431,6.43e-06,0.0,,,live
2026-10-08T07:37:25Z,0x46ededf4bfece1c58e8523b0377c679421e42f65,0xad1ecfdabce1482b42d647c1123a0d641fb6259d3e793f295b49f438f63cda5c,0.73,9.763e-06,9640,973,6,9763,9.763e-06,0.0,,,live
2026-10-08T07:37:25Z,0x47402a61a12fd28e5e3af71d3243835397d33777,0x0802b6102b773eafc8405b8ad23337945364bd53f7864840951928c261b7c596,0.42,2.428e-05,24614,42096,146,24242,2.428e-05,0.0,,,live
2026-10-08T07:37:25Z,0x47a5af29fe15a9483259c0282444dbf070a99777,0xf4783ceb59c4d614ae3de49729e90776fd25b54bc70f8e9e984a4951003afd30,0.07,2.597e-05,25425,50140,164,25928,2.597e-05,0.0,,,live
2026-10-08T07:37:25Z,0x47b537f7c2c2183967fe5ba883291b8ada490db6,0x08a577c64162ff70293b60b7058d991ab5eeeaa8677a3cc8379bff71805e8a4f,1.89,2.887e-05,15961,30731,392,27604,6.5692e-05,56.1,,,live
2026-10-08T07:37:25Z,0x47c69fc23cdd7c72779158b009b9af7cb5e666ba,0x1128bce8fa77cfe15cdeeb6298b229f5e13bcef127f2f0f7a9e37e7db7b77af3,0.56,8.035e-05,23323,13866,63,18352,8.035e-05,0.0,,,live
2026-10-08T07:37:25Z,0x484f805cd9924e743d7b5d176d48ddaa07c57777,0x63a754f47e24bac297912d9c991c76302dc707306a5e19dffc4db64ce26d91a3,0.99,0.0002277,51255,58962,229,52040,0.0002277,0.0,,,live
2026-10-08T07:37:25Z,0x4879cd5fe9f57213618435fa2ad19f398326370d,0xe50a6ed732448eb8b5f4328d2646694cf57c54be90342ea585350470e91293e5,0.7,6.345e-05,23659,157496,3414,62188,8.424e-05,24.7,,,live
2026-10-08T07:37:25Z,0x48b11871445cf02a6ba006f6d3c1b4f621307777,0x751cb43fb029ceec65aad8f71e498ab737bf928a98d79991524cb938e9a97ff4,0.7,0.0002609,54328,59129,231,59631,0.0002609,0.0,,,live
2026-10-08T07:37:25Z,0x48da20e5b7b68ba3450de245ad3db835f953a777,0xd779d29d441a89de477871a5f16cb75e2b2b07833b7bb21b7184e3d024007422,0.08,1.935e-05,21997,29059,108,19319,1.935e-05,0.0,,,live
2026-10-08T07:37:25Z,0x49116dea4999cf298deddbd17148663bc4fd7777,0xddad20998ce51904e7b3c6fe13062c2fa700179d3240304fa310123834cae535,0.85,0.0001283,38239,19573,93,29323,0.0001283,0.0,,,live
2026-10-08T07:37:25Z,0x494822690996a402f82916d5b9eea742b4b31e18,0x87e1ae836cf5aa176be0210f09bc2c952053218eeeb3c50d60ac38cd0e1ea833,0.31,1.983e-05,19839,1,6,19839,1.983e-05,0.0,,,live
2026-10-08T07:37:25Z,0x497aab222c09c158bbbf4811ff45c83d976f7777,0xd760352660c32662746a43c205e5fa156878856d3d84e42c14781b27999f9338,0.52,0.0002556,53744,59998,230,58406,0.0002556,0.0,,,live
2026-10-08T07:37:25Z,0x49bdacd3a3ba1825b6419cccc06684464c52a437,0x6eb0a3983140234029fe8915239dcd7a2ca5c2764fe7edeb08af34039aca27bc,0.6,2.571e-05,29762,24705,205,25715,2.571e-05,0.0,,,live
2026-10-08T07:37:25Z,0x49d26acd35955c63cefdb0084d8d614b764e9777,0xc79d44a65f4790333fac8f5eebc80f8801455f583a1a3752f72ecfea0e1a3948,0.93,1.576e-05,19981,27527,107,15731,1.576e-05,0.0,,,live
2026-10-08T07:37:25Z,0x49eab8438f69d21096dfffc76738e37dc92cb3ae,0xe279b1917c69c8af6d36a8693d0cdf555b4e8ab0997a80519fbca9ddd2278d19,1.84,4.353e-06,6194,3156,66,4354,5.603e-05,92.2,,,live
2026-10-08T07:37:25Z,0x4a29ae199eafa0d3df80efeb49049df4e455a02d,0xb286db839596ff1a876777a61f3d9d941644a0926bf6a56ae239309e2718a6c9,1.21,0.0001385,61983,32507,271,2844,0.0001385,0.0,,,live
2026-10-08T07:37:25Z,0x4aa34c30224fbb5bc5295a76e6c2a3b8a6a71e18,0xbb76c0d221da17a1303f755d13907e53bfef2ebc7cf3c1e7596c74159e507c53,0.6,2.02e-05,20202,717,6,20200,2.02e-05,0.0,,,live
2026-10-08T07:37:25Z,0x4b3943140a61cbd95b016c90b04ad51378e54c5c,0x3704f98f13ad9725ad70ba706409927dab60b3f4789a765d4f0a05e2d862e549,0.13,0.0002674,42638,96726,229,61081,0.0002674,0.0,,,live
2026-10-08T07:37:25Z,0x4b4aaf415ac4e8e937b203571eda75d1bb443c6d,0xdd9b75806716bbc57ee2813e4fef29ac59c2659aac1cc0f8b3f5e79f6d917017,0.16,0.0002557,41669,57675,181,58403,0.0002557,0.0,,,live
2026-10-08T07:37:25Z,0x4b5555451e691c15edf3a65cc19198c355b58777,0xce74bd845921d261e50020dd5b063c2067b2593cdeb6dc2996c08755219b0888,0.51,1.307e-05,18058,8202,33,13054,1.307e-05,0.0,,,live
2026-10-08T07:37:25Z,0x4b7f77f64a9e653edc2e7641099fe325627ab8d1,0x138679a580e30371f9683911fe59e4ed1c7c5e9cb366be20b6e54f72fa4a1163,0.35,3.019e-05,30010,2166,11,30192,3.019e-05,0.0,,,live
2026-10-08T07:37:25Z,0x4bc20301779ad66422cccc39f10b01ee7b29d8b0,0xe740dea04e29df2ffc304ce7cd76cb5d110967db819fc4d6e37e08a90280397f,0.43,0.03862,7726,0,1,7726,0.03862,0.0,,,live
2026-10-08T07:37:25Z,0x4c2fd66a16986db687cab3747b62bf71d7509d1c,0xe50f4e58acf800948200e9148c6819e5138546467ca7940c6b31eed94696beec,0.98,9.529e-05,68389,195064,551,95299,9.529e-05,0.0,,,live
2026-10-08T07:37:25Z,0x4c6cebd0a2c2d4ed8253f5f6465acb9942655777,0xaed35abd6e4bb7e049619d14190c6b2e2d68e5e88d4cab686fbcd83136aa6f3a,0.46,2.483e-05,24926,53311,188,24789,2.483e-05,0.0,,,live
2026-10-08T07:37:25Z,0x4cae700d36743922df0f4935e5d3e949389cb777,0x9e48fd143532c87a7d0a7d5ddb666037525ed4db27324c9b333f1ab09fda3937,0.07,2.203e-05,23410,45320,184,21992,2.203e-05,0.0,,,live
2026-10-08T07:37:25Z,0x4ceb92d74221625cd8a834ee26e75dee14a67777,0x69cabeab1961a2dc8c04cd844aee5c493ecd07b712af11c9731aec3a0f0c1979,0.89,0.0002601,54522,63027,221,59433,0.0002601,0.0,,,live
2026-10-08T07:37:25Z,0x4d784caf9c7013b2c7d29cb4a3cf8505aff5f777,0xa0b24dc56bca9f15b860b257656671f9abc88e683b11210cc3e2f1632946f1b9,0.06,2.194e-05,23407,44493,150,21902,2.194e-05,0.0,,,live
2026-10-08T07:37:25Z,0x4df5a3abac39a3ee6a58405cd989b1937586520e,0x6ad8918fbd9679200e9b0474da1727b797c49e59,0.13,1.782e-12,0,30701,35,,2.087e-05,100.0,,,dead
2026-10-08T07:37:25Z,0x4e7167e57cf47ad664876eb2391b7a96bdf9363d,0x017b7b33d735971713340bdb528262bb64f69e0ce9b24134cafe8a9cd2546303,0.73,1.337e-05,22988,4695,50,13373,1.337e-05,0.0,,,live
2026-10-08T07:37:25Z,0x4e77799f72522b2cf53cbb973d5ed9436e080fe9,0x14b33404c555b44969853b50b8499074e270c15f4ef41c777e9b55a5870fdc3a,0.33,0.0002413,40549,78999,245,55114,0.0002413,0.0,,,live
2026-10-08T07:37:25Z,0x4e7f86f8299e7c861f4d53d09a3a159044237777,0xf463e941cda7a49839324227d4eff0cff29912b98b2d46cc3c8fbdf8b99c3e7e,0.12,0.0001402,39784,31231,129,32038,0.0001402,0.0,,,live
2026-10-08T07:37:25Z,0x4e87e98826959e0817e5f31b6bf2210e93b3bba3,0xdbe3d16b09903d266f2ee790f6eb8b602143371c1b89b048cf6770de60663c6f,0.77,1.015e-07,10160,251,5,10156,1.015e-07,0.0,,,live
2026-10-08T07:37:25Z,0x4ec57c9838627dd989b7136044e7a78945ea30ea,0x069688d0760fd7ef89f9eec672f8fbc0d3d3541e24e0c9b438706ab6adbc518b,0.06,5.849e-05,22236,50128,606,58493,5.849e-05,0.0,,,live
2026-10-08T07:37:25Z,0x4ef1bc81c43028994fdeef720fc58aef7d001f90,0xf4042e853bf12e2d5fc3f70c162dd103e1bedebc8f155f5806e986ff12382448,0.09,1.285e-06,12852,3,2,12852,1.285e-06,0.0,,,live
2026-10-08T07:37:25Z,0x4f3866c1956e878d8b5b5d179e75d9cc87a01e18,0x9cf0b3f7b33881926109197c68896a623d9bd8f0f7a6408eee8ebe211ab10ce3,1.56,,,,,,,,,,dead
2026-10-08T07:37:25Z,0x4f397142825bf11aa4593f8d8b6b87981c650a40,0x485d8860f446a504001ad1d745c77f9c9472f8a079c285dfee4f2cbfb635d8bb,1.43,,,,,,,,,,dead
2026-10-08T07:37:25Z,0x4f65083d94bd11a21b73a7a210a62dff4007c777,0x5f6c213b4de334ce9e73c596ddb1bab12f6e377ec0c9c141358fc0b2b4190f3f,0.47,1.135e-05,16858,12139,50,11335,1.135e-05,0.0,,,live
2026-10-08T07:37:25Z,0x4f7f5fe069064a99edc3175132a946a09bee7777,0x48749420f18a937aaa35d0b215719c741a5eb03e182e4bed81711f610add5ce1,0.25,3.298e-05,28742,54513,174,32919,3.298e-05,0.0,,,live
2026-10-08T07:37:25Z,0x4f9c7bab4f08c00334f33842f8ffa1c097861e18,0x7e6232a160a855533ae3209fbf72113b4f06f65f8dbc613b48201ea231ab572d,0.87,2.005e-05,20054,1120,24,20052,2.005e-05,0.0,,,live
2026-10-08T07:37:25Z,0x4f9eabdd8bd4e712b65aff579f0c4a73d860e5a3,0xbc7c44bd228393a861c752a09ce96b46fa13e81c,1.47,0.0005134,385074,0,4,513432,0.000539,4.7,,,live
2026-10-08T07:37:25Z,0x4fb63a5fcb60c63075aa1cef3d0bc1ff1d112300,0xb71958e3456c521e09f38a3703b26b9efa748767d80cecd5750af8304304a4c0,0.87,0.0003327,47667,114295,234,76006,0.0003327,0.0,,,live
2026-10-08T07:37:25Z,0x4fcabf0c7260f6a5652893c551eecfa90c5da777,0xaf9d0b0b3dedc231aaf3f3a76bcf46fe96cd58a557bbb8b84e5667e71e520ded,0.91,2.044e-05,22716,37833,152,20400,2.044e-05,0.0,,,live
2026-10-08T07:37:25Z,0x500a02a20b0b0a3f3efccfc0559543f5743bd1c4,0x336ff94eba8a6ddc6b022e90fbe04cab9376fd68bab5b120810076a8555334c2,0.14,0.4673,19892,4213,14,74782967,0.4729,1.2,,,live
2026-10-08T07:37:25Z,0x5015b90babe227feff2fb66cd53c010322798f7b,0xc9faaf93715b15b1512f65e7dc9a3822095c2b17f380437887221592d23361b3,0.94,0.0002784,43855,82026,173,63593,0.0002784,0.0,,,live
2026-10-08T07:37:25Z,0x5034a76724cecce1a2f0f1389bce37af72345777,0xf8c172707545265c1ce12d379775633a509b8f6fbc0b25638cf5b4fe7995435b,0.69,1.337e-05,18239,7557,33,13345,1.337e-05,0.0,,,live
2026-10-08T07:37:25Z,0x50445dd94d9fdd0d387023bf780c9197e6cd547f,0xc2352e254c01f83361f11eb3c32cdfe4ff0442e01265af4e69e42cce36964276,0.25,7.014e-05,55439,269260,659,70144,7.014e-05,0.0,,,live
2026-10-08T07:37:25Z,0x505206bdbcec8555ae6358757aee4ff875911598,0x5f74c91ede81630d02008fae2c6790d318920d4d95cbd0efd173c62d9eff4c0d,0.84,0.0003486,48736,108885,231,79637,0.0003486,0.0,,,live
2026-10-08T07:37:25Z,0x5078766edbece3d41a2047d602d8045158c3ca24,0xc5996c58bc07df1f87ac960ee297aaf090d4abde572a37e9e6fa2041f08da03f,1.47,,,,,,,,,,dead
2026-10-08T07:37:25Z,0x5084e8b995f2634300590f1878b955af6f70d7e7,0xd736efa156832945aa3df45334387e3df0cdc63cd3eff42c94c741e45d032f49,0.72,6.503e-05,56017,107184,339,65035,6.503e-05,0.0,,,live
2026-10-08T07:37:25Z,0x50c986c8891f5ef6fabce76a9f46dba28b0977d3,0x51b20e98150e59f9bb2e547e9b35e2face73dbb950b1d6fed64dd459ebf5c9a9,0.63,0.0002857,44101,103593,238,65254,0.0002857,0.0,,,live
2026-10-08T07:37:25Z,0x50e76841b5a41478506579cac9ddf321d04fc1eb,0xfbf33a08e141e4f9254765475f4f422951de2e1ea00ce98a6eee9fa10e1e5dbf,0.77,5.081e-06,5081,150,5,5081,5.081e-06,0.0,,,live
2026-10-08T07:37:25Z,0x520071542b2592db586ba2383c78b724e4438dea,0xab2f04a45e744337454e46038f21a919ef10f5558d6c5014e594d1cce6ae387e,1.4,,,,,,,,,,dead
2026-10-08T07:37:25Z,0x5219fc07c1564322f75c3e285b9f5e181458ef08,0x8c57f1a85347ea2bce7fddc2e2be2ab126497a7c60060b4fa48e8797a99b1e64,0.71,5.909e-05,39012,1409662,7330,59099,0.000406,85.4,,,live
2026-10-08T07:37:25Z,0x526c4c978c108ee9adc279a46bb27e1f766c0117,0xbd19b9d38d458c3d7bbea439b9f36db5305ae39ed20bcf61713d993e5f321682,0.07,2.566e-05,25670,6,6,25670,2.566e-05,0.0,,,live
2026-10-08T07:37:25Z,0x526e8a86633e221dae77517dc54932f52ac8040d,0x76ff52194975c65ea51b6bd2b99c82d6593f82c4514442a53533cdfc8d6e3f58,0.43,0.0002044,37301,57918,180,46699,0.0002044,0.0,,,live
2026-10-08T07:37:25Z,0x527fb3d545420c5253683e733f21e5084e150e6c,0xdd87cdd87c25c3a28f9145d90eeba8901008f38f4aa1bf02fdcd3c16749ec1ab,0.76,3.823e-05,16103,1279,8,8733,3.823e-05,0.0,,,live
2026-10-08T07:37:25Z,0x529f9944e0cde4ceea6b645e2da5f150f8b861b3,0xe95c0c33ca488407204d51ad909e4092535ce992d6effb8868fba93a4e237a85,0.67,8.89e-06,6841,17472,104,8890,1.101e-05,19.3,,,live
2026-10-08T07:37:25Z,0x52a6585ecb1cb8a0cf23632fe7a73d59c2681ed3,0xe4e82d588160fe807161eb8c0d7aaf3588caa9e32f1ae1a35db12a5753468a92,0.34,1.011e-05,10117,0,2,10117,1.011e-05,0.0,,,live
2026-10-08T07:37:25Z,0x52a7a401a721b49afcea4278c002a8c4a85a1fe8,0x383fae7afae786c7d120e759f36891f1add2459817ea9f06dc3c13ed13f75d65,0.84,6.461e-06,6462,5339,30,6462,6.461e-06,0.0,,,live
2026-10-08T07:37:25Z,0x52b34bf0d52735e72d0c2c34ce48d3796bbb2120,0x0a93006a982e24a449f8eea65415ed438ca9a0ee2147e2ed9ddc9b2e321a3bc8,0.53,7.9e-07,12724,1240,11,7901,7.9e-07,0.0,,,live
2026-10-08T07:37:25Z,0x52eef33ad69b0483eb41c861fa3705893a547777,0x79e97dd859642474e54645bbf8dd16e286c79fc95dbbd8253afb151503641fe4,1.4,,,,,,,,,,dead
2026-10-08T07:37:25Z,0x53ccac6ae1dedb73b1afcfdde40112e73547e2ab,0x5d9f53b5d005c5c61513f944845de39e8fc1c1df8cf542fd76668a4e5baba5b5,1.39,,,,,,,,,,dead
2026-10-08T07:37:25Z,0x53dec24c3528343f4fd98f06330adb2f36142777,0xab30e51fc17f8df03eac88f96bc84b501c8bab8c710973c90017c5062021894d,0.68,1.833e-05,21365,31448,112,18299,1.833e-05,0.0,,,live
2026-10-08T07:37:25Z,0x53e5cfc7642e6dad89bc0a30e23f80f270d527cf,0xf555c03656d4ddc7812abc3924aaacd5df6e671e40179b543d15ec27c11d6c5f,0.55,0.001383,7293,0,1,7676,0.001383,0.0,,,live
2026-10-08T07:37:25Z,0x53fe1a1f2d11503d7c9e994976446de8c3b4e777,0x4215f443f364f35d69074041e5f36b98c4f434a8f16326f3e1b24303378f5b66,0.47,7.673e-06,13851,664,6,7658,7.673e-06,0.0,,,live
2026-10-08T07:37:25Z,0x5417eaece3885552e777fcf133254e641449ae73,0xa5646674f1481a4175be56a413514a0bee8ff70ffeb4d05cc13af6dffc95933e,0.6,3.176e-05,16704,151921,1521,31765,3.176e-05,0.0,,,live
2026-10-08T07:37:25Z,0x5454677f5ccb5aea4cdcbcff56e2e736641a9d8a,0xc9e5e385b08e9056d4a31fbf16c5f2f22cc8b181,1.95,1.423e-05,7070,3,3,7070,1.511e-05,5.8,,,live
2026-10-08T07:37:25Z,0x5467992ff0f370c57bce01486fe185af174af165,0xc0629f3ef21c5ae1c9fba03a764f7fb0def3dc8014a5ec8b0eaffa1895e93ce1,0.53,2.203e-05,31531,19267,205,22038,2.203e-05,0.0,,,live
2026-10-08T07:37:25Z,0x55281c4d0c1e1e9c404e199702d24b89e3d7493d,0x711b77366ea2d266a85585ca5d60b4ac36674d67339fb7917ce4ca1f4c5bb753,0.28,6.475e-06,6475,5549,32,6475,6.475e-06,0.0,,,live
2026-10-08T07:37:25Z,0x561e71f679b719eadd682021d234bfd7d7a87777,0x95548ecbe76644552873b9c7a4a87260917ba868b578a557e03ec2eec355f0ad,1.39,,,,,,,,,,dead
2026-10-08T07:37:25Z,0x5660c4200431f61d4f4088e9a4312c8ee830fee1,0x8e905a9a62b1bdb998a518d487b9f234afc713e779249ff3c7d71db75cc3912b,0.6,1.013e-05,10134,714,6,10134,1.06e-05,4.4,,,live
2026-10-08T07:37:25Z,0x5724b3125498f9e247734114c56a411740544049,0x5d7de117bdfdb03aec48c8a28e4da23b990885cfd84ec98a03c12941db9d4150,0.39,0.0002806,43665,72638,187,64103,0.0002806,0.0,,,live
2026-10-08T07:37:25Z,0x5726246d94adcf6f360033ac656060c7fae6d15c,0x9a7c498663e2086037e34e28dc7bbcc8b7a6819f67b8808615afb2ba075c5d88,0.55,0.0002357,39929,75145,237,53848,0.0002357,0.0,,,live
2026-10-08T07:37:25Z,0x5754533b640cfed4f6b013113ca7556de39ce777,0xd75d00a8dd6df50c6ddbcd171c223a9d1ac196570d670b6bdcc71a5ce8053da5,0.24,2.183e-05,23388,52258,183,21791,2.183e-05,0.0,,,live
2026-10-08T07:37:25Z,0x579e2137e32cb1b690a288e617c919d19379f8bd,0x139870f64d1e382bf195bb6dd556b17846920f4ed9080468ce524584d2437bd2,0.98,0.0002932,45051,108721,237,66987,0.0002932,0.0,,,live
2026-10-08T07:37:25Z,0x57c3c0ae3d851fe9d22b320b743e0d0733867455,0xb9aa5bf4950dcb611794de4a13b2f29cacbf0c1611797e5d896570f57b338685,0.97,0.0003377,48344,83328,229,77142,0.0003377,0.0,,,live
2026-10-08T07:37:25Z,0x57cb8e1b9b14ab410383fb9b0f9c4b90bb927777,0xad32ae3187b2ffc3963ede203264335d46cb5a184f7b1846f8359a194b4b1d54,0.91,0.0001766,44975,42489,149,40369,0.0001766,0.0,,,live
2026-10-08T07:37:25Z,0x5808d41d77e45252fbef9724a09c91d685952c75,0x354ac360fb1eeaab6f6e581069d100a2e083a9c3da97a64869e1f843dc482028,0.93,7.172e-05,60397,19974,54,71724,7.172e-05,0.0,,,live
2026-10-08T07:37:25Z,0x5813d0baf603a03e5c07267cc1cd2e48ff25bd25,0xb7f3db6edd39192255fa73278ed17b46486eb5c4ce06288f3cef010925fdede7,0.93,2.608e-05,26084,3,6,26084,2.608e-05,0.0,,,live
2026-10-08T07:37:25Z,0x5820d4a11def24ed46c4a0c29648167af2368881,0xbd757dc128cf0fad9fdaf5817efecd26edd952c899946fdc7700aa2ff3b85303,0.22,0.0002642,42432,71976,192,60364,0.0002642,0.0,,,live
2026-10-08T07:37:25Z,0x583989209c18ee9c22c54e424a45604178896f70,0xfdfd2f58e215b790c69b8e3d86cd749f41857aef7905b21a2858b35575423a34,1.02,6.737e-06,6830,44488,236,6737,0.0001008,93.3,,,live
2026-10-08T07:37:25Z,0x588acbd368c770289a2440f06aa0ca8902d0cb39,0x2e49949cad3678a8e12ebd25c23ca3443754e175,1.39,,,,,,,,,,dead
2026-10-08T07:37:25Z,0x58c1b824fb712d457692d501fd22b8530ee61e18,0xc0d53dc7dae7f411adb773d2bbcfbd2a9f3bfb519db5a2635a9295341c8b6040,0.16,1.999e-05,19991,23,12,19991,1.999e-05,0.0,,,live
2026-10-08T07:37:25Z,0x5942bf75fd8a216504432ea911a1f919d1fb1e18,0x3166ce06bcf631bdf88dc0c82345089ce333bf522c676c2856578ceaee724b3a,0.71,1.998e-05,19985,2,6,19985,1.998e-05,0.0,,,live
2026-10-08T07:37:25Z,0x595d1d82b97c3a12a23e59b843bee761258678f5,0x1c842269d31eecff8d04fb99224698f897055c2fb030dad8745db96949b307bb,0.27,6.466e-06,6466,5561,36,6466,6.466e-06,0.0,,,live
2026-10-08T07:37:25Z,0x5969bd1cf8498a4cbf1f34951d564298c4d4d777,0x17d6701f1ec0c387bd548966cd7772f3eaee97ece4ce8921202cf2affc62a8c0,0.72,1.217e-05,17415,16922,59,12153,1.217e-05,0.0,,,live
2026-10-08T07:37:25Z,0x59a8774d9961e08cd8ee0b71375a3790ebee29bf,0x64987c257f70c31495d3821887524a0d62ce4d52dd04f8026a5de8d449912140,1.49,,,,,,,,,,dead
2026-10-08T07:37:25Z,0x59cc3d6a44035dc537edea4cf81c67e44eabff4d,0xa415508a55ea6944ea025feefb9e3fc2bcb9daf12c91f72f07421f6a8212a35c,0.77,1.006e-05,10068,4690,38,10068,1.022e-05,1.6,,,live
2026-10-08T07:37:25Z,0x59db6fd0e9b2c1a52899246e0324f5e80a37bd3a,0x28bb52af60562be319a98fb78c5ec1b91f7a87ac1fb0fe8997e2b2ab17f480a5,0.82,1.786e-06,23507,4025,50,17868,1.786e-06,0.0,,,live
2026-10-08T07:37:25Z,0x5a08fb49d277780e3cda077729e22cc05df988c8,0x60ea62e34e1db483ab9b26757c4c792f43d6f41bc627486bbb3524b1c8131781,0.35,0.0002041,119237,507565,1282,204161,0.0002041,0.0,,,live
2026-10-08T07:37:25Z,0x5a0be9e475bd2b854bf5b27584e988288a3d1777,0x46718ee7167d686735fee60a6fb1e993a6272ff0c255925cadcadf2299643d04,0.53,1.92e-05,21862,20876,74,19170,1.92e-05,0.0,,,live
2026-10-08T07:37:25Z,0x5a68612d94cec5cbbefe25cfeda3f2c64f4a7862,0xce99da6b887cc5cf93c614bdb08bfd749e85e92a61c5fa987152bd7d16cbaded,0.86,7.739e-07,15478,0,2,7739,7.739e-07,0.0,,,live
2026-10-08T07:37:25Z,0x5a9b152bc6834d3262af6b674bfd6f840646e38f,0x7eeca668d9d4d565e3b6c07fc888c67184c6aa07ee7f80f5df92f5138e912161,0.11,4.482e-05,42153,16467,59,44823,4.482e-05,0.0,,,live
2026-10-08T07:37:25Z,0x5ade37a5cb6ceb365e660ed7e662687f95717777,0x49ddbd93831d72d7023037b4d472dd6d5bb888d02555f97223380f054c9b6eac,0.51,0.0002091,48655,53103,214,47796,0.0002091,0.0,,,live
2026-10-08T07:37:25Z,0x5aff0cb92f7243a83ec5945be4724f7fadc3cb4b,0xc78164f9f0221ff97622f8d1da7836f2556a287d1df1723b6a60eac2a3718309,1.47,,,,,,,,,,dead
2026-10-08T07:37:25Z,0x5b5db01e4d2440d326561606ea3c3a6719b26c6b,0xcd376c6a2e115ea9b381855e4a7062f4f568307ecf60e4d4307da2d683b2dbf5,0.08,3.607e-05,15657,129,3,8240,3.607e-05,0.0,,,live
2026-10-08T07:37:25Z,0x5b6ce079cd0dad8d0b7de3d73c8fdb5d63b093a2,0x58c684d51d184427521555e5fd8d2cd6c1df0798,0.26,1.165e-05,28,3028398,10379,11654,0.0002768,95.8,,,dead
2026-10-08T07:37:25Z,0x5b81efe5e0ba2b31c0ed843b908a2c45fe6e14c5,0x3416b8d8aa6ae642ffdc2f65165ff479d4bd3007,29.61,0.01384,767881,2401351,1972,8532396,0.0622874,77.8,,,live
2026-10-08T07:37:25Z,0x5ca930e3012095eacced615ee7b5f111aa063b45,0xfef6f1af268a8c97b86678ea6da8f3f6d9bc562902240e0cd67237d65cb8b113,0.18,6.454e-06,6455,5557,31,6455,6.454e-06,0.0,,,live
2026-10-08T07:37:25Z,0x5cad5e4c09a241992d1ed496d4a643c6c9567777,0xc54b14840584ea2e26ff78e1b4e8a6f3fd6c33d2a4cf438ee00166df621c19a2,0.85,0.0002508,53441,63115,236,57318,0.0002508,0.0,,,live
2026-10-08T07:37:25Z,0x5cbed27e7cd34ed6eaafa2b7a7d1405ab98704c4,0xaa18ed04f00da2021a5c9e2291e078287c7a608412957a47213f5fa06d795547,0.13,6.427e-06,6428,1780,24,6428,7.18e-06,10.5,,,live
2026-10-08T07:37:25Z,0x5cc26eeb997bee043317e348d16b3a7d393d6788,0x9bcc4a154f4a266f17fd77374ed2a986070e6032a04cc67e9bb311b7225a5c40,0.24,1.38e-06,56993,2209906,5607,138096,3.844e-06,64.1,,,live
2026-10-08T07:37:25Z,0x5cd356c52b30fe9912feb3c201af2575420fa777,0x437685f6ada0ff0f02018a6ff4da26f5e713c4d6af253c56ce598899328d7aa4,0.76,1.638e-05,20188,18696,65,16355,1.638e-05,0.0,,,live
2026-10-08T07:37:25Z,0x5cdcc9ccdf88717af0b1dbda7ee24fabd1e6d125,0x4b0d890381de81b984ae5a5bc5f84af55f3ad3e2dd538b4a059f3fee1684479e,0.96,2.613e-05,26136,11276,21,26136,2.613e-05,0.0,,,live
2026-10-08T07:37:25Z,0x5cf0deddfe017968e6f506c339b39bb80e537777,0x7d903306d6dc8593592d8cd541fa7d61e6c4a4abc59e11b7b40a2c2430b785f0,0.12,0.0002047,48078,49870,200,46789,0.0002047,0.0,,,live
2026-10-08T07:37:25Z,0x5d3aa0102eec69e8e4554e6defbd2a035e87e777,0x566dc08a92b70188367f8c55a22f363e9146850e9a5451737a9579c07a1ae8d0,0.17,1.81e-05,21258,61033,192,18067,1.81e-05,0.0,,,live
2026-10-08T07:37:25Z,0x5d6532df153974cbd78051b21cc4370a048e7777,0xcb11b7c90bbe19fc70fb140eb1d94ef791c5cdfd992321860d0ce1315a216f02,0.91,8.116e-05,30483,6412,32,18545,8.116e-05,0.0,,,live
2026-10-08T07:37:25Z,0x5d7dfa223cd3f506b95228fa9414610b029b7777,0xc1a44b063fc2d4f213629683ff52386dcf661f92ace1ca8e64dc2faf5f3bf73f,1.34,,,,,,,,,,dead
2026-10-08T07:37:25Z,0x5d98467c57b14f59b3540bca799c8101a2086b3f,0x02047db207e4212a5652fd9a0c32c4bb1cd89789,0.57,1.531e-05,7688,1,3,7688,1.531e-05,0.0,,,live
2026-10-08T07:37:25Z,0x5de9a733d7bec3bec0050020896c40056bff174a,0x8fe741ef9dad75a7a6fd5c16a5311e6f204beaf73a14d8c57d15b601b01b6e66,0.94,5.593e-05,19660,7087,30,12774,5.593e-05,0.0,,,live
2026-10-08T07:37:25Z,0x5ded802cbc44273aef401be89b0fa4895b257777,0x47ed8a092566e26953759e6d40f9432753d8b3024cdfd683fa0c8d958a305622,0.2,0.0002375,52014,73984,234,54285,0.0002375,0.0,,,live
2026-10-08T07:37:25Z,0x5e18d72754b0bfb1ae3e83a98b7e4250a57cf153,0x84d11e42ce8ce976d3197f7ca94c2ab7a75afefabc26cbe602298d410a126109,0.99,2.263e-05,18383,882508,3129,22636,7.152e-05,68.4,,,live
2026-10-08T07:37:25Z,0x5e1ada2bd442b51c5bac21f5cd08d117e7b0b72f,0x0a02aa89fc9c4282e9ae1b07d87d88df40c5739cf11855b7e2dd62a2db11415d,1.35,,,,,,,,,,dead
2026-10-08T07:37:25Z,0x5e3b659a6edc9096735f6f35111dec3ef269cc1f,0x20301e40600071bfd41566efb30e54d18d24355173d4f94cff775433d1393194,0.99,0.000292,44947,106458,235,66701,0.000292,0.0,,,live
2026-10-08T07:37:25Z,0x5e4baff90fb3114436bd211a69f8d4928eda337d,0x7ad36e04d1181fd21d62d64d6fac284c855f2e029904f2f13d62732158356fa8,0.47,2.065e-05,31662,22966,256,20653,2.065e-05,0.0,,,live
2026-10-08T07:37:25Z,0x5e7397dedf42ad1c44cac5873678a13ff8fbc777,0xacc9bc91c050b5259b0f20e248f72515931146a579d9811ecc71d20ba1501577,0.55,2.435e-05,24571,45228,158,24302,2.435e-05,0.0,,,live
2026-10-08T07:37:25Z,0x5ed8e0d69849a0adb4307c9ad27942a070eec026,0x3abad5d635f854bf8ecb26ad77570d6ca3e4c7448d3ee4ce48143de6b66c24a5,0.74,6.44e-06,6441,5508,33,6441,6.44e-06,0.0,,,live
2026-10-08T07:37:25Z,0x5eeeb94a43b72a40166c84c9454ae75f97793929,0xc1f6bb4d10247bd605479ad661b45a54ba872ee2496a6752aa5a6cfecbf94499,1.4,,,,,,,,,,dead
2026-10-08T07:37:25Z,0x5f521b97284e0da55dcc3babbe0ecd9e36c44539,0x8162b0e937d68ae42673ad454144554d2b80f42b,1.95,1.447e-05,7189,13,11,7188,1.747e-05,17.2,,,live
2026-10-08T07:37:25Z,0x5f522e6b27ce29399b2c13a8b292312edd6575ff,0x7908833e7cf7130c41fedf5f1db2a05362961ffe,0.8,1.514e-05,7597,10,2,7597,1.514e-05,0.0,,,live
2026-10-08T07:37:25Z,0x5f547b7385273f4a1ee77395f805f03a6d6c7974,0xe432994f04f30c408d4108f28939a256c3136927c27534018db4dada0fb4adae,0.63,0.000224,39049,78368,235,51161,0.000224,0.0,,,live
2026-10-08T07:37:25Z,0x5fbe1ed4eabed583c126a6f75008915c8bfc8777,0x54f84e7a5672836a991e38a0fee1d2bf6a788965212cfb0e9adafb660cd0cacc,0.86,2.488e-05,24968,44161,160,24834,2.488e-05,0.0,,,live
2026-10-08T07:37:25Z,0x5fc54b6cbc5ccd9b112ddff3326caeeaba33d168,0xd5a973d05d0296a8ca4a1b9b99afbf8121646ab2afee79ac69c64e8ad9ccd754,0.3,1.006,10101014,208,8,1006077247,1.006,0.0,,,live
2026-10-08T07:37:25Z,0x5fc591225f1f20c08c3c59fe25826f6a36e1d168,0x47c396bf4a4dd8d811afd20ee0eb1451f6c9055447a260b4f681d8c1f79d812c,0.39,0.9697,96983982,1000001277,1014,969740435,1.0,3.0,,,live
2026-10-08T07:37:25Z,0x5fc7eddf3e4628856b31f5bd7acf153340511e18,0x77840ff6b8d10ffff8d0da422059fe5c14977e2413b6a2f3ad8325f58d36379e,0.61,2.01e-05,20109,2628,69,20105,2.01e-05,0.0,,,live
2026-10-08T07:37:25Z,0x5fcbdf8254f43ddca05e8b3f515a7d34d93f94cc,0x843322e35961c344bad16e04dde419fff82eb58ee04180a86b841b6bb43942cd,1.31,3.805e-06,5793,39176,755,3691,6.56186e-05,94.2,,,live
2026-10-08T07:37:25Z,0x5fff62effcd0d74d5ab1bb7ea3344db4db718777,0x37727a6f4c7fd5a7bc2ae7c2adcb08026f6e13c336a0356d7a22a93b37a2840c,0.21,2.296e-05,23987,55540,187,22915,2.296e-05,0.0,,,live
2026-10-08T07:37:25Z,0x60059c15d8c6e7d41768dd8395f53d09e8ca0777,0x6b34f1c71afdadf93249ccce55ab2996bd80f059155b7815ace2aa41a8159dc1,0.06,7.144e-06,13350,2189,8,7130,7.144e-06,0.0,,,live
2026-10-08T07:37:25Z,0x601609f7fa408b45584e8b97cf01899c8d5f6a26,0xe13a79383ba828bd6a7e41cc6900f854f349eb20cbad8c46d5bb086dba277977,0.26,8.119e-07,15845,192,10,8119,8.119e-07,0.0,,,live
2026-10-08T07:37:25Z,0x608e61fdf031b9e527c4ba7d037f91a83cf64c5e,0x846ea31278ff5ab66076545e75b29b22926436588712831e332216a572285b74,0.09,0.0002804,43674,102750,224,64061,0.0002804,0.0,,,live
2026-10-08T07:37:25Z,0x60f94da7577cd0a193a96fcb726fcf286adf6777,0xe81f5c82a3b6582672663f04fdc108fc0c1a56017483af25e5dd518eff548bd1,0.34,1.228e-05,17518,10161,30,12260,1.228e-05,0.0,,,live
2026-10-08T07:37:25Z,0x610c4cb7265fc698d9eb6e7e258e8d512a914777,0x0eee2f7578e10231fd8a49d86b898d2ec04c131135ee3dbc311e03fb793a0f9b,0.23,2.093e-05,22886,54043,187,20894,2.093e-05,0.0,,,live
2026-10-08T07:37:25Z,0x61aa951c77083e6b269a09029da4396a135cd98f,0x9d48c59cbc2ee0ca6306f58164d4607bfa18dcbb5d34be0498e55e8422e30b40,0.13,0.0002509,41301,75422,231,57311,0.0002509,0.0,,,live
2026-10-08T07:37:25Z,0x6268be432127125e504377f37dbaa64502ed1c16,0x33d9caa839557f13a191b7c8dfcd564f77c3c3cc45348f2781480105a6cb61bd,1.49,,,,,,,,,,dead
2026-10-08T07:37:25Z,0x62cbac49be268d780d0f48ba97d16289d0acbfe8,0x0b51fc34e5a104a4ac4cb7689becc09d1e8217e9209849ff093e666a6e5f2b0d,0.44,0.0002367,40160,74146,236,54082,0.0002367,0.0,,,live
2026-10-08T07:37:25Z,0x62db9d2f9e35a4687e27ce5eb6b5d3fa125506da,0xcbbf361261d0bf4061949c5815665836ce737432828969dd9d7f33f664d7ed7c,0.55,5.037e-06,5038,11561,96,5038,5.761e-06,12.6,,,live
2026-10-08T07:37:25Z,0x62f2697ff34c51b720001f09aa956a17f108e902,0xb891a3c333f4f68e2c7c141b87e5da843a0497a78c6faf3a41b23bdee97b3db4,0.46,0.0003317,47554,96947,233,75766,0.0003317,0.0,,,live
2026-10-08T07:37:25Z,0x6338256e2359534e4f43ed112281a336a9a59131,0x87efe9a5a25bb8bbdbde9d383e427d8028445a3e4ddddba893fd6029a5ff143c,1.44,,,,,,,,,,dead
2026-10-08T07:37:25Z,0x634526c6efea67059dcf0ea7dbfe424081c6de43,0x9e946fbf080562ce2b4557febccf07ff048e3275d34d7612526e108798a5ea52,0.2,0.0003819,51072,112590,235,87230,0.0003819,0.0,,,live
2026-10-08T07:37:25Z,0x63c12667638f2ae6fc6ae09b43d98ec84a8586ea,0x8315627976cab8bd937eb53d44d009e265d0e4dc,16.34,986.39,112701,138050,492,6247494,2791.43,64.7,,,live
2026-10-08T07:37:25Z,0x63d15a000d350e0b9a3c3d6c2971db97be15f36d,0x95588781dc4c2a504bf6ff913443f8e5d370c755c1f2ad25b0e3e30d2f7bff47,0.68,6.426e-06,6426,0,1,6426,6.426e-06,0.0,,,live
2026-10-08T07:37:25Z,0x63fe11730a977a6e1638109a9f2821cefcef390c,0x66e66caf2fe368188f4d3c2a8770b6cf1adfdd66abd992698d2e2eed7bd125a7,0.31,1.149e-05,10068,70264,889,11497,2.3e-05,50.0,,,live
2026-10-08T07:37:25Z,0x64877c3da8f0ec25ee273a3b84d2e34975d0ca16,0x1a58e013da7c7a1788e098314d955901ebc77beaef9e1441f52173e856431a09,0.52,2.69,30071,577809,7715,89831,4.55,40.9,,,live
2026-10-08T07:37:25Z,0x648fd617a205a04a988b6e981803922707ba3c82,0x69bcf36c66ed24c678e727bded787549e7029dc9995c7c74feb0c5a9069b5861,0.32,0.0002866,44171,78941,236,65470,0.0002866,0.0,,,live
2026-10-08T07:37:25Z,0x64c3f04c0d9895e0aa921599a6c3d0b40f85a477,0xea928462fedae0e1c4a8942a6d98c15e37f3da66,0.93,1.505e-05,7519,0,1,7519,1.505e-05,0.0,,,live
2026-10-08T07:37:25Z,0x64cca457414719ce2bd5fdccf48de7632dc79a9f,0xfc3d1eb72217f88da3efbf596266d4cca0bafa35,0.24,4.564e-05,1,53827,404,15215,5.934e-05,23.1,,,dead
2026-10-08T07:37:25Z,0x651cfc072d75c9c08da96cf9200b6d4b01ffd891,0xc769d44929b01fd02dbddd444f4f9cccb8a69aa086a2be63ac21c3c0831b284e,1.47,,,,,,,,,,dead
2026-10-08T07:37:25Z,0x6524d6a14f1c54e651bbab6b357cf569668d0806,0xae1f64a77e89dcc2a32be4c948bb11a611d76223f77f3a1b37859bdaa5a9efeb,0.15,6.709e-05,53718,257793,652,67091,6.709e-05,0.0,,,live
2026-10-08T07:37:25Z,0x652cda50cb18ada98afe9495c99150d1c39a95be,0x0df5d4302711311ccc9c13c9ff35f10f08f42549d5dbe41bb760ba316acf371b,0.68,2.567e-05,25676,2,4,25676,2.567e-05,0.0,,,live
2026-10-08T07:37:25Z,0x655795995ea66580c1b97db6546c658ced597777,0x84aaab69fb55c15a248890facab252e4362f44bd5e218a2c2d0c13a6d2c10f02,0.9,0.0001055,34772,16783,78,24121,0.0001055,0.0,,,live
2026-10-08T07:37:25Z,0x657b19aeb2c375a3d02774bc1d962150a65b0802,0x4cef1fc818b048ee7667a5f548725319a50d39186b47e0022cf0226bb17b5bb2,1.41,,,,,,,,,,dead
2026-10-08T07:37:25Z,0x657bc2b091aef9c81e4d223ba7b65f9e7185e777,0x0168404bb70145dfbd7ed2ee23838d993eb7494e1704cf5ea10b2cb999684ffc,0.56,2.463e-05,24751,38031,136,24587,2.463e-05,0.0,,,live
2026-10-08T07:37:25Z,0x65abf4025c5bd0d0c1d64e4c0dc050e7908915fc,0x0ee1be8723cf069b94fa6f45cd197b0be4bf2d85072cbc1352493b2f9a5ece3d,0.69,0.0002826,43752,82653,235,64567,0.0002826,0.0,,,live
2026-10-08T07:37:25Z,0x65f663606303c891a9aa4d12b6ef5f193c269309,0x34af05d28d2323c10c614551c93d413f0ce3db92cd4eb0b47f1016e61bc468a9,0.96,0.0002628,139702,199267,387,262811,0.0002628,0.0,,,live
2026-10-08T07:37:25Z,0x6606c8101ff31b67f2007f41464d7b1736277777,0xbd5114aacefb34e72fabf0e8202c5cdae1ad58c57ca302ad3d81d56476d80075,0.08,0.0002651,54847,65215,235,60580,0.0002651,0.0,,,live
2026-10-08T07:37:25Z,0x660ccabe9198f64f30ba3d1672eeff79ee30c631,0x5e94e6e8630e3c990d1dffa727e5ed27b699ba385297ba4ccb9dd9a390edceec,0.5,2.3e-05,31388,20460,205,23003,2.3e-05,0.0,,,live
2026-10-08T07:37:25Z,0x66783620a377abea3eadc8cfc2242d089059be17,0xe60d248e5c9158ddce4b36adebcc9c141df1b783ace0baab4fa3f92ade86b94c,0.37,6.602e-05,21184,9277,30,15081,6.602e-05,0.0,,,live
2026-10-08T07:37:25Z,0x669c75c7c1fec235110e7273c81c2dc5fe81711f,0x69c035486d8d430dc5c8b2639eff5fa279506f7753506948936825712a9b0efb,0.42,0.000173,34312,47473,143,39534,0.000173,0.0,,,live
2026-10-08T07:37:25Z,0x66a844fcbf4705dbde3c97394d5a4c9822e8f35b,0xc24358e11113cb53b2de3971028e3bb0e47991c3af8e5e10aab517a15b9f4a18,0.11,7.695e-05,26054,129202,1215,72399,8.077e-05,4.7,,,live
2026-10-08T07:37:25Z,0x66f9227172c17a10244f2f1dc934bd884e4d4805,0xa52a7cc6ae89e4b08040afc1a6499f82bd06c30cd963900415cc325b7af7d1a5,0.86,2.579e-05,25798,3,4,25798,2.579e-05,0.0,,,live
2026-10-08T07:37:25Z,0x671cba7b3f32caf831820ea7f72d1b2752d07777,0x310819b9838b19143cb12ac5c459e64f8003ef5bf71a3e8b7469291bcc952a3f,0.73,0.0002438,52550,62191,230,55710,0.0002438,0.0,,,live
2026-10-08T07:37:25Z,0x672b70521b77265dac15b48267282fd629468777,0x1115ce26e4d91821d1a709f7b81903ca345975ce16282025d1db8374bcc2c829,0.12,2.04e-05,22533,53855,187,20367,2.04e-05,0.0,,,live
2026-10-08T07:37:25Z,0x676fabd78a46b9e3db81d9c623727e2a75877777,0xded649433d518fa0eaef2944c15a7e146d7b2f77277577c739ee2c170bbe3e02,0.14,7.063e-05,28243,4708,24,16138,7.063e-05,0.0,,,live
2026-10-08T07:37:25Z,0x679940887670b22a2ff51512997b9721641b5942,0x653434f47ef89b0a4b5a0a0579de141bec38ac5a08155d675b3be58c0ec04b2e,0.94,2.632e-05,26326,110,5,26326,2.632e-05,0.0,,,live
2026-10-08T07:37:25Z,0x67c51c928d5d8383f3a58fc591a4e6f6463949ed,0x77d31f9362c1c9cbe18d091dabe7568ed8316fd27d2469ea11e41cbc9d3912c0,25.92,0.0002458,24590268,2188689,243,103424411,0.00026885,8.6,,,live
2026-10-08T07:37:25Z,0x67c9b7f4269e29daa0c7ab3d9f0307e681c955f5,0xc258757640498d2106fa6a13ff46a505b50774f2cb1a8685173b48abf7725081,0.51,0.0002581,41882,83312,239,58961,0.0002581,0.0,,,live
2026-10-08T07:37:25Z,0x67e083909d6c38130c0e0fc0c90fd0115a2af39f,0x9db24cdfc68ff89290abad27e9a4931d01b92df42e9d79b576674a017293b724,0.81,6.48e-06,6480,5410,31,6480,6.48e-06,0.0,,,live
2026-10-08T07:37:25Z,0x67e9c8e87cef28ffe1a3e13c7082c64d96517777,0xa6d784289e7eecad5ba2edbbb43ed1eb9b9b2247bb857f7db43e52e8e31f015a,0.92,0.0002051,48567,61154,232,46882,0.0002051,0.0,,,live
2026-10-08T07:37:25Z,0x68ba83b09d503ca977f62496dd2aa65e49713419,0x294484b73eda3c34d7aafa2955f9e003b63a6149888174dc849f948336a87d28,0.7,6.226e-06,41607,73794,262,62269,6.226e-06,0.0,,,live
2026-10-08T07:37:25Z,0x68becc6f4938262b39d137357dd1a3c598281e18,0x8c813c836aefc224bf4d7387cb25e0acff07e5ecfea8e9e82402602524c165f1,0.12,1.989e-05,19894,10,3,19894,1.989e-05,0.0,,,live
2026-10-08T07:37:25Z,0x68ca7a6aa54d263a0de91420edb2f18bee76b70c,0x0a89054ce13bbc88574b62f1818c293a8804df8becd4f7e3333c79adc77bdf0a,0.2,4.049e-06,31957,47045,369,40496,4.049e-06,0.0,,,live
2026-10-08T07:37:25Z,0x68f59f8b411a22c2c1aad520f1798dd9444c8374,0xf6a89196c9c451c336c6fcc583b81f1ee825fcdb02314a11a7b1dabdde452d47,0.83,6.567e-05,56483,20363,50,65671,6.567e-05,0.0,,,live
2026-10-08T07:37:25Z,0x6903e7fe9cca2c0a2b6f2620e2a94087d99e644c,0x180f22e05223d85c61bc077f268e30686cc874071dcaf674591b5e766da19566,1.4,,,,,,,,,,dead
2026-10-08T07:37:25Z,0x69066104c208e6fa66f3a432551a20be7443f507,0xde4df4ca497182bdce0a2385ef01f4a45bc5d6e12daaa6c46890ecc048a5a3ec,0.69,2.864e-06,5025,37557,678,2864,7.771e-06,63.1,,,live
2026-10-08T07:37:25Z,0x6933a6240fe5a54d53ce065fd440561d23957777,0xe92741c49bfc32cc16e653e0d8855699c2729b45c94a2fcc1f5ea76dab0d3fbf,0.13,0.0002263,50655,56858,228,51727,0.0002263,0.0,,,live
2026-10-08T07:37:25Z,0x69432c4963eea41676fd76356c7024c512be7c0f,0x40a4b4bd365e4b7e9d84863730aaf91b07ab1fcc04dd8874f22691d5cfef5d7c,1.13,6.405e-06,232497,5225207,5516,640548,1.417e-05,54.8,,,live
2026-10-08T07:37:25Z,0x6946659d5510c9ef1ed54af8c2540c2044f354b1,0x484ff275a7685ffabd5c689dc4015ddeed38a366745c2be7bca917749eaf5673,0.6,2.567e-05,25679,5,5,25679,2.567e-05,0.0,,,live
2026-10-08T07:37:25Z,0x6946cc56aa804db4a1f891583efb8a4d8002faac,0x601d5227be714cabfae1c8fb00707ca54ed0ece25c31ae3d8f5d8257ef188fa9,0.76,1.208e-05,11778,9922,158,12081,1.959e-05,38.3,,,live
2026-10-08T07:37:25Z,0x697322b21d5fff368613fcd8a087f4c57acc5f27,0x396d534889bed7d25901b6eb893495664700493fc9c813b01842575064cc8504,0.73,0.0002922,44552,100342,235,66739,0.0002922,0.0,,,live
2026-10-08T07:37:25Z,0x6993abe44914616fdef356fd8c4ad93008a17777,0x8e34fb15a2a388e4304084011733629b77b6ffe4412d499b7fd7abfb531f8772,1.38,,,,,,,,,,dead
2026-10-08T07:37:25Z,0x69afbd999595f6beff924bbcd8d65ed139355777,0x27a31203a24202dcfb41a140b0804c92ea6ce32400a3e5e422d5c961c6c0a13e,0.76,6.865e-06,13074,1866,8,6852,6.865e-06,0.0,,,live
2026-10-08T07:37:25Z,0x69f045c79e398b78a8310e21ef5bc287ed3d47d0,0x899e5f516c9442df1325564ce3cd99a73551295779316b6165fe285496822519,1.32,2.827e-06,4989,1303,58,2827,2.532e-05,88.8,,,live
2026-10-08T07:37:25Z,0x69f3b17c2b95cc77dfd0203e43b7210af9d20577,0xe40b5077e346e08e19a053a440f6960841f3e3c6f69ba3c9d0032ed86e172be5,1.43,,,,,,,,,,dead
2026-10-08T07:37:25Z,0x6a289508b27eb310188f9e5ea21a0233dd671e18,0xb5a00dda09d7c60f0c0038c433a474de9fe9b094381ce6fdd1c2c011741ecfc5,0.59,2.012e-05,20132,1815,66,20129,2.015e-05,0.1,,,live
2026-10-08T07:37:25Z,0x6a3655f961764ce4551724f03ef5d5b842a4846f,0x10c58dd88c5586418c3c696c2180df09a53cb63940d11ebee5412cd6f5ccdd78,0.76,5.952e-06,40485,54477,237,59528,5.952e-06,0.0,,,live
2026-10-08T07:37:25Z,0x6a3701ef958c45f4a977e39b8f9662ca2cd27777,0x9f1288fce9edaa20ef985ea30631d1a97dc44653750604450edd89aae6c3ea82,0.18,0.0002207,50001,58578,226,50445,0.0002207,0.0,,,live
2026-10-08T07:37:25Z,0x6a6a57d1e94eb586c5b505a1c81434bda3d6ed97,0x104b7921a26f5b6f63068475ff20634c46f8df8a0eda01b04ac5696e4ba849f3,7.75,0.01279,1282755,25,5,12793851,0.0223196,42.7,3,False,live
2026-10-08T07:37:25Z,0x6a9a8eac1e9f7aeb3e0217d0039ca60387557777,0x44bb4fe1ce3bbc1240204a599f374840efb2644da981c44290daa6c8345a7ea1,0.81,0.0002278,50933,55521,203,52064,0.0002278,0.0,,,live
2026-10-08T07:37:25Z,0x6ab0a6d438e272891fe56c1f157d1d9ab0174b78,0x6dc83f822335da093911cc5c6718b5b9f24ce7ea2ddc1df04c97cf0029c8394c,1.51,,,,,,,,,,dead
2026-10-08T07:37:25Z,0x6b1ca238f17dc760d4be485fd13721aca83c5191,0xbd24f3ce90d427bbb76cfced38eb8026d8efa004,0.68,1.511e-05,7586,17,8,7586,1.515e-05,0.3,,,live
2026-10-08T07:37:25Z,0x6b68837acb1b6b2415059f9f7290ca4c3e598593,0xa28e7c34dc2b02559d2ae36db1de48eaa02e30776fba4768131d6898ab188378,0.77,8.464e-05,23980,13116,52,19333,8.464e-05,0.0,,,live
2026-10-08T07:37:25Z,0x6bd363b1ba4e898262f248b4aea570d6ecf0a777,0xbe923afa5d673553b056a82ea8683053bb513e598507ebef99cefda70e76f495,0.23,2.595e-05,25501,52123,174,25908,2.595e-05,0.0,,,live
2026-10-08T07:37:25Z,0x6bedacab9a1a620e6fb6d9b42536fed1181b198b,0x9304584b3b1bd43ca41112599cb58ace025e7bf4,0.56,1.507e-05,7565,1,2,7565,1.507e-05,0.0,,,live
2026-10-08T07:37:25Z,0x6c3804b25ae4c265b8a48572ad0c469464313201,0x6140a59c424d06c5fde8e740ef233f5dd40d6179f03140fd209f0b32ca054032,1.34,,,,,,,,,,dead
2026-10-08T07:37:25Z,0x6c4982bf2e7484f8f8c45b90f654f2c21b4f71b2,0xbee880d9aa13e5fa06466c076cfd9bee40c056eb7cbfec842837e231ba73ec78,0.59,0.0003649,49725,113190,230,83354,0.0003649,0.0,,,live
2026-10-08T07:37:25Z,0x6c4f7472deaba2d2fd37a090a757f456eca8c154,0xf903f70ede0b6775ebeb6815ea5edef220903ee0c5795d04508a27bb7e49d1f5,0.56,2.56e-05,25606,3,2,25606,2.56e-05,0.0,,,live
2026-10-08T07:37:25Z,0x6c658af6b9188de4d562fd5724ae5e32c20ce222,0xb1da5071855366c34fa096ea02844cbaaa871399fd03ef00a682b15fe7c46acf,0.97,1.815e-06,16982,5458,43,18154,1.815e-06,0.0,,,live
2026-10-08T07:37:25Z,0x6c77f9f5449d3ed17c14782958f18abc56347777,0x42cbc7ae5dc1f3a310656d7933452060a250f8c18e552f4c59e702401f6bf75c,0.36,0.000226,50622,61711,232,51639,0.000226,0.0,,,live
2026-10-08T07:37:25Z,0x6c90d47312de3fd0be4e49e163dae1c0aa0801bb,0x1affe4f01a0b655a97a20530bb33e1a8816027829842dff2b0d9a40082bc3d7e,0.47,2.751e-05,30681,30411,255,27510,2.751e-05,0.0,,,live
2026-10-08T07:37:25Z,0x6cd826f8020aef4a43e8233850a4d6e216127777,0x49c559757f2631641f4e092669b07103387779404323683a03c89cae960c4e5d,1.35,,,,,,,,,,dead
2026-10-08T07:37:25Z,0x6cdd0d895022afb8e42d707c92f534d0ddd7f777,0x853d0964e50c0928f4fe5a63bc10e0236f4f63a08ac27a8a281d2b4af19fb80a,0.14,1.241e-05,17569,19389,74,12394,1.241e-05,0.0,,,live
2026-10-08T07:37:25Z,0x6d0dcabd5088b4a422343d30b8946925ebbc5f63,0x34e4891bbdd0c9cc97ac08a4aa167692cf89934e6c7b15fe4377fcbcd5d88a9d,0.92,2.606e-05,26060,3,6,26060,2.606e-05,0.0,,,live
2026-10-08T07:37:25Z,0x6d5aeb8d0b3bd4d17f66b6be9cab89c86cf67196,0x8711495618bc4fb47e1790607a9090fb63e53ca86ba7d81ef7025689f3840b94,0.17,6.444e-06,6445,5359,33,6445,6.444e-06,0.0,,,live
2026-10-08T07:37:25Z,0x6d7536c4ac0e3283502048c95d695ae9fdf435ee,0x4d033a66fd9599ff9a3b3f5ac35ad9b30258a4841995941161aa18ed1e69493f,1.48,,,,,,,,,,dead
2026-10-08T07:37:25Z,0x6d900825b3be5da55f8169443c0fa252dcc72617,0xf577d081a825b31fbfa98e34f9558b32a6710a2d467a487de86cbe25584729b9,0.67,5.946e-06,36884,55314,237,59467,5.946e-06,0.0,,,live
2026-10-08T07:37:25Z,0x6d9a3e67049fd78eeea6cf25e228cb163208e777,0x992e9c2cee204d01a618d58bf5a7105f5acfb06c1e5c274c58026d0c57f7e39e,0.15,1.652e-05,20288,29179,112,16488,1.652e-05,0.0,,,live
2026-10-08T07:37:25Z,0x6dbc05981aef54a467ce05686ef7649b1bda7777,0x3632a4b4e3bc580c9a6573f10f5fd0ad138a2c5397db117677d9e99fe5140617,0.2,0.0001226,37372,24004,98,28026,0.0001226,0.0,,,live
2026-10-08T07:37:25Z,0x6e1315376ab2d7e1414664d6d8d6d4d1a4a75847,0x98bc7ec5fcdc6f061eb7e6b48fcca2a3438c83747fc9f84db346f8011ecfa00f,0.17,0.0003422,48253,112112,230,78166,0.0003422,0.0,,,live
2026-10-08T07:37:25Z,0x6e48a501186a91896f9b797e83119420a7d27777,0x10c563f7bcd3da93de4f48eee5aad382cbeb25b7e41142d5c5ddbe2c55dfb76b,0.05,2.361e-05,24251,43552,162,23573,2.361e-05,0.0,,,live
2026-10-08T07:37:25Z,0x6e6901a7059d4ea055c791833af12bed602e410f,0x831c08844e90653c4c01cb495c1feef8de420a6b47190f122a2a6588b0a1e048,1.48,,,,,,,,,,dead
2026-10-08T07:37:25Z,0x6e8cfb1cbb448975bc0a9e86cc21855e40c47777,0xad7a88a1143d59a0b2422ddfbe02b437ac30dc2ebc311fa89330246514d22683,0.95,0.0002383,52420,65257,236,54470,0.0002383,0.0,,,live
2026-10-08T07:37:25Z,0x6ec68ffdf1c33c307d0ce8c96be445c21ec5c43c,0x2406114d9dda05990f2ffd1c0a366d8ea738d1f6ced1293c387afb5de85a7692,1.48,,,,,,,,,,dead
2026-10-08T07:37:25Z,0x6ecd7a45582145c52faaf31e93d7082fdc95d777,0xaaa68aa074120eb4ce192b3797734f8b3aa58cd82d54460e72193474408fa621,0.05,2.419e-05,24498,51235,179,24143,2.419e-05,0.0,,,live
2026-10-08T07:37:25Z,0x6edd9780f299a4254ef7825d81d96e619901ec04,0x6e77b251aa666a665d5f4493a26e6a476450fbfca028becec209800c00f2e337,0.96,5.946e-06,49862,53727,383,59470,5.946e-06,0.0,,,live
2026-10-08T07:37:25Z,0x6f02b7aa4bac35f66ba9ade67d24833f5a77c777,0x0c049d862f11e40bcf5002756d65754b16a677820f9f921e73ac0250a901c57b,0.19,2.438e-05,24706,56169,181,24336,2.438e-05,0.0,,,live
2026-10-08T07:37:25Z,0x6f13764e0d21266947b01beabcda48c966b17777,0x3399764c1027e16176669ed6b75a60d9ecd9d64ef6e56da9d59043994e50279c,0.72,0.0002083,48571,60352,235,47616,0.0002083,0.0,,,live
2026-10-08T07:37:25Z,0x6f165e63d613d3203322f52f7e5975fbabf94459,0x6e3a5377c3e6460c253eacc41f00e637c96b5995104233b74e0955c2526a1625,0.91,2.556e-06,28232,22742,107,25560,2.556e-06,0.0,,,live
2026-10-08T07:37:25Z,0x6f260eaab6b43cc9a73e0cf0bab9725ab69d3eff,0xe5ae0ef17c063d84a4973871fcd9ad85e4999e796ce321374a45304b5cc36a88,1.4,,,,,,,,,,dead
2026-10-08T07:37:25Z,0x6f4fd4dd91896a71d2c79fae6ff7e8b19d253d34,0x61a0d40ab85e2bc0ab1289d87033c6f97b6e1573,0.6,1.512e-05,7589,0,1,7589,1.512e-05,0.0,,,live
2026-10-08T07:37:25Z,0x6f653576baac2d63d66609d9017654e0d0742de4,0x48bfc2d4f2af50e2a43831603c7ce8928fc028e79ba5c373669471f6825bb9df,0.19,6.436e-06,6436,225,11,6436,6.473e-06,0.6,,,live
2026-10-08T07:37:25Z,0x6ff51d16f84221ecdfb0c3aa74b729370fced777,0x6775587703db43d1f3bdc867f7a32e87e2f8ac282cea6603947094fe0e89a76c,0.1,1.621e-05,20082,15248,59,16181,1.621e-05,0.0,,,live
2026-10-08T07:37:25Z,0x70087c3b47c67ca7b9aa6af2a03fb364ca5a6cb8,0x97f630c1f950811dccb48ad81ee57231da4d4ac4faa1719356b83e74ce2963eb,0.55,5.066e-06,5067,50,2,5067,5.066e-06,0.0,,,live
2026-10-08T07:37:25Z,0x700b1079f1787a7ebac3adf3e8b9190b37b11f44,0xb4253e2ff3999e9bde48426e7ced02cf1d5256e3509e74c45dfc079618bae8d9,1.1,2.932e-05,0,0,2,29322,0.0001423,79.4,,,dead
2026-10-08T07:37:25Z,0x703f58382161e8b7fbfc41d0fd21d30feea80e32,0xa276ee167fe3413480acdff6f683391370853f670d153020b5d46a08b2af1e6c,0.82,2.181e-05,30050,17700,205,21818,2.181e-05,0.0,,,live
2026-10-08T07:37:25Z,0x7042254a821c390bc733c186181255b35f207777,0xae65c4997d99fb899bebaed3bc9e26cdef8f6c6daf233644561f69c9d7a5456b,0.08,6.166e-05,26433,386,2,14091,6.166e-05,0.0,,,live
2026-10-08T07:37:25Z,0x70779bc02d0e61b6a01f647f246cbc92093515e3,0xd2c8fc57f19ab14abaa402f5c6d9eef3c23a8746ae8e3f276a604c5fb5fcb9ef,0.24,0.0002418,40632,74455,241,55232,0.0002418,0.0,,,live
2026-10-08T07:37:25Z,0x7143a00b24faf845dc7decf5ccfd2cc5ea9c7f7c,0x6dca94afe306d3615e92f3507d5cd37d6de3dd356441fa7fd8ad1f433e640598,0.56,0.0001578,32706,48678,166,36050,0.0001578,0.0,,,live
2026-10-08T07:37:25Z,0x717d38587504b79e2e888c860bd1569c0d5984af,0x8da021f34c2f2a95696c4fd842b0cd0cc4e18468,1.63,3.036e-06,3017,17621595,32021,3037,0.01924,100.0,,,live
2026-10-08T07:37:25Z,0x71d2ff6261d5368cfbdd01b82a0746807999acc9,0xb80e1412b7a07bebf2a635169cb41886f823e950b7fc4b286c2b0118a28234f3,0.56,2.557e-05,25579,3,3,25579,2.557e-05,0.0,,,live
2026-10-08T07:37:25Z,0x7240b7baa4f985784c1152086829da541f18f777,0x5abeb3358ca7aa8067dac3edf1727496706a16d5a6fe453243cfb93f08e0814d,0.6,1.563e-05,19746,21181,84,15603,1.563e-05,0.0,,,live
2026-10-08T07:37:25Z,0x725b0a304b4b0b5e2d30a843e0935e82849e8375,0xd96d65ee72ab4c6cf3cf7f671621c058404cada4cd006d43714ddb75b95e208a,0.35,7.381e-05,22391,11103,39,16860,7.381e-05,0.0,,,live
2026-10-08T07:37:25Z,0x72d2ef895ea952125e835525db3583156cb36a1a,0x343fb3ab34b0598dae18edfbafd85d052ef8263532810387d749d849e3e44b0e,1.43,,,,,,,,,,dead
2026-10-08T07:37:25Z,0x72d8414cb32e2ff2ca986734f8a6721e7339a777,0xdab45d89d257db92b29488166d9d4dde4681e06436a17def020128d581be7d7e,0.75,2.843e-05,26622,50045,174,28376,2.843e-05,0.0,,,live
2026-10-08T07:37:25Z,0x72dc556fff14115c077a540921e5f35499a4dca7,0xee5a97c762ac09f62559eb2af1c465c8ba45281189cfe9ee678cda31863c734a,24.92,0.0006365,1539,65,3,636502,0.00341706,81.4,,,dead
2026-10-08T07:37:25Z,0x733c4b3af12c0427968e2729e600b1a1837fdbfd,0xe96126fd22217b876f6580505897eff2d9c64f182acb4640ad0c49280410b6c0,0.98,0.0001281,29773,44872,165,29257,0.0001281,0.0,,,live
2026-10-08T07:37:25Z,0x737ea86e89cc249aeda569a42d2f0da2f6fef777,0x6c915168e67321374981a267558b8e87008fd4d438b14ecd63730c3561fdab5e,0.63,1.285e-05,17909,5623,19,12830,1.285e-05,0.0,,,live
2026-10-08T07:37:25Z,0x73981abaf2b85e1627972dc9fab417b25eb7c1db,0xae7e4e418286b87be40ea3dbc5b832d5182b54fa7986d761be9f821c987e353f,0.85,0.000332,47614,102914,234,75833,0.000332,0.0,,,live
2026-10-08T07:37:25Z,0x7398eb65e6ab210f351c23fd3ac783e7f7f3f777,0x531dc014f6b9ac8eddc9d770211053e6a4cff737295e80b75aa5ddcfeb266bf3,0.34,1.992e-05,22326,45465,172,19882,1.992e-05,0.0,,,live
2026-10-08T07:37:25Z,0x739b686273871a77f0fb112302207c3ebbcdf5cb,0xf37bf4481834b152396c81fb477a9710408505451ecb925155a7f5652c9ed5aa,1.39,,,,,,,,,,dead
2026-10-08T07:37:25Z,0x73a6bb9e6153824783f20679e2ead5d9fc6610e3,0xfd8dd38223f9aa824d77f1b4dfc6f34e495f1b765a91d92743b133300e615a90,0.27,0.0002927,44726,79211,243,66859,0.0002927,0.0,,,live
2026-10-08T07:37:25Z,0x73e4e4065cec9a4bf2c14fdbbe540ac1ae032b2b,0xaa422007f754084f97021e06bb555f031c46a328c86e90a267b7613e02dc3052,0.81,2.181e-05,27332,14160,165,21818,2.181e-05,0.0,,,live
2026-10-08T07:37:25Z,0x74577e8ff3265eca2036045f8321c2510ca23777,0x4e7720315673bf06772b1895c14a58d94649fe9d621108be1d4c79a7dc0f37bc,0.7,1.787e-05,21091,37518,137,17838,1.787e-05,0.0,,,live
2026-10-08T07:37:25Z,0x7463f5a7f3ec0610c04aaa1111d76198737c7777,0x51aa1ceb214ddb4693be9e2b95cc64464822b39929e8c5877e86eab64a854fd9,0.82,0.0002544,53751,57327,207,58134,0.0002544,0.0,,,live
2026-10-08T07:37:25Z,0x7464dc3a1b09eb7fccb3a06e5fb696e19e937f66,0x60a9b871c82c83a601829d62ddb97fac2df12aa1c50bd1462249510288218547,1.47,,,,,,,,,,dead
2026-10-08T07:37:25Z,0x74685e9f08adb9d746bc38aec229ce303ca02fe4,0x6f8160be28a1dcaad942bf4dcb01c86e2ea78e20ee90278eee953e45a93ecb0b,0.77,2.561e-05,25611,1050308,2644,25611,0.0002017,87.3,,,live
2026-10-08T07:37:25Z,0x74a7265605e205683e21a4e4b255dd534e5b7777,0xba7008227f2360492c1f6657b19e5e67de3fb04b8a3571f1a0e0de09d697e4c0,0.82,1.801e-05,21235,27374,116,17977,1.801e-05,0.0,,,live
2026-10-08T07:37:25Z,0x74cc9593a7abce60b3109a361057628ac15b4db6,0x07b9a2dab7d0f99516675d6658467fb9b22030187968a1cc3e49827ca96998b3,0.19,6.456e-06,6457,5431,30,6457,6.456e-06,0.0,,,live
2026-10-08T07:37:25Z,0x7520baba0fd3a2e36bbfcea4c2cf48545babdeb2,0xa39f63ed4298077db3f4bb4a129f6c1cc2e2506d40e4b9d2496a1988d396b64a,0.94,2.372e-06,29446,22423,108,23724,2.372e-06,0.0,,,live
2026-10-08T07:37:25Z,0x753569c0a5fd72a9e0a433b7e91309f096200a40,0x13fe32afd7391f1bbaef157c80d1578624d158b262c5f13b2390abb131a857f4,0.57,2.55e-05,25502,4,4,25502,2.55e-05,0.0,,,live
2026-10-08T07:37:25Z,0x75500075a6cf144efeea543abd740ca3cfadba85,0xebfd0cadee45c0949277d3d20ecb198c1f76dbfbf9c096887b356174f83cb3cf,0.25,0.0002636,42447,76448,234,60227,0.0002636,0.0,,,live
2026-10-08T07:37:25Z,0x7586e7fcdb6de2257b2419f2e0f481cd735a4fd4,0x627f39d91fa748d26a717461f0d9f5f6b76e5b327a2c4821b3eafcab87a3b985,0.88,4.672e-05,43634,11788,39,46721,4.672e-05,0.0,,,live
2026-10-08T07:37:25Z,0x758b1d88270709b6b2c98572b65f02db8c2f8978,0xd65a85403b23513de4ffe4311a33aea6bb34abf72bf3c83b2bea362dd207a518,0.9,9.927e-05,26114,24879,75,22674,9.927e-05,0.0,,,live
2026-10-08T07:37:25Z,0x759c8f52e76386ebc4eb376dee516a2babb025d1,0x39a0185dadb20e3d93df38a13abb2a7f271d8a603341584f1bac1f2117cbe153,0.51,0.0003658,49831,117816,235,83559,0.0003658,0.0,,,live
2026-10-08T07:37:25Z,0x75ac4c2d1e3c4120cec6a3a281c1d6f8bdfac85c,0xeb9524a943ed159cd466cc7233ab36a605720a6b1026e9743828a3b45fa31846,1.37,,,,,,,,,,dead
2026-10-08T07:37:25Z,0x75cdeaaf2b6e1e3793af744f2b7518b841637777,0xa7c1332755f1588b566928156be20d0c785822f05ff091d02a739e28c12fe37d,0.09,0.000257,53989,59166,227,58735,0.000257,0.0,,,live
2026-10-08T07:37:25Z,0x75f2a37539220a83ca2ea5b470815e284fd17777,0xac1d9faf3d733f1e770fa91241c27655142298282a2453fb6a8b60417e75d0fc,0.06,0.0002164,49551,62608,233,49450,0.0002164,0.0,,,live
2026-10-08T07:37:25Z,0x76004f749f5a73d364855f71640d5940d5190475,0x39e533a86d783405d3e1d2f85e9d09720e2e07aec037196a9baee4bbac988e55,1.49,,,,,,,,,,dead
2026-10-08T07:37:25Z,0x7610d8a001b4de4bf089a53d9644da51a0cb18e0,0x162c8deefbd3f8f018a5ed801475cfbc5e2d38775d37ba1e417fec313b7f3fa4,0.69,0.0002438,40674,81200,239,55691,0.0002438,0.0,,,live
2026-10-08T07:37:25Z,0x762e37ec55290582ffd14e955e4404362fa85b9f,0x1ee25af6263c16d20dbbd1ee47d1600b4918ab05,0.76,1.513e-05,7598,278,73,7596,1.527e-05,0.9,,,live
2026-10-08T07:37:25Z,0x76345713326a5a27c694756a3ecb1353f2d2d491,0x8d7c1ca8c88ffe29c776ee394bf89b2595990aca,0.17,2.215e-13,0,14294,18,,3.374e-05,100.0,,,dead
2026-10-08T07:37:25Z,0x765a6c0f077c60705d2cf7637e06e1d2243c7782,0xb603af66095810932fa2ab81a77512b5b4d9d676920f1d4b9fb05861301a4b88,1.23,2.772e-06,4286,2057,28,2773,2.206e-05,87.4,,,live
2026-10-08T07:37:25Z,0x76643d7d0c4c63f15260aa81bf0510210c27c4cc,0x71d85e0d1b1c31ad806317315c23b3ad97fd8d6d9f20794d803397135b0333d3,0.95,3.499e-06,3500,7613,1567,3500,9.983e-06,65.0,,,live
2026-10-08T07:37:25Z,0x7696ad598c5c1e003439cecea13dc740cc53ba0c,0x9903036bb7bf1412c7abed4d61aad4d262540629e084cd815b27e790e9c31087,1.24,1.082e-05,44015,379,9,108241,1.082e-05,0.0,,,live
2026-10-08T07:37:25Z,0x76a6dede7aace5c16dbf8e44a084c2c03eeee069,0x38a25c637aca049d3ceb4ed06fbc2ba8d83adaefa9d3362ca4608d416ff82acf,0.22,3.184e-06,25270,14233,87,31842,3.184e-06,0.0,,,live
2026-10-08T07:37:25Z,0x772a93b6cd5519e48d487cf18083c59ff68bacf8,0x77f59da141f02082c9a5bbb2f97175d50c466a306442882329a1a85f641fcdec,1.31,1.236e-05,1,1,2,12365,0.0002423,94.9,,,dead
2026-10-08T07:37:25Z,0x7758221543127cf0c166494e2d9f6d0c75393777,0x29e5011a7ab38287130772ca13a8d48f779d60a59b05183578ef3945531ca87f,0.35,2.326e-05,24082,54046,174,23224,2.326e-05,0.0,,,live
2026-10-08T07:37:25Z,0x7799d3e74d7f2b0b5a418c9f4a9c1ad35e54036e,0xfafd823d5c0abf535c164fcbb9dfb5e9fe692935231211fc29bfbe6ecde57a8f,0.38,0.0001455,31443,50792,135,33239,0.0001455,0.0,,,live
2026-10-08T07:37:25Z,0x77c6d5a89a0440992bec05c0866e0ec630bfb09e,0x8230c86ff53a22953d47bb5c99e361cccb49677d84d72ca8ba00f5ae71390897,0.53,0.0003662,49851,114590,231,83647,0.0003662,0.0,,,live
2026-10-08T07:37:25Z,0x785650a35682e2851177dbe6ef545876383208aa,0xdf0805f28af5a9b842fb9bc74218298e74c83e8514b867d33d1384bbea1ac07d,0.73,0.0006263,126900,233518,1709,12665,0.0006263,0.0,,,live
2026-10-08T07:37:25Z,0x786c48f5030fd15e5980f3bf6c2ab627c5243677,0x5c0ff38c4efcc0e5371e42d9e1b1bdf3ed43ef8815974f7d57df73981aba25be,0.67,4.412e-05,41617,8350,42,44122,4.412e-05,0.0,,,live
2026-10-08T07:37:25Z,0x78ac5273b562159af5a4765a6f0f2aba5478b8f4,0x6dc274b50e1c7eeb49be3dcc7018331318623b98238d472e9b2edfda01633f3c,0.37,0.0003113,46005,94212,191,71117,0.0003113,0.0,,,live
2026-10-08T07:37:25Z,0x78de019cf1c4808402f70d74046261b8f731024e,0x8e33e5018461d034390b71a98c8a6c01baf0b37eb7eb945030a2e56be0371b24,0.77,1.978e-05,30097,14884,205,19789,1.978e-05,0.0,,,live
2026-10-08T07:37:25Z,0x78ee206d9f80a7e44d71d0e22cc4e60a49631e18,0xa87e3d4a90298f59a4ba835ed42640d524503745a603a651187aba98ac3f8c78,0.14,1.987e-05,19875,201,12,19875,1.992e-05,0.3,,,live
2026-10-08T07:37:25Z,0x78f6172a45ea80bc33f4403f57b9e51f7706bba3,0xbc67a4d8ee23fa6122ba2714a7193d41a0f468178066e3a2365987ceeefc4ba6,0.25,1.014e-07,8626,2,8,10149,1.014e-07,0.0,,,live
2026-10-08T07:37:25Z,0x79488f14947025b627cbd813e4cbcbf057e45b1d,0xcee7370711172c2cc7273b7608ad28e94e566af3823dc6a2a9e8dbf4e7510a0a,0.76,7.111e-06,6921,1756,22,7112,7.111e-06,0.0,,,live
2026-10-08T07:37:25Z,0x799b7f779ae060818cbcb68545456109c6fa8777,0xd293515e6bbd9fdffa1d7b9b25c5ebdcc01f746a84185d4198c28ee127dddee3,0.32,2.199e-05,23438,46944,167,21952,2.199e-05,0.0,,,live
2026-10-08T07:37:25Z,0x799f3db78b06cbbda675e74a975a6a4bbf6e0777,0xb520ee1802fa759586c6782d6d2ea3ccd88c7c33a5e5a0ad7a159376446d791f,0.94,2.862e-05,26938,49515,174,28573,2.862e-05,0.0,,,live
2026-10-08T07:37:25Z,0x79c8ce95ae5ef8b96b0e7223bb02ad8904408a5a,0xdee453f8b1a066f77a3cb7e5f36891e8c4f8c04cc7a2ceb0c86c5adba1afa028,0.61,2.212e-05,31681,17859,204,22123,2.212e-05,0.0,,,live
2026-10-08T07:37:25Z,0x79d43d858905a833b58e93eeade512e2342d5043,0xbd0056a84561d28dc435f40e7c3a1ea7de8734ee0eacc67435db978d6c3e43ed,0.76,2.527e-07,25276,3,1,25276,2.527e-07,0.0,,,live
2026-10-08T07:37:25Z,0x7a05481251ea04fdd0982c57d20b20f3d1827777,0x92a88bf6be19d893f8ebd4a3358c01cacee691501c41c9aef3807b6909a10d64,0.1,0.0002284,50903,59980,234,52198,0.0002284,0.0,,,live
2026-10-08T07:37:25Z,0x7a2925a094739594725e4fa3652f832b01656996,0x8f4dbf77167151ed3326cbb31410a7fdb33f6ea23a54593a3710e196b515bd25,0.68,6.201e-05,54132,38311,61,62020,6.201e-05,0.0,,,live
2026-10-08T07:37:25Z,0x7a31602dad170d23875fe0fb3dee10370b123451,0x1fa6d3ab2c9cb10766615ed7182ec15693dad2636237957defb766b482675e58,0.31,3.436e-05,64471,3341,17,34368,3.436e-05,0.0,,,live
2026-10-08T07:37:25Z,0x7a430537b3eaae64572f728916513e5cfeb68faa,0xc7c9546180122b198ff026eec4e4e5094136aad8fb36bf37b95ac94e6a3dd208,0.87,2.576e-05,25762,3,4,25762,2.576e-05,0.0,,,live
2026-10-08T07:37:25Z,0x7a4506a6d78b9e804d142d20fdfe664933c01e18,0xc4e4fb4c69578d7ea6587bca32e1e5339794bee7a33a9bf54eac1999a8242454,0.25,1.987e-05,19880,811,18,19879,1.987e-05,0.0,,,live
2026-10-08T07:37:25Z,0x7a64d72c0b9519f35d14044c8a4113c7f8023e3c,0xb71e4f73c72a646b46b0079a048a3217d8d52f2ca210c2bcbd019c3637513df3,0.11,0.0003332,47550,85501,241,76114,0.0003332,0.0,,,live
2026-10-08T07:37:25Z,0x7a9bf3098096bef49399257057819c6b6165d777,0x87ed5e8c2a53bd90a3a1011385bb0f84ab3a358f1348fc2fdfe284d8b5304496,0.8,2.329e-05,24145,56341,195,23254,2.329e-05,0.0,,,live
2026-10-08T07:37:25Z,0x7ab0f0634d5adcfa54d0ec7a028a567a27498777,0x356ee2d29b9af68f1cd35622a6081eacd9fba479c515efa2dab8cac0b93a01f4,0.16,2.666e-05,25775,58048,189,26612,2.666e-05,0.0,,,live
2026-10-08T07:37:25Z,0x7ae9ba1f764fcf03974f51af3b102c37dce80468,0xfc97f276356d2e822973cadc33776be54045bfd1b35f49318121648251936d25,0.19,8.115e-06,8099,66743,737,8115,8.691e-06,6.6,,,live
2026-10-08T07:37:25Z,0x7aeaf371a3da50dff8cef7eb496e6b6b26bdbb05,0xa06662025075af8adba80419fdedd01609e09542f193c3af2bb90b1ac6a0c593,0.87,2.639e-05,26387,299,3,26390,2.639e-05,0.0,,,live
2026-10-08T07:37:25Z,0x7af5925f1e1e23eda11cefbd3badf6b9c7ab17d7,0xedfe4df0b4d328217756e903392224684cc237e8f2a666fdb5f23ece08c1eb66,0.1,0.0001382,86032,305482,884,138283,0.0001382,0.0,,,live
2026-10-08T07:37:25Z,0x7af9947903be028583624ff87ef0b889dcdf7777,0xef362cd0fdb3a6f8eddcd671fc0476582e4bdbd134bf5e1cb31346dd0b4ba14c,0.88,0.0001957,47279,40231,150,44726,0.0001957,0.0,,,live
2026-10-08T07:37:25Z,0x7b22173ea7761f38f106605c885db439cef5f901,0x16fbd74633d3e835470c7c662923a005485972d73b73c9fc1c2b54f23b74a0b8,1.49,,,,,,,,,,dead
2026-10-08T07:37:25Z,0x7b23c3f113d960061df63634318a540c8c6ab740,0xe9951140e0d65a5cec8c6e0bd264fa7df8712e76,0.8,1.514e-05,7597,0,1,7597,1.514e-05,0.0,,,live
2026-10-08T07:37:25Z,0x7b2ef9e1b4e86c031ec138ecfed625dc71533e85,0x7626fc09334bcfe52d19a67f324cee42c2a90cf3,0.06,0.0002816,225320,3,3,281650,0.0002816,0.0,,,live
2026-10-08T07:37:25Z,0x7b94914e3bdbae4a25603d5a297b98b4ef6e7c5a,0xf1fa2ede27701e41da8cbd071cd3d3e8b9fe183ec64619f8b9e580c141a6e4df,0.49,0.0002558,41725,77546,240,58439,0.0002558,0.0,,,live
2026-10-08T07:37:25Z,0x7ba7100dc3793a4a9a820b1a0dbccbe5b65d6d73,0x154cbd0d4aad6aa154dd908872cd99b56ab71b3b6dc77d42af558afde4a638bb,0.95,2.614e-05,26140,2250,30,26141,2.649e-05,1.3,,,live
2026-10-08T07:37:25Z,0x7c0cbb3c0427b8a709da3cc63836064cb60d982e,0x23ee6f5b1c3ad46dce92995126f68b6711974b35ee606ac81add3cc381474a78,0.51,0.0001525,32159,45482,156,34846,0.0001525,0.0,,,live
2026-10-08T07:37:25Z,0x7c1e255e47808be732555789bfcbdfda3bf1e876,0xa5ef1287e441eec50ae61cc00d5715c0a2d4ab76191e85c89b0d7656ee68a7e2,0.05,1.296e-06,12966,63,6,12966,1.296e-06,0.0,,,live
2026-10-08T07:37:25Z,0x7c4de03688d7b02773d91e2526c7846c96b15aa7,0x3c7585bb76c48e203f899dd86778969262653bb2fbc50f189320039a01d95bff,0.43,0.0002559,41733,64239,150,58469,0.0002559,0.0,,,live
2026-10-08T07:37:25Z,0x7cedbc738d37f6acb211bfaea69ce9660af9d70e,0xf67449d6f06e3463b506aef14ee2e7181d8fddfc,0.56,1.528e-05,7672,261,58,7671,1.528e-05,0.0,,,live
2026-10-08T07:37:25Z,0x7d02c6af403ce844982ba2dec84cf98001941e18,0xbc60da35aa23da0404217bb5a57f990015128623d47a9f583055c36269e5d093,1.29,2.012e-05,20157,1,3,20126,2.012e-05,0.0,,,live
2026-10-08T07:37:25Z,0x7d205fc668e77da9a681d2aefd483f7771bb5860,0x5d21dcf0670ba38e255fa96b790c6ed2a9d279226c748f61fd42244553ab3e0b,0.36,4.668e-05,41426,287958,787,46686,4.668e-05,0.0,,,live
2026-10-08T07:37:25Z,0x7d265a52af142fec10ac3fd256d2c93a2de485cc,0xe9ac50c4bf35bf2b0f40a6d74e697e56dd21554e9ec0fa570b2bea78093c90c7,1.55,1.067e-05,10661,16815,5,10674,0.0001964,94.6,,,live
2026-10-08T07:37:25Z,0x7d516c9a73a4be0f041554519d6fa1419a97ba7a,0x3aa40ba8b1b7248e578248b7bea28a0d4faae993c0a9244e5b140158173fba99,0.47,0.002579,25791,5,6,2579136,0.002579,0.0,,,live
2026-10-08T07:37:25Z,0x7d5eb4ee66943fc90d0e71d2b40aeb5b6faca1c6,0xba727009cbec8b9eeb67bb74947c0e6a8c004f0e,0.61,1.549e-05,7775,57,11,7775,1.549e-05,0.0,,,live
2026-10-08T07:37:25Z,0x7d7a351238f7797b8e5231c2beaef6675489fe7f,0x2ac7bd670ed11a71f718c00ab1258fb0105848849812dbe18dce53889c9ef499,0.68,7.891e-06,12709,1239,15,7892,7.891e-06,0.0,,,live
2026-10-08T07:37:25Z,0x7d9c7df39a2fdca5c835f6b079893296c484d68f,0x7362187db8d0e9b2779a1b9771aec5a53ea6c048,1.31,1.479e-05,7373,21,13,7372,1.522e-05,2.8,,,live
2026-10-08T07:37:25Z,0x7dfa7cf6d53a40d8da4071a0d530879efd2d73dd,0x21dc0f0e261fee4cdd99331c3e1e9c15def45c483aae1374bf12c4cbbca7d10c,1.48,,,,,,,,,,dead
2026-10-08T07:37:25Z,0x7e03a6b9b5ed7b2040024dd68abe4b0b3ee9258e,0x98615785c20d23004e9d26fd46976956e885feb9a07e49b7e8a708dc46fc05f4,0.76,0.0001904,35967,73282,230,43495,0.0001904,0.0,,,live
2026-10-08T07:37:25Z,0x7e196303d1e802cd6a5255cc3370eefffa1bfba3,0x6423a4887716cbb8911e96d3ed37e2c33008764fba7c075c049afbd00599d57c,0.39,1.077e-07,10820,14220,197,10772,1.124e-07,4.2,,,live
2026-10-08T07:37:25Z,0x7e1f5fe1158d6824c3c5a3bd1b8b3fccdeb5b68d,0x4c5b68d3ca0eda54d3109f37688bf8c9da0ba0e4eaa8fe0a9dafb1f02c8334a4,0.55,0.0002927,44491,108154,241,66857,0.0002927,0.0,,,live
2026-10-08T07:37:25Z,0x7e53357cd8bfa4a6aa6cc16562b0d478b5805808,0x96acc0897c4753a1cc035361e0a275fa99ab61e02f4155512ade679afc6528f0,0.34,5.935e-05,42403,40396,143,59350,5.935e-05,0.0,,,live
2026-10-08T07:37:25Z,0x7e7155446fdaa217322112fc8418223f59bb63a2,0x41dd44c533b9edbb078bd0dbc63e77e2d6bf246c12737d9928a2e35ef6289030,0.76,1.002e-05,10029,0,1,10029,1.002e-05,0.0,,,live
2026-10-08T07:37:25Z,0x7e86f6cf297c53754b4ba21f8685739e799d4e88,0xc77dafcdf8deccd048c90e9bc5be25853bdca949bd84ab5804698843c3849af0,0.83,0.0001537,32365,50643,142,35121,0.0001537,0.0,,,live
2026-10-08T07:37:25Z,0x7e88d9566c45778b922da3422b5696844fd40f72,0x24494bfb562558ad25bbcb964970b98fd1261b9e79214edb00ac4f40c6865b0e,0.69,0.0002675,42565,102347,237,61112,0.0002675,0.0,,,live
2026-10-08T07:37:25Z,0x7eae894a7edd1dca0370bf96ebff7a83e25faed0,0xc870ed79cdff23a3811d908a867c9a47b4dd3c070dace4daca9d90897492f477,0.05,6.668e-06,45241,55666,235,66689,6.668e-06,0.0,,,live
2026-10-08T07:37:25Z,0x7fd49c4deed03ecc87d83369f1d2282cc2eda90b,0x05d89c895fd5787eb6cb8c0ee3451768bafd0b7ebc63cefa62566b5b37605333,0.34,0.0003867,51356,123259,238,88340,0.0003867,0.0,,,live
2026-10-08T07:37:25Z,0x7fe114820d7a02dee59eb90d5a77e481fdc94aac,0xea4bd165c30cd04902aa0af4067bc739312a3d2c291f4b5e2131021197d81629,0.31,1.047e-05,10471,2,5,10471,1.047e-05,0.0,,,live
2026-10-08T07:37:25Z,0x7ff9a0e632a71e923f57b063c2f73cdeaa7f5e00,0xac4d17a60b13b8e2b804b512d157080b92d1321cbeb7aaba5ae7c52351a97a05,1.38,,,,,,,,,,dead
2026-10-08T07:37:25Z,0x7ffcb99eb81f93185c1b4f987ca02cc4d607c019,0x0232e680f47509ca71677cb889ac62128e785fa12eb590641efa1dbf6fe779d5,1.44,,,,,,,,,,dead
2026-10-08T07:37:25Z,0x8036757b947c1f1063de3a7ff1fbfba3fea310e9,0xc0ef16fa4fd7fca6f1e5daffa8b1b396c81f829f,0.31,2.572e-06,2576,465339,1344,2572,4.991e-05,94.8,,,live
2026-10-08T07:37:25Z,0x8048fadea6739c37215f6ad7374b726e2a8b56bf,0x3fa1fbd13ea160a8b774b5f9745b3003ae7b5839e3fdf6df39a6ac9373abb4ab,0.17,1.028e-06,20564,3,2,10285,1.028e-06,0.0,,,live
2026-10-08T07:37:25Z,0x80873dc611174093f1de95dce8698283017c2654,0xf17c2274f2bc1216f215186041d09c9af1e5fd7d7fbeab447987ae7db2019694,0.6,1.822e-05,12742,12490,143,18224,1.822e-05,0.0,,,live
2026-10-08T07:37:25Z,0x80877fe12ede96f807422d5d4ee4f4c47cebc8ff,0x26dd43b1be6b08ee36562e6c3ed807bb4b6f526f12413a693c788116e151eeb6,5.75,0.001536,100725,123126,404,1505521,0.001703,9.8,6,True,live
2026-10-08T07:37:25Z,0x8093c225409a44b35b7d00de8fcdc73c445b1e18,0x0482f643972ee264635473f6b25cb7da7d1fb9bd9688c10d71d9830ba84190bf,0.73,2.001e-05,20011,1,3,20011,2.001e-05,0.0,,,live
2026-10-08T07:37:25Z,0x80c058720dd029af7c65b12b92f1975749cde777,0xa9add6cd31d2fa7bc6646da622d9fe5d5505c458d66f41d6ad1a2c3bc874ca9a,0.61,1.492e-05,19293,44863,167,14898,1.492e-05,0.0,,,live
2026-10-08T07:37:25Z,0x81d3e89371f06542e96c285f914c90dbee7966d0,0x1f158491d8cb1812c607e64f1921b7e8b076b9859afab730a88a790fb4cc6e0e,0.97,0.0003467,48986,118377,224,79204,0.0003467,0.0,,,live
2026-10-08T07:37:25Z,0x81f077c0369cd733bd5baeca2ea5945895519edc,0x9a3492c5112c79ba3af6abc2d70f1d3e6b7683ec656d5060d624eaa59ad779eb,0.57,8.718e-07,12657,1733,14,8718,8.718e-07,0.0,,,live
2026-10-08T07:37:25Z,0x825cc945d504406e9e078658aa1704ea4f9aae91,0x74f10d0cf2200fdd2e318ed49e87ca0e34724b44c350423682998d343c720771,0.82,0.0002213,38845,71329,236,50549,0.0002213,0.0,,,live
2026-10-08T07:37:25Z,0x828404435bc688e3fdc3408ce54f3ce7b99b04df,0xd152cadf302f1bf2b856f0dd909da6cbc0abd3ec6a1354f03a8e0b79f43bfee9,0.57,2.553e-05,25531,4,4,25531,2.553e-05,0.0,,,live
2026-10-08T07:37:25Z,0x828ecb134a45b9a5eefb55d7155c58c045a0007f,0xcdf281c2a061661e1f6d76d2239e76a1173b3f7f,1.8,0.0005128,384656,9,15,512874,0.0005445,5.8,,,live
2026-10-08T07:37:25Z,0x82e60896958cdae0a30de7358f59c6910f5c9ba3,0x8ccb7a8cb4b7c45a972c52ff57a93f2ec7c89181804585123fb08e0ffb5fd672,0.63,1.012e-07,8607,508,17,10124,1.012e-07,0.0,,,live
2026-10-08T07:37:25Z,0x835288703c7e9da492fa40189a68369bfe193777,0x85e561d292eebd8933f47fc58569035bd5540208fee5fb4de8621be024084c16,0.89,2.075e-05,22842,45524,192,20712,2.075e-05,0.0,,,live
2026-10-08T07:37:25Z,0x835ce61e8cb3b3281fecbb6dbac72a4a6cb26a0b,0x24301b72dbc6f328f5d6f71ab8c79e172927c5a6ea9056b389abccc42171eca4,0.71,0.0002438,40664,79714,237,55693,0.0002438,0.0,,,live
2026-10-08T07:37:25Z,0x836a156fb3b2307a499912797def8204469c1c2c,0x5c1799e6290a93e71686e42996e4f3d905e8aae8fbd398f151c1f23989c69d52,0.08,3.357e-05,33047,4340,34,33572,3.357e-05,0.0,,,live
2026-10-08T07:37:25Z,0x83a49b808f8d5e02cb2931cd2352988f498e5ba3,0x541bedd98337d22c46ff8196494f14e7d9922ddedf07b74df44c7020487e5fdf,20.65,8.202e-06,131417,31575,543,820236,0.000146975,94.4,,,live
2026-10-08T07:37:25Z,0x84709d66690533a352c8a531b2a9b25da2941db9,0x85c17fd1fbbd3a256a001c852dc10122e51f0b328bb88d3fe9e4f6011cd538df,0.48,2.064e-05,32177,13551,154,20648,2.064e-05,0.0,,,live
2026-10-08T07:37:25Z,0x8474b542820f76b090bf58592febbc622a7200b2,0xe69ff1aa3b12ffd951e54ec81223510d8865f799248e51f93c37c639e9be4f3a,1.92,1.47e-05,11375,32149,574,14210,0.0001045,85.9,,,live
2026-10-08T07:37:25Z,0x849691386101c3033a9312a3d6ba764744cabe54,0x705cf4f21ff3f9a8a41ee220fb596bc9eec7efef61e7af47b86c5f8710b04340,1.36,,,,,,,,,,dead
2026-10-08T07:37:25Z,0x84f85e4eab47b59f098362b9c982932ce7370f0b,0x046554b8a92d24bf12cd4713f35e4bbe26bb465d9765e0177ab2db485b15e2f7,0.74,0.0003741,50399,109478,234,85457,0.0003741,0.0,,,live
2026-10-08T07:37:25Z,0x856a0f8da9c637bb16af6a08cdcad3743efef9bf,0x993ecbbc7ef5d1c54797df9a3a6890adafaa48be412af3f21905ad19ac262a2b,0.25,9.029e-07,18054,3,2,9030,9.029e-07,0.0,,,live
2026-10-08T07:37:25Z,0x85dd0e6e0e4bbf96fd4d781144a073dafd8e9fac,0x4c23cf2506cbf39b01609fce9a305e558dc9b14363c83e393bb9ecfc9348833e,0.77,6.439e-06,6439,1291,8,6439,6.442e-06,0.0,,,live
2026-10-08T07:37:25Z,0x8622e995e1e0412f4815f4878e21a4cc2f7cc851,0x6c530d6f6e65659f9e1ad4a753d05177818e2174e492e531b73580f69ec8e525,0.26,6.481e-06,6482,5505,31,6482,6.481e-06,0.0,,,live
2026-10-08T07:37:25Z,0x864140198b67d4480ed6c874234950994bbef4ba,0x9130f9019f4fb6d3a46d315d2551cae4fff0cc77c7222a046228865a9c96f6fb,0.51,0.0002166,38346,57677,191,49481,0.0002166,0.0,,,live
2026-10-08T07:37:25Z,0x871c71c7444d055cc54c8ab3ed20f2efbab35b60,0x729f95c4953b33a1963bfd261dac96b80fefc69d2f06d9956ca16de156aad368,0.97,6.555e-06,6556,0,2,6556,6.555e-06,0.0,,,live
2026-10-08T07:37:25Z,0x872167decda652d21eacb480874c074f5fda492b,0x4ca7377ea9157c1a388d8d806845887fb536b3e0d9fe36650f0ebfcf4ac85439,0.72,0.0003127,46080,96469,232,71429,0.0003127,0.0,,,live
2026-10-08T07:37:25Z,0x874bf38403e45092b86fcc470c795831b552abcd,0xd35f6002d7ca8ac05a82de008418c28330b802e5af0e9d758febe6e7c7ff3482,0.94,0.0002388,40601,82903,238,54543,0.0002388,0.0,,,live
2026-10-08T07:37:25Z,0x87540fe397ec313e77a2fff0e502bd1d2b32074a,0xbac909595eea447503d339f82c9494aa897304873b19896def685a97599d90a8,0.95,4.928e-06,4923,330,5,4923,5.343e-06,7.8,,,live
2026-10-08T07:37:25Z,0x8766fefe02678c4e27ca04cdf6383a24598c1e18,0x5df667a07df57c23a42f517fc9362cecafe1186fe0e361a8897b8183f53671f9,0.11,2.003e-05,20034,99,6,20034,2.003e-05,0.0,,,live
2026-10-08T07:37:25Z,0x87708fac80f23e053ea812d108d3d1d6fc7e5527,0xeda1d73e65d812b20d0dbdf948955392c72f8cc19ac645b5159e8a963a3a8cd4,0.59,6.419e-06,6420,434,9,6420,6.419e-06,0.0,,,live
2026-10-08T07:37:25Z,0x87b8bfd21fde5b516700fbc931be972816a6324c,0x44b74759c31ef4d90ebf6c9efaab26182694936c,0.07,7.019e-13,0,22422,100,,1.663e-05,100.0,,,dead
2026-10-08T07:37:25Z,0x87d4826cb2967763996796c00796186ca8ea7777,0xb91f960864b9b8bd577ca15d105d4d7370d9147fc547628a297b00a228592ab0,0.46,0.0002181,49794,59567,229,49842,0.0002181,0.0,,,live
2026-10-08T07:37:25Z,0x87d829177742e29d7993323fcce83d08bee37777,0x73932b87c732dbedcc42a975709e5fea459ef8e4cde4cd0fdb01ff00046c4c03,0.99,0.0002515,53913,60234,235,57474,0.0002515,0.0,,,live
2026-10-08T07:37:25Z,0x884cce31fd7354f2d3cb07fd8b02140b7e3e54ad,0x71b548539e745635785e25c21e8a55fe851f8a9b,0.44,1.512e-05,7591,0,1,7591,1.512e-05,0.0,,,live
2026-10-08T07:37:25Z,0x88864f453a944a1362fa093881d9a37b124cf970,0x4ba8edc848b8b3ec7a084c6aa9ceff6a32b08b2c1e07b149d43e5ca7584edd15,0.11,6.811e-06,6875,118902,751,6812,1.924e-05,64.6,,,live
2026-10-08T07:37:25Z,0x88c412414e8b79bee55677dd1e359cc9ad6769ca,0x52cdfccaa70b949ea100e1860a4294c984e885d7721c99cd729c4a817d3eef55,0.74,5.988e-06,5987,91,2,5988,5.988e-06,0.0,,,live
2026-10-08T07:37:25Z,0x88ca20f9f9383d945f9b45af16201de03d060bc0,0x6da03bc089982652af3c52f70c0c4d291d303b898d8694d1c9932096f578d359,0.3,0.000292,44600,111423,235,66712,0.000292,0.0,,,live
2026-10-08T07:37:25Z,0x88e568b0b8a7dbb427841d2ac2836388381ad777,0x6c5964f788b316ae7843304f51d6db135bf7b9daa18458b73dc45c705bf51e1a,0.38,2.588e-05,25401,46053,159,25833,2.588e-05,0.0,,,live
2026-10-08T07:37:25Z,0x88ea154c960ed9d51481faf4988c9d555c0ca66e,0x24c203311db71f5e6b8caae102edbaeca72bf0837e19539c1069dbbfb590fba0,0.77,0.0003308,47397,120408,224,75571,0.0003308,0.0,,,live
2026-10-08T07:37:25Z,0x88fad55374a8c680526e5b2eeb24a1c95fe03f90,0xa334368b72d1199d360e3baa54fd23db8037f9efc8deeec43d9c8e5b777178c2,0.77,0.0003458,48460,106456,236,78999,0.0003458,0.0,,,live
2026-10-08T07:37:25Z,0x893731cc5f6c79b81e69707da2774ffed666f777,0x29c035c6a154f257e63f8cfd8d44ae1287db6120c629875e2035461157e31900,0.48,2.361e-05,24297,52228,191,23565,2.361e-05,0.0,,,live
2026-10-08T07:37:25Z,0x89698f62ffae673b29d71b4dd883506d6a4c7777,0x6043b2be4ce57c6ab2601382eb55de0388fcf983f1e2a3ec1371fbf6e4beeccb,0.6,0.0002606,54385,61761,226,59547,0.0002606,0.0,,,live
2026-10-08T07:37:25Z,0x89704d1c253bf2df85ecbec873f7775f7d1a7ba3,0x86db93bb22e926bb29d87f5d967daf5e57f45284d0365cccf6866f38b1aec54c,0.71,1.076e-07,9205,3539,46,10761,1.171e-07,8.1,,,live
2026-10-08T07:37:25Z,0x897d151787ca84994ac8df68500f17e587794796,0x6e7fdabe9b3ddbe1d6e2b3585163fe56662edd2255a71151dd2d02ff87fc495f,2.33,0.0001038,30268,149091,1492,100744,0.0002069,49.8,5,False,live
2026-10-08T07:37:25Z,0x8993e114433eecb3ced80de362c2e9a350f179e7,0xe91dcbe22b46e867b8aa469cabb566fae3756f3e,0.14,1.512e-05,7593,263,150,7590,1.512e-05,0.0,,,live
2026-10-08T07:37:25Z,0x899c171b808e14d724f8a03f14cb1cb051dad37a,0x909a6cb4e7db4d2fa78df95c377795d88c6a2ed7a4569fec3f702776f68ab275,0.3,6.46e-06,6460,5410,31,6460,6.46e-06,0.0,,,live
2026-10-08T07:37:25Z,0x89b76dcdda801f2e456765742c64950eb2a0c93c,0x8f6f9a474cbaa1b6b7cab7efa61073f08cc0dc9768214f65fa66a158208fd115,2.51,0.0002423,46232,688754,4028,238272,0.0003041,20.3,5,False,live
2026-10-08T07:37:25Z,0x8af779e7af059255092d26c211d2a488275f7492,0x543330017196230d48c2b26754394547c8900a54bedc70126460e2712b881d12,0.49,2.567e-05,25678,4,3,25678,2.567e-05,0.0,,,live
2026-10-08T07:37:25Z,0x8b042de0f898a5c608a168f3fc37eb6fc25bb6cb,0x44b6a9ff56672198bafc7a097962e25a308c16dbdeb58be04af1b25bfaa9e248,0.94,0.0001259,29505,31743,113,28770,0.0001259,0.0,,,live
2026-10-08T07:37:25Z,0x8b0745d335845091ee6790c1c5e102e1744a7777,0x42a079427e5c4c1ce9e9ac2fb5b3b3f09c5619704612a2be2af36a4a494bb07c,0.33,0.0002049,48248,61387,236,46818,0.0002049,0.0,,,live
2026-10-08T07:37:25Z,0x8b64fbb55f77836a7d1b38bfde1b9ea3b6cfc5af,0x9521e1fb0e08e6ad933a1bcda8aaaf779c97b1d7ed6f946da954094f10a84b29,1.0,2.618e-05,26185,910307,2225,26185,0.0001024,74.4,,,live
2026-10-08T07:37:25Z,0x8b65b850ffa11a3fbeb3c4ca9a6b1c05bcdb7777,0x684d9d63ee792e8f38ef72dcf860e6e0143492f991780e4ae2a7b6b0663ec6b5,0.76,0.000245,52680,60115,227,55984,0.000245,0.0,,,live
2026-10-08T07:37:25Z,0x8b835b7e4fb7dca4abceeab613d39d0a392ef2dd,0x16ed940f882e82034711ed5d6b12066c138edb989045b27575d5dd031db4f612,0.11,6.454e-05,23861,590334,5344,64545,0.0001406,54.1,,,live
2026-10-08T07:37:25Z,0x8bad8f6b34d80706cc3546e39d3793410971532a,0xe919a92b0264265de00a4d34fc0de958a077fb4e931da226371f11aac3c4395d,0.94,4.051e-05,16734,1421,5,9254,4.051e-05,0.0,,,live
2026-10-08T07:37:25Z,0x8bcc3efdd14957bff6e1d2d6d749eddcb8687777,0x4abebbeb99a1a395826a64456918dec098cf808676888a6147e723eeaf7c46f3,0.23,0.0002193,49970,58749,202,50119,0.0002193,0.0,,,live
2026-10-08T07:37:25Z,0x8bddc17eafdec4973647a18fdbb0220c94cfd989,0x61ae37fa49a8edd4bd7ed1d3d7e829f9aaef98d478025cc619ca6697d4f92472,0.48,0.0001677,33805,61351,160,38305,0.0001677,0.0,,,live
2026-10-08T07:37:25Z,0x8bf09fdb1ebfeb9cc6a8974f856d767183a0163a,0xd028f180097464633029e81c4b1ec677a86918ce,0.05,1.018e-12,0,36078,32,,3.648e-05,100.0,,,dead
2026-10-08T07:37:25Z,0x8c087ef926416438448c82bfb058ebf3c284543b,0x5b3dffc76ad73d068098b9639b6d4ed63df9b0c4b6f6c8366c32b8b5dc5bf464,0.08,3.944e-05,16372,490,3,9009,3.944e-05,0.0,,,live
2026-10-08T07:37:25Z,0x8c9abe4042c66cb1e107fd8bb25516a2ca59f2f3,0x7f2d17fad9f6e2b7ccb491008996b50cdc855ad6388a65109b6d95a3680bed38,0.57,2.55e-05,25503,5,5,25503,2.55e-05,0.0,,,live
2026-10-08T07:37:25Z,0x8cc2646b1fcb70737fca5d890f2d1f75af00eb1a,0x52a1c202bab8216766e7dd5c797e662e5168cef2e73275313735189aeaf79e48,0.76,4.308e-05,66476,26150,137,43081,4.308e-05,0.0,,,live
2026-10-08T07:37:25Z,0x8d0f12c75aa8fccbdd99f346290f44cd926a0ae6,0x96648f5b004540a72c4b7375ef9b6a987994887d02777bb0f725a9b6213b3475,0.27,5.001e-06,5001,0,1,5001,5.001e-06,0.0,,,live
2026-10-08T07:37:25Z,0x8d4e41793c044b748dbf73902a6d3eb0becedc32,0x8686a5fdb0f088515a52a6c68e6f9a7ebf78eb8377c4d00e129e91d7aa0dc295,0.84,2.196e-05,28354,18035,196,21966,2.196e-05,0.0,,,live
2026-10-08T07:37:25Z,0x8d8ef51c9a6c3879d1678c98716799fd902b0c4d,0x214b49ec14071eeac3dbe01ff9daaebd5e631eda,0.13,7.886e-13,0,37336,40,,1.907e-05,100.0,,,dead
2026-10-08T07:37:25Z,0x8de7065db1bc4ed7bdcbe34855032b1e22972777,0xe9a8d8667b4bd67c17252dc61b5dd0915bab3babe988ebf32b7ba1cd5775c2e6,0.45,1.469e-05,19167,21467,84,14669,1.469e-05,0.0,,,live
2026-10-08T07:37:25Z,0x8e0f806898d6d72d4b18a5202feadf9c157c7777,0xafdf8cdf99a8a4439c40caf6ee2602056257e8e1218634cd68ccc0f46ecb2538,0.93,0.0002651,55216,67480,227,60593,0.0002651,0.0,,,live
2026-10-08T07:37:25Z,0x8e29b1d3911384085b390b91e9a161003e943107,0x88401f06d718ce2d8e32a62b8694449f18248b400d75c62fc0602379a94d6cb4,0.08,7.712e-07,15419,3,2,7712,7.712e-07,0.0,,,live
2026-10-08T07:37:25Z,0x8e3b6557fdbeb8fb3dcbe56d3b650231cf037aa7,0x85f88e07f36f5ad65f59d89cb14905080d6b06b3,0.69,1.507e-05,7564,0,1,7564,1.507e-05,0.0,,,live
2026-10-08T07:37:25Z,0x8e41fd25e85e624560fa50ff9f117a02cd30b8b3,0x7608c38ea8cc2082b043e886185979942cdeb58e,3.68,4.363e-06,4127,1177,55,4363,0.0452,100.0,1,False,live
2026-10-08T07:37:25Z,0x8e5c38a079663930fadfe0831912a329bb18dff5,0x4e9b24792b79fc75c73bb1452bd568d075316aeb4f7dada6faa2a86b4644db7c,0.76,0.0002269,39230,52931,158,51832,0.0002269,0.0,,,live
2026-10-08T07:37:25Z,0x8e7bc8ed0519f39b48d0c414f4951bb9f8e293eb,0x953e3d39bc3e699734c43c19e317a16cbe2c4c1fc6a061b35e169e40787b8423,1.43,,,,,,,,,,dead
2026-10-08T07:37:25Z,0x8eb0542315d70db044a3f3168a1632bad98f1e18,0x50f9cdcc5c4c8d833506b71d1b12742a357443ed2c5b29c31d8779c5328191e8,1.48,,,,,,,,,,dead
2026-10-08T07:37:25Z,0x8ed195239296091375527c6b28f580016017cf06,0x3d8eec279434b4e25496c84675179e02b171622b1c74b03bfabde34ab779e921,1.47,,,,,,,,,,dead
2026-10-08T07:37:25Z,0x8f460905421ddc84bf959ef3381c6435f9a2bc9f,0x0f6b6b69a6862ad155eb3d31a7c003ff8edb98b94339ee8bbd67df90e31b3b0e,0.34,0.0001856,35554,55416,191,42405,0.0001856,0.0,,,live
2026-10-08T07:37:25Z,0x8f4ea867641de02cd2853cdbabe7d3c3bbcaaba3,0x5bdd4dcd356eb9e7fd6d3429c45da9321f52a975eb4c5444a5c85599334857ec,1.6,,,,,,,,,,dead
2026-10-08T07:37:25Z,0x8f62064ce072be770939253d9138553601082cd3,0x598b786d7a30002a4f3d0a6f4dade0e7dd15f8579b6cad93f0d45d9542f19b8b,0.12,0.0003834,50952,112109,240,87586,0.0003834,0.0,,,live
2026-10-08T07:37:25Z,0x8f92590a68bf522b4a4d4e66879bca68ef7a5777,0xc33587e8c2dd756328dd15ab9a8c1016fb9daa749a15affff677dc0aeef2fa53,0.47,2.839e-05,26646,46304,175,28341,2.839e-05,0.0,,,live
2026-10-08T07:37:25Z,0x902ce3bf9ea32fce9d0bb1a1b9d20fba0ecbb439,0x8afa6f125d8b24c2a75810e51388aa7431cbdcbfe0670659373e587f917ad642,0.87,0.0001059,78771,81017,222,105977,0.0001059,0.0,,,live
2026-10-08T07:37:25Z,0x902f3fad5d05af1f3614381cc86b193a86517777,0xa33d8886a519be3db6856b0846a2f7738ccbf0d5aa768fb203a390d4bff19629,0.91,9.495e-05,32985,8440,38,21695,9.495e-05,0.0,,,live
2026-10-08T07:37:25Z,0x908e97313c81c7c27af6cb70f5db452f6cb4656f,0xa07aef56d3ecff13eea32bae4dd9e80188aa2908e96effd5086ffe7229e0434b,0.82,9.841e-05,74921,147251,459,98417,9.841e-05,0.0,,,live
2026-10-08T07:37:25Z,0x90e29fa1a2ce2ef334f633553fbc28fa041c7777,0xdb226ff4b76bd1962db9f39f72232785421f3e99ac188bbb9c6ec64796fbb377,0.94,1.982e-05,22409,54775,189,19787,1.982e-05,0.0,,,live
2026-10-08T07:37:25Z,0x9109e97fe65a03da7a6923e5a36f8ebecf57c415,0xa51d38070d4841b371e4a3023f2157131d12f77e587e9480fd6c721364baf840,0.14,6.053e-06,40965,54472,235,60537,6.053e-06,0.0,,,live
2026-10-08T07:37:25Z,0x91190add04a5b7edead115f0ef05614627c2a9cb,0x1dada0944e6a1ad3bf04c0c39dea5e6e3776bc08,0.28,0.01097,335542,7633749,26256,10970310,0.01097,0.0,,,live
2026-10-08T07:37:25Z,0x911b2a0ada4dce3e945588120fea3a52c3d17777,0x67e213a87809a2e572353339e03d7f396f7bfc02811ee0d78f4efc86075c68fb,0.05,0.0002447,52524,56555,227,55913,0.0002447,0.0,,,live
2026-10-08T07:37:25Z,0x91a2dae9699f0b82540b5886b0d8759c22820ba3,0x40a433930370f6cdf0a78debc2c6dd599c23bd428c0d67dd8b5373e4f101557f,22.07,2.491e-05,565304,83819,776,2491642,0.000473364,94.7,,,live
2026-10-08T07:37:25Z,0x91c18d91e90f96af75b181026bf302604df27777,0xcf01dda43bb90865f7aece276b1875799622abd58698efc9b0d22830dfacecab,0.96,0.000211,49346,55930,230,48220,0.000211,0.0,,,live
2026-10-08T07:37:25Z,0x91fe0e2cae483d23d1b5e684d27665a60e8be111,0xd542ecba9f6f4a6cf4dde59eb6cd1b63a72562562091145bc55050e152ca92c5,0.81,1.824e-05,29398,10194,150,18242,1.824e-05,0.0,,,live
2026-10-08T07:37:25Z,0x922aa01ec38bdd58c17ead9ca36e1beb19113777,0xc552e490aea22adf5a45b1150481fc2939a62ec6978f530fa6ec4940196deb30,0.73,2.146e-05,23126,30982,121,21427,2.146e-05,0.0,,,live
2026-10-08T07:37:25Z,0x9232fc8174a6961261857861c4b04e04c8eab5a1,0x2f6de4f15bee32726ae7c2a246bfaa6833c703a1,0.05,2.677e-07,0,4888,62,,0.009365,100.0,,,dead
2026-10-08T07:37:25Z,0x927b50e4ce03671d5a505922750edcc9cb734ad4,0x10f2a61a3cb3f8f4ddc2c1bd57dacd4fb38f794333a6110044af81d86d416a4c,1.09,5.23e-06,6788,39061,558,5064,8.932e-05,94.1,,,live
2026-10-08T07:37:25Z,0x92cc31b2a75ec7921142956ee38ea315383f1cc0,0x4fa7168c927f87fb92ba17c29a9546a65269630281d5ab6100efcac9d581769b,0.61,8.747e-07,12711,1738,11,8747,8.747e-07,0.0,,,live
2026-10-08T07:37:25Z,0x92e54a8680f51179169151cc50615bc7c27bc047,0xf58b8e0e486850d906902af2fd4c16ec03e5897b45d603034e18c10b93a1a547,0.4,0.0002988,45070,96583,243,68259,0.0002988,0.0,,,live
2026-10-08T07:37:25Z,0x933c1fc5e1c2265f268f70cb9b4489d7086cbb43,0x688f11f1b06313879b7a6192a64314978d11245df9ff74083231feb2c0d79412,1.44,,,,,,,,,,dead
2026-10-08T07:37:25Z,0x9348cf45f500251694ab7cba5a8cb63041277777,0x2a056e2be4aa9bcef7ad5ae05bf52108da9822688e7db25c1b0539861010ad07,0.19,0.0002844,56879,69595,237,64986,0.0002844,0.0,,,live
2026-10-08T07:37:25Z,0x9349ac32fe9421ab0286b56560471d2bb28df2dd,0xc7a148215c133d16ff875c8c378c8888c8e52b06d3d260a3814d5cfb2982e7b8,0.1,1.086e-06,50794,1691511,5445,108601,1.086e-06,0.0,,,live
2026-10-08T07:37:25Z,0x93ded6f2804dea043e19132a4f5bccec9ea95921,0xea2bb6de9dd4ce3a2a8ea88dc3efa162d5ceec0390c820dc0767115bf70c8fb3,0.19,6.444e-06,6445,6485,53,6445,6.493e-06,0.8,,,live
2026-10-08T07:37:25Z,0x942575ec23f09e10f4e716c469131699c1278fee,0x49a2a734f9aa12784f8a14957c8b7ac45e7e769d88626b8f4cb2eeec52152505,19.48,8.464e-06,8374,5,2,7963,0.000482812,98.2,,,live
2026-10-08T07:37:25Z,0x945b54f2a985599ee30ba9021f712bafc179287d,0xaaf9f85ba7fbc7f085eafba0a4b66ae827de51b9a865cc996ece43ee7472139f,0.08,0.0003761,50547,117541,227,85916,0.0003761,0.0,,,live
2026-10-08T07:37:25Z,0x945d79af542b6eb80f495e2d1455d01af37cbc94,0x80314991d8f50f5abbd8af09841255d6d17d6bd09009d3121a7222c4a77a2527,1.34,,,,,,,,,,dead
2026-10-08T07:37:25Z,0x94cad93fa30adaa8f8086ac878a8563e32316c4d,0x0beac31eb6438ff5ad269ff370f6483ec31f9682d5f92821835764439c3b3b33,0.33,5.423e-06,211427,7294877,9136,542384,5.423e-06,0.0,,,live
2026-10-08T07:37:25Z,0x9515dbc2c3bff8279ba602c1fd677eac90699497,0xa5a36f9f7b1ee5ab093c9f0bef2fab4a195f7d20,1.49,,,,,,,,,,dead
2026-10-08T07:37:25Z,0x953e66a93d73ec124c48a5fd21b61d4377e01e18,0x5676e99c6d437e59838e345cc67c428f06190932b74b064b4cf6871c3357332a,0.6,2.014e-05,20145,525,15,20144,2.014e-05,0.0,,,live
2026-10-08T07:37:25Z,0x9559ad1155f08796f3e16fd7973430bee2220777,0x7028b08e7f9070604ca6c23229439fb17cf7dbe0b9e3ad584f3e73d0ccc8b623,0.13,1.897e-05,21738,20706,86,18933,1.897e-05,0.0,,,live
2026-10-08T07:37:25Z,0x9585595d7664434a3fefad3700f970fe4b6ba777,0xa1fb38462c25ac7d2a178044b9bcbb15b408d16e8bd4379c80466504fbf9186d,0.1,7.47e-06,13643,1679,8,7456,7.47e-06,0.0,,,live
2026-10-08T07:37:25Z,0x95e51cb8f5c656c48bd49093586ff8b34d3448f1,0xe85603bc04a6526fb7c2e68c6f8ba84f381e66d5394f98782069afe6e9a6f727,1.49,,,,,,,,,,dead
2026-10-08T07:37:25Z,0x95e76dda22ade92c7b96557d2350025eaedb9cdf,0xd9021feb99b6bc9a62354864cdc3d46f0bd0a8997e1c7315b67a355c500a85c1,0.73,7.769e-05,63592,255966,609,77698,7.769e-05,0.0,,,live
2026-10-08T07:37:25Z,0x965c70597c1f86bb006e629813d04a690f6f1e18,0x2d21b4d0a0ea6cfe822af9561934ce14ce32c89cba89be77685a32e2ffb6b6b5,0.2,2.007e-05,20075,26,6,20075,2.007e-05,0.0,,,live
2026-10-08T07:37:25Z,0x967a9f0b17748c435339f2546fb610c4f5fb5777,0x1f79230de8765d3296cdcd5085165bb36566f25974d33aca7e88afe819824f50,0.49,2.479e-05,24872,32505,118,24745,2.479e-05,0.0,,,live
2026-10-08T07:37:25Z,0x96d3371e7d5410ab4e07d7856cfc2508036993c1,0xad20f8a61470a326d696e9626e90861c6b4a4ba2ac3eacfffe1329243d5923c6,0.22,0.0001525,32232,43061,153,34831,0.0001525,0.0,,,live
2026-10-08T07:37:25Z,0x96e29a56a108df5d75611efa39e7b8890c552d66,0xa6c929132f28ad9d9f60ad6ccf65f15c30670c8e84cb4e90f9d7ca9f8a0a3c20,1.38,,,,,,,,,,dead
2026-10-08T07:37:25Z,0x96f9c22a77afcdbbe3c0f2fe2f7a9e6aafb0c777,0x593107682a1439541781488c6ea5405105a037b45fe75357773ac0478ffb641b,0.92,1.261e-05,17868,14307,53,12591,1.261e-05,0.0,,,live
2026-10-08T07:37:25Z,0x97808a158327a127c54ff6ff7aef4d7b5e2f7777,0x7ad87cb8a74c450b86bc0773bbe243c897665ff55aaa5277aee2cd2c9056bbfb,1.35,,,,,,,,,,dead
2026-10-08T07:37:25Z,0x9789cdb9ccea1d257157aeb35fb032b65b6b599f,0x76122020e8d07a313a6145c2c9f54ec6a1a8d78c7951797187a39676169fc5fd,0.56,6.205e-05,54106,679204,1298,62055,0.0004263,85.4,,,live
2026-10-08T07:37:25Z,0x97a6b8e319632181350c5a1b2b847423c048d777,0xd7ee3e39c3103ad44a71ff36b8d355400b25f513fd9a6c1a7a37de23d8e86270,0.17,9.984e-06,15787,2766,11,9965,9.984e-06,0.0,,,live
2026-10-08T07:37:25Z,0x97c932eac456d27a763bd8558b386e0db519f710,0x63d0350b271515eb6593c402f7db7d5519c8d317cda1c0a262bda6341469920a,0.6,2.567e-05,25678,4,4,25678,2.567e-05,0.0,,,live
2026-10-08T07:37:25Z,0x9806d5dac1bba21d59d93932c61ac99fb21bde7b,0x00383e761026e46616a534e4dc89f367ac9b456c,0.95,1.514e-05,7569,3,4,7569,1.514e-05,0.0,,,live
2026-10-08T07:37:25Z,0x982c10ff5bd43a93124e651aa51279dfe9ecac8e,0x0f695c71450f9c1413513574187ae46fa3d65912e10d210f9218c6012fad3180,0.6,2.232e-05,32372,19478,205,22323,2.232e-05,0.0,,,live
2026-10-08T07:37:25Z,0x9842a40b109850a2bd54d970fd5091e55a03d371,0x8e4f14b643bc6ef41037d50a29167ad3f772c6b3649bc67018f62abdb98bd060,0.51,2.405e-06,2406,171320,1455,2406,0.0001548,98.4,,,live
2026-10-08T07:37:25Z,0x98e6ec996591c99285f3e24185ae7326dff14476,0x52a900298abe855e50149edf403a32b030e44399b05f7c22ffa33467f6485fc9,0.97,1.034e-05,10342,2,1,10343,1.034e-05,0.0,,,live
2026-10-08T07:37:25Z,0x98f27ece3ddb8920136c1bf14de29c37ee6500ae,0xf4fc5c80c2161c218be2ef96c1895aed4ce3df72a4a670940185516ebe39f5bc,0.43,9.252e-05,25090,16075,52,21133,9.252e-05,0.0,,,live
2026-10-08T07:37:25Z,0x994d93546d4dbc155e33b122c9dad531659412b3,0xa384c776d227903d07a7517ade222d64059bf0cccd2f0a18e9aa44c7e97e3ed9,1.42,,,,,,,,,,dead
2026-10-08T07:37:25Z,0x998526e03b61356d683d72eb4d5485422b512cf4,0xee277f4c734f64c93de7de26bfbac4ece30badfd0fad46bfc1125b368ab0090a,1.13,6.674e-06,6714,0,2,6674,3.27e-05,79.6,,,live
2026-10-08T07:37:25Z,0x9a180b13771ec32e88ffe9713f9c31994d895ef4,0xb589af8a3cd7ac57039b6c6b53209c7298d5c474a949b536529ded7412e53e9f,0.44,7.361e-05,22386,11717,37,16813,7.361e-05,0.0,,,live
2026-10-08T07:37:25Z,0x9a2428adf8d06bd73edce6859b9776bbbd78ed50,0x47f79763cc56d0bae0e928fc89a1be03850d1c0750458a5cbc6c47f0c2a4a00b,1.37,,,,,,,,,,dead
2026-10-08T07:37:25Z,0x9a3bce357ba60eaf3fc260c56e2af832ece2a26a,0x7975b3fa086924e3c2a11001f1a88850f6f3ccaf0ed5bad76d768df2c9385a03,1.09,6.53e-06,6556,12,9,6530,5.552e-05,88.2,,,live
2026-10-08T07:37:25Z,0x9a56ece4b16a0cebf8caa411ce1106ae56b1f777,0x39c094460a5b3a8236cbcd1200650f2743e9df61d9685d47b140a8db6629c530,0.84,2.08e-05,22808,38285,143,20768,2.08e-05,0.0,,,live
2026-10-08T07:37:25Z,0x9a967c29f0656d4a3050e2b77b6941877eb01cce,0xf7624aacbc14dad2c596f67a907b298c67656318,0.17,0.0001009,7,226553,618,100988,0.0001009,0.0,,,dead
2026-10-08T07:37:25Z,0x9a9e36c88ea2035b653b722b733e642f8acade3d,0x4e6faace0efcb1ae73b0085e800b7face74cb0c3,0.93,1.505e-05,7519,0,1,7519,1.505e-05,0.0,,,live
2026-10-08T07:37:25Z,0x9ad56c5f95208be3c6feb7da5accb48ec1873f5c,0x565774f5da8c61dad616cc1473927a2ba286c3754705bb4a2a4ac6881efd0ac2,2.5,0.9675,29043360,1472,10,48375486,1.01092,4.3,3,False,live
2026-10-08T07:37:25Z,0x9adb439a27576144365d832a4cf6ea117cf3592b,0x16e043fc2f13a4185fd6f0af4494ad395baa15ecd215aa95fef0bd21c9bfba2b,0.85,2.094e-05,29847,17248,203,20947,2.094e-05,0.0,,,live
2026-10-08T07:37:25Z,0x9b022ed6ee6366c3dda5cb5eb2f415d59f5e1e18,0xecaa73e2e4cf4dc4cca513cb762e1199558eb204d5d7c2c0d9e98bc43ccdd2a5,0.87,2.001e-05,20017,3127,37,20013,2.321e-05,13.8,,,live
2026-10-08T07:37:25Z,0x9b04ae702fcafb2257590fc0699d3fde495444df,0xd5d2c5abd81613d0dbc34626d03a530a252db4028b5472e04f864e1d0f9c930b,0.27,6.482e-06,6482,5441,31,6482,6.482e-06,0.0,,,live
2026-10-08T07:37:25Z,0x9b457df8d01eac59d6714a5221404bdab2461e18,0x2d57df5643a5ac355d8d29ff435dd75cc1eb8afc063565112a63140be1e52f0b,1.42,2.07e-05,21124,125,6,20709,2.553e-05,18.9,,,live
2026-10-08T07:37:25Z,0x9b8558bf7dc062c8ce984d3e744c976527987214,0x5a071d29452eadaf3204080020acfafe80fe21cdf21cddb19c7385c1c706ada5,1.47,,,,,,,,,,dead
2026-10-08T07:37:25Z,0x9c0ce4f966ec0668d51ab07b46d54ae655cc64cb,0x4a1a63e2a42c3fd94eef684162793ede82decbb1962af4b6ccb629284097066b,0.59,1.315e-05,25316,2645,33,13151,1.315e-05,0.0,,,live
2026-10-08T07:37:25Z,0x9c80ef4c6dde114f8f98c9b7c49b975c8f25075a,0x2932020fe1c62673d9c51acb61ad0ca388242e1c59365cb60e090fec862ff18e,1.39,,,,,,,,,,dead
2026-10-08T07:37:25Z,0x9cdec37293acd933aa0fb1bec77afc6821d9bd01,0xe7d68c90fa606ad422b620b5f501e754a8adfaf2421e68016bf3a83257a0215a,1.03,6.469e-06,6482,119,12,6469,6.591e-06,1.9,,,live
2026-10-08T07:37:25Z,0x9cedb3560ad1e1a6ae8a9e5d45503794f063c777,0xa65614401dc61791b3110731a02307dbd855eaf0cc7968c08f8ef986ae971e53,0.5,1.727e-05,20749,19180,73,17246,1.727e-05,0.0,,,live
2026-10-08T07:37:25Z,0x9cfa229bc844db3ba0b6edd620f3079b3780fa4e,0xdf40b729506fb50f3bfa7884bc91bd2513d9e554d9cf33a8a3fee525cc161bd2,0.06,0.0003737,50356,110172,235,85351,0.0003737,0.0,,,live
2026-10-08T07:37:25Z,0x9d4d0afbdbde14dadc391c488358db6775ce7746,0x4e4bf5df78cfc83fbdd71999e72eca5be9df190491c0803407020f3ce05ea2cb,0.86,0.000367,50068,118857,231,83825,0.000367,0.0,,,live
2026-10-08T07:37:25Z,0x9dc34fba0f9c85305ed8d879864852f586790152,0x17dd50477b79900eee338e643769a7324a6180cceab7f2f13087cc12cbb1ceef,0.08,6.39e-06,47921,41909,224,63903,6.39e-06,0.0,,,live
2026-10-08T07:37:25Z,0x9df1179227966931b25b679601e07da784cd1e18,0xe846a47895d49d940fe6d8dc5d5137f5eab5f885da9a4e24de19f9094a37c42a,0.71,1.999e-05,19998,4,4,19998,1.999e-05,0.0,,,live
2026-10-08T07:37:25Z,0x9e19e3036e82fa3d3f2e4c8de45def347c44974d,0xef51ba569f2ff8749bb68a5b3f4a477e4ec7c7b074b6a4b36bbb74b8fa761779,0.82,6.909e-06,49956,51017,229,69094,6.909e-06,0.0,,,live
2026-10-08T07:37:25Z,0x9e570863a6a9dbafc7dd07bfe4f6ce5b22a58975,0x1f41360508ea7f2e727a142d378fba52dc6f6efc6aefe33b944d7f59572f8974,0.38,2.552e-05,28564,28883,253,25527,2.552e-05,0.0,,,live
2026-10-08T07:37:25Z,0x9e767a01d4241456c9bb53009868ef848b62d012,0xea3ecd671f18a13141a67c1fb6250343c1637f499837f5b3ae88bad960b2e73c,0.8,0.0003627,49716,111964,233,82849,0.0003627,0.0,,,live
2026-10-08T07:37:25Z,0x9e9a3ddbd47b110c8cea0253eb2ead13dee384ac,0xd2390640ee53b4b25fb6cca1fbf32e8605960e9811243f79a4d7b28e739176d0,0.6,3.1e-05,30734,901018,1634,31000,0.0003779,91.8,,,live
2026-10-08T07:37:25Z,0x9ec46ca7e9869abf3a50caae4f430bf9b228ff10,0x759f032ddc30ee6fa00fd4cf331feba097c82ea876610b150a0805d7f26151b4,1.47,,,,,,,,,,dead
2026-10-08T07:37:25Z,0x9ef7c9293c5c6c8afaf097c2067bc1190d5c5777,0x3ce755deaa79fd251599c9070448cd760da00d73a63b96a90f712c3221d26247,0.8,1.677e-05,20483,47772,169,16747,1.677e-05,0.0,,,live
2026-10-08T07:37:25Z,0x9f4b9b596d435e41cd111496e91d80441c0a8777,0xb37153d8800339f5f2735b3d605f04f1de0d57dafd7d4c9ac9627cba15e1565f,0.11,2.166e-05,23211,36500,134,21627,2.166e-05,0.0,,,live
2026-10-08T07:37:25Z,0x9f4ba41f91a59a34e17ee8c9eb3a51363b11abd5,0xd23635812197b00b0ea0fd0e36021740c7951fb34ff1ca79260052b47e9769bc,20.67,0.0007935,83656,208724,847,748191,0.001145,30.7,,,live
2026-10-08T07:37:25Z,0x9f4fa77e859ef07da9fe7becbc12002ec9ae6777,0xa6b50aac3189397cde52cda310ecb3209fc2f735c77f0674c8e795da1d540a2a,0.32,2.91e-05,26971,59516,186,29045,2.91e-05,0.0,,,live
2026-10-08T07:37:25Z,0x9fa091e864b51d3bb4e52cced5be22b66c1439ac,0x1994be5aa77d92e687abbd10bac6ef509f8d7fa48b2e339ced0256f5e263d915,0.43,6.455e-06,6456,5420,30,6456,6.455e-06,0.0,,,live
2026-10-08T07:37:25Z,0x9fd86f326fb245c2e1e1cfcb597af10093e0de08,0x6dcc7490db5aba436c995dbdb0565deff050b41c70caf465fae972ab83fe6363,0.87,0.0003101,46016,82927,240,70833,0.0003101,0.0,,,live
2026-10-08T07:37:25Z,0x9fe755988773c764084980d10e8c3eb8d0e5a923,0xa3d2c501c57377d5ef951f01c4b46c74c9db69271be26127695714661db17a2a,0.1,0.0003063,45603,101054,237,69958,0.0003063,0.0,,,live
2026-10-08T07:37:25Z,0xa0176210c3e268ac463e1b95b44a50c68cbb7d5b,0x1d9f66c0106966a074cef0094deae0c0f02d3cde0a85246a92876e30e06be8ac,0.92,0.0001306,90217,1566953,3398,130608,0.0001954,33.2,,,live
2026-10-08T07:37:25Z,0xa0723b496f407c74ef3ae7d7fc84397a8301784d,0xdabeaa5e139d264d61d8408017abb39dc31d2fa247788e0a892bf711e52ef459,0.16,0.0003252,46993,113157,239,74279,0.0003252,0.0,,,live
2026-10-08T07:37:25Z,0xa07f1926ba15f4eb34e269f1accd176e32dcd039,0x14ca8e9b72b52adfd15ade79fb5e518acca3fa79880f69e631e2a9d20c18a4ba,0.74,2.944e-06,5102,115551,1379,2944,5.076e-06,42.0,,,live
2026-10-08T07:37:25Z,0xa08e265632949fe1a031416dc16f968b59afcc71,0xc98da97cfd8fa4b221c4baa43be8ee78cdb00b494c1920f9715a31649e55309f,0.25,0.0003489,48832,122973,242,79708,0.0003489,0.0,,,live
2026-10-08T07:37:25Z,0xa20baf0c1176cccab01c1db0a9c53a822cb418b4,0xfd4bb24be8b03e82781d74bc202a24fc35aff58fcbbfeca1203298fbfc01e882,0.74,0.129,15000081,21001249,58,129070697,0.1291,0.1,,,live
2026-10-08T07:37:25Z,0xa27675bf701dffda981443ce4ad36b505bbd1ba3,0x82b7c642bc1d6f2d477aa200c076e8ecf3a9b2a821a5e45053fe1912f659099d,1.42,,,,,,,,,,dead
2026-10-08T07:37:25Z,0xa3018007ca1f621cdbf0308066e3f0c9a8287777,0xd1a9f48161e6764316d7de0e4f1fe7e5e8102c7cfae525f2b893f1a86cc9c16a,0.87,0.0002685,55249,66297,236,61348,0.0002685,0.0,,,live
2026-10-08T07:37:25Z,0xa31376ce65f9a225dda2a6186027b008be037777,0x0ec3dc5d706b6040c35ef2a5d75902799bfcddc2ae4444288d82f892b563e2b2,0.14,0.0002526,53393,64489,220,57732,0.0002526,0.0,,,live
2026-10-08T07:37:25Z,0xa3b1d2be58e49a9aa3ff1efcdfcd9588ff1dcf3c,0x1a512113e967ca20927f84229795df96a91dc5262ac051c538c92f073f9872ff,0.52,0.0002234,38914,65483,203,51033,0.0002234,0.0,,,live
2026-10-08T07:37:25Z,0xa4218dfabd27471a84d1446f7543ef842a08843c,0xac0728fe48f658755e0639e5851e511e21f330ab0e9d6797b2f32cecf6f44d32,1.44,,,,,,,,,,dead
2026-10-08T07:37:25Z,0xa44930652990b9ca033679bfef951d8fb1321ba3,0x2b669eda5eeb08737fd04fc178b8b4bf796d24c219bd938432a64b6a9fb9298d,1.62,2.369e-07,20062,8,18,23696,2.703e-07,12.4,,,live
2026-10-08T07:37:25Z,0xa4560b2d04804d7fc9aa53cfc95799711573ce2c,0xf1070a63fbdb4b256dddc0bda06753348e9ad05f5af12d651e509d4e1e7f1dde,0.85,2.141e-05,29264,18840,205,21418,2.141e-05,0.0,,,live
2026-10-08T07:37:25Z,0xa45a9ad563cb2cff61abb765d44dc68ab0bca777,0x4ed5ee3ca04d3a82d9bfef9ab03cf7d5007af455ba72aad502e816605314307a,0.13,1.946e-05,22038,52670,184,19432,1.946e-05,0.0,,,live
2026-10-08T07:37:25Z,0xa48dedf95fe3c72a0f10af13c11f5d26c0353a1e,0xc13b01708e878d681833a0ce778a15d5854d6ef56e1ff6ddda25e19165c6c69a,0.39,0.0001005,100555,123,16,100555,0.0001005,0.0,,,live
2026-10-08T07:37:25Z,0xa4b94a4605d87b3a3e4cf9847d5e0a52dd17ffd0,0xeeb295e59f696973d5b5aca48d82737ca68751a7,0.09,8.955e-13,0,33402,36,,1.84e-05,100.0,,,dead
2026-10-08T07:37:25Z,0xa4ed602f4bd38d3f25a1d99141f0aecbe7d349d8,0x36a57705bb9113f8baa64873f5fcea95a563425839b9bc57d12a15d0e3bfe48d,0.56,2.078e-05,31728,16766,205,20780,2.078e-05,0.0,,,live
2026-10-08T07:37:25Z,0xa550b18887b406c57f3ee8b0a7aa510974c16cde,0x8ba765b32687b8b685e36064419adff5c253bcf39ef20aae101719669fab0fb8,0.22,1.031e-06,20621,3,2,10313,1.031e-06,0.0,,,live
2026-10-08T07:37:25Z,0xa58f35d3d4dae126a6ca6ce66d40e6374bcba17f,0xa732d5827493a42403ac80d1962434f5fd0dae221a167af0056f561d1c0fedbf,0.8,2.528e-05,25289,0,1,25289,2.528e-05,0.0,,,live
2026-10-08T07:37:25Z,0xa59bb854aa90c4c044921b4eda0bd012c50653af,0x0755ab375084da56ec5fe679d89717887519b03387a92febe5d50090cc99a952,0.49,1.019e-05,10191,113,4,10191,1.019e-05,0.0,,,live
2026-10-08T07:37:25Z,0xa5aae9b57d4775b613f981d5b467677a596cb7a0,0x4e510728a11329aecbf7e5981a06950f0c70c20f8fa15af04b33a1c84ef8e520,0.71,0.0002614,42087,99284,235,59724,0.0002614,0.0,,,live
2026-10-08T07:37:25Z,0xa5b96614821e836a734b7b2cda57f61b400c60ef,0x010f459a7a56f7475cd152d3f21d016d56d82d7f6c7e74c20823ed09281bbe8f,0.82,5.338e-05,48394,17003,48,53387,5.338e-05,0.0,,,live
2026-10-08T07:37:25Z,0xa5bb18b53f242d1202e81ecfe4156145941d86db,0xe3c907b187888c50f010c9502235b3f454e4934c5134c723d0ab9c099f5877cb,0.77,6.541e-06,6606,127679,650,6541,6.564e-06,0.4,,,live
2026-10-08T07:37:25Z,0xa5c8cc9fbe4b41b383edb70348d28dd287c63e18,0xddc30709002e268d820bda2b6f8b59675e7e9b2f42c3bc5c80caa123f77336f3,3.6,5.385e-05,21795,25070,1533,48467,0.000175272,69.3,3,False,live
2026-10-08T07:37:25Z,0xa64698eb6bda09590c8ba462668d9f45bcb79aef,0x10643a101f279380312b3b4a088ff627076dc3c9,0.17,1.787e-07,0,6119,67,,0.01468,100.0,,,dead
2026-10-08T07:37:25Z,0xa64e05b44e70764541708f3bed407a4738817777,0xc70928b12a380a0b1b1785ab8351d599039b0396afe8dff147fb19e69c4b71fd,0.84,0.0002393,52140,62207,233,54690,0.0002393,0.0,,,live
2026-10-08T07:37:25Z,0xa6503bbc3e8005a7c8d0062eedb9a22b449428b1,0x098f164fe9528eb3618b2d66afd76a4a0fca28cc5ef7433081a8ec4795b8fb6d,0.2,0.0003375,48011,105852,197,77089,0.0003375,0.0,,,live
2026-10-08T07:37:25Z,0xa7485968564b86a539a1700800e64718eaecd1c3,0xe7c41d2d83c7eb164174b8487e7f9884b68bc961e5b6f3c9557b24f8f61966c9,0.82,6.873e-05,58376,21804,52,68735,6.873e-05,0.0,,,live
2026-10-08T07:37:25Z,0xa8028d022e8f96eef5b19a7cc4079d4e6c2ce4f9,0x20a796740354429fe2216fdb0f20dff96225dc32a40fe0d795124d3bfa9c3949,0.55,5.116e-07,10234,0,1,5117,5.116e-07,0.0,,,live
2026-10-08T07:37:25Z,0xa81118e134dd431b6da5dbab421a4cb242b1db39,0x140dd8e1a17d149e6adeb0347ed990ca58ec82897ac678c0ef9cfae0ebc963c1,0.69,5.178e-06,39872,55657,383,51789,5.178e-06,0.0,,,live
2026-10-08T07:37:25Z,0xa8500a809443b32018fb6e7045d9ddfebacd1e18,0x0b63111b1a70e04129769bd12f11fbb105ca6f84730926740cb2c4fb0cb9a99c,0.55,2.013e-05,20136,3037,48,20131,2.013e-05,0.0,,,live
2026-10-08T07:37:25Z,0xa859501407518a5778ccfd227771a37b876197c8,0x2f1b331ecad04f7981f9b7693d925e697572310d024f71d1053ed62573fef8ff,0.5,6.445e-06,6446,5336,31,6446,6.445e-06,0.0,,,live
2026-10-08T07:37:25Z,0xa86a61a859b8a215116cbccfacb1ea52a5333455,0x8b40f71aae77ffbe30430541c374cd2ae9a3a0439bed7d9582063a7502d1ef33,1.63,2.919e-05,16046,32152,448,29197,8.082e-05,63.9,,,live
2026-10-08T07:37:25Z,0xa8936b7148efda48226de8c06706c8f7b0f85c98,0xd42db345a4bd4df194902102fddc4edbb46f6b63c805cd242b359884d3e86e88,16.53,2.395e-05,14521,4703,50,23014,0.000157768,84.8,,,live
2026-10-08T07:37:25Z,0xa8e180dda63533cfb3753962f85aa5f2a81e0a2f,0x8ce12f0c335186f1d2f986a3a4b1b8331e798bf309d2a05655148291a43d8080,0.94,5.905e-06,37003,37408,350,59050,5.905e-06,0.0,,,live
2026-10-08T07:37:25Z,0xa8f1ebabc11f14a3ec95f5300f30a6c99e250777,0x6b1fe84f2a97a84a961e6639aa0b324faa0d6936df0aa3086626dc51a7683dfe,0.94,7.457e-06,13752,616,6,7443,7.457e-06,0.0,,,live
2026-10-08T07:37:25Z,0xa90c3e81ddf46ef163355a98ea29ac4b79b3d136,0x016fd06ade9fd8b52843c912c125f5fc12701a08e2986a59caea77f04de8ebc8,1.4,,,,,,,,,,dead
2026-10-08T07:37:25Z,0xa9188c9f5a5a1f8191b8679cea5f1d020f483f22,0xab340c2fc7920314bbb0c5a9adfc4e27212da40362d6b94c46806b2ba584cca8,0.81,2.286e-05,461895,12900150,15550,2286928,2.286e-05,0.0,,,live
2026-10-08T07:37:25Z,0xa930a6ba7be179ee283b95d194a068af09f17777,0xe8bd871399163826e050ebbe398774a2bd8625ae1803e7f12693fd941a364708,0.45,0.0001092,35207,15174,63,24951,0.0001092,0.0,,,live
2026-10-08T07:37:25Z,0xa93a5bde9c607940cea4614b3f8c7ac81d677777,0x8b1e44aaa2d674cd67b610ab69612b2b084a4a24b640eee270d326760279d172,1.47,,,,,,,,,,dead
2026-10-08T07:37:25Z,0xa9928ad59e33dc119ea845c523e59ff952804c6b,0x61a5193adb28395a6b0e4f2bbfcc038cf15a68e04e99cd39a373d46e6870b65e,0.76,0.0002692,42716,81423,241,61488,0.0002692,0.0,,,live
2026-10-08T07:37:25Z,0xa9db6d3fb987257767b7227b7df5fad099004571,0x7a3a8057d6e4d173c1b8cf9491fc24b696613b1d49450e483c090357fe8de07d,1.29,0.3826,16500940,46906,17,382644345,0.3826,0.0,,,live
2026-10-08T07:37:25Z,0xaa07a0e9209e16ac99708c3ec70159c6ef3128a3,0xea9f200e13055b82f175f44f592c4c13dd8c9d9320a66487d3c5cd90d68550ef,18.02,0.04626,843419,1332457,2582,43951384,0.123459,62.5,,,live
2026-10-08T07:37:25Z,0xaa07f927b255756e947eafb2778db2c3fc9a28a3,0xb9a25b92a05ff018a6a684304a60067acb5c537ed38635049792ffaf26111f41,1.33,0.05207,14846379,21963904,225,49467327,0.05207,0.0,,,live
2026-10-08T07:37:25Z,0xaa122c212e7272fb6704803e1ecbb95114ff87d2,0x32a392f9c48944ccbce01f1c76b6e7b0e5cea89d09aa166ae690a748962be3fd,0.69,2.561e-05,25619,4,4,25619,2.561e-05,0.0,,,live
2026-10-08T07:37:25Z,0xaa14610fa987fee2b7b50898fc0b099f9af07777,0xfa4a5236e662f1c22edb9127672f80df8b8c6be7c7f114b377c43c7695e57db2,0.98,0.0001742,44843,56828,225,39822,0.0001742,0.0,,,live
2026-10-08T07:37:25Z,0xaa252b953fa6076fbb64d573c2290a73cc4f5319,0x7840e42027ae14c5b99dc1c8b21c88bec4c1ced4f9ce8e8432ed319605d6b733,0.86,2.579e-05,25796,2,3,25796,2.579e-05,0.0,,,live
2026-10-08T07:37:25Z,0xaa4914af73cb91fe34dfa10696028bd129b3cbea,0x68a5b64a22d910f6693b64bdf2404bfee3e195001db5e264907faef1da6cc25a,0.8,6.453e-06,6454,0,1,6454,6.453e-06,0.0,,,live
2026-10-08T07:37:25Z,0xaa5751ff3fb61e613993b2eb4eab1fce017081fc,0x2f509c6e2675a1a7945902c64ba4aefaef32b2fbf34245f12078a1d0573db170,13.58,0.0008544,87535,307643,1227,839888,0.00316245,73.0,,,live
2026-10-08T07:37:25Z,0xaa75e755a333a0f7730a98e816e8ee324f0a94e1,0x06115e1093d70999e1faa11aff77fe315c17348ee064d4b626c0fa1a8c94829f,0.77,4.409e-05,17304,2835,13,10071,4.409e-05,0.0,,,live
2026-10-08T07:37:25Z,0xaa8ea6979dfa4af171472b881da620d83f4ec777,0xe88f0064cb3dbb1a05aec1b71864ff3dc079611907506a56c4b7e61580e342d0,0.44,2.538e-05,25172,52009,184,25330,2.538e-05,0.0,,,live
2026-10-08T07:37:25Z,0xaa919aa4ed11e38e76b69ee85937e7ec03faebf6,0xd4b3d91408892a919baa38b2cf16350331ec50052cd618db9d43f2c736f6284f,0.82,6.521e-06,6547,34018,206,6521,6.521e-06,0.0,,,live
2026-10-08T07:37:25Z,0xaad60db435da6efffa411eac59413d1dfaf172d4,0xd0dffc71022066454f10b32934950145084f29a8ffaf1b4744942d097101962c,0.73,4.927e-06,42073,54966,391,49275,4.927e-06,0.0,,,live
2026-10-08T07:37:25Z,0xab1c50bdf2d239cc1ce702f62644e2573faa682b,0x5f30c2ad8d0b9cf94b82a6209f97c0bb3b7ec3a9ab5080b7cb1005ab78d8806c,0.94,2.578e-05,25782,1154650,2798,25782,0.000186,86.1,,,live
2026-10-08T07:37:25Z,0xab2a8ec408056d13fbcee6cef6b80018fbb54051,0x8aa1081d2401e1c0dc2a966a871179443adb81b381d1f70d6f035c38c8149310,0.55,6.39e-06,6300,1127,7,6391,6.39e-06,0.0,,,live
2026-10-08T07:37:25Z,0xab395edf33658efdc767da01da1d7243ee5f1a85,0x9f848519639f7bef00cda121fcd7805b754164cd1151bbc12983e90af68789a7,0.9,0.0002661,42775,83629,178,60791,0.0002661,0.0,,,live
2026-10-08T07:37:25Z,0xab41308c0856b6665db14fb11ef45ce2366332d5,0xd746ae4427ee5621e5a9122c4c95f58fcb68c54c89b1a1265a29a36c07f10324,0.84,2.078e-05,31233,13530,196,20781,2.078e-05,0.0,,,live
2026-10-08T07:37:25Z,0xabeb34e635f0f0fad631ead3c6cd8b027c6835ac,0xe34bc1e471201fbb4ae79c67a57b6acea013d7024174d532ba0bf9e7cf1f97db,0.14,0.0003659,49760,116122,223,83574,0.0003659,0.0,,,live
2026-10-08T07:37:25Z,0xac434a90ba5e5c01a8d4736e6ac4960586492b2a,0x658238b264ca2666b59d3ca3efa623ae7024eb32,0.74,1.513e-05,7592,0,1,7592,1.513e-05,0.0,,,live
2026-10-08T07:37:25Z,0xac95d8509a2e4687b64de689e3055052352bb5dc,0x565fcddae258ba5cfc6df9eb6ab27f8df4746c50581e192759581bca611ef922,0.11,0.0003752,50459,127753,234,85714,0.0003752,0.0,,,live
2026-10-08T07:37:25Z,0xad0319e5c4e797041a0150a1372be682f4533611,0x82357e32fec01fde5af395491c83e35ef217263af0e7d8a3e00dbc58501122ea,1.47,,,,,,,,,,dead
2026-10-08T07:37:25Z,0xad039586f43b861bc0d5296e85836698b9f2a721,0xef7671b280eeba310f983e52e0a6f641d0f026ba673e23e277a149cbff9f9b76,1.43,,,,,,,,,,dead
2026-10-08T07:37:25Z,0xad4d85e5b62abca75c9c8b25ac612165c95f1e18,0x19a85b970b4f7372fd92dc5c519f63ed3b53525350f11717d5a2c50aace16f38,1.09,1.987e-05,19872,0,3,19871,2.051e-05,3.1,,,live
2026-10-08T07:37:25Z,0xad565654201d9577ed384fe7494221875c03b064,0xb9da3542e09563dbaa6a028ce780ab242502c68435ca24e0995053bcf4afd80a,0.94,9.891e-06,9891,56,4,9891,1.004e-05,1.5,,,live
2026-10-08T07:37:25Z,0xad7e6be0c72db44372a570bb24480e40acd1afd4,0x6f0fb98e6f35d6c9fae68fb8367df8b307629c90e33d9ae59c5d0346bb1230c5,0.8,7.85e-06,47614,48989,238,78505,7.85e-06,0.0,,,live
2026-10-08T07:37:25Z,0xad8b4e19e82e4e2fa6a29c1c6bdbbf2d84b6e64a,0x6383bee41c623f9b93537a4b21d4a924dac7e7a4,0.44,0.9998,10000,5,10,999802673,0.9998,0.0,,,live
2026-10-08T07:37:25Z,0xada4c1cc32878fad9a54f5537891d419d8e9640f,0x584d9069c1106c31b4495ebca186c4467dd732ec5c2ba70b37ec82077ac90c16,0.32,6.441e-06,6441,5431,39,6441,6.459e-06,0.3,,,live
2026-10-08T07:37:25Z,0xadbc89b8dfcd77b8a1e1b495e96228c49f38eb71,0x6644b2021e87fdfcd70b791ce323c72977b846ce0cb24f2524a1128de2f15131,0.76,5.511e-07,49542,13071,46,55118,5.511e-07,0.0,,,live
2026-10-08T07:37:25Z,0xaddee94d670cd2bfcabd752ced03758831977806,0x7a1371a8324a015c73c8f3dd61c05d92eab1bbf3,1.31,1.457e-05,7265,9,15,7265,1.526e-05,4.5,,,live
2026-10-08T07:37:25Z,0xadfefd9334772993e1dfa7391c60da5e1ec27777,0xd3f8ce7ba0f40d00b224c87ed9b806ba70def5bd299e73c06c364c0ccde3e134,0.55,0.0002642,54585,64615,234,60378,0.0002642,0.0,,,live
2026-10-08T07:37:25Z,0xae271a54182021b51bbf66366c0f5f181aba3a7c,0x01ffdf0f7266822d571d0914b7874a74656fe4d5a28a650cc38b00afe1d8c81f,0.71,2.563e-05,25635,3,5,25635,2.563e-05,0.0,,,live
2026-10-08T07:37:25Z,0xae4b67b68490e4782e6ef929724735e9f65a5788,0x11db2f235ed8bf1c5f16c3769f748b362444bb25d0a8cea6eaec08584fd3f713,1.41,,,,,,,,,,dead
2026-10-08T07:37:25Z,0xae835fc8cbbe61f67b4080b40c4b5b35bddb5995,0xaf34bef9d92201bb033716be1b622b2c36dd5a0f62d753cb42bc841516ac1630,0.57,2.398e-05,28352,24600,200,23982,2.398e-05,0.0,,,live
2026-10-08T07:37:25Z,0xae91b9e0a09031642d6bc143c5ddedd2b6f71b01,0x36360ed3f3f1cd01ae3ebceff76fedccdef78899af3c1725f1941f2fe41bf374,0.87,2.576e-05,25761,2,3,25761,2.576e-05,0.0,,,live
2026-10-08T07:37:25Z,0xaebc764c588c9a480307dd59bd55f542e2b5b35c,0x91da0a979dc925aac6b318b50be7224948e8b2b7,0.23,1.943e-05,13,1733139,5050,19438,0.0003201,93.9,,,dead
2026-10-08T07:37:25Z,0xaec89a4a32047418638d666bb8bf9274a7677777,0x39c4128dd81f04461fee312ccc86048bfa7ba81c9dcb01f65d4b84e05101847c,0.08,1.917e-05,21863,51178,178,19140,1.917e-05,0.0,,,live
2026-10-08T07:37:25Z,0xaf29a96263246e9416056dc8bf77e9f56ca0cc04,0x461fc81e3fdb5acf7ef4864a67f57a1e0499d305d85212e5c46404c7bf1b29e7,0.68,3.574e-07,62870,6266,28,691,3.574e-07,0.0,,,live
2026-10-08T07:37:25Z,0xaf57eab05f0caaa114f4cd5528530b4216e4cff5,0xf4058ebf6da2c4c09d041442876e2e94271017ceae6de40e489676a237c2f055,0.32,0.0003777,50704,136627,235,86269,0.0003777,0.0,,,live
2026-10-08T07:37:25Z,0xafa3464944569569802669538e7312a3e2190131,0x9c7b19e520b84e3838e7a332cc655b23df0ec00b4d38d17634fa7e47507dcb2a,0.67,0.0001806,110480,139699,323,180627,0.0001806,0.0,,,live
2026-10-08T07:37:25Z,0xaffdfb3438b7c4c96742942873ab86a7ee519767,0x5612492b6b4db5e4b20a26e99156b0e53d1c9c4cc378f7a7f8f2dd63622a0707,0.82,0.0002656,42536,90449,202,60678,0.0002656,0.0,,,live
2026-10-08T07:37:25Z,0xb020e4fd65502eb4766fb86a720aef714b433f96,0xf5cfe971a06c7f918d450b25c1c153063434ee678df4bb9e75e1439d580e38e8,0.56,2.553e-05,25530,4,4,25530,2.553e-05,0.0,,,live
2026-10-08T07:37:25Z,0xb02e8f92aa97dd90285af017db27792369ebd02f,0x440b93e8d58de6575e321f90d6ade177a98d6f81,0.9,0.002408,1112474,521539,1998,2408828,0.002408,0.0,,,live
2026-10-08T07:37:25Z,0xb055ebb6b29a9a590667d824a86466159f5afba3,0xec298a5a30e10d45a8410ad0dc6bccd390774aba32e298761912d5a4572ce6be,0.69,1.007e-07,8565,10,5,10076,1.007e-07,0.0,,,live
2026-10-08T07:37:25Z,0xb08f292ca078134ddda2419337861dfd4ed11e18,0x4fbe57af9988d625172b6893bca69faed8029cb13f88309ca0fed9467f6043b1,0.8,2.014e-05,20147,0,18,20147,2.014e-05,0.0,,,live
2026-10-08T07:37:25Z,0xb0a4497cb5e37b48201c8b9ed998354831851777,0xce4a70b464a8965e4b3bcce1690fa4c98c0660c4e4bd182d8483b5f8738f5fd4,0.43,1.379e-05,18561,9473,35,13772,1.379e-05,0.0,,,live
2026-10-08T07:37:25Z,0xb0b3abbf3a5ff48bf20bf7bc0fd064cc4b824fd6,0x1171ebfc08d29a38c56883894b7b0661c492d0c82110803293c8a699175f329a,0.49,2.353e-05,32056,20776,205,23539,2.353e-05,0.0,,,live
2026-10-08T07:37:25Z,0xb0e5b81b7828c6643b9a387dca54fc91a16282b4,0x93eb7f7ccc88ba870c0ce70a0a9239f634903dedcc540f747de1594911f59684,0.06,1.181e-06,22038,745,12,11811,1.181e-06,0.0,,,live
2026-10-08T07:37:25Z,0xb0f3ab8575bfccad787490e00d0e8e4f13f77777,0x5358916ab961df9d3708236a032c76db5b668c13f3d96538b9091c7de42bada8,0.26,0.000246,52920,59184,230,56225,0.000246,0.0,,,live
2026-10-08T07:37:25Z,0xb10e359bd403d5b1a6aa250f6dcf7fb07686c972,0x48b07961081a4ddcad63eeaf66293e10c8854469,0.84,2.996e-06,2980,14314013,28919,2997,0.01313,100.0,,,live
2026-10-08T07:37:25Z,0xb11451f22dcbddf314afe5dde2df24ccea248777,0x2c5f7b248d8b09b5c6e3d28fb9d0d9458ad58c76275bfe694d20b34a88c7c87d,0.27,1.916e-05,21924,51464,187,19131,1.916e-05,0.0,,,live
2026-10-08T07:37:25Z,0xb16d8f96937539c3f072a1a7ddde33736ceb3b56,0x6ef679422555ddd2017a6caa4020151a8445556b,0.45,4.265e-06,5928,391,3,4266,4.265e-06,0.0,,,live
2026-10-08T07:37:25Z,0xb18a4bcf9018bedb1fcb90ed80f87087151c09f4,0x206211d456a3a9dbe45e13507aac5131ace9c716,1.82,2.897e-06,2888,2189,21,2897,0.01692,100.0,,,live
2026-10-08T07:37:25Z,0xb19d50293dc2156e57fe0c625a5dfb3d286a8f93,0x5d82c926daf94ee68dd442d2812f43518fbcab46,0.74,1.513e-05,7592,0,1,7592,1.513e-05,0.0,,,live
2026-10-08T07:37:25Z,0xb21fb45e9dfd9fb7cb515ea3398a1921e0e00869,0x32c07861df652b1f17984aef323641407eb36a75c935764a92fabdc1e8f59c97,0.07,1.773e-06,17288,3330,53,17733,1.773e-06,0.0,,,live
2026-10-08T07:37:25Z,0xb232ca4665c8a3bdb7968dae6b708ebd48e02639,0xa152f227d0814a10cbc78d1f48b31b3db455c5c46e9bd5b3364081cfa1ba3cf5,0.26,0.0002444,40823,82143,239,55839,0.0002444,0.0,,,live
2026-10-08T07:37:25Z,0xb25590d40d851302efeb335e3e91dac3362b811b,0x99ec36de822e26b715ac8074c3e2acd8c36cb1c4a15b6dc5e6a1a2dc24866bdf,1.39,,,,,,,,,,dead
2026-10-08T07:37:25Z,0xb27f886903f9001b9f759711727646373d742ba3,0xc02578829887e699bda3607843e1e99f45f6a037e4f16ace4f931c31f8337647,0.6,1.48e-07,12823,23594,365,14802,1.486e-07,0.4,,,live
2026-10-08T07:37:25Z,0xb286271ac023261f68662645ef608447d31d4fe1,0x23a662b5fec9035ebdad5e6491deef158283aae288436314f0cb3bc83dcccee9,0.25,1.032e-06,20630,8,3,10323,1.032e-06,0.0,,,live
2026-10-08T07:37:25Z,0xb2fc3157333df3d33f44790bc88ffbe13b297777,0x77c177531a917b9b249dd9ee0d5548216878b515490f2ba242993742e0d1b546,0.34,0.0002244,50520,63628,232,51292,0.0002244,0.0,,,live
2026-10-08T07:37:25Z,0xb323ddbacfe94afa78dd8b887da9a7286946f30a,0xefacc53ddc5327a43dab3c3df2b5d60eb6b1463bb41eb2dc33c880d0d579d9cc,0.48,0.0002917,44590,83227,241,66645,0.0002917,0.0,,,live
2026-10-08T07:37:25Z,0xb363202df533f79ecfe0be6f1e0781e43343eb5c,0x0fd838bbcf76031be6c770cf4e55f9a97b55bbf3,1.6,1.368e-05,10426,24101,972,13690,2.183e-05,37.3,,,live
2026-10-08T07:37:25Z,0xb3a2204fd5d011d268b56d6f7a0ccca484f5a727,0x9c41406df394f1c619721992b7227a0475c4a90cd734a73fc8ab91c6cd73e761,0.49,0.000621,226887,1447117,3136,621037,0.000621,0.0,,,live
2026-10-08T07:37:25Z,0xb401171abc19a8ccdd673ce423b143a6528d1e18,0x0f5291558508d9ee226fe7d37a8415bc226e85834025b6c9e5d36357f9faefbe,1.8,1.999e-05,20000,3,3,19999,2.001e-05,0.1,,,live
2026-10-08T07:37:25Z,0xb43d4a8ed56a48cf937874db05f0261959c9fc97,0xf91431980930f5d69cfecc017ed31406f6906b3a8115210d779c4028fc66ea77,0.1,2.567e-05,25679,1169533,3075,25679,0.000135,81.0,,,live
2026-10-08T07:37:25Z,0xb473abc4629ae3038bb3a57e4e88f0ee6488fbe6,0x32844dc23b391625681006739043da5a0ae4e459c95b260a934133a278582742,0.08,0.0003413,48195,73508,242,77963,0.0003413,0.0,,,live
2026-10-08T07:37:25Z,0xb47c6bf935b19068dc3bf9b81146b8187cbca688,0xc9e4c5458260bdebbc9a2881b4f48fdc74b6e3416b728f20fd5a63f47f065c4e,0.69,0.0001766,108965,185411,446,176632,0.0001766,0.0,,,live
2026-10-08T07:37:25Z,0xb484b1216beaca0a9093de83be11f22b83ae26e7,0xc70c5e094e7ad752e7f0a220fdbd23817d4e57d8a6763bdb0f85e489b2ed6b5f,0.87,0.000192,208499,442703,2395,192007,0.000192,0.0,,,live
2026-10-08T07:37:25Z,0xb496b65763fd6e1b02624e9c31a20f36a4723d88,0x1e51a9247528ad3356a2e53c9c0ae25cfe84e261ba9091275b34bbeaf108accb,0.18,6.457e-06,6457,5433,31,6457,6.457e-06,0.0,,,live
2026-10-08T07:37:25Z,0xb4ebf16f805c3e307242728c1aa3c1ee07e965f7,0xe1d7af709494705b7326e61093b992ed239a94f0737ff2f572dca0c4fddaba9d,5.57,7.646e-06,8213,80048,639,5875,0.000598759,98.7,3,False,live
2026-10-08T07:37:25Z,0xb55e6ea3ee2e670f65fa6ac254cc063011f76ba3,0x54cfc2ca4b8c19a9310cd11fda36a5f4162d28bb0d2ac391099028791b8456d3,0.75,1.017e-07,10184,352,5,10178,1.017e-07,0.0,,,live
2026-10-08T07:37:25Z,0xb5a3f2e32c391c760386866564c332780ded0882,0x3baa2daf87c84619f2abb24815d5052fbc7aca5f,0.5,1.512e-05,7590,4,5,7590,1.512e-05,0.0,,,live
2026-10-08T07:37:25Z,0xb5bf0616d4bf9ab6dfbe1eb23c5ffbf136f61e18,0x039f96d357d0d8d2ad3fc2be4497b432500542dab1f1af1370219008deb39046,0.42,2.101e-05,21063,40262,759,20993,2.572e-05,18.3,,,live
2026-10-08T07:37:25Z,0xb5f117eb7e564a720fe55780dc3a82a9cf1a0572,0xecc572844a863446e9fb93b71523147dd99695294a1595c1940542393f1a5f2c,0.19,6.423e-06,6423,1292,7,6423,6.449e-06,0.4,,,live
2026-10-08T07:37:25Z,0xb6031e64c7874e2bf6f84cbcbe7bd603f2553f0a,0x772eaa2c6abdc49c063638499b40d5ad2370148d9a94e27a4a44dde119e7625a,0.85,0.0001642,95570,7975761,18366,164296,0.0006425,74.4,,,live
2026-10-08T07:37:25Z,0xb645949625b67ef9a97fe2008cf45c242385f777,0xdf98f89b3ed2feecfa01636917d28f81c64c6ec978d9399ed5d65094dae2ac12,0.27,1.829e-05,21403,40793,124,18261,1.829e-05,0.0,,,live
2026-10-08T07:37:25Z,0xb65dd50e6de16884c33c338a2a9cc9c11a55cba3,0xff8475217f4eb4de85d556fa51e881850d8007bc16a728fd822a8afa75cadaa6,0.72,1.015e-07,10162,2033,23,10157,1.015e-07,0.0,,,live
2026-10-08T07:37:25Z,0xb68398617dbd4ddb6acc2c4cb4e7ff82ed904777,0x9846b48be9eb278e882edfa61a4ac8945da0a9b2156ad36747fbdb5128d96143,0.91,2.009e-05,22504,48155,184,20060,2.009e-05,0.0,,,live
2026-10-08T07:37:25Z,0xb6bb09aaa195e96fda7c382159eef7f4a0a759de,0x5c299be1eeab533b4912236b203145d5614e1ac1e877630f427abecd4f5915fc,0.06,0.0003145,46262,75100,233,71839,0.0003145,0.0,,,live
2026-10-08T07:37:25Z,0xb70c9adb2281eee879c7cbaee0fd0059a2f866bb,0x56b9ad9f42359d2a9321c55bef17ca95627bdf6f,0.57,1.529e-05,7679,0,1,7679,1.529e-05,0.0,,,live
2026-10-08T07:37:25Z,0xb71c11e14e788777ae1cfc9663f6b4143667b777,0xc55534ace9d7abb7e21c981eb1cb53faddde8a491e3e25e9f529e4eea16b15a3,0.2,2.084e-05,22854,51365,179,20801,2.084e-05,0.0,,,live
2026-10-08T07:37:25Z,0xb784e5e0b85d5cc9fec1c5f223f9321b3fe99fda,0x9103ea32b122bde9d0756048c6d3f8966e517ed917410791cf014d4434c06440,0.26,1.031e-06,10313,3,2,10313,1.031e-06,0.0,,,live
2026-10-08T07:37:25Z,0xb78cfe933bf89348c7c68bab31ba84cbc5a27777,0xa58583a86f57938b850206dcbae71d3d917f081fdca062bc4e69ffd5360482e2,0.74,0.0002665,54927,60594,231,60902,0.0002665,0.0,,,live
2026-10-08T07:37:25Z,0xb7c6556db5dc4a4b7cdeaedf7ada1c9027c3d891,0x1deb1928cc688a808d57972d5e1ba7e0f20df8b72d7bcc3a1da5acc5c1e66267,0.77,2.202e-05,28416,17993,206,22026,2.202e-05,0.0,,,live
2026-10-08T07:37:25Z,0xb8120ac7444953e7f3b30ed7356045f2c5d10777,0x7531c0fd8de9cca766288f7629af8f017691b8e9d5e7052b19c97f2907dd9e85,0.56,2.81e-05,26421,48083,184,28046,2.81e-05,0.0,,,live
2026-10-08T07:37:25Z,0xb82e1ee3c1baddf291f3836968589ff72f38a022,0xd40da6452ab9b0b718cf5f8563314a4432fc39b5,0.18,1.761e-13,0,18815,86,,1.991e-05,100.0,,,dead
2026-10-08T07:37:25Z,0xb86933ec816e7f5b43124cb5604ffa882c6a6777,0x0e287b4e29d0d709caf05359fb3248e9cf1bf9a94de999b7db1b32418d2d2c18,0.28,2.416e-05,24588,58856,182,24122,2.416e-05,0.0,,,live
2026-10-08T07:37:25Z,0xb8aad220341ed8d9558d4aea2d96a677813dcccc,0xf9559fc80edbbe2a7f069509339756ed14feaa682db9c6e8b12b841c65019ca1,23.01,9.529e-06,9811,10,5,9529,0.00116173,99.2,,,live
2026-10-08T07:37:25Z,0xb8c02eeba19dfc72ca404d745a86700259375777,0xbf89d19660fc10c387d2a11640defeba45db0e9fc1fb1b80b39046961dce5537,0.59,2.813e-05,26498,51085,180,28076,2.813e-05,0.0,,,live
2026-10-08T07:37:25Z,0xb905b8e778b0d83836a5a7a333a77d8ab7eeb6d5,0xbfdc7bd0b2553b2f59e50e4237170bcdb95c67a8,0.68,1.51e-05,7579,0,1,7579,1.51e-05,0.0,,,live
2026-10-08T07:37:25Z,0xb91040f8e25b83b6e8335f4f16dfd53c67be3c2f,0x75408fb2d283fe1e35086f1b781a6e7d1bac597b36bc484bc67ea54ac2bbc6da,1.48,,,,,,,,,,dead
2026-10-08T07:37:25Z,0xb93cdc3ca47f1143449f3b501cc5654fe9587777,0x282becbb83aec5ffeebb6d8c61330f4a84d27de97f481bd764ff12ac7611dcf5,0.77,1.908e-05,21809,43673,135,19050,1.908e-05,0.0,,,live
2026-10-08T07:37:25Z,0xb9c7f170ee98ff6c332ce83d17dc14869daa1e18,0x6d05a6be7b5c851957cfcb487017d217a5ea8567f1e2bc1b7de05a2302c330fd,0.15,2.006e-05,20061,15,3,20061,2.006e-05,0.0,,,live
2026-10-08T07:37:25Z,0xb9cf03507e6f6aa24f11eb46b4dcb71229a02040,0x3febb9a2ab838df35418e0cc5f0303242384f365a2e9f6d5f506cd73f1a4664d,0.85,0.0003567,49301,106168,239,81486,0.0003567,0.0,,,live
2026-10-08T07:37:25Z,0xb9e4c11d0fa3480be9135c1cdfedacad31fb1e18,0x38dda07e06e8b87b5200effc17b74dab61418c91e7a2c6665841683a882e57a3,1.68,1.967e-05,19680,0,3,19679,2.005e-05,1.9,,,live
2026-10-08T07:37:25Z,0xb9e4def3d26c113aa49a9e76af327c7950291fa5,0x0cf77ae161929e3801bb671122cdf406d6d54f7aeb4378b94e008bad34a674cb,0.24,0.0003355,47866,112526,235,76648,0.0003355,0.0,,,live
2026-10-08T07:37:25Z,0xb9f71c7279773f0718b4a9cb80885d688d116777,0x16edeb8e78e278ad6cd506bdc509b14f570a118045da18acea0b7b0e9538f395,0.73,2.427e-05,24599,49377,183,24229,2.427e-05,0.0,,,live
2026-10-08T07:37:25Z,0xba082a1c0d9a1181fe1aac086240cf590255a5c9,0x47534d01e1075f8fe9e43d6b7737b47cbbff970f,1.35,,,,,,,,,,dead
2026-10-08T07:37:25Z,0xba1a2d9783ebe2b76493c5c12eb9813a0e062843,0x6e8a6a1af8ec53f3f09c7303e5403558dee42d0a,5.62,8.19e-06,6607,498,208,8191,0.0517375,100.0,1,False,live
2026-10-08T07:37:25Z,0xba1bc05fbc9f6be1fbce39e7731ec7e8b49a1777,0x9da794e6b9cc5e60ff2eac7a8927997823157aa80041d3c9a2ecb5f06b6de860,0.89,2.082e-05,22888,28670,117,20787,2.082e-05,0.0,,,live
2026-10-08T07:37:25Z,0xba26f3df2f81a13e9e6d24f02eb8504f62970bca,0xa7e3c86e18fdf4123ad14b1806e1dcea1c14c3f3f6c3b008288c9a2d00fe0eca,0.33,0.0003339,47704,105805,238,76281,0.0003339,0.0,,,live
2026-10-08T07:37:25Z,0xba2ef4773b8ce52149e5b0c7ee7af2d62c1eba82,0xb0d0ac59d814347f885ce3e7cf902e344b473c3a8ca2d05ffb03f07bd13a252c,0.31,0.0003416,48208,124263,217,78033,0.0003416,0.0,,,live
2026-10-08T07:37:25Z,0xba440941f475646388f3424a5f9e5e74fe4f0726,0x11236b6ed2e9ef69f1d88b6c0990c7df192a57b6c26e625ecf31dfd90a36d53d,1.03,0.0001422,62811,56375,330,2800,0.0001422,0.0,,,live
2026-10-08T07:37:25Z,0xba6263f3e9ff4d7d6438317be7ee98d9f2c3c45b,0xb5e14b901f9a767946ab66562c2856f7f1c618f6,0.72,0.002244,127377,4096140,7394,2243690,0.003582,37.4,,,live
2026-10-08T07:37:25Z,0xba7532b9c1b2156b4e6f147e5e95439eb3107777,0xec3cccb5dc21e77dc02f913d9e9fb0fd1156091b2c88add1fc3435b03296dd9a,0.94,6.428e-05,27217,1525,7,14689,6.428e-05,0.0,,,live
2026-10-08T07:37:25Z,0xbad2206521c8cc5a2399993ba1078f78c3751e18,0xbc71bb75e4dc2f9f9fe6b6a9b09a30685c81f1d7d26ddce3aed0ac8b29c09dae,0.59,2.002e-05,20028,2529,33,20023,2.263e-05,11.5,,,live
2026-10-08T07:37:25Z,0xbaffa3654abbfec949ea5b5ddfd52baa229391f6,0xc96e18a76184a21ccbb92053c1134897e061099c4fdd2b991a93036a96b17590,0.14,0.0001866,35592,71873,220,42638,0.0001866,0.0,,,live
2026-10-08T07:37:25Z,0xbb085f24b03d00d39db9d488830a405161b215b3,0xe692b645b523828c43217dff8c65d1f428ba30be5011043b920e56fd96d16088,0.76,0.0003089,152087,577364,603,308960,0.0003089,0.0,,,live
2026-10-08T07:37:25Z,0xbb1e5a77d03fddd253332d12d6a6a8645ae09b9b,0xa257abe46a1dcd68f9d048486595ff0719ebc29558a3fa18bfe16814a3d5ef71,1.35,,,,,,,,,,dead
2026-10-08T07:37:25Z,0xbb398c35f0c295931038fe27ede10a7d78dad965,0x4577a705ea5d54445979a72ad972f1f3fb12d658c5295d48e9dd141982feb230,0.95,2.878e-05,28725,1298,11,28789,2.878e-05,0.0,,,live
2026-10-08T07:37:25Z,0xbbaab9e03d7bf77fd680e396b14d4fbc00d17777,0x6a32e0416b1c8401f1b3f11f512695ad560085abc0d8ccc49f478c76fe32445d,0.87,0.0002263,50758,57445,234,51708,0.0002263,0.0,,,live
2026-10-08T07:37:25Z,0xbc4dac09ddf9e9131c97902dd3d33fda3c665a92,0xdd9f98e153cf39e0b0c9caf943e7de322c350ee76be49888c6aa55bd00760e13,1.55,8.195e-06,8179,26705,7,8196,0.0001653,95.0,,,live
2026-10-08T07:37:25Z,0xbcbdeeb90d762592898a5a67859e0d4b01da1bfa,0x256dd3c0be785382d039da8a4152bf2e4d4f9fba7654b733584f189ee6f0b1bb,0.47,0.0001156,83383,204823,491,115678,0.0001156,0.0,,,live
2026-10-08T07:37:25Z,0xbdacceca02eeb8bf22254036a0950b0d42577777,0x54e06227cb210e8a7705a20e39fe0e6ccb9be487ab6495086f32cc3a7795a397,0.8,0.000149,41161,38288,143,34048,0.000149,0.0,,,live
2026-10-08T07:37:25Z,0xbdbed1cafe4e9c61cea746ac2b97c24cf6541e18,0xc51fb3fec8e2654718f077272122d9f6c22a2796e299d6a141eb045432e23848,1.59,2.025e-05,20254,0,3,20252,2.025e-05,0.0,,,live
2026-10-08T07:37:25Z,0xbdc00f2b4bf0afa7dfc8fe698b9fd4e38abbc546,0xde8f19fe85e7612b5d086da99b8caff600a2cd165e0e13aa485d39c08eadaa97,2.74,9.234e-06,7810,1027,24,9235,0.000295075,96.9,1,False,live
2026-10-08T07:37:25Z,0xbddd48bde05b98d222a7110fb363c5176360b356,0x5d07d9472723803073b594f582149ca82ffec1c2,0.58,2.592e-06,2700,2826148,10280,2592,0.000851,99.7,,,live
2026-10-08T07:37:25Z,0xbde1ee8d3a691b8c41dc6a2f2ad3b6dbf7b85bae,0x47a06c005dd5c0e616b2a2164c7879984277ba9f9964bdd4e1b6c8821c830d40,0.19,6.484e-06,6510,20607,291,6484,6.545e-06,0.9,,,live
2026-10-08T07:37:25Z,0xbf177ef2b7f0d9cade41a8069138868517ed4310,0xc6ebb5306debc6d6b3c0fd0039a84bc6ad439dc9b5dd7363be3eb3f79a8ed22f,0.67,0.0002418,40515,83169,237,55229,0.0002418,0.0,,,live
2026-10-08T07:37:25Z,0xbf266285882e7a38613d8e923db126221c8c8312,0x96dba01c23c7b358c90b169a55669a25a5dab020144bbe4b7fc76ea0e08e663b,1.41,,,,,,,,,,dead
2026-10-08T07:37:25Z,0xbf26b670281ecd28260d86244fab151d32df788b,0x82945c6538d3617d95c470abd2c485122392d02713d7f769bb5095c1fd2e50c7,0.74,3.147e-06,5261,62371,687,3148,4.525e-06,30.5,,,live
2026-10-08T07:37:25Z,0xbf29b26fe1d381a191e4395aebc61fd1d6fa906f,0x5ab9182af5ad097c8e9168961d196fbd22ed73b2,1.49,,,,,,,,,,dead
2026-10-08T07:37:25Z,0xbfa5204305209f0ec73ea4c230108bed5c80fd8f,0xca04a1e3cd58fa1a31169015d135316a769cb06c06328dcf2990ae5e061f3ada,0.07,4.561e-06,6479,2104,32,4561,4.561e-06,0.0,,,live
2026-10-08T07:37:25Z,0xbfdac6235dbe77c0cd6edb01c810c7da858c6c41,0x93d8dbc572068e01ebf1128d5de3e4703792a2b51be7e6ac101458900709440b,1.44,0.0001759,39335,140884,419,160004,0.0003931,55.3,,,live
2026-10-08T07:37:25Z,0xbfedb850e6f9e8427424f726905edf510180c777,0x9363357ff6d637720bea4b465f738057cbacfc14cca981b1cb68c50095ec826e,0.33,2.027e-05,22517,43485,144,20239,2.027e-05,0.0,,,live
2026-10-08T07:37:25Z,0xc0cd177e129379b795a92386a0e3958fe35951e0,0x215b53d8bb14ff5cac8dd2a4cccc4fa3174716feb74a3b90929a4c323847d960,0.86,2.582e-05,25828,312231,703,25828,2.582e-05,0.0,,,live
2026-10-08T07:37:25Z,0xc0e82b787a22109939753faa4d08859f0fd2c232,0x56993ea114b99a17f9432e732943332336e1f8731103b63673684efe3989598a,0.56,0.0004079,178990,1737920,3483,407957,0.0007692,47.0,,,live
2026-10-08T07:37:25Z,0xc0f7453b871e94ee4e7bb52d0717db75a6723811,0x6b97b223f3a92ef7b23445d40062d59d126da48b116408a724c85406b2b91d12,0.92,6.54e-06,6540,5486,30,6540,6.54e-06,0.0,,,live
2026-10-08T07:37:25Z,0xc12dcb66d7556ac35546277eee283c3697147777,0xd7c75bf3ed3dd83b67357b498d6ae3dd76c543172c7ff40f3a566c59a0f18d57,0.94,0.0002086,49000,59008,227,47666,0.0002086,0.0,,,live
2026-10-08T07:37:25Z,0xc132df3f78a5114d68f73e09b6b2d8902f7772c7,0xf9c5d7f6ae487a42611bff07273f8eba49ed8e4c1ec6dc169ada9962c31d391e,0.53,0.0002419,40520,80636,240,55265,0.0002419,0.0,,,live
2026-10-08T07:37:25Z,0xc17ce6cb7b9918314f0373638b31a11a26806ea2,0x1dda5c8b61bf2796572248a1ba0cc2a6fadc7f20c4b50cb1575226245e1585b4,0.52,0.0001461,31470,47302,120,33376,0.0001461,0.0,,,live
2026-10-08T07:37:25Z,0xc18ecc2f1af8b603a441bad05feb8703e7337777,0xabd5ac4f2c8628068b8d1bec5dc314d576a0eb5ce04a5a89441b1a3245425a2a,0.25,0.0001905,46596,46542,181,43543,0.0001905,0.0,,,live
2026-10-08T07:37:25Z,0xc1a07657096b2ad332824d5f70902072068a3d8b,0x0dfd6f6a8d47e5b247be344f01c7cbad1360fbf3,0.73,0.0003203,32033,99777,599,32030,0.0003203,0.0,,,live
2026-10-08T07:37:25Z,0xc1b70458d13a91e902464f5c18d955010791bc6e,0xc392f45553c77db1f275c6490f8f18ccdddf9259c64c76fb55d5e79a31f82718,0.06,7.715e-07,15427,3,2,7716,7.715e-07,0.0,,,live
2026-10-08T07:37:25Z,0xc25d36262741c1bd62f75bb92da024554ad3a827,0x0e919265ab4d633aa0e37a9295aab5aa43ae897be69f493911118a2741b88c79,0.59,2.405e-05,31241,21488,205,24059,2.405e-05,0.0,,,live
2026-10-08T07:37:25Z,0xc26f517325ff609de3da0cc33438028c5eb70711,0x457b7833a7ff770f2e0a542c907062cb1dc00f0dffd562e5be7934cd1e641c09,1.42,,,,,,,,,,dead
2026-10-08T07:37:25Z,0xc289fe68a1b38fb0ed7a15a5e6ff035bd2b6450f,0xe8b22671e30eb3fcc756fd96beab968ffa4d9fbcfc22db897b2509adc9a40b01,0.48,6.416e-05,20906,9254,35,14655,6.416e-05,0.0,,,live
2026-10-08T07:37:25Z,0xc2933cb916bb163efa30ab3b156057d17c3d4ee0,0x950da61149a6684eee4db6339fa10e72e51a6e1e4be41fbc8813fee0d07bfeb3,0.69,2.581e-05,25810,947502,2342,25810,0.0001295,80.1,,,live
2026-10-08T07:37:25Z,0xc307713f39be4c2897660280a97a70b64c287777,0x0fefd152da289e800af6c6f2601158b51e58e5e99ab9e78ed72138b33169860d,0.67,0.00023,51029,59362,228,52567,0.00023,0.0,,,live
2026-10-08T07:37:25Z,0xc319024f52527af660133e5f7e77975ca5d2e26e,0xd2c06447ad2a3eabaa6d1cb033cde8705652f66aad932e85e0e77d08a8668b80,0.57,0.0002333,39708,74613,240,53301,0.0002333,0.0,,,live
2026-10-08T07:37:25Z,0xc32ab2e562ade6fba6d3d1e3960d49b0957ef645,0x1955fc17390d27deb491a59749c315a934cfc222797fc99bdc1f7725a98de330,7.18,4.741e-05,20438,89007,700,38665,0.000771627,93.9,3,False,live
2026-10-08T07:37:25Z,0xc368aa50a3944cb442b303e59d2b0426392807af,0x07d2a22a03bcac9d56905044a0ec5e51104f572d757f8e75b1ee31481fffa105,0.08,2.574e-05,25746,6,7,25746,2.574e-05,0.0,,,live
2026-10-08T07:37:25Z,0xc381ea72f658c8c2dcf36a20c186cb65b255ec8b,0x9dfed318fea86a5f5fc8cae486ba5f4cd5e9303c4e68ea8751b708a7cfe988a1,0.25,1.033e-06,10337,3,2,10337,1.033e-06,0.0,,,live
2026-10-08T07:37:25Z,0xc38c332012a9116dcade0c7f43b5d3c71799a9f8,0xb4b0dfeaa2e2a838f0f7a304f005ebe32390d4ef,2.34,2.792e-06,2788,3000329,7375,2792,0.02089,100.0,3,False,live
2026-10-08T07:37:25Z,0xc3a83191c072a68cdb64d71f517857cb99cada77,0x254edb0a1f75ccd69a58f5d40ea68021ccb809bfb10ca66e9b93b71de411d117,0.35,0.0003511,48898,113502,233,80207,0.0003511,0.0,,,live
2026-10-08T07:37:25Z,0xc3c19b606f4208713db0e83c737ec778077967b6,0x66187b1e9ff0f22b74a4c978e4380ffa0c8058463afd72b4411c78f0c87e0be9,0.84,0.0002436,40737,79844,238,55643,0.0002436,0.0,,,live
2026-10-08T07:37:25Z,0xc3c647888708194f5889acd5064dc805290f80e8,0x28122e385014dabc279d36b149f2e2174de8e072,1.39,1.468e-05,7321,76,50,7320,1.523e-05,3.6,,,live
2026-10-08T07:37:25Z,0xc46a812b77993b80b385338bcd39c9f25d4bac0f,0x4b017217ac8309af596d06f0d4892beb405d5020,0.91,1.544e-05,7716,269,43,7716,1.712e-05,9.8,,,live
2026-10-08T07:37:25Z,0xc47409d3dd3c7c4e7834cfe17405f2c39e987777,0x648a16237f144b3d700cd3133255cd712522483d2361041ecb2007edbeb0fabc,0.2,0.0001669,43601,35420,131,38146,0.0001669,0.0,,,live
2026-10-08T07:37:25Z,0xc4a2eb6071d59809afc33a827fffd0ab44fd285c,0x594fbe33409e208d12c3a8b58397666f186e6c138c59004dda6d08dc64ce68b8,0.89,0.0001465,31677,38594,121,33460,0.0001465,0.0,,,live
2026-10-08T07:37:25Z,0xc4d284df1ed74a287ebd0c38f26106e34cb77777,0xa7c316beb38af8f52703e4189328a4b55d3f0f270248cb60b5199ec9380a378b,0.28,0.0002213,50178,65530,233,50572,0.0002213,0.0,,,live
2026-10-08T07:37:25Z,0xc4ebc1c5f4140b8217376cb759a9c522c864cb97,0xfe08003de9430c83d5f2a3707d86aeac26461e11f691cfe924202efa832ae807,0.68,2.354e-05,529488,14546615,11900,2354888,6.696e-05,64.8,,,live
2026-10-08T07:37:25Z,0xc5054afcf1b76911e542aa33901ed0c928881e18,0x8c9bf564a888dd928fb524d5dc1cd8dc9a7e4ae83829d4d0c4293ff3f9899988,0.63,2.012e-05,20128,16,18,20128,2.012e-05,0.0,,,live
2026-10-08T07:37:25Z,0xc527e864f165ec931f2223968605f37b77681272,0x7e280f510ab4bb74d00bd71356314d15af20330e,1.19,0.00651,5859011,0,23,6510012,0.006618,1.6,,,live
2026-10-08T07:37:25Z,0xc58383d546c3723ccf6827de39a4f555858df60e,0x8c695d93790be2ac5df187279b2ea986b6318f2ff61a36d6ebc83b38b4234f88,0.51,0.0001203,85583,1198074,2268,120337,0.0002807,57.1,,,live
2026-10-08T07:37:25Z,0xc5d4f8391c70205c8e82087c93e497b57674ab97,0x3d9b52287c3b09797658af72b614fb14aa75c44ba1a417766dfdbbe79c4caaea,0.22,9.415e-07,18417,207,11,9415,9.415e-07,0.0,,,live
2026-10-08T07:37:25Z,0xc60beb77c5fbaa40b14e7aaf90d5c4b34e8ab006,0x9d7863a45cf66868249d482a63f9501293bea6c5ed2e2ea9bddab4f5567dfb72,1.3,0.005185,1561722,24929284,2406,5185266,0.005185,0.0,,,live
2026-10-08T07:37:25Z,0xc61ff46ccf3a38eb3055a3697c267276093b68c3,0x9cb36ed7c33221cbf2062a07e2aa6da7a81b8241,0.27,4.038e-05,20,2276587,9444,40389,0.0002685,85.0,,,dead
2026-10-08T07:37:25Z,0xc65422fdf2393b06708b913ffd042462b8e29777,0x972c01f79ffe9640d09a0bf502cae133be5813f74041050e5224cfa1074d3c95,0.67,1.303e-05,18005,13164,46,13011,1.303e-05,0.0,,,live
2026-10-08T07:37:25Z,0xc65f927b8ef1e3f71e58f65e64a95e9ab19fc0f9,0xa3156f2e0cf97e27f37691ed6bd379a18d1ca79f918520fa452864566d3320c8,0.19,7.742e-07,15480,3,2,7743,7.742e-07,0.0,,,live
2026-10-08T07:37:25Z,0xc677954b65913a9e4d3c0f9cdf5ddd572c591e18,0x1ba918d4656cc064be9ded9c44e7dc5de1c9171237ceccad9f48c11afeff0a2a,0.69,2.009e-05,20098,8,6,20098,2.01e-05,0.0,,,live
2026-10-08T07:37:25Z,0xc77c8fa9e6a9954348f2ffe115d2cf566ee5358d,0x3d6385fa39a601e509795f596a01b47a47e93e89330675c792c2a936be164535,1.87,0.0002557,204647,230682,1805,255784,0.0002557,0.0,,,live
2026-10-08T07:37:25Z,0xc7c9b68cb305235c26ef73a1a2a4be7e49601e18,0xd9ed205ca25808526a638a8cf71404541d495098f417fb2aec7285fec76740ef,0.59,2.005e-05,20056,1,3,20056,2.005e-05,0.0,,,live
2026-10-08T07:37:25Z,0xc7e88554172a39cf1fc5cf16ac871405622c86a9,0x871b39279394b68b6d1ffd2ee2ea2da3e42b5735c9bc7fcff6bfe25415f32192,0.15,0.0001572,32645,47131,172,35912,0.0001572,0.0,,,live
2026-10-08T07:37:25Z,0xc80933069d21f6a06517ae727c8ab437a48189f5,0x4b02b84a23c4e74284f2f76026a304204d140c1d94ec368a25c7d136994b0d3a,0.06,2.31e-06,28818,12418,243,23100,2.31e-06,0.0,,,live
2026-10-08T07:37:25Z,0xc84b1cbd7b9e0b5a327718d0476c1f7d540d7777,0xfe612813c11d6b434572b1c716d522f72cb0b009e56a6591cced133b267d7e94,1.36,,,,,,,,,,dead
2026-10-08T07:37:25Z,0xc907766c92da3aecd0e0bc033191abba167497c8,0xa1a61c0ba77caf0ca99c61b6fc82faebe3805a7c5ea86be21105dfc3e0d334e1,0.12,0.0003815,50861,106148,237,87141,0.0003815,0.0,,,live
2026-10-08T07:37:25Z,0xc91ec0533a47930df60b8f034f1377293393e6d0,0xfad2324c46db92f549f6b98ca213ce76bbdcf121930c29eaf14168f8842df2e1,0.92,1.046e-07,10468,2589914,5070,10469,5.491e-06,98.1,,,live
2026-10-08T07:37:25Z,0xc9981989b65d9a5ee71eb3eb376373af38b97777,0xf20841d8878ae1e374a1e6729685f86c60b16bd6e196b7a88f9802e162478ded,0.3,0.0002575,54074,61260,235,58836,0.0002575,0.0,,,live
2026-10-08T07:37:25Z,0xc9d024b62598e070da072489d8c785cba6349777,0x7f5cb314fbe7813eb5a938c4bcd875e7d541338f340bf569d92a8c6aa509652e,0.08,2.095e-05,22877,49328,175,20919,2.095e-05,0.0,,,live
2026-10-08T07:37:25Z,0xca0d3b9313714cb3ec0414f5a9fb536aa9ac4cd4,0x2e92bff138bdbcfd22fd5209fb2f52bdb892ba653d34118b1521baf78d9285c0,1.19,0.0001728,77824,594537,2296,172900,0.0002999,42.4,,,live
2026-10-08T07:37:25Z,0xca229e487b407b480b022746cd5a898205941e18,0x27e561d8b6093f80fc2acd72ad4567c23efdac4afa1b06b08ca52a0ffdf4f241,0.59,2.002e-05,20025,2332,27,20021,2.002e-05,0.0,,,live
2026-10-08T07:37:25Z,0xcaa3f6fe26f9a375113473ec912418a19a4057af,0x47feec7071a6145ef34a607196e91fc64c7f874b9960b5a1215378b0e244d57c,0.72,4.049e-05,38793,6603,23,40496,4.049e-05,0.0,,,live
2026-10-08T07:37:25Z,0xcafe1d64c643aa1b33dcbbd32abb517eb6faf2d1,0x58479673b8c611f22105dc864aa99bf0700caf0d33371d5377752ae70827bd6a,0.44,0.0001089,80089,203604,510,108924,0.0001095,0.5,,,live
2026-10-08T07:37:25Z,0xcb773af18c30e449eb776695ddf956b26342933e,0x3f144924d8c5349ce20703b95aa35f3a27d734ee1b8436cbf38ad03270baafe1,0.38,0.0003753,50526,116145,230,85735,0.0003753,0.0,,,live
2026-10-08T07:37:25Z,0xcb960ff56c42ff61d00e59650b0515f02ab157f4,0x60c6d5407087dba9c6af3e5463e3c86b7391b8cf7645a8e8ff807e5adc33b4af,0.87,1.008e-05,10083,75,4,10083,1.016e-05,0.8,,,live
2026-10-08T07:37:25Z,0xcbf46b5b4054195a884903a19dc6649c322cba89,0xdca148056af2c26983d20498f97e2038372b359c83943a5b0495d077ae3d76bc,0.43,2.709e-06,5193,5460,27,2710,2.709e-06,0.0,,,live
2026-10-08T07:37:25Z,0xcc2b768141c664cadff00025babb2f173298a6ec,0x9ff93b6d23b913744f5b84a532954689ec13e138f5a67f7a3f2cc9c087f60765,0.56,2.557e-05,25579,3,3,25579,2.557e-05,0.0,,,live
2026-10-08T07:37:25Z,0xcc775521bac87147d7cf770d4d3972f9b8b77777,0x9dbe85c2724e1bee38ca64d94d82bbc1ba6ce84fc0fb2f6483df33cf35010108,0.22,0.0002404,52258,55872,200,54934,0.0002404,0.0,,,live
2026-10-08T07:37:25Z,0xcc7e3cdce19717683f7f388c5ffcf634744b9409,0xd795c3848a28dc43a1f0e5e367d555ea0051d784accdbf031eb50a626b7f928d,0.86,2.58e-05,25806,2,3,25806,2.58e-05,0.0,,,live
2026-10-08T07:37:25Z,0xcc7f20ff3b5ea5bc0125fabf9f32a83ceab4e737,0x51eb57cd7148b610ed726a80dfd3d3372825580a915e24fa6b1cb9b547f18db4,0.84,6.728e-06,6766,92680,3805,6728,3.156e-05,78.7,,,live
2026-10-08T07:37:25Z,0xcc83c1146a8a67a13786b57ad64a545e38444267,0xe06a6416705525460804969e65445d272bef00ac34825078483726aa86fd50ec,0.51,2.719e-05,29439,25916,205,27196,2.719e-05,0.0,,,live
2026-10-08T07:37:25Z,0xcc974592403a25ce0afc772d50efb8abf7367777,0x4a1ce0b753d291a3071d5732951cd75e8e15ab6e0f4ed7913fc5c99d60e4b6f9,0.9,0.0002353,51935,62159,217,53768,0.0002353,0.0,,,live
2026-10-08T07:37:25Z,0xccb39e78d7adb3c74df5018b772b6345e78a6e1b,0x901cd98ecf728afbac883c452befd06a859d66220150536c9bc40279a211345f,0.77,8.054e-07,70492,5573078,4629,80543,5.771e-06,86.0,,,live
2026-10-08T07:37:25Z,0xcccd03c0b7f9584e35541f5d23738e7893a9e976,0x5d412dc27d95226bb88a3147a113a0051293168bebdecb09698c21837f20d1bc,0.38,2.436e-05,28098,28287,243,24360,2.436e-05,0.0,,,live
2026-10-08T07:37:25Z,0xccddd458ac1c743405fe4de25f3eec06944ad4e7,0x5a240272d90987f4448d68a5b082621099b0fec2b4a9e27004d90154efc60509,0.76,3.815e-07,36917,116848,156,38159,3.815e-07,0.0,,,live
2026-10-08T07:37:25Z,0xcd1875c455f14753d78346420be456bc57ce8776,0xe6efa1c917aecd87a2054f0a3b6718cfa253d09fc001523e2747060faeef03cb,0.71,2.673e-05,26721,546,5,26733,2.673e-05,0.0,,,live
2026-10-08T07:37:25Z,0xcd85f2e546ab495099e0d7d1b3117b572edd3777,0x2e2d5157bfa72df13a5cb2f1f23cb2a61f7b23ac81ca65e14d7935c7185678bc,0.95,1.851e-05,21671,44994,179,18478,1.851e-05,0.0,,,live
2026-10-08T07:37:25Z,0xcd9320eb722eefa8993cc6eb91db4743a3584653,0x2437df99285203d9779ed3d4f556743bff7b01369fb8f4bac150b4ea22294f57,0.21,0.0001219,79579,251147,620,121991,0.0001219,0.0,,,live
2026-10-08T07:37:25Z,0xcdae63d95d6dd4f89f6e508c77bd4388b4e5c8ab,0x4674f978aab6c373c1634a6729771d9bd6b97bbf25fdfa70d601a81a339f6974,9.68,0.0005293,68226,30211,124,529342,0.0007324,27.7,3,False,live
2026-10-08T07:37:25Z,0xce015516ab6fae49a3a14a41d82c9fbe8bec1e18,0x66cd39ea71cedd3475ce33e8901c34b2b8f193809f862fea9ab02fb5d4a30b6b,0.67,2.02e-05,20230,4531,90,20208,2.021e-05,0.0,,,live
2026-10-08T07:37:25Z,0xce1091e4388b3a41a1450449d92ae31429048a26,0xe091c4da69f39727498d5bc4dc2a2fa2dee49e883d2bb2fd9b6b064cec9802a1,0.07,6.488e-06,6514,52835,4036,6489,6.488e-06,0.0,,,live
2026-10-08T07:37:25Z,0xce713a57b669345f1079de6bed0552d1cf7c93f7,0x6bf91e78e70e7d99d5154f4a8ffeaa25b2185d40,0.79,1.514e-05,7597,0,1,7597,1.514e-05,0.0,,,live
2026-10-08T07:37:25Z,0xce79e20915ff7e12c75e415de22fb67faaa34a62,0x997eb48b7bc0d53af6da1d99ddd8f4868cc501538872eb17d564b55e8de772a7,1.4,,,,,,,,,,dead
2026-10-08T07:37:25Z,0xce8cfbd3776d8f6920757d3bb0d56a89bdf01e18,0xbf151ca525848d8f4c0a61fe30051e49359034783a1c9afa610cf69259ec2fdf,1.3,0.1059,15096470,28130581,142,104970281,0.1059,0.0,,,live
2026-10-08T07:37:25Z,0xceff90de2030746af0865a2beda184d66e8bab54,0x838fca776012323f2a34e0f8922df68f1db03260c28703d9e2d3f99e8cb07641,0.19,6.434e-06,6435,1800,17,6435,6.454e-06,0.3,,,live
2026-10-08T07:37:25Z,0xcf0011d550d102894de642d2f42506c16232549e,0x7a12d1ae4914ebf51408f62db6f0f2338baa8e0b7ce8a96762884d8a4986a222,0.81,0.0003719,50395,105746,233,84952,0.0003719,0.0,,,live
2026-10-08T07:37:25Z,0xcf309a2053a0b35fbcdafab8763b06e1eab98777,0xfe32833cf39e35c781edada72e9a6c7ef0de97bde1447b501604c7ed226ba928,0.52,1.759e-05,20916,35128,120,17558,1.759e-05,0.0,,,live
2026-10-08T07:37:25Z,0xcf3edbabff55ac84a8b6d6726a48e7a5deb17777,0xa68312d89ea871ce376cd417f41fa2f622024fb59e06ec600da93ed67f2112da,0.32,0.000206,48377,50253,182,47079,0.000206,0.0,,,live
2026-10-08T07:37:25Z,0xcf62ff3e5e0d42187dc82d0ac2b0909667277777,0x78625cbc37af1066da532e51bcddca18d85db3a6bb1e75523385deca2bc9de01,0.97,0.0002578,54548,65284,236,58925,0.0002578,0.0,,,live
2026-10-08T07:37:25Z,0xcf8c1eeb6360d2a4caf32ac04d08a0b2be247777,0x2c582621780815086e15fb700a04cde8fc651a047689f189cb0370ad6c476165,0.71,0.000256,53782,59834,235,58514,0.000256,0.0,,,live
2026-10-08T07:37:25Z,0xcf8e76780631f6bada34c9890a4b88dcdc08ccd8,0xe1bdb2a5c2886b313fab83ffa7753a39c199dd3b2cf9afd9c7c50b0aaa45b243,1.0,0.000258,42295,57774,148,58932,0.000258,0.0,,,live
2026-10-08T07:37:25Z,0xcfc388a8bdd0eb4d23a9cbb7738b1eacf2dc9c41,0x952ef726d711e9d00bc259a45111313e23ef228c25b15ed83fa86dd2423e79e8,0.55,1.465e-05,12220,4994,35,14657,1.465e-05,0.0,,,live
2026-10-08T07:37:25Z,0xcfd35108be4712eb68230ef83e95a8d868b72724,0xf720f768a714d891a2fb134a561498d08c6ae7f1,0.84,1.516e-05,7610,1,2,7610,1.516e-05,0.0,,,live
2026-10-08T07:37:25Z,0xd060f448de7bccb6e54b0cb8d5bc871c8d339eec,0x04e30fc2de821c43330d0264c134da23a527f433b31539895f4b5b29e5c181c4,1.29,233.16,5539919,409,12,16788000,233.37,0.1,,,live
2026-10-08T07:37:25Z,0xd0c8bf3a018fe9072a4c4120aacdc1abda0db4be,0x5099f55f6e04e8233c7e1477d4911cb3bf52537fb53b9fe09e7998d4bbe621c1,0.77,1.215e-07,12067,2502479,7085,12151,2.138e-06,94.3,,,live
2026-10-08T07:37:25Z,0xd0c8ec6a8c6218d215c014e5f9862caebf1be6f9,0x9fd0b0e0150859c0c62300bcf7c6e47b4b2ca063fe51b310b06a82c9dfe6ca2c,0.55,1.269e-05,12534,8158,75,12695,1.269e-05,0.0,,,live
2026-10-08T07:37:25Z,0xd10b904c089f4d68e8ac19ef959bf3473f6880da,0xb84c9fe573a3e2b62d74fcfb45716da4a39b883231d804524d015d6255e5a289,0.6,0.0003252,47054,102378,237,74295,0.0003252,0.0,,,live
2026-10-08T07:37:25Z,0xd14b971de156b0c265e3105c6ebd96612cbe7777,0x79503a2e308d1e41e566c1c0c5350f451aad0ba535325a774ab1b4a2dd695f6c,0.11,0.0002437,52507,62853,235,55685,0.0002437,0.0,,,live
2026-10-08T07:37:25Z,0xd1578b54f8a2d6c705b487a04e27eaac22a1e209,0xf150be239902959640b2f2ba4a231a68cd5a587f50415e26d3afb76183cdce1e,0.49,0.0002846,44012,94810,231,65022,0.0002846,0.0,,,live
2026-10-08T07:37:25Z,0xd174fb948af7572577981776e39b681b088d7777,0x071ce9a66dbcb5071de24a7d951959646763400e947680ed0569dace99fb167d,1.48,,,,,,,,,,dead
2026-10-08T07:37:25Z,0xd1a7ed83d7ab3956ae612866204bd9da2f6fe777,0x5f289220289b9d332c9f058b826ccf680e99056e43f022d3842902c4c7b1a96e,0.43,2.065e-05,22708,37187,143,20615,2.065e-05,0.0,,,live
2026-10-08T07:37:25Z,0xd1a802223ac7642cb7c68339fad8b54f602ab259,0x566513b54866b4091485b962e6eb97447b59e12aa5a7e2a7d0907cb04f22ba82,0.82,0.0003219,46850,103506,231,73531,0.0003219,0.0,,,live
2026-10-08T07:37:25Z,0xd1b1d6b90c9479f3f5a8cc5dcdd282fa7806fd48,0xa9189d1402a2d2ace8a67c1e7f005815f3054d5ec7e7982cf974d7448f28644c,0.77,6.46e-06,6473,17599,127,6461,6.46e-06,0.0,,,live
2026-10-08T07:37:25Z,0xd1c6c839e32462f93afad47535cb364253697777,0x32a57ebc5fa146cb305a172f095fb7e071157fc7cd21d656b8ef7408200e14cc,0.35,0.0002288,50907,58073,233,52288,0.0002288,0.0,,,live
2026-10-08T07:37:25Z,0xd1d72891212f42caa6ae75bb429b0c4355486231,0x7669c4a32233d9e4581292fc361d57ccee7d699df1b9f320c9e9385126e09e71,1.44,,,,,,,,,,dead
2026-10-08T07:37:25Z,0xd1da58b52d513fd5c033bb883a223d7855037777,0x066f968b25757e742cae4db0be0e0aede81d586201abd10b0b75e23549319069,0.68,5.932e-05,25928,129,2,13555,5.932e-05,0.0,,,live
2026-10-08T07:37:25Z,0xd22974221a4a02f69a6b19350ca69d86c9aa0183,0x81672a0f8d475b62c11ebe073feaa81e66837caed366ec67b1b5b05c5711c1e6,0.56,0.0001151,82942,55159,184,115166,0.0001151,0.0,,,live
2026-10-08T07:37:25Z,0xd252fbad2e5946ad4540810339a7d8a8dc12be0c,0x68efdfa0e16f8f638bca83861b94dc30d8014cf9c7fcb82720e33f0618eadf7a,1.85,1.408e-05,11140,17393,367,14087,3.832e-05,63.3,,,live
2026-10-08T07:37:25Z,0xd253d62ee715108dd4905b4ad272131e73d8cd58,0xbd488f67985e3ef6256fcdf44aed8909f0c51a55658097598035bda6a941775f,0.69,0.0001136,82327,121569,366,113684,0.0001136,0.0,,,live
2026-10-08T07:37:25Z,0xd279a0bfaba0da2dd6680da39b265b9a9fcfa777,0x1cd4605f66edd3206d190c7c65a8437eec6395888d995f542cc942b67d01ef09,0.38,1.725e-05,20748,44373,135,17217,1.725e-05,0.0,,,live
2026-10-08T07:37:25Z,0xd29205566e5730c81c57de961a1ee060fa568840,0xa5db4cdfc2d787e3fee0bce7e6880974e8cbbfd61de8750cc270b69f08b9ec7e,0.71,0.0003413,48115,110855,237,77970,0.0003413,0.0,,,live
2026-10-08T07:37:25Z,0xd2cfd27401045b625df0dc7180c83962081e906f,0x18ece5785b00af3654f752f96d96dfc7fc434fc2bdc637ee93293d37c428edae,0.49,2.754e-06,4923,57954,756,2755,4.738e-06,41.9,,,live
2026-10-08T07:37:25Z,0xd31d0de6faa404f205a32bce7ee30953e5a2050b,0x27cecc6e641ae4ba91b13ba4aab211ede592bc56a92f9da1c0fe6344829e34d9,0.31,0.0001129,56033,95115,428,2581,0.0001129,0.0,,,live
2026-10-08T07:37:25Z,0xd3235e66957b0c189728f37dd7cca4b6d6db9414,0x5ea150d3cb6b3b4b94495b16f53d87baf87cca7e93f53977e0731be441f174e5,0.77,2.565e-07,25658,3,5,25658,2.565e-07,0.0,,,live
2026-10-08T07:37:25Z,0xd33bd95fdaae15eafb12dd107b410719b03d57cc,0x79fb6cead0aea856f0c0c396bc0cec9e701d98f7768a837a1bbf1e08b230ed70,0.31,1.769e-05,17044,2741,22,17691,1.769e-05,0.0,,,live
2026-10-08T07:37:25Z,0xd3ba36a26a1adde5ab50ba7829e8ad074b7da777,0x95df47f95c623467f4b421f2d8ac7763b02d6e3d6443253f6dfdeafd84c45a1f,0.22,1.545e-05,19668,29545,120,15424,1.545e-05,0.0,,,live
2026-10-08T07:37:25Z,0xd3cd74b5bc70adf3e5f577760a560f590a665f29,0x6bb448b6740fb8684eebf798efa30cf9124343835fcbc2a952950ceb6b1ec11d,1.4,,,,,,,,,,dead
2026-10-08T07:37:25Z,0xd3e8d7b7cee639c67075cf0fab76f72130e1229d,0xfcee3779f50212fbf9311d4a95dd363ad3c0ebc2c8df9acef5938ce40c1eddf0,0.56,2.56e-05,25607,3,3,25607,2.56e-05,0.0,,,live
2026-10-08T07:37:25Z,0xd4ce38f27e6df021964f0e0bad519f8058a5e69b,0x313b3b4685c0689f0805352b7d80407b2c50e5573cbe1ca584c19e0657fb4993,0.31,0.000262,42217,76363,240,59843,0.000262,0.0,,,live
2026-10-08T07:37:25Z,0xd50f69a0b7dfbaaace56dd5a31972c9ccf719777,0xc976224b0c739f6418b8edb1a3b1fb3aae7b58504bf29d63823ddf333397857a,0.52,1.414e-05,18753,9667,35,14119,1.414e-05,0.0,,,live
2026-10-08T07:37:25Z,0xd51345b40051d8394686db8490b2377404ed76a0,0xf60345e3af1567bf45426e1e5bc6faf0e5cc6f4d84f63f4eb589414364a59bfe,1.92,0.0003417,79802,42872,249,74022,0.0003655,6.5,,,live
2026-10-08T07:37:25Z,0xd53b4c6d899dd39c8e68f95ddeee3e226d254777,0x4fbfe9c86b0aa17da45e8ac49478a6023b77317f3db2537d9ad2dd8065fd94a4,0.18,3.041e-05,27557,51008,180,30355,3.041e-05,0.0,,,live
2026-10-08T07:37:25Z,0xd556311a336765427dba264829427ac4e80ec6cb,0x4070ff54aed32c3fd18a78b4c6ff93afd809b372332eaf1e26c8e4f0be3ed4e8,0.88,0.0003251,57844,748140,4328,325106,0.0003251,0.0,,,live
2026-10-08T07:37:25Z,0xd5caeb75aa0cbc76f0caa2c2114c0af5bb3b956b,0xc583987eef391014763ebb7e830caa07fadecd8c2c7692a8b3fa486fd3e38b79,0.89,7.531e-06,7466,7277,143,7532,1.139e-05,33.9,,,live
2026-10-08T07:37:25Z,0xd5db700525a342ed4b81967a5a82a4f903efa170,0xd7b223455fb009f9e31b1200355aa3b557b80745,0.5,2.575e-06,2585,951224,3187,2576,0.0002433,98.9,,,live
2026-10-08T07:37:25Z,0xd5e9b44e2d3c49398e1b1761a02f47282e3f12d2,0x060bb537c69c96f23446f88c77afe50f035698018c698ee3732aeaa166a5b0a9,0.28,0.0002646,42472,83820,221,60437,0.0002646,0.0,,,live
2026-10-08T07:37:25Z,0xd70545f47d81064650f221ea02b28b20c6967777,0xfbc8133ab4d3a222ebe23698603fe2320cdc7feef1fb2532d72528dd9cf21270,1.38,,,,,,,,,,dead
2026-10-08T07:37:25Z,0xd7073115dafab6dbfb587b53dd261bed0ec6dba3,0xe3564bdabb96b86e06cec5f7b1a3a9251b968685705fda7bb3f2868d35099645,0.22,1.057e-07,10573,3925467,9188,10575,2.569e-06,95.9,,,live
2026-10-08T07:37:25Z,0xd7748d4c9a52b6eb56f84d808e5161629077e687,0x2837f5f40b7f26c9a4040dd7880aa2b7fc316d50f42230ae40fb6c20c486453a,1.42,,,,,,,,,,dead
2026-10-08T07:37:25Z,0xd7a712f3b8c574c87b1b2bd1682431093c49dc1c,0x73cede53c18964172f0252bf5b65f7d41c5b55039c753fd69d0abe7373227484,1.92,2.586e-05,23254,5576,76,25868,8.189e-05,68.4,,,live
2026-10-08T07:37:25Z,0xd7cc9a382637bd6cb6fa7e81095ac078cb9c0777,0x5335de42f4e7e7f6b57fac2863af38c874e5f1a453116a7b198b87235901aa52,0.77,2.256e-05,23708,50368,192,22516,2.256e-05,0.0,,,live
2026-10-08T07:37:25Z,0xd83a3349eaa10021cb5cd936a97a671ca024cdac,0xb080d96f9549c7289714cb79c680f33c49ecc1b603ecbea739160579a512e29e,0.05,0.0002204,38609,71388,233,50355,0.0002248,2.0,,,live
2026-10-08T07:37:25Z,0xd858e4c0d7008a5d7406ef7cd9432246ace14d7b,0x310346a8b2e4cda2ce4ab4244c7edecba88a0f15,0.59,1.532e-05,7689,16,7,7689,1.532e-05,0.0,,,live
2026-10-08T07:37:25Z,0xd8610d3caf8991aa4dbee47c08c0d72773f3ea87,0x987b7016da6cc42b01ae7a10c2a71b7ba8027483398e56d76f869d34340558d8,0.26,0.0003395,48110,113090,226,77554,0.0003395,0.0,,,live
2026-10-08T07:37:25Z,0xd86ba7b77578576dedfefadab63866b67e3f94a5,0x0d7a07c2a1f01fd0fade47c569320eab8c486d68deeaaf57856530b4959916db,0.73,3.863e-05,18448,34294,712,38194,4.757e-05,18.8,,,live
2026-10-08T07:37:25Z,0xd8798430ca02f2ff2206a06db4f3d38ea0117777,0x2100987aba26093c1819f5e6835c242715d690c76a237f2d6f7a7b5951be1a40,0.47,0.0002429,52539,48847,181,55511,0.0002429,0.0,,,live
2026-10-08T07:37:25Z,0xd8b71c041f2a170245b4962b1a713b3d1cce6777,0xb4c39c398f6ae894f02dc77d8e3f5a7650eb8b703f125329526e74d9571bdc35,0.95,1.903e-05,21980,25459,103,19000,1.903e-05,0.0,,,live
2026-10-08T07:37:25Z,0xd8e6da44ed61bad390d8cbd69df724f53693ff5c,0xe09494eff84979f694cd91dc71642bf8086ba45ed0e13410c0ffb7e5390dcc1f,1.56,0.01624,4880048,4871170,154,16244660,0.01624,0.0,,,live
2026-10-08T07:37:25Z,0xd915d2ed31ef2f518c81876bde93e40777e4bde7,0x9315c6eba5972c367dc4342e03353286c3790acd,0.09,1.214e-12,0,36006,31,,4.046e-05,100.0,,,dead
2026-10-08T07:37:25Z,0xd95d3234b28de184d76b53d88328e29e0aff17c2,0x545599edbb45bb6ee8a2ca25ad2f549134c6e979d6832adc0745e20fff770b6a,0.23,0.0002364,40151,81864,242,54003,0.0002364,0.0,,,live
2026-10-08T07:37:25Z,0xd983a5fc453ed002e7f08df380ca5307a3e3f2ba,0x98772e3723a2d3404187a769a4e098854dd4bf07fcc0c9f69f262c307da052cf,0.89,7.537e-05,22726,13633,49,17216,7.537e-05,0.0,,,live
2026-10-08T07:37:25Z,0xd9a4d422f26f2ea037c5bf2a924622a8ca249e86,0xeb07447bd0be15e38ab616c0d5ff5bff81bf34b433847b239116bb1d29c421f6,1.16,6.236e-06,238374,13064792,10392,623680,3.889e-05,84.0,,,live
2026-10-08T07:37:25Z,0xd9d94715fee42144a2683341ba10fbe1751ccc58,0x4f8b199ebbd63e443ce7b759ba800495f8662d3700d86d86878709b17bc9f93c,0.2,0.0002022,37164,69483,194,46190,0.0002022,0.0,,,live
2026-10-08T07:37:25Z,0xd9e444a7f63edcc20601bb79514924925b06ce2e,0x716160ae37802b6d27ae5fef34ddf8f8f2e7d45eb2465c0792f8d214c09a0f83,0.72,8.517e-06,44804,47568,233,85175,8.517e-06,0.0,,,live
2026-10-08T07:37:25Z,0xd9f3a154c921b2935ba3193a3fa2aadb0bae9777,0x6b56e047b076af282d19b40b6b7c80e8528d94b152f842b07b08a18eca1edb27,0.68,2.668e-05,25753,47603,178,26637,2.668e-05,0.0,,,live
2026-10-08T07:37:25Z,0xda599a1d030f6dd1897d95b285687a3df293c9af,0xaa92d396c8c0d1caa339c37b5361436196be3854e6b82f8273ee9397ca796cf6,0.18,5.005e-06,5006,9156,114,5006,5.005e-06,0.0,,,live
2026-10-08T07:37:25Z,0xda5f185b62f4aa822c5ba254c7fdcb67dde9253f,0xcbdf10cc152991b24e6f6a0de99f273481b6fcf9734ea100314f8e4056574b4f,0.92,0.0002131,38335,77627,239,48681,0.0002131,0.0,,,live
2026-10-08T07:37:25Z,0xda75fa9839fc1c67f72443439953001f73cd3ba3,0x8eabe6e8405791a9e50c30207e8707fae33f91ee6179f4c4fbe81ccbe1da5310,0.43,1.015e-07,10157,506,5,10155,1.015e-07,0.0,,,live
2026-10-08T07:37:25Z,0xda9a9b7ab92dfc59c1d1720022f6ea7f2678b287,0x9a5ed4d0966a1441e137d0d5e0a0d15072ec406dd0d12661e0d2abf927ad469d,0.75,2.108e-05,32406,18378,204,21086,2.108e-05,0.0,,,live
2026-10-08T07:37:25Z,0xdacea63e8c3149b6da7c5ce1944cb9deb4f32c2e,0x187619331217d601f33de2b76b7f813d6005f8dbd303137f0f65cd87e6f60a41,0.34,0.0002973,45030,89994,238,67917,0.0002973,0.0,,,live
2026-10-08T07:37:25Z,0xdad004cff3d27a3a2dda5eb4bd39ae51fc1321e3,0xd65d371fc649f999154eeae0e27de82445cb17654417d16f3d86f6e56347d6bf,1.47,,,,,,,,,,dead
2026-10-08T07:37:25Z,0xdb4a91f2344e4109efd368a1a7c192347e922777,0x7b0e621e7514ed651e6c539657a38b1d7ce00b210813eb3af1399abfb690b46d,0.77,9.056e-06,15025,3185,12,9039,9.056e-06,0.0,,,live
2026-10-08T07:37:25Z,0xdb6f09193e6d7625b1e31d6b622cf2a69ed23b41,0x3cc6044f6fcadc6867407a8ef4bbd665887a47f2b87e35cd0dd93670cf03c130,1.0,0.0003724,50814,76336,146,85064,0.0003724,0.0,,,live
2026-10-08T07:37:25Z,0xdc1235e942a05c3b50a2879df69a2865d86e1e18,0xf02b4ae766157436baffc91eb829aadbfdc6b020714b4962e2dc24dc3bd6fbc9,1.78,8.399e-05,63452,38087,828,83568,0.000296,71.6,,,live
2026-10-08T07:37:25Z,0xdc453b1405cfe25e2afba8e7f4272b0a00437777,0x16684607c92e1a59302763400cc1641c8f9dbe7e,0.57,0.0007693,92405,958568,4438,767064,0.0007693,0.0,,,live
2026-10-08T07:37:25Z,0xdd45d0a1bb6d274b53f69ce99de63d8b269192bc,0xb11ee98cbf9eff540dfffb64c1273c446b9e26f1a093a7f42b3191348cac36b3,1.49,,,,,,,,,,dead
2026-10-08T07:37:25Z,0xdda300dc2d7bff6eb9f7443ad7667c1720de7777,0x792ad80acaf2d955747ad9f18129c9aeb94d6d1d04bd1d780a1411427e50dcf8,1.37,,,,,,,,,,dead
2026-10-08T07:37:25Z,0xddf9d22705188cf23319a3fba925f82be07b6ba3,0xc879c3e594e39d9fafb51968b1329b80c9dc3adcbd404beb432b7cbbfb2d6906,0.49,1.01e-07,8589,5,5,10105,1.01e-07,0.0,,,live
2026-10-08T07:37:25Z,0xde08dc3e242bac188b086a92eb9446c27bd37777,0x5a86dfa54b587101808c4798bd23bee99f40e8db65107435bedae1258548abd3,0.25,1.444e-05,19019,19599,69,14415,1.444e-05,0.0,,,live
2026-10-08T07:37:25Z,0xde4b1f1ddfe95a9a36667d4546d0065cc452314b,0xa90069c7c32b0f3d5f60a30e7220534013b90c7bc7b7b6107ecdac8cb3bee39e,0.85,0.0003093,45910,87071,242,70662,0.0003093,0.0,,,live
2026-10-08T07:37:25Z,0xdf206d229cb4e725c3e0a0473dc7c1b2940bebb6,0xa56ead1fa4bc01acb581f983ab81b23a055f5d4a5e38ce44ff5c8c527ee4b24f,1.06,4.965e-07,5317,5,10,2759,5.054e-07,1.8,,,live
2026-10-08T07:37:25Z,0xdf7a1b3c8b41155a7a60a2dbf061237f34eeac7e,0x6d6292db69c3c014c0394fb43f5be4fe475f0f0efb8f18d68d12dca32251b65e,0.24,6.624e-06,45258,73086,257,66241,6.624e-06,0.0,,,live
2026-10-08T07:37:25Z,0xe080a29e79262899e8466cefc938de3f652d5724,0xa85429d07bfbdc561fdfbb700e48e255f76496cfd9bfefcfffce351430342e50,0.49,2.567e-05,25678,4,3,25678,2.567e-05,0.0,,,live
2026-10-08T07:37:25Z,0xe0b79fbad8e5b05e1728e721045dd10c0d244870,0x974ad2bbc714cee3811c1d911077a5e678baea4aa90092260307ae4ce565903d,0.87,6.545e-06,6571,70393,2447,6546,6.545e-06,0.0,,,live
2026-10-08T07:37:25Z,0xe0eb784c99420120ffdd528c0c4c6ecacb117777,0xb8345bec69b5aded27e8f46f6f312d185f6d17e96004493b22ba9a6589f01bc7,0.09,1.928e-05,21939,57990,189,19251,1.928e-05,0.0,,,live
2026-10-08T07:37:25Z,0xe108b735a52365fb4150f6dc48a235b09f2d7777,0x190343bbb68effb97c3df67d7007bb6fa4e1f2279424b1ce69dce36b0168870f,0.15,0.0002122,48976,59219,217,48498,0.0002122,0.0,,,live
2026-10-08T07:37:25Z,0xe1243842e091f073841fc1ac9527ea7e64f168bd,0x5e16357a83d5ee8b900ae9c902dfbc829e71b5e9aee99af9215b5a9a42a93dc5,1.33,0.007952,2391950,17424250,1099,7952432,0.007952,0.0,,,live
2026-10-08T07:37:25Z,0xe155dabc7d280d282aee451ee160fd16f0b83baa,0x70c0d163e3f32c7356950f77f3ceba792f50df80828370dca0e403670dca082a,0.55,2.81e-05,31219,23990,205,28102,2.81e-05,0.0,,,live
2026-10-08T07:37:25Z,0xe1a4944e7f5b2551c06a3b13037eed7544347777,0x2f11820d37b45697797777f1ffa19267c9cc501d33ba4cc23366bab467360d1a,0.6,0.0002321,51318,58728,225,53054,0.0002321,0.0,,,live
2026-10-08T07:37:25Z,0xe1fcf722705592c5fc3874941e40447763a46b84,0xc86ea97c0491406bcdb973ee35b5aa309a0b00ae9c7d432c493a2b740bad7d87,0.72,2.518e-05,25180,0,1,25180,2.518e-05,0.0,,,live
2026-10-08T07:37:25Z,0xe2475cc4468d6c4c6e2b82aa1da3c6a984187777,0xf7ba30bcfe1336ae5cf7b49fecd76099bfb3dd6b8377432d518558320002ee56,0.37,0.0002329,51379,64189,235,53219,0.0002329,0.0,,,live
2026-10-08T07:37:25Z,0xe24e030badc794aa0c571d3ff2541a925fabff6f,0x3d4f6c09fd8a8275a25f8fb5a239c5fd30e4d3cc,0.16,1.509e-05,7573,0,1,7573,1.509e-05,0.0,,,live
2026-10-08T07:37:25Z,0xe254b668e5ac2ec60b7a5d35345a278574f4d777,0xc65c52a55c02d6e0240056ab1319c2de18dd32d72d661e308e9a1347a5403d92,0.94,9.719e-06,15700,4064,18,9700,9.719e-06,0.0,,,live
2026-10-08T07:37:25Z,0xe26620cbe94a5be840e2e751b0675b657807f60b,0x1c39ec0d981c9b45645d69744ba46e7ccdf032b5ee9c25b40f8dd90b26c88a8e,0.74,0.0002389,40275,76413,235,54573,0.0002389,0.0,,,live
2026-10-08T07:37:25Z,0xe2d404b252ace52fa881e3c9f7fb2e5b401deeaa,0xf7545114d2ebc355a4624b9685c5c76b396399bfc656ec8de54cf408d7dd0352,1.9,8.757e-06,5963,39,3,8757,0.0001571,94.4,,,live
2026-10-08T07:37:25Z,0xe2f449d84c4e902e525230554f2e4861996a2d89,0xf05637f1667726a67ab94dbda81756d571b258c96bd350c58d833ff9b5be4f69,0.69,0.0003407,48082,113946,232,77825,0.0003407,0.0,,,live
2026-10-08T07:37:25Z,0xe30bbfb66a39ba20a883c8e4dfa3d8e843e64acc,0x0b80ef673cd54c94f3eb9d03c51d5b0efecc517c,0.51,1.505e-05,7554,0,1,7554,1.505e-05,0.0,,,live
2026-10-08T07:37:25Z,0xe32a6c782ea61fa61a382f95b7f8f368dd207777,0xc90f7270415638cc815a0e3eb6e1cddcb1dc0f5420d62b43580a4512b8849998,1.47,,,,,,,,,,dead
2026-10-08T07:37:25Z,0xe3477145951951bd048782dee30bb5499a185079,0x69b8bc9428121015016dd06a09110b32b15185c84afed09b1407e9b673b87153,1.36,,,,,,,,,,dead
2026-10-08T07:37:25Z,0xe34930a3e06591081eb73ad7017ed5779dec080c,0x0c621e71df0cafd32ec43c7fd8252d3d207dee19,1.44,,,,,,,,,,dead
2026-10-08T07:37:25Z,0xe36e06ca66fb55d6568a16ffe4760178f51f4590,0xd4244cabae594943508877a9d17868f3a6cf390d8dce93ca3e4c1f69435e7737,2.51,3.28e-06,5374,183,11,3280,6.109e-05,94.6,1,False,live
2026-10-08T07:37:25Z,0xe37d577e74888edc77e61c27a089bd2c92ac2d58,0x25956ec21b0d20f9563c60c7640b11fc7f6630135d60f25ff1982c5407c8fcb8,0.86,2.58e-05,25803,4,6,25803,2.58e-05,0.0,,,live
2026-10-08T07:37:25Z,0xe395f3490780c6ea4bf593441d58d442adcf39ee,0x43bbe9b38dba0ceec4f3b8c1f5d8e8680e4891902de1c172a7fcab7cf6caefdf,0.14,1.025e-06,20507,5,3,10253,1.025e-06,0.0,,,live
2026-10-08T07:37:25Z,0xe3c41b68f0eb5d1aaaaf85947b0782c53a7b7777,0x52d87cd5393eaf74f78bc2031e86c384543f28bdd535226f158bdc493f0858f2,0.71,2.156e-05,23151,52366,180,21520,2.156e-05,0.0,,,live
2026-10-08T07:37:25Z,0xe3eb6a6937c14afd15e2a18c45c415412436eb86,0x5756c3ea1f3806f5068634e60b19028a36d46a716b029cc788c0d34f8f546c71,1.12,0.00022,110008,7,3,220017,0.0002234,1.5,,,live
2026-10-08T07:37:25Z,0xe437ccab414996ae7ce8f183ee776d3ddee96777,0x80a956edbd4375a49b5cf5f2ca94b008b7181eda720efd5e7f2c8ee3a84804e4,0.25,2.201e-05,23486,43496,142,21969,2.201e-05,0.0,,,live
2026-10-08T07:37:25Z,0xe4bb4de778b07aa5becf4709eb2caa29f80f929f,0x836941920ef3ed6d83d7818933c052193328d8173ed093d34c102e60b1d70af4,0.19,0.0002695,42823,105197,233,61555,0.0002695,0.0,,,live
2026-10-08T07:37:25Z,0xe4e8aa009c7ece78c25af8518a40c6dfce42aba3,0xa9168f51b7d88be55c1820a8861a54776fa5e9144c0483a90b0422f6fb0080df,1.32,1.13e-07,9652,110,4,11303,1.904e-07,40.7,,,live
2026-10-08T07:37:25Z,0xe57ca28e0d94627c6fd386e9a8be590c37beb499,0x8c70a99c7939716c24e543bfd5894f77a8844dad99203b448f21aa564d82d25c,0.74,4.906e-05,45324,11219,49,49063,4.906e-05,0.0,,,live
2026-10-08T07:37:25Z,0xe5a3cf478400535317a57ac1c73d0a54c9a4cbbc,0x055648f247c0b9f2ba4bdc183f0dbb1bf49fa2ff,0.12,1.501e-05,7536,0,1,7536,1.501e-05,0.0,,,live
2026-10-08T07:37:25Z,0xe5af87f89c34b622dfb61485b002930c17f65074,0x8128e372578b8ac305ee28e6b7e4def5490374bc,0.11,0.0001016,7,195276,527,101638,0.0001016,0.0,,,dead
2026-10-08T07:37:25Z,0xe63e99e12c9610760b6740d6ca6f751463a2ff00,0xf396263191bb910399dbae2bbc857ebf5939a8f462251276cad6870227623362,0.46,0.0002728,43131,77306,237,62329,0.0002728,0.0,,,live
2026-10-08T07:37:25Z,0xe67ab7871c0df7a2446d644d0acc07983fd661ac,0xcc1436f9b19d9172a8a640ed21a0dc310c6edf9976b41cf735cd273f0b8ece50,0.95,0.0003296,47734,102527,238,75281,0.0003296,0.0,,,live
2026-10-08T07:37:25Z,0xe6e81dfc313722f2edd181f72bd9360b89f446fc,0xc913f088ee52a2c3111631e20da29e5dcc2cf6af83d5af400b85990955c04051,1.37,,,,,,,,,,dead
2026-10-08T07:37:25Z,0xe6fbff598b15360d23b29cb7c85c1c074fbb0336,0x8d15d30b976bcb56ba03daef5d40649c8c3368e4ab444e85cfa4c10d65f13169,1.44,,,,,,,,,,dead
2026-10-08T07:37:25Z,0xe73e841daea71089af9834e824ef72aa94942777,0xf681c2877b5c056c3960e3eaa6fb36e4cb3765ee8a466c365232097e092ff265,0.11,2.475e-05,24827,42863,176,24710,2.475e-05,0.0,,,live
2026-10-08T07:37:25Z,0xe751b6f48fe949a6742b3ee4b1954ecf5dc6d47c,0x45cd8445df61bfb3f9d47d33da0278e835a1970b73a2757c7333427f1cf34dc7,0.7,5.144e-06,5145,25,1,5145,5.144e-06,0.0,,,live
2026-10-08T07:37:25Z,0xe774e6b1cc16edcdad1d5e0723666f81965b1e18,0x4564b0e56b6aba4186471ae711ea857782f803817309abf2dc0fc0a80a9eb9d2,0.75,1.991e-05,19916,1,6,19916,1.991e-05,0.0,,,live
2026-10-08T07:37:25Z,0xe7e03b522dbfb5fdbe3d4be45b0aca17e3647777,0xefc86429b9f699868a228bdc281111b167a1b1609fd9cb9e109544323e5bbc8b,0.19,1.88e-05,21698,31463,115,18770,1.88e-05,0.0,,,live
2026-10-08T07:37:25Z,0xe7ff3538665090b46033bf16c2dbf3ebfd2c74ca,0x2af7c903b8faa1caf60541e9ecfe861658cdf5ccfa552d53c7d03eb84e5bdd48,0.26,8.384e-05,23935,16920,53,19149,8.384e-05,0.0,,,live
2026-10-08T07:37:25Z,0xe81e2ab8e61a5372252923669c98364318e37777,0x5aed5860c5b9a6a6cfe37bc2ac73a7fd77e90e5e968452654f8820e9f494d639,0.49,0.0002118,49026,53548,208,48408,0.0002118,0.0,,,live
2026-10-08T07:37:25Z,0xe8620ea83ce79a09c6a091f2bfee456740fbc777,0x59069e56d029bb360641162ed6b898223690656ffc92f30de45191a3f21a96d8,0.1,2.169e-05,23264,17591,81,21654,2.169e-05,0.0,,,live
2026-10-08T07:37:25Z,0xe8822226b3ef5c6b1e671fb5c097e687b6411777,0xf6523a2818e38363d35b1a7a40fa5c526317268e5a4ae3f4269f27d556616504,0.12,1.973e-05,22144,49012,182,19701,1.973e-05,0.0,,,live
2026-10-08T07:37:25Z,0xe9077038f5c5c1cdbb722965f7820f9ed9dc5bd9,0x9abe026e16bd12b835689831bf969a11e445cad1201f071b5a08694b8c2d8b6c,0.7,0.0001339,91551,63200,150,133964,0.0001339,0.0,,,live
2026-10-08T07:37:25Z,0xe91c41960d3a7c0a053db1df227882269accd79a,0xd54b3569bd66943b682da6553c23358720738f359b4b91ac144a5ddc85eadb0d,0.24,0.0003827,51119,120291,234,87415,0.0003827,0.0,,,live
2026-10-08T07:37:25Z,0xe923ed624e3aabded1e6e3e77908422fbfb8f777,0xcdb991f2ae31ee13cf9ddb7f641c9f4147f16a35254da805ad76afd861ada00a,0.81,1.712e-05,20711,42090,154,17087,1.712e-05,0.0,,,live
2026-10-08T07:37:25Z,0xe937512e7c3e2b326b4154901ae784a8d247d4f1,0xa01e52b5a26ec78fc06e5b4e6619884f8181d6b9514647bfe72c3e11a539e380,0.87,6.528e-06,6567,73395,3405,6528,6.565e-06,0.6,,,live
2026-10-08T07:37:25Z,0xe97463ebe4342ae4d34b65cebc1a65cb0a709943,0x41806a12a313be539393bedd583869a67020fd87fe5d0917ceb574cc3274c0d4,0.39,2.637e-05,30981,29172,255,26379,2.637e-05,0.0,,,live
2026-10-08T07:37:25Z,0xe97ad07f6649e794ce172d6765d326a1c64be759,0xa62d2c2f8e3767db6e5626b9be633df184714e2774b4df5bf0136b869f909501,0.68,7.908e-06,12734,1241,15,7909,7.908e-06,0.0,,,live
2026-10-08T07:37:25Z,0xea19087d556fa244d0f1ab9502ae84e11c83777a,0x567f75a374988ab0eba4408ec0be6bcdbf4bc887c99fb5ad8a963e47ea3abe96,0.77,6.44e-06,6440,5341,31,6440,6.44e-06,0.0,,,live
2026-10-08T07:37:25Z,0xea372e9b702cfd3021d71b11927fe4538a9e8a4f,0x95ae02bf8573ec26c08db7de9f997620873d8e624c7cf2d46c17476ccf96b3b8,0.82,5.692e-06,5667,29149,272,5692,2.69e-05,78.8,,,live
2026-10-08T07:37:25Z,0xea4662b78814f2e754e59c102a612e5c7786ead3,0x288d993e7faf95320b4df0ef63b96f1b0fe7434e06f1793a5f78aaa264bf8d5a,1.49,,,,,,,,,,dead
2026-10-08T07:37:25Z,0xea986d56e3542a05d1c19a911abdbdf9f1072131,0x15f2a523a749d62a697c51375ad010b9dde267b81029831ea649ecd00e6d6e54,1.48,,,,,,,,,,dead
2026-10-08T07:37:25Z,0xeb07867f2208c0110a35a9ba2ff32cbf4856874b,0xdc6279da7578076aedf733f86cbf017f9f53ed27a16c2b736449feebdfbeac4c,0.92,0.0007946,576348,9,11,790070,0.000804,1.2,,,live
2026-10-08T07:37:25Z,0xeb3df95e4efba2686bb2f04781456bcf83426d06,0x9224889d3f07495d0f4627168765974588bb4f9773b77c9ba1ad70e49e13765f,1.4,,,,,,,,,,dead
2026-10-08T07:37:25Z,0xeb4e61af13759d344bf6c513b6069c5b873a57ee,0xfd354859ebc88bbb5939e3745d2105460086754e228579d2c5a1309ff21ef851,1.39,,,,,,,,,,dead
2026-10-08T07:37:25Z,0xeb5e4f655eee663a01419bec7dd74b5ee45b5f67,0xd3d50aad859119bfe773db3e81066363d25e3514fc87785d190db7cb41a6f350,0.48,5.84e-05,26362,115744,1374,54145,5.84e-05,0.0,,,live
2026-10-08T07:37:25Z,0xeb78ab486bacc86a147e7df645f27c51afe292a0,0x8b9a91708ee736cec7a6ec9b333511583bf10540b44a62a05c67fec86e9b36e4,1.43,,,,,,,,,,dead
2026-10-08T07:37:25Z,0xebaf29bf565397fdb43018a824eabb6b38d4aec8,0x2cc56d48dc9e4ae633c8500afcc0516a1d474877,1.49,,,,,,,,,,dead
2026-10-08T07:37:25Z,0xec0714205323c8e15cdb67d0fa00aa182c4206f9,0xd0695c230722db2434f4a16f4a14a2fb0adbda6d013d0db2016b62549a01fa64,0.94,0.0003414,48550,116170,235,77992,0.0003414,0.0,,,live
2026-10-08T07:37:25Z,0xec7668f00f9440ca21c624ba0dbc2a9ad66ad641,0x6aab46968e0e5c5d01a96e106ef013cb49461574462008aeebc576ee1c7427c2,0.08,6.464e-06,6477,21282,1302,6465,6.464e-06,0.0,,,live
2026-10-08T07:37:25Z,0xec8d19cc7155f813395d603a85777ed432dca777,0xfa8baac808798872878dd426faeed562d8476b268648f42b31fd710647b77b5b,0.52,8.495e-06,14535,3159,10,8479,8.495e-06,0.0,,,live
2026-10-08T07:37:25Z,0xeca1e61169b1d26ea0c9c7eda9dbd3877f3ddad0,0x2daf6feb7d7d2ba76de6a48321d0b5c92c3d2caed05bfed5c5096bcb1389c127,0.68,4.289e-05,40668,13671,48,42892,4.289e-05,0.0,,,live
2026-10-08T07:37:25Z,0xece3a0c0cdc4534fe1b1759d51fcf9929e57bd7e,0xd416bfe00c929ddf55d3653d470daa188b4def90e4b70e8dc0e8f4cb56335308,1.32,0.0001241,158466,26301,148,1834,0.0001241,0.0,,,live
2026-10-08T07:37:25Z,0xecffa55e2d9c1806ed98f8003d547fb9dfb4e777,0x89c2ad67475c5380f0d4cf0b0f95827bdffcd032434e56c7c5f8c1f1519301f9,0.84,2.46e-05,24800,50733,186,24558,2.46e-05,0.0,,,live
2026-10-08T07:37:25Z,0xedb6b2a5cb28696fd573cf484f3e9ca3a34787bf,0x4eabddbf53f1c690731b2429f10967cbd11a8c177374b184ddb455964305d7b2,2.0,6.491e-06,6491,2,2,6491,0.0001166,94.4,,,live
2026-10-08T07:37:25Z,0xedbf91223639800bcd5756815caf908df3b890be,0xff7b3bd2db34d9ed8160e6dedf1d448777abaa1fa6fc8a31144930a1a656fd92,18.51,0.005858,684942,99973,278,5858471,0.0141943,58.7,,,live
2026-10-08T07:37:25Z,0xee049979960d5e42b389b941ec45790ca7b6e1f7,0x92a4f531f82e1440d6e349bbc2ed42ba389e013f,3.78,2.584e-06,2585,11187,1680,2584,0.03389,100.0,3,False,live
2026-10-08T07:37:25Z,0xee9c573c6748ce1c5a2c63e2bd03401bfe4a4777,0x58c08ef32909ef9798768ac55e989380e8d17f0d8265c9f7dc14998ab3840692,0.36,2.211e-05,23487,46111,144,22073,2.211e-05,0.0,,,live
2026-10-08T07:37:25Z,0xeecd14310573b439cb977dca46a22c72e2c0ba25,0x9b64cc4623eb286356ba8d7d4c1606ddeaf0fe0789c37756fc35f1bc1c4849ac,0.46,1.586e-05,6496,127,2,8123,1.586e-05,0.0,,,live
2026-10-08T07:37:25Z,0xeed7a016a8cdc86446db125e3ba7eb73757c3855,0x862f3bb41c8c622f2bc550d2b91f6e58ea35db386b1f581c98ec5e17335dbc68,1.36,,,,,,,,,,dead
2026-10-08T07:37:25Z,0xef8594d57e661bd7053f3cb8cce65d6d78749259,0x93336430d165e490f75be84bd8119f17c77d00ed,0.72,1.511e-05,7584,1,2,7584,1.511e-05,0.0,,,live
2026-10-08T07:37:25Z,0xeff32ea13680c316dd1cfda9df5e4e48c208e99d,0x4443725ca047831644c6d0ea1d3ef355804f44e4a914c4275b5214ca47d30807,1.42,,,,,,,,,,dead
2026-10-08T07:37:25Z,0xeff3a5fa1bf824c70bb269db81711160cb7b6b39,0xef6c54f78e0516d2a189466c31218f2d1637d246178672ca481a9205b8004221,0.82,0.01052,9981223,11084571,5948,10525361,0.01052,0.0,,,live
2026-10-08T07:37:25Z,0xeff69c46ce2d538fec444b3ef2a723b267d279ee,0x41a3a8c456c571c6f8a62d3911a0deeeca178328e67b41cd59cd61eca37a81ac,0.34,2.693e-05,30094,29850,253,26939,2.693e-05,0.0,,,live
2026-10-08T07:37:25Z,0xf007aa336939003d8188babf144d27a4841e0dd8,0xd1ec6b25bc6d77da5b9fa93640db2b83a771c5ba6fdcf6b1365df5401730f6ec,0.19,6.439e-06,6439,1692,13,6439,6.481e-06,0.6,,,live
2026-10-08T07:37:25Z,0xf061727aa28f0bb410b54545863569594b5fcb5b,0xf97c69b6560cc9495ee32c28436f6f654136904d,0.14,6.4e-05,0,9788,92,21334,6.4e-05,0.0,,,dead
2026-10-08T07:37:25Z,0xf0f140c67d0e3f5bb0e0a19d739ca12c60972d80,0x3602802de7cccde06493706410c2eac7408d2189,0.22,2.563e-05,24356,3,10,25638,2.587e-05,0.9,,,live
2026-10-08T07:37:25Z,0xf13f2d9f443dc218582f7e8762a2f9afb5a61e18,0x7f830e84df1efb6acbf6ed3974dcbd95a02c60c0d9b917c936bcd309f01e5b33,1.6,1.894e-05,18960,428,9,18947,2.441e-05,22.4,,,live
2026-10-08T07:37:25Z,0xf195df5c0abc48ea929c080dfb92e8d5c4d5e27f,0xd8059618d3fafabcc96297c5658607e78ae1a1ab24a68bd4bf77d6f89fc6f342,0.33,7.258e-05,22238,12488,50,16579,7.258e-05,0.0,,,live
2026-10-08T07:37:25Z,0xf21b6d9b337abfb40f91bbbb0b1c73ccc6cb45ea,0xddefc8467c9b77e3f2c1525e0cb0f453e4408fc0,1.26,2.583e-06,2584,1896041,7372,2584,0.001203,99.8,,,live
2026-10-08T07:37:25Z,0xf23301ef7ac4a7bcbecec6a94ff8060787692226,0x6642db2a009f7df12d6dc42b0c646e6de9f761b2,1.43,,,,,,,,,,dead
2026-10-08T07:37:25Z,0xf2374d49e9a6d73d24dd927a7e2275a659038f26,0x09c09a671a0d3cd31e64fbae16492facfa737fb9fb6544b997da29ed44ac838e,0.61,1.774e-05,12559,12346,144,17742,1.774e-05,0.0,,,live
2026-10-08T07:37:25Z,0xf294b0cfdec537300e8844db5a907b51584d7777,0xb3ae73b5e6d92842dafd564c549ed9b73697e0bbb1f6bd9a8eb6c32b6c9758c4,1.39,,,,,,,,,,dead
2026-10-08T07:37:25Z,0xf2b88c1e01aca84bd27c00ceda28e731d41a7777,0x8da8257e3abc368f3ddc1b96a2337a5c124c2175f373c2fa75e202ca2f43e48e,0.71,1.834e-05,21366,32262,112,18309,1.834e-05,0.0,,,live
2026-10-08T07:37:25Z,0xf2dcec29ab8e64b068cfdedb4a74cf31c718a32b,0xb627e605f44f01d868de69b28d39f08558989e54ea9b047d528aaa9467d07c09,0.39,7.11e-05,23657,11613,69,71100,7.11e-05,0.0,,,live
2026-10-08T07:37:25Z,0xf2f78a8ccc9bd8f64c709ddba5962a9e014db309,0xde5f29149bd816ac29c3940ca2d2a6ef052b297e5df54ff487d5ea1ff43f982a,0.21,4.801e-05,18103,4633,11,10966,4.801e-05,0.0,,,live
2026-10-08T07:37:25Z,0xf3540e8507be970a5d7fc5c35f555117ed168238,0x1460181be1a47e7fff591c46c3cd08e532bf09b45ddf8e0602e672bbdda46759,0.76,0.0003645,49707,115592,238,83264,0.0003645,0.0,,,live
2026-10-08T07:37:25Z,0xf36a91caaae145f79e327d62fbbda8b14d28e00b,0x2a196c66b29c23b106326a93b5fa6da60b9831578ad5a7e37838bee0f7f5a488,0.94,9.246e-05,25273,17492,56,21118,9.246e-05,0.0,,,live
2026-10-08T07:37:25Z,0xf38679620002b560791a3b215e44dca5f3857777,0xf6925f28300e3052abe8c7ac6003282c30d373ec6c22d9e323dfdfb35fdc2dd3,0.26,0.0002678,55178,64806,231,61207,0.0002678,0.0,,,live
2026-10-08T07:37:25Z,0xf39d6c53f268d807b0f9b0c3d087c5330c8293e9,0x41ed5a0cc88e3591f213ffcab1806afaba5b123a11b5443c6c08157d9a3dc72d,0.93,5.605e-06,48255,41498,216,56059,5.605e-06,0.0,,,live
2026-10-08T07:37:25Z,0xf3a31bbe475d4757e1841292e34c5467d6810158,0xa71f1216457e113e423edb77c264cd7a32d6bdaf3b9e0d220686aa6c284284a4,0.59,0.0002564,41681,82515,235,58566,0.0002564,0.0,,,live
2026-10-08T07:37:25Z,0xf3a4920a27a4550c1a2f1691571dc34906384142,0x62bc2ec028355163dbc1d857b9213db0cacad3e8be3f6c1a38084e598a88537d,0.6,1.649e-05,13000,12971,142,16493,1.649e-05,0.0,,,live
2026-10-08T07:37:25Z,0xf3b81ca0db47c62f357536bf706fb9623909e77b,0xafe979a3a4bb81a0a22951af4d026b53a90f253db85f2f00b7ea5a45d9240a42,1.27,0.001557,124557,99437,193,155764,0.001557,0.0,,,live
2026-10-08T07:37:25Z,0xf3c92998d8efe1712d8e7220d40b2c1b5a637777,0xead7db244d6cb8266375511f3c3c22fc2f8e71b7946963a07a86a38316af5841,0.89,8.666e-05,31460,11140,49,19801,8.666e-05,0.0,,,live
2026-10-08T07:37:25Z,0xf478426704c34115773b55fb4a7ba5ef233bf6a7,0x411b1ed39b3c5a94bc17dafc7120a5585ee53f06b8aa6d4d66f69c18c6bfa6ea,0.83,2.569e-05,25694,1151745,2479,25694,0.0002114,87.8,,,live
2026-10-08T07:37:25Z,0xf4a530f2c6f9935170eebcfa50b8718dd11e144c,0x8a1da8dff01db290f501dd8591a9bd659917f851,0.04,3.509e-06,3570,85655,4993,3510,4.799e-05,92.7,,,live
2026-10-08T07:37:25Z,0xf4d1c0d9aaf93d42f4da335401503785e56b2d44,0x9217b2f589fa461c7a25d461003ecdf58db42920,0.1,9.804e-05,11174,77799,598,32680,9.804e-05,0.0,,,live
2026-10-08T07:37:25Z,0xf53160ab6331d156fd543e774599eda35644b3d2,0x2b799ca6b3dd53bf4e9fd9f5a97196d853fb561ba06f673cb8c5e99928c5c0ac,0.63,4.515e-06,6311,281793,3519,4516,2.455e-05,81.6,,,live
2026-10-08T07:37:25Z,0xf571e29c1fb6fe41469e5998ddfdb418f96c07d4,0x629fe1a5979a56500021340917942bff169f706c64d9058464b3ccafabd8af81,0.56,2.56e-05,25608,3,3,25608,2.56e-05,0.0,,,live
2026-10-08T07:37:25Z,0xf596cfb7db3d53df6326720b3d7aeda4ff120d7d,0xbcdea1d3cd48a47473b400dbaab6351f34582ac0286b896c698f75b2e56089e0,0.7,6.448e-06,6448,26,24,6448,6.448e-06,0.0,,,live
2026-10-08T07:37:25Z,0xf6329698edbb6f00a94ac53aa176f25db661b777,0x4760b26fca730cc52bb01f45edd5734ccaf4ea9a2dc8104e59aaafed5dcc072c,0.94,7.684e-06,13961,1129,7,7669,7.684e-06,0.0,,,live
2026-10-08T07:37:25Z,0xf638e4d86915c11bdc97b4efbcc4abee5fd21777,0x1c2d67749c9abf0562d95c2a6baca5f4a38b2c372c91fe064f97c6ce9241ca29,0.94,7.828e-06,14090,2028,8,7813,7.828e-06,0.0,,,live
2026-10-08T07:37:25Z,0xf68151b8423221b8cc7e0eae247d25a6cda9f3d3,0x19a08d5d848cf6c3c0ad25f703203b848cbe03372ce0e058c52ec87bc2e95e33,0.17,0.0002878,44252,82779,229,65744,0.0002878,0.0,,,live
2026-10-08T07:37:25Z,0xf6b7e81c6e3e6d94fb9d2aabf9dc3bca98286799,0xb54faf36cbb92e63d1dbe44f2985ec43f1c7f665ae2178727a9a4f6d9e5c7f09,0.08,0.0001903,104498,2616299,5302,190319,0.0006626,71.3,,,live
2026-10-08T07:37:25Z,0xf6d787d0a305ec224f2312f9633cf8c58a707777,0x89d7e14980ee04fbe08e0fe04b7e641d2367374e275638bec1668407dac2409b,1.41,,,,,,,,,,dead
2026-10-08T07:37:25Z,0xf72447778fd5fd94171db99e1e6057764ccbf777,0x414f59e6ffda98901d0356aac8712838675d8b2caff523c1f2ff1e089737ecc3,0.39,6.797e-06,13020,3661,14,6784,6.797e-06,0.0,,,live
2026-10-08T07:37:25Z,0xf7634a3d08ecabf506ad6ed3bdd1d5277f6f9a42,0x75aaf08877adeeb574bfa0bc207d5e500c24c84fad48aece4ce01901bbdb9f20,0.18,0.000219,38568,65423,216,50023,0.000219,0.0,,,live
2026-10-08T07:37:25Z,0xf7962bf4802c23803d19720ba69787fd85cd7ba3,0xc6a7a95f757e2060fbec7d75b376b3693877833a5bb30c4f2ff9a93c6f596aaf,0.72,1.088e-07,10938,12428,318,10882,1.095e-07,0.6,,,live
2026-10-08T07:37:25Z,0xf79811e8124546068a6bc31edfbeb0707fd4c496,0xa6fd93d6a8457e60d8ee561adb7fb04f5e586cca0659b091dcaab6de08561253,0.73,0.0002145,38174,77462,240,48998,0.0002145,0.0,,,live
2026-10-08T07:37:25Z,0xf89c9acd150aeb234dc5e10a7fa5e29c92e53777,0xf39b65d70ef1f86b496b5fd49b32051ec4e657eddbd158c1329e9f7ab7427512,0.52,9.649e-06,15491,2271,12,9631,9.649e-06,0.0,,,live
2026-10-08T07:37:25Z,0xf8a8425b8aea7843050d9db1e9c2ca3aadef3ba3,0x6f5688c28c4cd5c596494901c4e2177e19bbfd4666fffa8a5c58733f354032ee,0.27,1.014e-07,10143,0,5,10143,1.014e-07,0.0,,,live
2026-10-08T07:37:25Z,0xf8b2f446df1231c0584a5dfb3b0373fb1dec4de8,0x2ed86aeb34d51f3b502d4701929778b2dfda312a56118498dbea0c7ba48696e1,0.08,6.484e-06,6497,15085,427,6484,6.484e-06,0.0,,,live
2026-10-08T07:37:25Z,0xf8e7c17f4b74e0ba6506476b6ebdcedd0d5a7777,0x36370fa12e3ae0a0fa7bd596490695b66ab0647415c8880115702e2fe9ef008d,0.6,2.299e-05,23967,52898,181,22952,2.299e-05,0.0,,,live
2026-10-08T07:37:25Z,0xf8fef142f7ab1af3a4125c57377dda7eaa07e049,0xbdcc9004fa82baf38128622979c162c8c077eb3a6fdaaf1ea7ae33a7bc38b489,0.56,6.756e-06,8184,2738,74,6756,6.756e-06,0.0,,,live
2026-10-08T07:37:25Z,0xf917af6c74b0a017d1f4a5db50136e9d3bdca777,0x82fa9c970979dacff8929e4af4f6c674abe59ede886818d24e0b1b72c11ca70f,0.44,2.734e-05,26143,52839,178,27293,2.734e-05,0.0,,,live
2026-10-08T07:37:25Z,0xf9568a804c10189b64fde9e94e05b03699687777,0x847bf0af32931ac8ef6e14a85c70ff4331384663006edadb1d9145ed366a2808,0.56,0.0001943,46836,41910,181,44403,0.0001943,0.0,,,live
2026-10-08T07:37:25Z,0xf976b154dd483e43f07d1255c8cfa16b82114e11,0x07eed63338f995f32c09503f65d2c9137b0a2f2f,0.74,1.513e-05,7592,0,1,7592,1.513e-05,0.0,,,live
2026-10-08T07:37:25Z,0xf9bebc691dcb571ce14ce326def9c57138d7a3df,0xa0cecd5f7e8bfbd313d53673ff9849822ff1ba3739b1cec0cb3baf2cbb0f81ba,1.42,1.042e-05,10414,16477,5,10425,0.000234,95.5,,,live
2026-10-08T07:37:25Z,0xfa301121ab716fbdea9beeec970afa0eeac17777,0x1ade75c43999df89399884e819871105f2a863e3b6651c4ae917ebda109f057f,0.8,8.11e-05,30367,10498,43,18532,8.11e-05,0.0,,,live
2026-10-08T07:37:25Z,0xfa31d04462746aaa24bc7e5626403e09e4b106ec,0x432733840e61898919abd6850d94e2a708621d82fa84656cea0db33142f610a3,16.95,0.0005754,74634,147102,843,575469,0.00357691,83.9,,,live
2026-10-08T07:37:25Z,0xfa6ed9d2e3996d11b5ac61e0e47b072ddfb71e18,0x2aa72b3287d1b538adbeb0e38635b5de4c18b32230cd31478f99376a5f8e1b7f,1.35,1.994e-05,19956,669,9,19949,2.011e-05,0.8,,,live
2026-10-08T07:37:25Z,0xfab17263d7505a3be48232af2c8016753ad9f777,0xe8e905bc34f4dd30ae8bf129b3ee23a69977ddc76cd279782104df3bce426d05,0.14,2.974e-05,27178,52021,187,29690,2.974e-05,0.0,,,live
2026-10-08T07:37:25Z,0xfb213c21bf41a1437505bbd2e906fc8801407777,0x69a615fdc6684a5577afec42c0cd3eea3b99fe98582fa140e7d026c7d2a1dcfc,0.71,0.0002499,53160,62222,233,57106,0.0002499,0.0,,,live
2026-10-08T07:37:25Z,0xfb2305c6fd43e31fd6fbd4cd3f9202c4df6196bf,0x80dbf9e1a5c75236e5457aeeb081235374db06355602de9950d45f0ebbfaff56,0.91,0.0002675,42862,90504,200,61109,0.0002675,0.0,,,live
2026-10-08T07:37:25Z,0xfb4ef650dd3a179ceb032dbdca1257a2339624b6,0x1251e8475e11efdf10da35a846530a4a710a2aa7a99586c18497e805767c61c0,0.94,2.635e-05,26359,126,7,26359,2.635e-05,0.0,,,live
2026-10-08T07:37:25Z,0xfb91e383f04d3a831869565dab034daeb7351e18,0x9f061d30d0334db7824be8fdec575cbfb75439c4f61cf6b4bd94451ed37f2f8b,0.1,2.097e-05,20970,1,3,20970,2.097e-05,0.0,,,live
2026-10-08T07:37:25Z,0xfb99cbc8a014dbd50f618a122f21ca503184e22c,0x2c7c9afccc6539e321e182073e1372a558a7743389a24e9c1091ffd88b8f466b,1.34,,,,,,,,,,dead
2026-10-08T07:37:25Z,0xfba45e98e197053654f4216341cb7cb46105ea7c,0x8e631a1946d3095a8ae1e1a5cbd181de7431dfbe488533696d95746a79678636,0.87,2.616e-05,26165,189,8,26167,2.616e-05,0.0,,,live
2026-10-08T07:37:25Z,0xfbdf953a583cff807f1a2cbbd119b3a4682b97e5,0x6b5c748f2ef96f836766c0284d491c085c8bec44efeb35664b5bc2847691068b,1.41,,,,,,,,,,dead
2026-10-08T07:37:25Z,0xfc5c8ec56af0c5ee6ebf4c4184c8a5a7bc74e9ba,0x7ad92327e884dd403c3996eaf24e8b5ef7103f5dc6cead61adc79dfc768a2ef8,0.19,6.421e-06,6422,5495,35,6422,6.456e-06,0.5,,,live
2026-10-08T07:37:25Z,0xfc8efb9796718a29c8fea901fac49c23b0f5ea48,0x23d2affb8b68d2e44cc5f9cfec0d76e92d65480e4cd093e1a440bbd0660069f4,1.48,,,,,,,,,,dead
2026-10-08T07:37:25Z,0xfc965231910d400c3a06fea56e2b88d9babd558a,0xbcd9e90c0c119731c161b9189afb85abd2cd3c375b6030cc16127ec172c73283,0.71,0.0003023,45254,77673,236,69050,0.0003023,0.0,,,live
2026-10-08T07:37:25Z,0xfcde13f42f498a7b1df43f87dfaf4f7cf38262c5,0xe2fb6ee38faa2b358fc117c6c7ef33ac2710b6ad8864ffc41cd836c7aecb9d01,0.09,0.0002895,44372,73907,232,66124,0.0002895,0.0,,,live
2026-10-08T07:37:25Z,0xfd1363ff923e9432ce72656b96a9d5fd7b1b5bbd,0x27bbcef06ea975469b97dda9feacd643be0997c2f0a9d50453d9af1867acb2a2,0.68,2.605e-05,26055,213,6,26056,2.605e-05,0.0,,,live
2026-10-08T07:37:25Z,0xfd1c28ef54856dc02f8ef7de71805ea7bf111077,0xd8d58f53445b4af5081f8396307b9febbdbd01fc86018943aecda6f58c113678,1.56,3.203e-06,4709,647,37,3203,3.672e-05,91.3,,,live
2026-10-08T07:37:25Z,0xfd46ed64f46c7aa5a3747f35ab1964481cd92c89,0xeb600244f986ffdf140f1a04e4e2f467db7dce86,0.88,1.525e-05,7652,1,2,7652,1.525e-05,0.0,,,live
2026-10-08T07:37:25Z,0xfd5e4947a03c916f6dcffd0289e9539c24cd83f8,0x22dc9f3a01c1e671819e4421af5e86ac65b5e53e9d564c27b188b50947ec31f4,0.22,1.289e-06,12892,3,2,12892,1.289e-06,0.0,,,live
2026-10-08T07:37:25Z,0xfe53fc99d4f01fc78474a86318ea4260102caf75,0xf3e70c2295dd63cdb3b024d3107c4c0d84104b9abc7d91ca3bda8f15ab82e4a8,1.54,,,,,,,,,,dead
2026-10-08T07:37:25Z,0xfec0806c830dfa506ec684233bbce2cb1a1d7777,0xb9e50c81ffeaef4379e096249718f8d43253b6460316ebfac60ee18762e5362a,0.9,1.961e-05,22244,43217,157,19577,1.961e-05,0.0,,,live
2026-10-08T07:37:25Z,0xfede4dc12163ddb2d2a7e9ad28a462d7b4d68def,0x972fd8b7f9e7c99dbb11e57932c787ff44cf0963bd922e1275068e497e6e6a22,0.82,0.0001683,105931,312319,837,168313,0.0001683,0.0,,,live
2026-10-08T07:37:25Z,0xff4378aff57882a6dca648fc485fe3a28dda6f81,0x823e586de00f5b998335afe0520a0ecd42557bee2758f7b6431e837ac72fbc63,0.59,2.153e-05,31351,18473,205,21532,2.153e-05,0.0,,,live
2026-10-08T07:37:25Z,0xff4c3278e735fa52b1012b06748407d26e047f18,0x5560b76440e9b6660ab6ca8c7ae1941c92abffcf,3.36,2.78e-06,2777,31,2,2781,0.001959,99.9,1,False,live
2026-10-08T07:37:25Z,0xff9e58a0e8a4d7b0942f9728693dc781580ef508,0xc0870f4b002ced58392352c0cb829b6c1bb27e84d700ce5b7153c6d050af8143,0.76,1.315e-05,25763,259,9,13158,1.315e-05,0.0,,,live
2026-10-08T07:37:25Z,0xa382e869b602190ce40f8ac2ace2d1e0e37c1ad8,0xa7012c8aa69e60989b3758720fa05201c021c720,0.0,2.907e-05,297407,19826,13,171515,2.907e-05,0.0,,,live
2026-10-08T07:37:25Z,0x5c9580293fc1106d28f66c5721397896611710e5,0x859098061cc11cefcc02ac8e0f1a8a706192cddc5bb4adbbb8df9d24227a2d82,0.0,4.065e-06,29507,21056,132,40658,4.065e-06,0.0,,,live
2026-10-08T07:37:25Z,0x7aae2a88c57dba20456ae52e2c60537b54438777,0x46379698b5131213e03ed356b0b2a4df612729c92ba71b36e9931c334a54dde9,0.0,2.576e-05,25373,53524,185,25717,2.576e-05,0.0,,,live
2026-10-08T07:37:25Z,0x976d295eb970a13da514fb1227038eaada5a41e0,0xd011995457c88be05408e526c828deac1c734eca,0.01,2.365e-07,0,5552,65,,0.01066,100.0,,,dead
2026-10-08T07:37:25Z,0x6e078d408a44015d09c72409bf70b9f329797777,0x09d6f7df783379b21fd33c6208ca85f079af25961d77c198f4eea35279561373,0.01,0.0002402,52231,64725,230,54903,0.0002402,0.0,,,live
2026-10-08T07:37:25Z,0xe8e6ee86ecd4c3a0a4af1498c241e64558f6584a,0x4fa1fb1b91f597bfe91d701592ca1e48b5b23413e1facdc8e459828df0950adf,0.01,0.0003189,46606,84799,236,72858,0.0003189,0.0,,,live
2026-10-08T07:37:25Z,0x4b0577062a952a8efd0b4f583f7a8221b4197155,0x6da613d5bc38f992ea4c0080ff792859f2d48ee8a9e37e00f7d7a1b18f627b89,0.01,0.0003534,49055,91707,227,80717,0.0003534,0.0,,,live
2026-10-08T07:37:25Z,0xa2142045c39a4ab00e63d03b651d018c43d4d8b7,0x915c1873bcea8423be798e7562d9657fac807ed6,0.01,5.297e-06,5298,15,2,5298,5.297e-06,0.0,,,live
2026-10-08T07:37:25Z,0x0f6a96374c4fb4e2c4994e9b9f2239702da55362,0x028d776ee7e1a7c06c15105f3746b253eea1f0c2,0.01,1.037e-05,167212,6187,30,90270,1.037e-05,0.0,,,live
2026-10-08T07:37:25Z,0x43863a37a951ad0096f64ca5cf0df5904ffa7308,0x16ec3f9958c1244a1c841c63f514bbbe6132f7eb80790f653adf967b88a9d669,0.01,3.157e-05,23527,40073,161,31572,3.406e-05,7.3,,,live
2026-10-08T07:37:25Z,0xf4223cbebecb1fd46b9125e9f44f614160b30050,0xc0601b9b90cd57b8f11a4a36a379f205d4ea0b97,0.01,2.839e-05,276051,34862,25,184544,2.839e-05,0.0,,,live
2026-10-08T07:37:25Z,0xc0812a13ee633712a5a521def4f05fa504cd0777,0xc4ae18fc440ade1191542c780ac5df8459243329b71a6653edb90d839de0b677,0.01,2.642e-05,25692,49617,166,26372,2.642e-05,0.0,,,live
2026-10-08T07:37:25Z,0x06ea2f9ef0282828ed887c243a14a5c256c5341f,0xc1616e9834ed9bc6ecd15c7902c9d4cadb36cd0b320e48fb45507c0e0791f7e5,0.01,0.0001592,102321,194007,493,159258,0.0001592,0.0,,,live
2026-10-08T07:37:25Z,0xf2ed998ad59acf9434b2f08fd9516fda682dedb7,0x2e51792ec4fb7d7f540cb399d5c2331a7ae69c9e45388826f8ba169068801bce,0.01,2.569e-05,25696,5,5,25696,2.569e-05,0.0,,,live
2026-10-08T07:37:25Z,0x79bf943c1456ad4169c6acfa1e66dab3f0e61983,0x38e62ba82225fc56f9b74cff1ee66d4d350c369454362dd3622b8c4d9e15ca2d,0.01,6.443e-06,6444,1290,9,6444,6.443e-06,0.0,,,live
2026-10-08T07:37:25Z,0x378b882a99968eb68148226a464bd9876071a275,0x30a6b0095ce00e1d9f1cc89b36f846fd2e9bcd58f95f7f2d5da453ef70ac94d5,0.01,0.0003791,50804,115046,234,86594,0.0003791,0.0,,,live
2026-10-08T07:37:25Z,0x5d0122a01cb1baff38b234b0e5a13f2e590d3777,0x6e2235dd4838f5d931ba8af018f5385ddced87752a6e5b348bda54aadeb96180,0.01,1.253e-05,17682,8545,35,12506,1.253e-05,0.0,,,live
2026-10-08T07:37:25Z,0x5217d68768602edd8aa5cf0726830111a4dfc777,0x681d22371cd84d6c3146444c28315aff144d91c67babf42830314719326b9779,0.01,1.087e-05,16469,4566,23,10854,1.087e-05,0.0,,,live
2026-10-08T07:37:25Z,0x6f7843c06720522982bfe0fe4c9c618a1248e276,0xde6338044ef1a72a8d5ec0e9f21d2179d766ffd1f52e78603b40f3979061ed9f,0.01,6.403e-06,47994,43441,226,64034,6.403e-06,0.0,,,live
2026-10-08T07:37:25Z,0x8d16c5f413c7b0a675010429a93d6cef6acd0fb3,0xdc6788f010bf35bcffadd1f917cb5faa7ad577f8,0.02,5.297e-06,5298,21,3,5298,5.297e-06,0.0,,,live
2026-10-08T07:37:25Z,0x923eefeb7884dbd4c96945ecce0068d9ddd5f777,0xe5b8852bb1f07b08e0308c52dfcee9b090ec86601209c8a8e27c01d085145d87,0.02,1.482e-05,19230,13314,51,14798,1.482e-05,0.0,,,live
2026-10-08T07:37:25Z,0x5456436d8a3fa51cc7adf6eae7af41436440c777,0x86e6eb4e7b6981e3b0273d810122cf44c8b893dcc7762c7638ef103fe31396d0,0.02,2.393e-05,24433,54662,186,23889,2.393e-05,0.0,,,live
2026-10-08T07:37:25Z,0x8148b71eee1a2aff561e7aef7abfac892112eae8,0x18102342fca00af226095ad1b079655738569f3d,0.02,3.738e-05,463162,1,3,37384755,3.738e-05,0.0,,,live
2026-10-08T07:37:25Z,0x78426118b19fc6031e595719d43b5f9bf7137777,0xb147839c3b1192325c09a2bc3bc6610c18dc4ccf2f00321d9149d70bd15d9230,0.02,0.0001694,43818,55780,208,38710,0.0001694,0.0,,,live
2026-10-08T07:37:25Z,0x8fb1fb02faf9af6679dfcb81a39162430023ff53,0xfabbb1e07d922173a36d8532a641fb72150708537fa05c9261cfa03b24667b88,0.02,0.0002273,39309,75266,239,51921,0.0002273,0.0,,,live
2026-10-08T07:37:25Z,0x51b8d12f83460a131e68568caba2c854bf24c5bb,0xd1092660c16ea3164a84ccf8d8654bbb5cc230ed4d65090fe4f4a3814f9782d6,0.02,2.609e-06,23507,22655,108,26099,2.609e-06,0.0,,,live
2026-10-08T07:37:25Z,0xea899e1c32edf686198929f582a5ea6585b9b777,0x1ac9bc3bd8b88982abdd1cc3e78bf277620170466051449a8816a5d1b7990919,0.02,2.408e-05,24481,46507,176,24033,2.408e-05,0.0,,,live
2026-10-08T07:37:25Z,0x27a1429ca67b306135c0d11b6cced8a6dba2f260,0x18d09942fab2b115db01455a6164d568e566dd2bed193a1caa2305beba0e34c8,0.02,4.525e-05,67587,16574,70,45255,4.525e-05,0.0,,,live
2026-10-08T07:37:25Z,0x5e438eb0fc792f9561b0c03ab53b130662bb7777,0xf183b6a02c0057e4fd2c6bd07c83711c5640d35e4e6418d3f5882fcac77bfb1d,0.03,0.0002335,51391,59526,232,53360,0.0002335,0.0,,,live
2026-10-08T07:37:25Z,0x00e04149590ec679b04b70fac71473222e0cf42a,0x81b3d6ef0f166ae6abc12414b7cce83a804a6f96c47a2d8994bd7067736ee58d,0.03,0.0003858,51156,120090,221,88123,0.0003858,0.0,,,live
2026-10-08T07:37:25Z,0x77913810f4a423342b075cfc2f6dc9162f9d2735,0x5dda48a146e2bb58ae03b66736c86f7381f1e69ccc1b230eb3904cc37de12d6c,0.03,0.0002508,41248,73393,228,57293,0.0002508,0.0,,,live
2026-10-08T07:37:25Z,0x73a9804048c1245781e65b9fc89b9e77738144ba,0x4fd7653bd32dd254939f147b46dcd66f3ee65d973371cfe1eea2b93cc49216cc,0.03,6.439e-06,6439,1289,9,6439,6.439e-06,0.0,,,live
2026-10-08T07:37:25Z,0x3e612ec66e5f712a7b819eb21c5e773a51592f5b,0xd62523e48c5b9daf5f8e149889a2473abc6422c20953c1f5b9167b56655fc4ef,0.03,5.754e-05,19769,11603,45,13143,5.754e-05,0.0,,,live
2026-10-08T07:37:25Z,0x62e6e533d3ad2634d12eed6f631e22b2cf7d4777,0x6cb2ac8fbd29852556e2df8289465d0bfa9054d4b1ab2214b23b2d88a3ea2c6d,0.03,1.996e-05,22309,26725,100,19924,1.996e-05,0.0,,,live
2026-10-08T07:37:25Z,0xa5fa9708408b289fc47e75ea8c5b3a01b6d90a61,0xc11dbd8af3918129b541c72be9222cfeccd3d5d38dfb62f6371839cb600d837e,0.03,6.445e-06,6446,1293,11,6446,6.445e-06,0.0,,,live
2026-10-08T07:37:25Z,0xa4769dad9d3e0396c652d5f6cd4885a8648ad6d2,0x8da900b6e43db6ebc05b97e1fe525abb962029478e2b0647907a8302bbdd1f6d,0.03,4.716e-05,75555,12488,59,47168,4.716e-05,0.0,,,live
2026-10-08T07:37:25Z,0x98bfc1429619a9e08d960d88d02c562437af15bd,0x207d2b796f35623f5f8020aced8501f6c81e14f839720a36ccd2f8095a716743,0.03,6.461e-06,6474,8585,106,6462,6.461e-06,0.0,,,live
2026-10-08T07:37:25Z,0x568cf945606d80d600b4b9f1e0afbcdfda41773f,0x3eddea0eda359e737f93f611db28b94e11baaef25c5f1509786ae45699b94c3f,0.03,0.0003328,159493,551036,1461,332855,0.0003557,6.4,,,live
2026-10-08T07:37:25Z,0x62117ba482f63e99376f1ad4f92adabfd6017777,0xffd0cf68c692137e22470caadbbe77d3563f699bdae2b9b6d871f70fa1ff379c,0.03,0.0002502,53234,68732,217,57181,0.0002502,0.0,,,live
2026-10-08T07:37:25Z,0x36a897004d6fcbc8e5bc4af0f543d1f47612d7f6,0x31daf144657ea2767648606d31cb440da448a265a12d02db4bf96ced29488c6e,0.03,0.0003584,49342,95240,227,81879,0.0003584,0.0,,,live
2026-10-08T07:37:25Z,0x976923a8cfc8bf7f133202c17f2088b5e53ddf51,0xf5672e8de3faa80171dd8b0ada7cf5f1051cc27e36560527470e28928cffba5b,0.03,2.563e-05,25635,4,4,25635,2.563e-05,0.0,,,live
2026-10-08T07:37:25Z,0xc4fa94eee1895336d3200122b41505b4e9c87d10,0xd13660d2347d9517fce7418d4c276cce11601229318caf2e4f89590960b01b90,0.03,2.563e-05,25633,4,3,25633,2.563e-05,0.0,,,live
2026-10-08T07:37:25Z,0xc04b1d420709bcc08dcfe55fa8343c782092b777,0xf10b6aaee7f887878d21c805de603a276c67b0e072e42c4798a6ca2905138975,0.03,1.891e-05,21700,50049,167,18880,1.891e-05,0.0,,,live
2026-10-08T07:37:25Z,0x7edb5b0cdd78abe20daea7c3e612403da7f2adc0,0x11d23b8876f63e0ad46486fd8b8629bc63723963faf7430f92cd907237795488,0.04,5.662e-06,45098,70931,258,56626,5.662e-06,0.0,,,live
2026-10-08T07:37:25Z,0x4913b48fc4383cb5b01bf3d1a591133101b69777,0xdee417c34fbb2e9e74bda9650d2b336bc0f7ff8547f5d426249d2ae581e7225b,0.04,2.011e-05,22367,48209,184,20078,2.011e-05,0.0,,,live
2026-10-08T07:37:25Z,0x807524599f552dd0ad01da5d2ac59d7278057777,0x229d8eebcd27e66fb5f6e8f846bf958a8be94af728d95b4d67e62a4503ddea24,0.04,0.0002484,52987,62362,224,56773,0.0002484,0.0,,,live
2026-10-08T07:37:25Z,0xb5e0d2d63bd60e669553d3e95cb917a6b1199258,0x870f3f426782400d290f106fdb75f1362cf610fc2cdb01f46d8448437e2d93e1,0.04,0.0003018,45229,113979,230,68944,0.0003018,0.0,,,live
2026-10-08T07:37:25Z,0x21bee35241012f25d155a32214cf8ec811515d3f,0x25221a0fc176239568c9f40740f0dd408ed974e7b6728d51c46027db7855becd,0.04,6.236e-05,80116,34661,169,62369,6.236e-05,0.0,,,live
2026-10-08T07:37:25Z,0xc74d2f73ee11fb10a2e75b245a6ff8c111389777,0x66e56b4de2231222453c03b2cb505223fd9607a316c276458a843a7fac093cd2,0.04,1.834e-05,21347,24216,95,18307,1.834e-05,0.0,,,live
2026-10-08T07:37:25Z,0x1955d3b7ee8291dfbc8188e73409a42654913a25,0xb57d4731436de97c4600c79459fc85fe9671a5a5,1.06,1251.08,6125,1570,54,27746,1332.58,6.1,,,live
2026-10-08T11:37:16Z,0x000c193fa0b00b36638ba9d69ef6d5e2aa132808,0x767a1687a5f0b1eea44133bf2e74e4ac19b56267182178c152b43f0953bb6848,0.34,1.002e-05,10030,10,5,10030,1.006e-05,0.4,,,live
2026-10-08T11:37:16Z,0x0040070833df5bcf9644a5c9732a1fe906c27777,0x0061a6568e820becb465c3e6c8817bba1e8b6a91feeef04756bf6e15263cd252,0.65,0.0001755,44656,48919,176,40119,0.0001755,0.0,,,live
2026-10-08T11:37:16Z,0x006ef08c918d26323e4a39038e769323f1cdd7d1,0x6f4dbb53677c17a4e71f737108f2da32199ae07011e77f1a57152696134c5ae3,0.56,0.0003287,47271,131764,235,75090,0.0003287,0.0,,,live
2026-10-08T11:37:16Z,0x00b5dbca58b1fac42236b5718636b7d42dbc1777,0xe284473c5adf3338150b20a178ccf8feb5fd68248ba0f3724a738751b21c914e,0.48,2.846e-05,26654,55643,188,28407,2.846e-05,0.0,,,live
2026-10-08T11:37:16Z,0x00e04149590ec679b04b70fac71473222e0cf42a,0x81b3d6ef0f166ae6abc12414b7cce83a804a6f96c47a2d8994bd7067736ee58d,0.19,0.0003858,51156,120090,221,88123,0.0003858,0.0,,,live
2026-10-08T11:37:16Z,0x01f60629024cfe49dccce5724c9e2412f6428fb5,0xde5ed9fd7d6f63bff2093ab95059bd24d82c816f8d3b23fab9614f5ecb7e21d0,0.42,3.719e-05,36148,5191,13,37194,3.719e-05,0.0,,,live
2026-10-08T11:37:16Z,0x0276db07a9f2f1fbf83b96e6870d64ab56a07ca4,0x61cd43d4635b38e73d39ce27bc5e18152fcba62cffceef5da5597a1256ecaa1e,0.86,3.657e-05,15748,193,3,8354,3.657e-05,0.0,,,live
2026-10-08T11:37:16Z,0x028ebd3795160b3f07532eb6b62d025081cd7777,0xfef8cb002870b89ba62b07f9e5ca1d7d5d5ad9fd2f91431a5af4a3cf34510b6e,0.33,0.0001931,46791,47208,184,44139,0.0001931,0.0,,,live
2026-10-08T11:37:16Z,0x02930c9e73284f9728d267e86ac64771a1aaa394,0xdc0fa764ceed6f26af81766d430af642ed60144c0537fe26e3ff96550bc8525a,0.61,6.866e-05,68661,27744,241,68666,6.87e-05,0.1,,,live
2026-10-08T11:37:16Z,0x0298082b74a78bb72471efe9274847a153537777,0xed4d2ab71d0f1b50681180c71d29f47be761b4a30fa806ba13bef941618bf82e,1.35,,,,,,,,,,dead
2026-10-08T11:37:16Z,0x02bb7c32fb7baa6d3cbe73819e5ad48a360da80d,0x26570d7e4adf8dfa5effd08b3a9d488f3d4abed93d69cf06985cec301072aff6,0.4,0.0003867,51353,109770,236,88340,0.0003867,0.0,,,live
2026-10-08T11:37:16Z,0x02f0db6e9197f89d9e2519a0bfa26f99c99afdc0,0x0570e44b25829cd509f0ac54cfc0388b2b954e27,0.52,7.769e-06,7770,1,2,7770,7.769e-06,0.0,,,live
2026-10-08T11:37:16Z,0x02f60c43ade4e6ef1bea7d1387af506015237777,0xc62ad395b63d820d112aaf15eee3e5efc5e87ff53d4604260e4f13578f8f446a,0.69,0.0002456,52719,58906,228,56128,0.0002456,0.0,,,live
2026-10-08T11:37:16Z,0x03380e39b61d197ff009aec32cd570cbe003e6cf,0x2bf10341b397084292b53e59430ab0e7c9f1569433abb8c5fd7370ae559bcc75,1.07,5.266e-05,0,0,2,135,7.869e-05,33.1,,,dead
2026-10-08T11:37:16Z,0x03593991b09b1daa8c647bd6add61f58e3ffeb5b,0x668eb41d891204cca9160254c0a3ebdae8b7727f1c498d878bdc78170a14b497,0.98,6.583e-06,6596,16566,240,6583,6.604e-06,0.3,,,live
2026-10-08T11:37:16Z,0x03accadc129d00769340fd17117d4879a2449a05,0x1f2d5b050dea665b15931cf29f2e48a1c11bbbcad8e7db8db259f2fc288c2da0,1.38,,,,,,,,,,dead
2026-10-08T11:37:16Z,0x03d29b112b553369265e1c06c4cdfdd90667ef3a,0x597f7bd85ffbd3203834e1839aa35e518c2521cceae5019dcb06a17b9f1adc4f,0.26,0.0003291,47315,107798,240,75167,0.0003291,0.0,,,live
2026-10-08T11:37:16Z,0x04524f6b87815f8ff71daff7300b3dbcbc8d4777,0xff197d51fcd0c1c521788e93e6245252ed230dfb2cc241f30693f6290a34bd41,0.87,6.356e-06,12568,936,7,6344,6.356e-06,0.0,,,live
2026-10-08T11:37:16Z,0x049ec20fc9fb83c1343f879bf47937e050d27777,0x668f6c30329df3e0f9e7ac98c6762a4b5f036ff5dc2178b23a897c8722910ffb,0.85,0.0002199,49879,61162,229,50250,0.0002199,0.0,,,live
2026-10-08T11:37:16Z,0x05091c49e891fdd8799ec1bb94e8f733eaeb0dff,0x4eb02358ffdf655fb4479c6a817ea660f8429199e3db94dc167414f21888a509,0.25,0.0003779,50714,115935,241,86326,0.0003779,0.0,,,live
2026-10-08T11:37:16Z,0x056e3a4c5bddd3cb092cca5604cffd06fabe3b2a,0xfa6ab16643bc0166d6dd02528ae41d99227ced58a5738307c92eab207adbac61,0.77,2.206e-05,32462,17685,205,22067,2.206e-05,0.0,,,live
2026-10-08T11:37:16Z,0x057d7a83f67cff7ac9f66984d2273558d57cdc99,0xfcb295ab11064057817c5f3d888ad27d93feb6b3238ab2ad85c56c1af782d859,1.38,,,,,,,,,,dead
2026-10-08T11:37:16Z,0x05aaca11a0fba2a35dddf1e33f77c3667ddfb7ed,0xbb6300ea8aeb7d742122d0d4dfbe57507cbfa4f4ef8807f1fb3bd9a80983f87d,0.56,4.596e-06,200390,18800017,15854,459674,4.809e-05,90.4,,,live
2026-10-08T11:37:16Z,0x05c291c8a587ee3f7e689f6c141f092cce298777,0x334ff23b8cd8c4027339b3e14cd0b378d43f252128afd9892b9ae3a0b968545a,0.42,2.201e-05,23495,52533,178,21973,2.201e-05,0.0,,,live
2026-10-08T11:37:16Z,0x05d3c7811c1de2175856ad5db15648c55dbd456b,0x19f8b261c00d992e33dca6c91bdbe247c734b1bf8882adb938b7d40cc5b02fa9,0.97,0.0002629,42346,81424,229,60061,0.0002629,0.0,,,live
2026-10-08T11:37:16Z,0x061492894a363ce3db4b46f178114fb736565871,0xdcf628e9eca89a4c703ca6fa12bc7a716bbc484c,0.52,7.765e-06,7765,1,2,7765,7.765e-06,0.0,,,live
2026-10-08T11:37:16Z,0x0625a1f4bd03b243ba78a157f489981fe59f2777,0xa7fc118b8ebe27fb8e0bbc0327c242372389a4174b3c6427b921978f689278fd,0.33,1.636e-05,20202,45086,144,16331,1.636e-05,0.0,,,live
2026-10-08T11:37:16Z,0x065b336813b85f7205c06cab5ef595a334e37777,0x4b813e1e77e2fcd29307514f20e34a885e5a94edb6d4a7536209ef11b408f3ba,0.94,0.0002173,49601,60449,235,49656,0.0002173,0.0,,,live
2026-10-08T11:37:16Z,0x0682904b18f733414acb732d5c0c8a4c72ffec31,0x604702515d6d79f29adbe826b547681d98c178e212bc75a3e1cda33726e55a43,0.64,0.0002463,40975,83089,239,56276,0.0002463,0.0,,,live
2026-10-08T11:37:16Z,0x06c2f8a5e2fdf45eaf62e21238eb7c7e3092dafb,0x83bac508c7c975afd868ae2b97e650870f47b885feec8a263752ea123451cdbb,0.97,2.364e-06,20609,24116,126,23642,2.364e-06,0.0,,,live
2026-10-08T11:37:16Z,0x06ea2f9ef0282828ed887c243a14a5c256c5341f,0xc1616e9834ed9bc6ecd15c7902c9d4cadb36cd0b320e48fb45507c0e0791f7e5,0.18,0.0003362,160082,2023832,4445,336239,0.0003362,0.0,,,live
2026-10-08T11:37:16Z,0x06fa6cb0b19d47685aa28bd91bbf95d80664bb96,0xad01be37723779943d1023d083de058382ce18db7573ee45a5469d57f12ceda4,0.75,2.099e-05,9736,11599,138,20991,2.099e-05,0.0,,,live
2026-10-08T11:37:16Z,0x06fddbdd6264f59e4e4a55fbce032abcbb011e18,0xe91b4097d8bed2ebfb7e3500615e42d67c9c76a285adc83b4d700f2132eeff1a,0.76,2.005e-05,20053,4,6,20053,2.005e-05,0.0,,,live
2026-10-08T11:37:16Z,0x076b7aa0cac1ffd85b2d4128857216046b64d1a2,0xd606363e47eb909cdc1302a02c9f90f8255d98c9,0.55,7.749e-06,7749,1,2,7749,7.749e-06,0.0,,,live
2026-10-08T11:37:16Z,0x07f1cae8a452b7449fd7ef2194bfa3b4b2487777,0x8aa29c88c713fe97f2b6124a066377840edd18dc9a0690346763502d0b45b32a,0.96,0.0002405,52275,63777,228,54958,0.0002405,0.0,,,live
2026-10-08T11:37:16Z,0x0830a9dd26a04e959657ab6788d45f5725590c32,0x5408ad4b4f1d5091b99953af963500a792f47bc3,20.12,0.0009929,284668,27622,10188,35794735,0.00126957,21.8,,,live
2026-10-08T11:37:16Z,0x086f443aca0d70aee2a42fb836a21e1e529f5fe2,0xc6c289386884be3f5ee68cd45002d38e5403e71885aceb58cdba8ffa213ac386,1.44,6.991e-06,7007,238,13,6992,7.028e-06,0.5,,,live
2026-10-08T11:37:16Z,0x08e4b43b3f9968360c38ca06ceb31417e2e31e18,0xb278db74091d3641e8db1395ecf78314d84597d5441f863c39c77047a1a0ef8a,0.52,2.008e-05,20088,1556,24,20085,2.008e-05,0.0,,,live
2026-10-08T11:37:16Z,0x08e84603a059ced2f818630ff31aab789cf82d06,0xbccf70d7a346ffe51fa1f21665017cf79a8e1b0e897e5fc3cbca02426e3b8872,0.69,0.0004771,110222,467673,1043,477149,0.0004771,0.0,,,live
2026-10-08T11:37:16Z,0x08ef8c3d4f682492291c1ee02ac4038b5d22c65e,0x914624b86dc39e3813060d26d637cce9ad53d9190df01e0612b47cc0f51bd4bd,1.34,,,,,,,,,,dead
2026-10-08T11:37:16Z,0x08f13d403670edf6c043146899838e14391b764d,0x16663e26244c246451c616bcd1e71b620f7c75183518f6e5fa41c0f9c2f21334,0.92,5.15e-05,18690,3357,13,11764,5.15e-05,0.0,,,live
2026-10-08T11:37:16Z,0x08fb22c5d26d7aa4d237d0ac346990061fe980c8,0xe1bea603229ff6b86b0cdc0ef13ab22d974d729d3011c7745bda851b64a91527,0.44,6.58e-06,6619,113003,4708,6580,7.171e-05,90.8,,,live
2026-10-08T11:37:16Z,0x08fed35fb606d509faadfb7c1c0d45f3f7337777,0x30ccc3e20a28a58c15deca1aa7186086f2262532eb61c5a9e83bccf52a4098f6,1.42,,,,,,,,,,dead
2026-10-08T11:37:16Z,0x0904c50b7553b01c9a9a81ed92ce6a5b2fb78777,0x706a102e7367e8de0bc39d627fa9ad0ed71ed319eaebe780b3f902fb9e57c66b,0.98,7.077e-06,13311,385,4,7064,7.077e-06,0.0,,,live
2026-10-08T11:37:16Z,0x0990894451fdaf84ed9f5343fa5233b989ec71fb,0x32989b3b251fb36b79e316ee3687d3c8d73ee482d3dda756123d3f1f17a88019,0.72,0.000267,42479,78205,194,60998,0.000267,0.0,,,live
2026-10-08T11:37:16Z,0x099963e7026f6c6e04af0f17f3e126af9161c76e,0x0e50b334a810223602a4997bbed610e8192afb1a40caabe8cc5f54e40e5c9a23,0.34,7.071e-05,21915,12200,48,16151,7.071e-05,0.0,,,live
2026-10-08T11:37:16Z,0x09c4908429802aa9130a9580ed344d65385f0dfa,0x4fba2e318a3c60e53abde4c69efb22365fca96ad7dd4aff862d096add5fac235,1.1,6.444e-06,6458,112,4,6445,6.792e-06,5.1,,,live
2026-10-08T11:37:16Z,0x09e37048fcaf0b96c7c2ebcfb19481239b1f89ba,0x5e361e6cf828b48e835e5023da815f96c959de9c,0.27,1.503e-05,7542,0,1,7542,1.503e-05,0.0,,,live
2026-10-08T11:37:16Z,0x0a193a8a48e284ce91bea212354128168cc27777,0xb3af65e649380ac9b3e4795fb3123949104ab43ab61c73f1592984e9bc6c18d4,0.41,0.000298,58251,67537,235,68104,0.000298,0.0,,,live
2026-10-08T11:37:16Z,0x0a775dce89e47a67750a697580d8054f9e62eeaa,0x344db707b604cfe22f5c7405c29d88952b8effd6b23700a3dbcab7f244f111c7,2.0,,,,,,,,,,dead
2026-10-08T11:37:16Z,0x0a8ac3f6de79dc2c497d85d67c2d29accdf53a83,0x5de7522f9db147f6769be1528703f821e50fea094baa477df66fcdb2871f02f2,1.4,,,,,,,,,,dead
2026-10-08T11:37:16Z,0x0ad9c4b1e584deda68488a80d84f2d6616946c41,0xc2ac53d4aab207ae0d79dce5e6681daf03f8aeaccb39c0bd5ee7efdf5f18c7a7,1.59,1.044e-07,10447,52520,44,10448,1.89e-06,94.5,,,live
2026-10-08T11:37:16Z,0x0b0010bff070f9f1ad51cfec0343fc9f641d2a09,0x388934479df6bbbdb7f2681f1936eed20f8af2440a6115a5c1d907dd06d15b9b,1.37,,,,,,,,,,dead
2026-10-08T11:37:16Z,0x0b033ed8935cdbf36fdcde008173ff814db46777,0x0d206b8ce729693123c02f391456cc0dd9909a13703ce7c6e69284584d7e8cf6,0.37,1.686e-05,20557,24407,76,16831,1.686e-05,0.0,,,live
2026-10-08T11:37:16Z,0x0b1be5a4d1f654fe0fcd01f4f7ced07648c27777,0xdd1903532caabbd46cc44bf9462a5d5247159bdcc79c2804f7fa12bfee2f0d34,0.51,0.0002264,50697,60995,236,51730,0.0002264,0.0,,,live
2026-10-08T11:37:16Z,0x0b39f854df6deceee081e1da7d9e01830ad0f288,0x05d8158267121f1c05263fb33bec5e25500d4e5c346f836813c9defbb3621a13,0.14,3.759e-05,8218,36147,303,12532,4.054e-05,7.3,,,live
2026-10-08T11:37:16Z,0x0b43c68bc0837e5307a3d3c32fe88ee601d1d171,0x94d42f8a1cdb9debc3f365943e627c7aa10d6226795fe4d2ef5d401df66e51d6,1.97,4.763e-06,6436,3537,101,4744,4.767e-05,90.0,,,live
2026-10-08T11:37:16Z,0x0b57de8a50c5538733e52c4e9b5b278884bd02cc,0x302b7f4759f398694c8087e0668d1cb09ba79a8b,0.51,7.764e-06,7764,1,2,7764,7.764e-06,0.0,,,live
2026-10-08T11:37:16Z,0x0b6af1e45b69488f78dc1673bdca4f36f511c7e5,0xaa038ed2a5ad6cdd807df5abb3ccd94d0a5093142d98114e1e22475a128bad86,0.76,1.891e-05,13927,12365,145,18910,1.891e-05,0.0,,,live
2026-10-08T11:37:16Z,0x0b7c6c138dc75622f4200d157b13fb93e6bd94fa,0x5291cfd042d8a771a510534ee31090bc4f4dc72724871e8f321aecfd12332a9a,5.82,0.11,11007287,9487139,451,110068390,0.167232,34.2,6,True,live
2026-10-08T11:37:16Z,0x0b7e826073d1e231a002b143fdc7d33aeef74201,0xee18a8f32c89f29cf3099cd4d081ce333b85596303842a85faf45429aabf6dd1,1.49,,,,,,,,,,dead
2026-10-08T11:37:16Z,0x0b85313abd1c40508eccf8bcdc3861aaeb72475a,0xd73ba1ccaec9a0d96f87c44dd90cb2ec0d68cd9854481bc33fac565440cc892d,0.44,0.0003447,48496,101983,227,78731,0.0003447,0.0,,,live
2026-10-08T11:37:16Z,0x0ba9f17e539e2529c9b58de15a62fcba75628dcc,0x3a886d84c970b96f79df681261f9e4ed0f126ed0c4178f47e5097351036ea928,0.31,6.42e-06,6422,7,10,6420,6.42e-06,0.0,,,live
2026-10-08T11:37:16Z,0x0bd13a608c3614997ac05ba9587f2ea6fc722513,0xdb05043fb24e475a8b51a06b08b25ef192baf9fef585483fdef48db64dfd8ef8,0.66,2.567e-05,25679,4,4,25679,2.567e-05,0.0,,,live
2026-10-08T11:37:16Z,0x0bff78881d46852d7c0b6b457ad2e71b825dd777,0x5ae6d0caf15dd37c0f83067c7dd2e5922ab9e17a9ca089cf430bd9398b6eaa3b,0.47,1.636e-05,20212,26584,107,16335,1.636e-05,0.0,,,live
2026-10-08T11:37:16Z,0x0c00b0ce571b766116d9fd27b3d31402f20d7777,0xbc3d63fe80c7af1150abfc7406f2be8e8b83cfabc236f624feac3ba09ce04130,0.27,0.0002322,51277,59059,232,53067,0.0002322,0.0,,,live
2026-10-08T11:37:16Z,0x0c07d3447378fddcb1e0de31e51500cbd96eb7d0,0xfff5004cce7b8458bf39677a43d8339d54a97367e3926c3668cb6d36f86c0ecf,0.52,0.000293,44613,76998,237,66929,0.000293,0.0,,,live
2026-10-08T11:37:16Z,0x0c09ce4f6ca4c064f66e02040204185e2385ef8c,0x2fc8ce992aaf2b496106cf550a4c2de3bee92b9347bf2ec4f5bf45eea3a87813,0.72,2.137e-05,32128,17755,204,21373,2.137e-05,0.0,,,live
2026-10-08T11:37:16Z,0x0c6144942bb7dd6aa9eb86f798575e58eb3f21bf,0x00d7f78a821b21e41d22dd6e798b70cf0d675f6fa4279d4e8e048811fd689993,1.72,2.621e-06,4161,244,13,2621,1.5e-05,82.5,,,live
2026-10-08T11:37:16Z,0x0c61934b82e21ee5966e5d2e2dd0eacc40db046e,0x8d6e8d49ee00fe3a4f401ea7a15ff6fcb5fa9b3c0ce81c7ec937a0827d329193,1.45,,,,,,,,,,dead
2026-10-08T11:37:16Z,0x0c974d884b3ba2cc8340efa9c328fcdbead19453,0xea936cfb24508ef92799efeb2594cb96b5b757e72402258ea91f211881d667e6,0.68,2.416e-06,2417,238397,1387,2417,0.0002189,98.9,,,live
2026-10-08T11:37:16Z,0x0ca2f986c95d4b2d638a3561d1ee8fd33b0220d7,0x5f8dfdb5116ec4870aa6d9160828fb4643f462f82ec5c5155d693b5c15fecff7,1.49,,,,,,,,,,dead
2026-10-08T11:37:16Z,0x0d33d507c983263ec41b72fce30fb3e7801d9bf2,0xbfc381e63d6999df9341e8d4612c833d2b44d7d8c8f80d7a3a71a7eed596a779,0.94,5.592e-06,47862,39557,224,55922,5.592e-06,0.0,,,live
2026-10-08T11:37:16Z,0x0d4fa5cfc0c7ca63415bf7b93cacb8d3773a1ee0,0xe1594fa5ad640fa06335d8700f8de9ab38031b739d561fbc00708a4aed711ab7,0.22,1.028e-06,10287,3,2,10287,1.028e-06,0.0,,,live
2026-10-08T11:37:16Z,0x0d843e3f3665d357d866d2f713a53e3834c37777,0x9d964fbe2207185cad53f5850e3ab4507a27e5c24ef8d48bdb247cd757b2d46c,0.16,8.773e-05,31550,8334,39,20047,8.773e-05,0.0,,,live
2026-10-08T11:37:16Z,0x0d8d6aef892e1645a498d07308f3a9a032a37777,0xf3142474124369994f422410c2b1c1776b0ee61be12166698a513ceeea57710b,1.44,,,,,,,,,,dead
2026-10-08T11:37:16Z,0x0dac2eecc1e12b0d73040ade98e2015e2ad8313d,0x9ded0ff001f2311d64e28d453a7a2b1c78d452657183de329ae9e37151a37256,1.38,,,,,,,,,,dead
2026-10-08T11:37:16Z,0x0de5faa1aa0e9f6d3459dcf22c0d74e9da3c7777,0x73de26a59d42fbcfcc291935cbcbdd26920604b660b704cf3235c65340a6fb1c,0.93,0.000243,52408,61205,233,55533,0.000243,0.0,,,live
2026-10-08T11:37:16Z,0x0de9a43f711e9ce1ff10446a638dcf7460184777,0x9298cdd2d375a0f7fd5d2c00ac38340905ed21419b40087168b0fd6dddabacc7,0.98,1.403e-05,18735,9868,39,14003,1.403e-05,0.0,,,live
2026-10-08T11:37:16Z,0x0de9c1ab18b4e35dd6713aec25977c250a9cffcc,0x1ec111aaf6c8a7d1b747a1ae0db473817e610d32,0.13,1.496e-05,7508,2,3,7508,1.506e-05,0.7,,,live
2026-10-08T11:37:16Z,0x0e4cd4013dda18932be600f61bf44a8d266dc885,0x862315f17c899af86eeda8a7ca3a7636ff57d3185bd363eae6249614925b4a18,0.67,1.925e-05,29777,17512,206,19252,1.925e-05,0.0,,,live
2026-10-08T11:37:16Z,0x0e842fb13303536de4eab91f5b3fb3d010f84c1d,0x16ae21387c4d75d345c7388ffd45876cb3013e72490b9a59826b7b3b23c2f24c,0.67,7.916e-07,12749,1242,13,7916,7.916e-07,0.0,,,live
2026-10-08T11:37:16Z,0x0f2efbb6447ed639dd10b81675ede630bdefe6c0,0xce06592f3a5210ecc8a94965e5a3851893e49c77,0.88,1.508e-05,7570,0,1,7570,1.508e-05,0.0,,,live
2026-10-08T11:37:16Z,0x0f6a96374c4fb4e2c4994e9b9f2239702da55362,0x028d776ee7e1a7c06c15105f3746b253eea1f0c2,0.17,1.052e-13,0,10765,50,,1.037e-05,100.0,,,dead
2026-10-08T11:37:16Z,0x0f94a628a05a86bf2df6bebf8150132b27e6c9b4,0xefd2727de02aa94b3310c46e582981d3b7f726caa5c81e7da36442e3d3658816,1.33,1.302e-05,10642,89331,1334,13024,0.0002205,94.1,,,live
2026-10-08T11:37:16Z,0x0fcac679919439eeffeee5348b3adbccf8c63f30,0xc952fcf4ce0b40b66cd8acfb3965ea83e6177954a53a4891150f060dcdc28944,0.51,0.0001884,35812,45291,164,43040,0.0001884,0.0,,,live
2026-10-08T11:37:16Z,0x100765a16f42636bd84ee1e86bc5107b84bcdba3,0x8111082d181841cbd123e82bced032b1331140332b6ce3da37f53a6b24ed736c,0.94,6.249e-06,150894,2369971,34201,624904,1.07e-05,41.6,,,live
2026-10-08T11:37:16Z,0x108b3cc1f53c4489ce4dd395a91e0930c91e9777,0x07bdc75076f6e1f86d20069841514f87ad4012725fb4d5fa68cbc8d4ec00d0cd,0.84,1.798e-05,21163,42560,162,17946,1.798e-05,0.0,,,live
2026-10-08T11:37:16Z,0x109b383a42305dc48855b9b791c202002c6b391f,0xfae05f0de699abfb7541108b42be62bf10587d0732f7be1be260c28a9f235ce0,1.69,0.0002897,50383,231842,1319,273860,0.0005273,45.1,,,live
2026-10-08T11:37:16Z,0x111ad89cd373fba5eed320317cd4aad1f8017451,0x679025c8be2986b852abaf01e00712f4d3d4b6958f04837fd4d9ddcf68bb1ca2,0.16,0.0006537,152620,2013109,5463,653741,0.0006537,0.0,,,live
2026-10-08T11:37:16Z,0x11c66a32ee88b7678fdd9b1adf3335f157c1e1a9,0x81eaf4aaa29e1214ab31d0871f69118a44ad9ea578967717a06747c1e65d71e2,0.65,2.311e-05,29942,23501,205,23116,2.311e-05,0.0,,,live
2026-10-08T11:37:16Z,0x11cb18a94c838b2e054c9358c1390200cbeec5a5,0x8f8ed259f73969888fb994020fce138a4836532d618877a981ed23271e1917b8,0.09,5.22e-05,18815,3924,17,11924,5.22e-05,0.0,,,live
2026-10-08T11:37:16Z,0x121d4b13d5e61e42e52bd62600bad8e777a3f988,0xf89bc62ead041799b18be2a4a99a1df4cd7b0b6ed2a8f96eb05f63e426ec9ebf,0.96,0.0001287,89336,128541,340,128784,0.0001287,0.0,,,live
2026-10-08T11:37:16Z,0x129b2d3915b21093321f6c2a3bc061faa8fe4860,0x7c4f28adee169d01eae9c28b61f638cd08889b990d0fdc73e59d73b360de16e5,0.72,1.92e-05,26129,12741,111,19208,1.92e-05,0.0,,,live
2026-10-08T11:37:16Z,0x12a66d8c2c595f1a27633a58c1d8ade37b0fc777,0x8c01c6ce0c804d4eb85697e5a9f8e4274217e58d48bfbdbba96b221547229ea0,0.35,2.075e-05,22741,46736,172,20711,2.075e-05,0.0,,,live
2026-10-08T11:37:16Z,0x12bd7c7ea509924e4c8ea8bfcfc6e8404afc09b1,0x24e50197fa574ff0f6d634e6cafd62c3e8eafe8beba2110928b25ce31acfb8c2,0.65,8.616e-08,6591,0,1,7755,8.616e-08,0.0,,,live
2026-10-08T11:37:16Z,0x12d5fe655344f7d6911f66a1ba00b9d5eabef073,0x416281854ebc2b140326f1589450569623a1c4a17cb9e45ee43fa632894a901f,0.88,6.009e-06,49599,44808,217,60100,6.009e-06,0.0,,,live
2026-10-08T11:37:16Z,0x134511e367da04e6ab773b858d0d6ff5c3145777,0x179ae51dd4e929a2340402f2dfe5893fd612b3c2326fae4d1591ad611e88a0d0,0.51,1.965e-05,22160,54540,194,19617,1.965e-05,0.0,,,live
2026-10-08T11:37:16Z,0x134ee003959281d5b7bd4d7fbef83cc27b74c777,0x3f32595cdd3fd036020145a5d5defd5675233ad9a364f84246d6c8e342c28b6c,0.44,1.746e-05,20908,47276,177,17426,1.746e-05,0.0,,,live
2026-10-08T11:37:16Z,0x13a0c78482148e7896105051cef1f07732a7eba3,0x7447e3feb6bdd608f0ebb7c7367d2debf620231aaa9d95dd4b78d686c23c84eb,0.41,1.013e-07,8618,0,9,10139,1.013e-07,0.0,,,live
2026-10-08T11:37:16Z,0x13ddc8f8a3cbc85b2c3d84b3720a83d28a93e218,0xae18dafdca8b62f1abdbe6804c49125d7b481b8e,0.05,1.074e-12,0,39837,36,,3.994e-05,100.0,,,dead
2026-10-08T11:37:16Z,0x14124473d857cfa2501b539dae1bf36eea47cedc,0xe25f24f827721dd6937b75978ed7d577da61f750da60129768db8088b196c75e,0.05,0.0005137,202792,1128515,2589,513742,0.0005137,0.0,,,live
2026-10-08T11:37:16Z,0x147a94143182c2c598508354e314a5c855a9a63d,0x25cc472506890d869c5e521dba4974ed2f86add26e3748f3d132bed8e3bbe946,0.77,1.824e-05,12749,12678,145,18243,1.824e-05,0.0,,,live
2026-10-08T11:37:16Z,0x148ef1557295c54a6967d6df0dcfa09563db7777,0xb4ea06ae0d3bb9bd7f762dac764b141445024429a4ee5c182a685a3cce027874,0.12,0.0001613,42714,38005,157,36863,0.0001613,0.0,,,live
2026-10-08T11:37:16Z,0x14962005b7e1ce98f689f702b52d283e6b9abd2f,0x35a8681ab8640a864a956edd2adbd717b314843319d100004701630c5dece384,0.63,2.766e-05,30817,29832,256,27664,2.766e-05,0.0,,,live
2026-10-08T11:37:16Z,0x149ae3631df868a7670678b90a07a9d8b5573d35,0x8b7d73cdc7ce94ada974f9bb614fcc1615c338e274c7b56fc2c9f1b0369044c2,0.17,0.000334,47690,123822,234,76301,0.000334,0.0,,,live
2026-10-08T11:37:16Z,0x14a8c337949f4245945f3d77174d21e9428f5ab7,0xea3b206ad91ea1291eeac3de78cab58fcde981058510fd7b71d98d5dd7199c74,0.24,0.000234,39871,81543,237,53457,0.000234,0.0,,,live
2026-10-08T11:37:16Z,0x14a97491e286815c7d56644b460787f2a897a777,0x78b1f7cd084c99ed3d21f811b310bd28b47bf81d3eaf057e24afeef9757813b6,0.34,1.806e-05,21219,40292,136,18031,1.806e-05,0.0,,,live
2026-10-08T11:37:16Z,0x153212f6da9a43aef0621c258ab60c833702c777,0x7db4dcaf1277597179048e8f1614a790f7875fb469a6957dae741b996e266b4b,0.31,2.574e-05,25321,50912,188,25699,2.574e-05,0.0,,,live
2026-10-08T11:37:16Z,0x1551fc7371a18f01c64ea4b1d979872e77f57777,0xf60010fda853d8360cd27c4e9ad64f9c02e4587e6faefbce9066d07739885cd0,0.56,0.0002524,53491,66474,234,57689,0.0002524,0.0,,,live
2026-10-08T11:37:16Z,0x1586e3e601c15d79a83288e6c592942129f728a0,0x0b220fb84c24d434c68215c0fcb5cf211748fa274b55260a168f70650fc8166f,0.84,7.909e-07,12738,1241,12,7910,7.909e-07,0.0,,,live
2026-10-08T11:37:16Z,0x15939ba7c64eabe0a6cc870d454f352d6e59b49c,0x12e1f7eccd4317acbfc6dd9d5e7fea63e5d0c1ff328b877152816d278761b80d,0.79,8.384e-05,67115,1186799,3025,83848,8.384e-05,0.0,,,live
2026-10-08T11:37:16Z,0x164c9d385f9b6862ff5c1b5457d8cd211beaa750,0x08439d94cfee14a01c96eb41cfa929e24407fb842f5e540109f8893aa2a4602b,0.4,1.29e-06,12903,3,2,12903,1.29e-06,0.0,,,live
2026-10-08T11:37:16Z,0x169dbe9aa431db05a3f2086fb690e8bc1e064794,0x8ea0384cc8c6b03b6fafa253056d7530e76475f6a48afabff47344eddc023fd1,0.93,0.0001472,148102,211167,1363,147267,0.0001472,0.0,,,live
2026-10-08T11:37:16Z,0x170867335fc4eeff6c2b4d07de6fc8b4f57048d0,0xa114292c01fa9830165745af1b2c8838c23b3d39,0.68,0.0002147,13578,52376,211,236258,0.0002147,0.0,,,live
2026-10-08T11:37:16Z,0x17185bcaaf4ad3e3efbbaf053ebbe25975caf777,0x286db27a9a319b4df14e9af8da2241a58d0da471fbe2886da829831e01100144,0.52,1.706e-05,20634,28061,90,17028,1.706e-05,0.0,,,live
2026-10-08T11:37:16Z,0x17381a025e7e5a7b272493090c2e5a3bea1198d4,0x3f6a0f2912546ba6caa4b47eeaf2bb860a61081c,0.13,0.0001407,8,406410,1081,140738,0.0001407,0.0,,,dead
2026-10-08T11:37:16Z,0x17529a74ee9ab94c8a3efdc62aa65a0364846607,0x8c28944ef714a44bbe9af1ba3230be15dd4beba9801766023413168bb056710b,0.67,0.000293,44625,101224,232,66938,0.000293,0.0,,,live
2026-10-08T11:37:16Z,0x176460556165b7337729761191b8bd93dc19afa9,0x6f5ff5c9605a8e7086c1baf5a38eff5caabd4e3d272c700ec3ad4d442ec69b63,0.72,5.06e-06,5061,30,3,5061,5.06e-06,0.0,,,live
2026-10-08T11:37:16Z,0x176ab542de034cd32af479c67ed6e9373d137777,0x39b4616517d54cd3918d6a87cdbca0a139ceed1b7cfbe12367449cc1f70680dc,0.05,0.0002372,51741,60058,229,54212,0.0002372,0.0,,,live
2026-10-08T11:37:16Z,0x177711dc9b03ada0ef4dbc2d7479d6fdebd81a66,0x200871eb295e951736a73b83f73f982494c649aea1488cb6008584430e48c870,0.05,2.637e-05,29519,28938,253,26379,2.637e-05,0.0,,,live
2026-10-08T11:37:16Z,0x17a1c643774b302a02a23a592f46dade1e21ea9c,0x92f08db731333a55d074f27b0ee0f1337355314659efbc32076d5cc2d3581b98,0.85,3.775e-05,15999,320,3,8623,3.775e-05,0.0,,,live
2026-10-08T11:37:16Z,0x17b7919ea26a884ec299a6b34e8d499a2948de06,0x0fe6215cc533dd54644c2d4fb176a5448e85e004493b9706bb97afd972abe4a3,0.32,0.0002838,43860,96410,220,64827,0.0002838,0.0,,,live
2026-10-08T11:37:16Z,0x17c833f18ccb8801f7f39895754c17d61b65c6c8,0xfd913b8e9235c1e45e702cd8971fbfd1f4d655f97753be53f049612b15035821,0.16,9.927e-05,75280,128153,437,99279,9.927e-05,0.0,,,live
2026-10-08T11:37:16Z,0x186f7ffee3216786d2380ea691f7aae98201751b,0xb30c2351c5707882e11ddf8792535aa14284ee39d1de2f4dacbb8a24cb569f5a,1.18,0.000137,118528,23415,174,1892,0.000137,0.0,,,live
2026-10-08T11:37:16Z,0x18eda0f9f6eb224e8a75b98f3d4cf33b183f350a,0x72e8626d4dd83b32d64e1419f46dbdc16ba754bf70defdacd061b15bb21cbbb3,0.21,0.0002925,44473,100498,234,66812,0.0002926,0.0,,,live
2026-10-08T11:37:16Z,0x191c2a2a61cb146e801e5c4dfc6006d5e7336071,0x22c8a02271a78b24580205d6e768bcb7a92fef5a5464c9db58e80dc2ba688af7,0.3,4.41e-05,17284,5147,15,10073,4.41e-05,0.0,,,live
2026-10-08T11:37:16Z,0x1955d3b7ee8291dfbc8188e73409a42654913a25,0xb57d4731436de97c4600c79459fc85fe9671a5a5,1.23,1221.75,5991,820,45,27096,1332.58,8.3,,,live
2026-10-08T11:37:16Z,0x19743d23a918b451304a317868cea13dba997777,0x12ce27ad49faca5d9d33ccfe1f406197c6c512a6e29127fec669c10cf808da87,0.44,0.0002406,52367,64862,241,54991,0.0002406,0.0,,,live
2026-10-08T11:37:16Z,0x197e6037075cfa64525407d6d6107542b72d9777,0x9ea01c254a85bdfb1882a15a53d8b65ef7e7688df8cb7f486fd3942ea925190e,0.43,1.756e-05,20962,42834,137,17534,1.756e-05,0.0,,,live
2026-10-08T11:37:16Z,0x19dcb63c4d2f29a6f077f094a4f858fc790145e1,0x835f8dfd0065bb0538b3944f286baafd70a779d433cb76a8a27e6ad0a4517892,2.36,0.0006879,77285,418633,3604,686356,0.0007933,13.3,6,True,live
2026-10-08T11:37:16Z,0x19fb7f9a8b26a15ea410294a1ccb67cc64e85213,0x8e7c8b056d3f4b0abce31b902eda9dcb658a74b1445854709bfc3c13699e6191,0.52,3.097e-05,30727,3914,15,30976,3.097e-05,0.0,,,live
2026-10-08T11:37:16Z,0x1a1cf741c2eb70e4c3e84f317494567a2fdd965f,0x370cc82bf801d1580af0e6c9a0b54af214b38ff9161d48457871616919dce2f0,0.09,4.487e-05,17443,2657,12,10248,4.487e-05,0.0,,,live
2026-10-08T11:37:16Z,0x1a461d21240568987a97f8337b16a4cb46356777,0x4bcc59d482cd0f5a7e3c82112d8f4f2cef2881428b3a7ff2bd06cfeba732011e,0.59,8.128e-06,14247,1419,6,8112,8.128e-06,0.0,,,live
2026-10-08T11:37:16Z,0x1ac953220eb65e4481e70b53968d298205712ee8,0xf9e3ffeddbe2d3820dc690e9f6caf1e4428ecffadfcc60368aa6504650856c79,0.89,0.0002601,42028,80363,241,59418,0.0002601,0.0,,,live
2026-10-08T11:37:16Z,0x1aee5971c1702a99a2381bcad4fe9134a01335ca,0xd101979e131943a75aead6e270fc4c614a6ce1bc02715c96430ca2867f1b28f3,0.92,6.417e-06,6417,1,7,6417,6.434e-06,0.3,,,live
2026-10-08T11:37:16Z,0x1b651d4fab47c70d1c69cd5497fffe2ea0a53197,0xd6032a38d0c85d71d909f429d7d5a101c09fcceb757740da4e8a111a1c650530,0.73,2.552e-05,25530,4,3,25530,2.552e-05,0.0,,,live
2026-10-08T11:37:16Z,0x1b8b0f3bb8dcf74c246255b06ebaabf89c0a0912,0x8b1fde32a7ba14ae96443524d29610477074284d2ef559867d9a7787094d937f,1.44,,,,,,,,,,dead
2026-10-08T11:37:16Z,0x1c251277a357ce8b7ec3cc0fb5c16574de971e18,0xf785ce38904f9a9b3a79fb84b5d5272602e8c9ab313b4aedf32acd1ac05a496e,1.71,2.003e-05,20052,1,3,20032,2.273e-05,11.9,,,live
2026-10-08T11:37:16Z,0x1c55fed55cdf0be247085ee310c9359fdce8b777,0xc5ca7d1640c28b338feaef8b6760e7683cbd9c7dfd149758c8d3571967cc10ec,0.04,1.977e-05,22160,48530,180,19736,1.977e-05,0.0,,,live
2026-10-08T11:37:16Z,0x1c581f724bde9426adfbb9c69a2046bd76b80c80,0x73c05eab784229e20c290cd370582607f2fc43fac96de1e11907b2d4dabcf694,0.44,6.528e-06,6555,33883,1195,6529,6.544e-06,0.2,,,live
2026-10-08T11:37:16Z,0x1c9e3c2e1124fdd5ed270e34d28fc36a9a6ea106,0x41106192c8d1b2ce6f99054c15f9d221a33e5ded70d610d2f6bfc5ea21fb35fb,0.32,6.536e-06,48445,63822,253,65362,6.536e-06,0.0,,,live
2026-10-08T11:37:16Z,0x1cddc8ec37124af49e5a09796f90f028cd0a7777,0x3ad9a611dc0864d9091a88f68279a6cfa79d48e2e37e5257c6e1c2e481e99674,0.45,0.0002231,50363,58983,204,50988,0.0002231,0.0,,,live
2026-10-08T11:37:16Z,0x1d12a58893e9a8680b14acd9056b17fdc20efba3,0xab15e737d49881b46e0f617b525f84ef836cfbaf166025850e707338fbfca485,0.43,1.014e-07,10143,1,5,10143,1.014e-07,0.0,,,live
2026-10-08T11:37:16Z,0x1d2586813cdcf17dec56b19c1c09d0ced050c799,0x9e3e0a505d006df3e48b4628954c85d28a3b911d5f76290bb4204174bd972fb7,1.25,8.36e-05,26941,491303,3702,77751,0.0002272,63.2,,,live
2026-10-08T11:37:16Z,0x1d48170b7e78de874dbe27de148f6b94a82f3dd4,0x800328e7af8cae3c5d28a97485be216e6e2a0e89cee8a8473735bec8873c83f3,0.73,2.56e-05,25606,3,2,25606,2.56e-05,0.0,,,live
2026-10-08T11:37:16Z,0x1d69f6bcb73d9896af0bae83deda5312e93d7777,0x4087922fd46a56bfb7efdc0daa7388d1902f9445059c8128bc2fc8f5cdfa208c,0.1,0.0002247,50392,65115,238,51363,0.0002247,0.0,,,live
2026-10-08T11:37:16Z,0x1da81ca017949efbe07972776580d04592ba9b63,0xf05301a0f49598ba66be16af7207fb365c78a4d7a3cec8ce7ae981ec0e6b5248,14.68,0.000104,30058,110948,1276,103713,0.00152526,93.2,,,live
2026-10-08T11:37:16Z,0x1db45cd140ed3942a797443af5ca88a19da4f18b,0x1f57885ee805dec05d8890c71ea659923e220cab0f295f87583b820ce0152536,0.85,0.0003763,50485,98908,221,85958,0.0003763,0.0,,,live
2026-10-08T11:37:16Z,0x1e7026a6f453e8deeb5664091afa71cae68c31a9,0x87829122120f7d80ee87697cdb5e358ec9e39e5a44fd6e342898cad2055be6b5,1.35,,,,,,,,,,dead
2026-10-08T11:37:16Z,0x1e7624ef1982f1a05f50e313405b8fc70786b1ea,0xdc8f6de068ee31db82a8fe46bfaecc4ae11304d7fd39ce93ea81137a964cb424,0.3,0.0002912,44392,87030,220,66514,0.0002912,0.0,,,live
2026-10-08T11:37:16Z,0x1e9425c535ca50d52c9166cc20e434dbb9a904b2,0xfa52f9fdb3cc0bdc9f86ef4256aabe92a0fb2ee757afa53c3d3cc7e820acfdeb,0.1,0.0002665,42497,81614,242,60883,0.0002665,0.0,,,live
2026-10-08T11:37:16Z,0x1f279299b89569a9981d4aca6265852f973e0599,0x4691a0cb230b0a5014f4019c8fcbf712d9d10f83,0.15,1.501e-05,7537,521,375,7536,1.528e-05,1.8,,,live
2026-10-08T11:37:16Z,0x1f364ea29d785b8a62344c0c07a0605097b9c777,0x0d5893a9efb088fbd3d7a91a4ef029d3b48f924da109aa436b7ce5ac1807fcd9,0.32,1.359e-05,18403,12302,39,13565,1.359e-05,0.0,,,live
2026-10-08T11:37:16Z,0x1fda3afcbe03fcb026c603fdf033d9dbc2bc3814,0x8dff7d4d0c70b67acef6715b3976899c9caf1d71eb4f0167a0a4378353f2f10b,1.43,,,,,,,,,,dead
2026-10-08T11:37:16Z,0x1fe54697a1106c30763359f30399a7f9ef23ae88,0xa2f4b5b89ed5c5b0ef3658abee3340c90c63218a5fd6ce44773f601c45c6e431,0.97,0.0001377,30674,40522,144,31465,0.0001377,0.0,,,live
2026-10-08T11:37:16Z,0x1ffd7b51e4a7897c21c3f376f39412c0dbb5185f,0x7cbef1dde00cb6c21595fdfb4f7d41ccd117b0f3b097d8fbfd37c10c1c90dcbc,0.35,6.439e-06,6439,0,1,6439,6.439e-06,0.0,,,live
2026-10-08T11:37:16Z,0x2056cbe1e8da1054c7be5b25e04358810fafc777,0xb1e1f80200df0392b5951d795c5bb7d596c74d7e34bc32bec14db2be26b97439,0.09,2.111e-05,22909,54525,180,21070,2.111e-05,0.0,,,live
2026-10-08T11:37:16Z,0x20fe795be6afb679168abb57c7c5060312821e18,0x73b39f8f4732e51b079a36db1e67aaeebaca054d0f2f9006691b08d8cc77ce4c,0.84,2.032e-05,20402,10877,201,20327,2.532e-05,19.7,,,live
2026-10-08T11:37:16Z,0x2123673ed23f20a711a7da70e3a2b2d1ef0b0777,0x762e4b2ad42d4e2c15155aad06fede1cc09c397c8670b819f31d02a1f56f8438,0.76,2.561e-05,25237,51819,182,25569,2.561e-05,0.0,,,live
2026-10-08T11:37:16Z,0x21551503bcbeafa2abea7831de8598eafbed9a79,0x7d169fd139e79f524367a1a23f2c29eced9b961fd45db61b9513539fbf206a49,3.53,0.0001363,34433,95318,1340,136337,0.000303606,55.1,4,False,live
2026-10-08T11:37:16Z,0x216816935a755fa0818f7b6cccf5d7a679aa7777,0x6f4eaf8feda35c4a7657b13cb063119d5ebf9b0735e7409e8a4448fee589a64d,0.35,0.0002352,51658,59257,233,53742,0.0002352,0.0,,,live
2026-10-08T11:37:16Z,0x21bee35241012f25d155a32214cf8ec811515d3f,0x25221a0fc176239568c9f40740f0dd408ed974e7b6728d51c46027db7855becd,0.21,0.0001415,119723,88582,534,141515,0.0001415,0.0,,,live
2026-10-08T11:37:16Z,0x2226a8c9ddfcf3d90675220cbfe35807599e1e18,0xd07891b10586e4767f13f1b39f4e130a40740bf79f0d1ffd5aad258ca33600bd,1.5,,,,,,,,,,dead
2026-10-08T11:37:16Z,0x224a794031d54e49b46919ade2c55ff255dfdd97,0x3939ce55ec4e0ff8df9aa6469a795c793da06d55,2.5,2.641e-06,2645,4762057,12687,2641,0.01903,100.0,3,False,live
2026-10-08T11:37:16Z,0x22844cd7dada8831b703f4092ad20bdaad6ef2ef,0xcd3be95302a2701bf3dac62d269c4d14a01c4e780f4f7818aa292b437d042365,0.93,2.617e-05,51779,7416,40,26180,2.617e-05,0.0,,,live
2026-10-08T11:37:16Z,0x22a68ae074150397c42d968ec050cd1ff3501a51,0xb5e9ffb179c2fe9b9bb8737ea0b128b933069770,1.8,0.0005108,357563,0,21,510804,0.0005409,5.6,,,live
2026-10-08T11:37:16Z,0x22eb9f1c5385ed74257da42d8021916c2d837135,0xe85a8f60ad2b0b7e97b745bac661671223100ea6089fe8ff0e93ba7d6894bdea,20.72,3.519e-05,21262,6329,85,35193,0.00471535,99.3,,,live
2026-10-08T11:37:16Z,0x23567e51980db99c513c527a283d188c8e4c6788,0x56cdaeb5ab77dc4475e2aa4cc6c4646dde0edac0ae098b44ad0d6eb1b4ef07ae,0.52,0.0005222,104400,234167,1008,522270,0.0007086,26.3,,,live
2026-10-08T11:37:16Z,0x237c6ef731939b60af0e8090e495ebb4665c1e18,0x8e33cbc82539cba1e8590043badc1e3c957fd4a0c632e81b3f8cabfb697ede36,1.13,2.015e-05,20159,23,15,20156,2.091e-05,3.6,,,live
2026-10-08T11:37:16Z,0x238e40b75ae78a1388a14e517d855893e92e58db,0xd2e55bf2b9389719cd157105f30ad329ef17820a2cccc3809b8afbaa17245d85,6.79,0.0003127,52152,42125,275,312763,0.00453603,93.1,3,False,live
2026-10-08T11:37:16Z,0x23a039dbc288aa132c074c74ba4fdd0766637777,0x82e864c6a81b2c2ca695e5a0d6cd5db7ae7250e3bd33d7798aa49e3bba0fb445,1.45,,,,,,,,,,dead
2026-10-08T11:37:16Z,0x23b3b97490db5fce70f320dd0d05914aac95d586,0xf846a490227e96157d5f132ed2234570dab651cd8c283fc6842f121a5b33818f,6.58,4.965e-05,8980,2,3,49656,0.000104769,52.6,2,False,live
2026-10-08T11:37:16Z,0x23ec51aef157d1fac746d7074323725ce7e64929,0x86e4196857b2b44f37dcf51d9ebe6bb4f006cd710f12c4cd9bde3e0e9fe84d18,0.9,2.552e-05,20362,6319,19,25529,2.552e-05,0.0,,,live
2026-10-08T11:37:16Z,0x240b04f856d58cf229ed79cb1f1bd63ba2bc7777,0x10afc5b7ef2845a74408f8ab9171efde25d88f3e3aba8ab7a3ca39270c8b726b,0.12,0.0002581,53973,62363,232,58973,0.0002581,0.0,,,live
2026-10-08T11:37:16Z,0x242e9c51afd94b2572581525ffc1894b318ac127,0x060bc0d134b51600f63d4f2fac7f9d4a38b37a22f10979b3fef6a7ec27075025,0.64,1.012e-05,10121,0,1,10121,1.012e-05,0.0,,,live
2026-10-08T11:37:16Z,0x24a71c056cf04a8ef3cfe1a978723d7f7b5cd70a,0x0d77cc016a53ae4c02d429b7d5631864b1cc21a7071533cefed6ed4417aee508,0.37,0.0002523,41518,74467,238,57644,0.0002523,0.0,,,live
2026-10-08T11:37:16Z,0x25210bf09a7983204f8e34ab9b75b21c5bf05da5,0x335bf7e03665660f7662d898d10d23812164ba2ac8c8e6ab6c004378e5727742,1.04,7.757e-05,120594,15652,80,1197,7.757e-05,0.0,,,live
2026-10-08T11:37:16Z,0x25446881321c18e7369667ed70c69c817744748f,0x55d0a2277442d62f320bec721b8f7c0a7c6edbc3f6e03c20893d4f24bb93ae40,0.42,0.0003248,47087,101345,229,74190,0.0003248,0.0,,,live
2026-10-08T11:37:16Z,0x2557854af509ab605857019ca519112671c37777,0x99879f70184fd8b6ec84f6ed6a5727d0186098652bdb7be39e80f9627b478087,0.55,0.0001855,45873,47209,193,42402,0.0001855,0.0,,,live
2026-10-08T11:37:16Z,0x25582f260e98b8a5618ba0761cae1ea74568effd,0x3fff1fdf003a2be94eb108e76ea234e344c9145373f9d7c4708c6090f1ee40b8,0.85,3.828e-05,16111,376,4,8744,3.828e-05,0.0,,,live
2026-10-08T11:37:16Z,0x257b59b02f15783173a6642d423e7da8482747d0,0x9833359f1bb0c5b9fbf70e5052c7af6785cb555a812b52d7fd5dffcf2ab9e88c,1.48,4.592e-08,0,0,3,4593,5.511e-06,99.2,,,dead
2026-10-08T11:37:16Z,0x25b7fe31a507b34ea219f2bdd7fa3b09327ac777,0x035463e2b87728685c646b52ab599ddf594cb642a0e31bd10c762d3a81cfc2e4,0.75,1.775e-05,21008,33179,113,17717,1.775e-05,0.0,,,live
2026-10-08T11:37:16Z,0x25c2dd5831651515d9fdac4e502a71ae01eff815,0x5c3ce2eb0bd8df43f40c8e1d266951cb182954fd855c5f7aa6221692ca3a550b,0.73,9.927e-05,99271,396,2,99271,9.927e-05,0.0,,,live
2026-10-08T11:37:16Z,0x25c9b8aecf7605c42e9b064cbf5251f8eb370e71,0x37db019cd8f650362bfc2f55131dd30a5a4f93c7c0d4f18a3865bdd010813203,1.34,,,,,,,,,,dead
2026-10-08T11:37:16Z,0x260dfe18130f438aa1222057fbd22675c3b8c8f7,0x0ef50e443fe2e6c45ad49fca650c511d6e39c2bc3a4e213c27ca0a0270f55024,0.77,3.498e-05,25083,820845,3093,34980,0.0001258,72.2,,,live
2026-10-08T11:37:16Z,0x26453db060192a7556ce01d904018fc23ab90770,0x60cfaeef80fd7b433482e4978a5c904ef340a018ce0602af3c77f180c7e88c45,0.45,6.489e-06,6502,17314,462,6490,6.489e-06,0.0,,,live
2026-10-08T11:37:16Z,0x264c3b0e29db4bcccbb1a59f26dac8ea44757777,0xf84deece42818c44dd3ec574f002e53e5d19c2b52d7c5b4be651bfaac469f1fb,0.67,0.000214,49249,61728,234,48917,0.000214,0.0,,,live
2026-10-08T11:37:16Z,0x273430bdca9da12f24fbb451d525d04c62019541,0x57801407fd104af3c63afe422b80eed217f7057276675d05cda55d786588003f,0.53,0.0003129,46134,81619,240,71482,0.0003129,0.0,,,live
2026-10-08T11:37:16Z,0x273d04fbf6b17341be22d936bf7250a997660777,0x8729ad9e80842380d64e1ce3bb87d52615aa818380273b8feb34a7181b5bcea2,0.49,1.517e-05,19477,17464,57,15146,1.517e-05,0.0,,,live
2026-10-08T11:37:16Z,0x2790408d05730e0414060d9f5f365bdd98627777,0xf25c1741ad92dbaff7c6a238d2411c72bae4ee5b311d8a829b19a33a4fe3b6bc,1.49,,,,,,,,,,dead
2026-10-08T11:37:16Z,0x27a1429ca67b306135c0d11b6cced8a6dba2f260,0x18d09942fab2b115db01455a6164d568e566dd2bed193a1caa2305beba0e34c8,0.19,8.176e-05,45044,91996,432,81761,8.176e-05,0.0,,,live
2026-10-08T11:37:16Z,0x27a2aed99ce1897bb69946fef8934d9cbdf17777,0x1236d874ab3a4a2e6ce355e758286ac6cb97501ef7b504d968166a7a404aaf8b,0.8,0.0002572,54036,69908,231,58778,0.0002572,0.0,,,live
2026-10-08T11:37:16Z,0x281df3574c1c8ad59c8e825b4efdc9b5d62c0f33,0xf7d110d67d4588f79b901788403a1c9436d7819b,0.15,0.0001273,37434,786151,4678,127314,0.0001273,0.0,,,live
2026-10-08T11:37:16Z,0x282bd7131de6925bf8c1d8f4136d790d96488028,0x590cc9912c83b844e359835a63ab238ee489ec2d4b3d74edc57baedbf93af4e9,0.8,0.000346,162832,396965,945,346087,0.000346,0.0,,,live
2026-10-08T11:37:16Z,0x287af280680fac48316ad4b5b2333754aea7b34a,0xb4aef7d297abf31bcd165259799232a6f45eaca535e1796d9b1a91561251335f,0.28,0.0003292,47251,87164,247,75210,0.0003292,0.0,,,live
2026-10-08T11:37:16Z,0x287db92decea86fc545b311571313a0d2ed20653,0xefb250ea233d985cf8df86dc7af6957338046910aa01c5c3b601cc929c3f58fe,0.32,7.7e-07,15401,5,3,7700,7.7e-07,0.0,,,live
2026-10-08T11:37:16Z,0x28c0ed929a489c2748cfeedc31a7e16941349201,0xd739d62db8ae37b982e1c608f7af431cb3710259d9af07f76d39e64ff6e19d8c,0.9,2.524e-05,25244,0,1,25244,2.524e-05,0.0,,,live
2026-10-08T11:37:16Z,0x2902c2356e2ab0618815463605252617936b7777,0x954b2be1b7e744cc8afc98c94e90c4f43b05d195e476a89662c902927002c19b,0.24,0.0002471,52905,58493,226,56470,0.0002471,0.0,,,live
2026-10-08T11:37:16Z,0x29c00d48c2f03f4222ad2be2405cde0925317777,0xedfb8216612ceaf1a7a2a4c09aaf3aab0b5a2a93a273d6cdd078fc6daea92f21,0.48,0.0002165,49553,61598,238,49467,0.0002165,0.0,,,live
2026-10-08T11:37:16Z,0x29d37a3704013c1f1116ee03ae7251551278ee3c,0x4607136304188e8e635a97fe195629ceeeb96c008b56e18e8de004d370ff6baf,0.42,0.0002597,42107,78975,235,59326,0.0002597,0.0,,,live
2026-10-08T11:37:16Z,0x29dbab5c2e326e848f83a76fe40f92b5214d7777,0x0e93fccdf9a0d1cdbf8c7cbfa001d7762c1748d1f2e25b28d17c334a26557084,0.24,0.0002305,51045,58466,229,52677,0.0002305,0.0,,,live
2026-10-08T11:37:16Z,0x29e7df154bffbccec65bc6cef9d1b00282741777,0x70796e16e898d8cabe27d043a998de7f77c2cd50602d86331039dd062a4ad715,0.59,2.509e-05,25031,55306,184,25043,2.509e-05,0.0,,,live
2026-10-08T11:37:16Z,0x29eac11b6a976928e2acdb8443e06c6c8b7b7777,0xd04dec4a4f4c1b9910453e4f7b6a559a0a057a80edf8b6d3df5b9cab712ca541,0.84,0.0002384,51888,58040,214,54481,0.0002384,0.0,,,live
2026-10-08T11:37:16Z,0x2a8739544ba74aa012689e282cf884565d5a7e9b,0x16e3ba53767096bd8e87a317ffcc9b0b2dc73744,0.86,2.638e-06,2687,1274718,7429,2638,0.0002242,98.8,,,live
2026-10-08T11:37:16Z,0x2adc83e2cb68ead467a18d34778aaa5e75ecb777,0x280ed7d55a4e565a096b25470a49fd5695bfe382cd4d2c6cf148db062b789461,0.86,2.523e-05,25042,55104,187,25189,2.523e-05,0.0,,,live
2026-10-08T11:37:16Z,0x2b185417efa24b3fffcf83cdfb83973a8a8cb96b,0x9379a72d90c418800829c4772803247cd7df3e2b03cecb8285ac43c18eeb6a6e,1.45,,,,,,,,,,dead
2026-10-08T11:37:16Z,0x2b2b21371f55bf698a395984fdaca6379f5fdc91,0xcab75e638043f91228287ff182eb1393575ee698a46f19ad24415d9dd6ec2ebe,1.49,,,,,,,,,,dead
2026-10-08T11:37:16Z,0x2b678b5adf8a933c19283865ac1db801588f6777,0x29385df89fefd6895207c061bb8840df237a9a8ec732bba828648999a2b2a0dd,0.97,1.324e-05,18203,15207,58,13217,1.324e-05,0.0,,,live
2026-10-08T11:37:16Z,0x2b75f0fbd30e58491612950e6a906766df276bcf,0x9fba6cdc960ecd8c97097e7f620a660e1fc3a03dbb4ef8d22c5c741f7d93fffd,0.44,0.0002331,39884,75027,240,53250,0.0002331,0.0,,,live
2026-10-08T11:37:16Z,0x2c5d826e7e59533f7d1f1de5d1339feddb9e7777,0x175513b4375fd16f0d663a2fd20d6c6e19fa36221db633a7c5dd15a72ccc9257,0.32,6.436e-05,27003,2239,13,14706,6.436e-05,0.0,,,live
2026-10-08T11:37:16Z,0x2c9726375d91ecd146c1cf27253745e92c146ba3,0x8c0d831e6f93914c9bbdb8f0dcbb7d504b16b04369d0498a0573d59e0aee123b,0.84,1.32e-07,11425,4533,69,13205,1.32e-07,0.0,,,live
2026-10-08T11:37:16Z,0x2caf693f29504c87b8c90cbe7d6dddf0e1a6e04f,0x78d314cf639c7cf06660815a5bda34cc9a978c01f1f7b28c397635b41530c088,2.17,3.08e-05,16367,28452,378,30438,0.0001248,75.3,3,False,live
2026-10-08T11:37:16Z,0x2cb9db5057aeb8970febd85f5046182566a1dba3,0x56842bd8388815e23fd6c1a46e807330aef4fe1844f1e52ca11e12b2f8b1cddc,0.39,2.066e-07,20660,414355,307,20660,2.066e-07,0.0,,,live
2026-10-08T11:37:16Z,0x2cce948ececb4a20021ee39d87f569bf52f7e70f,0xf55775ebe5ed8098ec7cbaad369de21a55e2ecf96e2c34f7223c86ab4038214e,0.12,0.0002324,39669,88650,239,53096,0.0002324,0.0,,,live
2026-10-08T11:37:16Z,0x2e0847e8910a9732eb3fb1bb4b70a580adad4fe3,0x34d0dc122cf9a8eb296fc5e0d3a233625d7d19b7,1.39,347.61,874303,1720851,3549,6145700,350.33,0.8,,,live
2026-10-08T11:37:16Z,0x2e51a7381fe59fe04277a767d48d50abf427b95d,0x19c188f6c9067fd72f73ae509e181bbe6294beb65c1133f06431ad0d941c8b06,1.02,0.0005243,206355,1002025,2237,524399,0.0005243,0.0,,,live
2026-10-08T11:37:16Z,0x2e559d07d713b7aad5d8e3c5c75254afad6c0028,0x24ef039d37ae210406e370ef469f01275b5ccd54660ced0441b6682f6b2f8bd7,0.15,0.0002615,42132,78225,237,59740,0.0002615,0.0,,,live
2026-10-08T11:37:16Z,0x2e595a119ffc6f28d454515095a7c36de4a19fb9,0x6d24321be6f937d036d832b0ce05108528d1bf62407743b7c1eb34feb82e76e1,0.27,2.569e-05,25695,111610,234,25695,2.569e-05,0.0,,,live
2026-10-08T11:37:16Z,0x2e66479cab3807c58309138a808fd14c5cb3cbf0,0xc02641258dc481bdafe3840db55e2163cac70b869c2a4d1109b4af106346d757,0.98,2.231e-05,30752,16327,205,22311,2.231e-05,0.0,,,live
2026-10-08T11:37:16Z,0x2e85b42683d74f358d2b8db45f5c940c0c601933,0x285028c011cf0da504945d8ce568923569edcc5d37e0846c911fb2355bbdc3dc,1.41,,,,,,,,,,dead
2026-10-08T11:37:16Z,0x2f362f92d9006edf062adb6de1d4563425ee6f51,0xfd4fcd3c04069a8b1557415f8af23fed9340727d5c070549f540cac79eff1ed5,0.16,3.979e-05,30181,9946,47,39790,3.979e-05,0.0,,,live
2026-10-08T11:37:16Z,0x2f52f2fabdca5df8aa2053a60f3a3cca2adc242c,0xfe5409318e214f0093826ceb643ea8a1c0bd89b01a9bc74c9a274a4ca78ac4ca,0.36,0.0003045,45578,111892,240,69548,0.0003045,0.0,,,live
2026-10-08T11:37:16Z,0x2facdb530ac2270154562790268ca85fe8ec1777,0x0b0c50f7ec3b4788d6c2f57a539ce1479b84c49926eee2056b1522c1c937bcb1,0.68,9.217e-06,15140,2956,12,9199,9.217e-06,0.0,,,live
2026-10-08T11:37:16Z,0x2faee6b6888283c170f97de824d67daabc052d7b,0x703b2bcdad4511cce84e465d93a17e0b0097ed95e3da132aa8d236a1db89bb3d,1.34,,,,,,,,,,dead
2026-10-08T11:37:16Z,0x2fbd2ce682731f3ef65b7a1770421beabb4fc281,0x8dfe8e434baeb93b4707aae8327718e4eff8d5aa1deaaefffc31f9db2e5cb679,1.61,1.639e-09,8,26,23,164,3.898e-05,100.0,,,dead
2026-10-08T11:37:16Z,0x3033ff8f0d0ebe4cf57fde9c3f7a250be9aafb7a,0x0ef42e046d0fcc2829793f4ecc7040eeebc001905fe44ba1e2acb17ffde1d78f,1.36,,,,,,,,,,dead
2026-10-08T11:37:16Z,0x3038e8addb805bd1ffb92d18ef0f62e87e6f86a2,0xe67c1914bfac22f960523503e6fc5063c7ac62cccbfae17cf66d4f4408ae1e75,0.32,0.0001525,32189,41549,155,34850,0.0001525,0.0,,,live
2026-10-08T11:37:16Z,0x30464fdd76f1e5fc152a9dbcfc2710b9ecfdd650,0xdd1b498d1d13dace4d7cad5b405d7887c1f55a4c,0.31,1.51e-05,7580,11,10,7580,1.51e-05,0.0,,,live
2026-10-08T11:37:16Z,0x30a99cd6ad35362cce6b176231c7dea8a166763b,0xf64d0b80a7af1c2282126e0bc088a220bf73b191ac4b6b151aa23486fd60153e,0.41,6.032e-05,34939,80158,224,60322,6.032e-05,0.0,,,live
2026-10-08T11:37:16Z,0x30ae27093b1676199034de53ef9aeaea3d68fcf4,0x04c79296e8eb4505667949ba1538d0feddcfb415,0.89,1.509e-05,7573,0,1,7573,1.509e-05,0.0,,,live
2026-10-08T11:37:16Z,0x30e127c75933e8c3e9017ca34e7a73f69caa0cea,0x1ef0c5b9fdc32aa9d3acd2eb39dc9fa0674df0176c3d403fdd076cd812902fe4,0.55,0.0002997,45123,82774,239,68455,0.0002997,0.0,,,live
2026-10-08T11:37:16Z,0x310ff816f6cd40246631cde164f831b24f3eed8c,0x427cd44bb410c845ede8c4afda6611f3573d66e0c8033a8710e26845ab6d4a8f,0.94,0.0002046,37283,49956,176,46730,0.0002046,0.0,,,live
2026-10-08T11:37:16Z,0x31425bd6f9321072c911f28f2f70187ca2c07747,0x3362e8e0dc5076db3496237b9d055a7ebf343e4a,0.13,3.057e-07,0,5653,69,,0.01032,100.0,,,dead
2026-10-08T11:37:16Z,0x31621ba4a7cb6a1c92a2894a2c573b9487064777,0xf4e9c15659007d45ea2914aa772cbe00d9033469989a8575c3562165f8a85405,0.4,1.247e-05,17681,20586,62,12453,1.247e-05,0.0,,,live
2026-10-08T11:37:16Z,0x31844b9b5982a3ec3a10e7c5dcfded2852a68060,0x73de57b30b2b2181be6440246b564cdf4c557dc9ee5a4dd79514f28091fb83ea,0.93,2.516e-05,25163,0,1,25163,2.516e-05,0.0,,,live
2026-10-08T11:37:16Z,0x31f6bb1088904dcb616b8a6cb022ca67fa5b7777,0xea958f585bfb434b4f728ae6fa50e92d922a85a46b9aa32227693eabb56c7874,0.31,0.0002542,53634,57749,219,58092,0.0002542,0.0,,,live
2026-10-08T11:37:16Z,0x329d468e9939d4fea57fc4a66f012011d883d586,0xb4330b9e80f37695d4684dbac77e6e6946f24752afbf97a6ff7bbdde7a5bafb3,0.9,1.88e-05,16382,4329,14,18807,1.88e-05,0.0,,,live
2026-10-08T11:37:16Z,0x32e14575675cc9b1c13cfb5c643f1507b8dd7d11,0x08b56fd356bdef90c8135b2f4ea7e03cb2afc4404c03d6dd8b5250c029ce987b,0.35,0.000347,48550,100471,221,79270,0.000347,0.0,,,live
2026-10-08T11:37:16Z,0x3307f38def7c3886e9e50fceb399aa4646da63c4,0x972881538100093b2c2366e09027774abc9a79ad92403e646cd3336a2637f408,0.12,0.0003334,47533,86062,243,76155,0.0003334,0.0,,,live
2026-10-08T11:37:16Z,0x335097010f139689a8bbbc885c6d0f71a1e21e18,0x85f3a50de8b530a921c7c413028ab55f1489822b94f491eaa398309dff9c3b43,0.5,2.006e-05,20061,275,15,20061,2.019e-05,0.6,,,live
2026-10-08T11:37:16Z,0x335ca4695aab48d92a2285720eb4d961652ccd33,0x4b7c83944443bc624a0d9d817ffe96d413d3a4cc04e963fe19f4e5e1cd634bd0,0.31,4.902e-05,18245,3036,17,11197,4.902e-05,0.0,,,live
2026-10-08T11:37:16Z,0x337c0737c62a7cfd532ef76a21069cb94912cb2e,0x19043eb8eb33c9ba045833825cfbeeb183f2e4d07906d16176d254ea3efec74e,0.36,6.453e-06,6453,5753,29,6453,7.094e-06,9.0,,,live
2026-10-08T11:37:16Z,0x3388272818254b77f39dc3297f82c2ec9ee9dc3b,0x4abbf0813546d60a232e04cc749d70f00004db6797ce3f1c8ab151f36036da1b,0.56,6.823e-05,23128,12002,71,68232,6.823e-05,0.0,,,live
2026-10-08T11:37:16Z,0x339e562e72fb3c06d2510e7ac44905f0a8bc7777,0xeb2bb4f6c1c7dbbf782ce65dd969ba47905fce836d0732c99b75b585fde8fc86,0.49,0.0002538,53674,59411,232,58002,0.0002538,0.0,,,live
2026-10-08T11:37:16Z,0x33b101129368e8aea24088214633d848ba878c2c,0x56c462e1ff6e16ef9c77a18cf04c33d11b69da0d738b10747d4c4cae9a2c6c6b,0.23,0.0003333,47532,99454,214,76129,0.0003333,0.0,,,live
2026-10-08T11:37:16Z,0x33fc2a7f957fb67a66a307d30265fb7a92f87094,0xfa4b1130f74e8f660036f66148fd0578713bcff740b3032d092553e396a9bf6c,0.33,0.0002248,39097,74050,237,51364,0.0002248,0.0,,,live
2026-10-08T11:37:16Z,0x352b1722b683f2ca2e31be2d7f39ed269a506777,0x63d910f929d0d04308da2186085053a33a98733f39e2e79275233c0d622d755e,0.65,2.621e-05,25585,55049,190,26168,2.621e-05,0.0,,,live
2026-10-08T11:37:16Z,0x3559bf521409f84625a1ff0fce76520c83ede1e7,0x6e8aa7b41f071bf4f91bbca4cbd9626d0bda3e30da36ef2ad196386b14a2e5ee,0.64,0.0003316,47535,100200,227,75736,0.0003316,0.0,,,live
2026-10-08T11:37:16Z,0x355b20827140802774c65a61e78427982c5a7777,0x8d94182cd0c7b84f01f449305e75c24a549889719c5f0ebc2b3ebc3d1db2a7dc,0.61,0.0002115,49013,56276,204,48332,0.0002115,0.0,,,live
2026-10-08T11:37:16Z,0x35687da627dd04ee65f281901733af2510d916cc,0x41084903336d337b4f29dbb7fda6089776c605ed34ea44a6ffc0e204f7aa8733,0.53,2.716e-05,31084,31216,255,27169,2.716e-05,0.0,,,live
2026-10-08T11:37:16Z,0x364a0a772bf822f654795a50029917af24e53131,0x17f88527f9c1cc1af3c3268b3737aa7b1143eaa5,0.25,0.0002823,225863,95,13,282328,0.0002827,0.1,,,live
2026-10-08T11:37:16Z,0x366906c8b09b60bef11ac8109701bdafd3357777,0x2a27ce3d6e3d74ae60d6d1fd3a886ad85bc37c3ddcfde9c992544c0cd4608ff7,0.86,0.000209,48583,58240,230,47768,0.000209,0.0,,,live
2026-10-08T11:37:16Z,0x367840893c2a32a9454a90e86d8a1439684cb5ba,0x50d996354019159fab492680c611bcf70a182ea8ed7291cefa7c7c28dc32fa28,0.27,0.0002155,38260,74388,239,49242,0.0002155,0.0,,,live
2026-10-08T11:37:16Z,0x36a897004d6fcbc8e5bc4af0f543d1f47612d7f6,0x31daf144657ea2767648606d31cb440da448a265a12d02db4bf96ced29488c6e,0.2,0.0003584,49342,95240,227,81879,0.0003584,0.0,,,live
2026-10-08T11:37:16Z,0x36afd6f3f6d99be7b85c3c318f69b6e1b9fcad59,0xedf99be4bb920d9224394d65908651c4e4678a9f32b3efef384b32e5b38d26b5,0.1,0.0003286,47189,109337,237,75070,0.0003286,0.0,,,live
2026-10-08T11:37:16Z,0x372291b8936b9f3c1d0968817f5ed415800d15e6,0x25700c3fd00bdf81f8c209e56393e79acf7fdca05e5661c17306cd6b9d4296e1,0.89,0.005145,5146,3,3,5146,0.005145,0.0,,,live
2026-10-08T11:37:16Z,0x374c2ea5b55a3596042cb849056324abee857777,0x8b125d6d65e504d905ed7770f414eb68f8763a604736e5e9900bc19ce4b1e9cc,0.55,0.0002343,51516,61242,233,53534,0.0002343,0.0,,,live
2026-10-08T11:37:16Z,0x377fc535baf2fb8147d9ea78d7910a0f2d1f0603,0xf81df76f727a4e97269b1162d0069f0fb99574f570f458911eb8b68bcfa901ce,0.09,3.622e-06,33384,23517,128,36223,3.622e-06,0.0,,,live
2026-10-08T11:37:16Z,0x378a50eac56f45fb74e4ce7f1962dbca33515c14,0x1c7d14d2147795daf0b534521fec5dbb6579b2d6,8.94,0.08737,156855,33239,184,1464053,1.04604,91.6,2,False,live
2026-10-08T11:37:16Z,0x378b882a99968eb68148226a464bd9876071a275,0x30a6b0095ce00e1d9f1cc89b36f846fd2e9bcd58f95f7f2d5da453ef70ac94d5,0.18,0.0003791,50804,115046,234,86594,0.0003791,0.0,,,live
2026-10-08T11:37:16Z,0x38019954eb262ad8e93d939c204c8d57c561c654,0x861ad5f31392d6e4101666280a9daa078724f4d72123b1d599b652f9e7f2d425,0.11,0.0003652,49755,104882,224,83430,0.0003652,0.0,,,live
2026-10-08T11:37:16Z,0x384bed880a5bd6834504079d3a5ef097d9a0d560,0x6dd47702af1b3466c031b26d3a14fe09ce991828f1070f32f4ed5a83e9144880,26.52,0.0006918,37856,203,18,19273,0.770428,99.9,,,live
2026-10-08T11:37:16Z,0x3855ad0988a7f46b7c269f70e732dab7bd15c777,0x5062a435d09ee362d116e05ebdfff2981314346e2896f93e8c9219ed7aa8dd41,0.79,1.863e-05,21577,44193,161,18602,1.863e-05,0.0,,,live
2026-10-08T11:37:16Z,0x385f4f8ae47651ce5f58f5265395a669f8281e18,0x46525dc119850396470f132c4a989d7192cb692139db891b5a4cdcd684c11b17,27.53,0.01334,557268,364231,1860,13346442,0.0636511,79.0,,,live
2026-10-08T11:37:16Z,0x39b1259efe080762518c7d1ba37a11c2fe1a7777,0x97293140cf53bed8f8ba6e52610d07669d9a3972c2a278981c73b13ecb0f9003,1.46,,,,,,,,,,dead
2026-10-08T11:37:16Z,0x39b9fc603bfdcb89cf3fc69c897ecb8849817883,0x380a416ce975e5ab8824b73f797c606c01b01cdbadacac52f05f1de79de60411,0.31,2.131e-06,19096,6046,77,21316,2.131e-06,0.0,,,live
2026-10-08T11:37:16Z,0x3a2565decca919c961acf6d5bd02bdc0912f796d,0xed4b5c943bedd20a19bccf10e48f96e2a08b11c98895425a2d72da930ace5da5,0.99,7.07e-05,92236,44526,272,1515,7.07e-05,0.0,,,live
2026-10-08T11:37:16Z,0x3a4d651e7ad99f0743348f6d7efe45eb2e73dba3,0x1f17d899e64c72ba8d15de794f4f7597428a7ffe72cd1e9ca1ef6a1c4e9377b5,0.88,1.013e-07,10139,1745,30,10135,1.013e-07,0.0,,,live
2026-10-08T11:37:16Z,0x3ac08ed8deebae092367b119b81ad2b431a11f12,0x7eb1db9f2398d664151040d439ea38ccda76e761041da1300d795d7afb1bc11b,0.65,2.567e-05,25678,4,3,25678,2.567e-05,0.0,,,live
2026-10-08T11:37:16Z,0x3ba500f1ababbcf0f0247d06d1c56fd7e6c4c09d,0xf49ee5b66c4e7163026e5d25e6a1f93cff46dca4d3752f712d181d9392c1d567,29.7,0.002261,130917,252230,2013,2176763,0.0090823,75.1,,,live
2026-10-08T11:37:16Z,0x3bc9d951d39091b3f335a0e96e439884094cd534,0x6bd4d0c50461ae66ff356ae4d2f3b78c981970b4d7e0cdad0601f95e99ab5612,0.88,4.278e-05,40604,7480,19,42784,4.278e-05,0.0,,,live
2026-10-08T11:37:16Z,0x3bcb37cc35fcd538ec387202ac4b461199710e6d,0x11153b90617be7ccdbde8fed9a38c8756b749c110a68d5551fc6b25e0bb8aa3b,0.85,6.436e-06,6436,5524,39,6436,6.436e-06,0.0,,,live
2026-10-08T11:37:16Z,0x3c62877d2876ec53e53b05d9d70f1cfd84bd7777,0x5d9f253c00d71faebf09654467b29636f31489f0b284f2c94fbad8b6b3bccb37,0.59,0.000178,44919,48100,186,40676,0.000178,0.0,,,live
2026-10-08T11:37:16Z,0x3c6f2c1ee0c63436e8bc8fd0f95a537202884733,0x9adb9f974af2af3f7bb121b1b7493574155b5faf8a88d668252b0bd6f529a2c4,1.43,,,,,,,,,,dead
2026-10-08T11:37:16Z,0x3c7b315837d8732bf6378932ad218cdc4096e6d0,0xf95564b4218df8432306f915f7144a08f512e43acbe8c0264b8ffbd761c37a56,1.17,7.234e-05,25081,202753,2842,63627,0.0001611,55.1,,,live
2026-10-08T11:37:16Z,0x3ccc7270bf03cfe3f7772f7dddc28f56f42378ac,0x6663b85b082a6287dd96a7d534176dfb478f5c39f926bafa770919d99a483776,0.68,2.198e-05,31975,17846,205,21982,2.198e-05,0.0,,,live
2026-10-08T11:37:16Z,0x3cf6c6df74b1b7d14313558f156b5a3384b6c777,0x1986bedddc93ca6491d07d2c9bb407762740788c22f2a8f346873905fb128435,0.1,1.735e-05,20768,15349,55,17325,1.735e-05,0.0,,,live
2026-10-08T11:37:16Z,0x3d1e6057b6d849884c3d44868a970671e75d7a9a,0x9004a50e07875d9a592775aea1848ce4c479067c16e3f7b816bfa9fde20da29a,0.33,7.837e-06,47513,48818,232,78370,7.837e-06,0.0,,,live
2026-10-08T11:37:16Z,0x3d2f220057b2feca65eea77c030cdddc4cfabba3,0x1376362ac4d8368f71f38c0ddf81c7e800c00e2411d2231bd05b476f13e49463,0.85,1.011e-07,8598,5,5,10116,1.014e-07,0.3,,,live
2026-10-08T11:37:16Z,0x3d389e46b7437fbf745e5283e1f559b28c74dc3f,0x50bb53331ef6b7dabe87ffd6bc6d6c3996844ecc766680aebd386fd3913d6b7b,0.42,3.114e-05,30896,4096,34,31149,3.114e-05,0.0,,,live
2026-10-08T11:37:16Z,0x3d56a97bfde692d2f60dccf9d94a1d71c9169777,0xa47feda1ada838fa05e168c8763563b22943b9b8b5a29bd362783ab67edce2ea,0.94,8.489e-06,14547,2723,13,8472,8.489e-06,0.0,,,live
2026-10-08T11:37:16Z,0x3d9bcc2060eacffa0ad7aeaa86dc586e27777777,0xc5d862c4f94d6855fbcf44276c31c63904a9f1ce5d35ef1ce860ffd1379ead6e,0.76,0.0002253,50457,57448,227,51496,0.0002253,0.0,,,live
2026-10-08T11:37:16Z,0x3dbbf26fe8a420c67da31b51ae1a676501723b44,0x92755d1d4106af13d71a6a2f96700df5d562bba33e055d543225608f88e56c54,0.84,0.0003104,45906,110300,234,70906,0.0003104,0.0,,,live
2026-10-08T11:37:16Z,0x3dfab271b8c911e8baf7ed41aa10ae5bdc09d777,0xefc3108a923875aa4bc7cd9e501016f0a803cbba20ec6c74ee28c030a53acab0,0.72,6.335e-06,12548,2868,17,6323,6.335e-06,0.0,,,live
2026-10-08T11:37:16Z,0x3e37854c4e06f7b29bb08eb29181733fcc3ab777,0xbbf464d37f5d6efa01e58994a3e733d718ec80db3006dcf193e0b4e0937e6d4a,0.74,7.557e-06,13680,5729,23,7543,7.557e-06,0.0,,,live
2026-10-08T11:37:16Z,0x3e612ec66e5f712a7b819eb21c5e773a51592f5b,0xd62523e48c5b9daf5f8e149889a2473abc6422c20953c1f5b9167b56655fc4ef,0.19,5.754e-05,19769,11603,45,13143,5.754e-05,0.0,,,live
2026-10-08T11:37:16Z,0x3e9b1bffcb57dcf5e353a2f5a15d6be7053b3566,0xd33b3588aab31511f2753a267b44ac9c12833e19c081a914953c631bbc54fc65,0.74,0.0003644,49624,126964,232,83247,0.0003644,0.0,,,live
2026-10-08T11:37:16Z,0x3eb4968cc95a891ba72e2c5b664b7142dbe87777,0x2fe25a0712b801788112a8d4b613857b6bb57177b3aace21b26002c6d26b9fd2,0.28,0.0001703,43880,42042,166,38917,0.0001703,0.0,,,live
2026-10-08T11:37:16Z,0x3f365696e09a076082606c745f2736f1e430ab6c,0x98ab5bcb7c56a50289c847f513573850315da754141b3923ec181508ab635824,0.84,2.567e-05,25678,3,6,25678,2.567e-05,0.0,,,live
2026-10-08T11:37:16Z,0x3f7c8a4e407cb1607c95a7d94c72c0dd087e043b,0x3ea66145bb375f5b5dfcbf1f8f01cadb79ad3f345a1f27b8ea35c5542f6ecf80,0.35,5.535e-06,35440,75209,257,55357,5.535e-06,0.0,,,live
2026-10-08T11:37:16Z,0x3f9251ae3d0cfcdfc18709f0d553ee5efcd37777,0xcf206ff4cabe11968dd7d1103dfd44fc2ccbc561afffd303b5c757b6cd187fa3,0.65,0.0001391,39738,25637,103,31804,0.0001391,0.0,,,live
2026-10-08T11:37:16Z,0x3fa4014e906b64cc5f3692c0f03b74926ea3c777,0x21c334b924949eaaaa1f1d812d2d7b6a748501e6210b50c2073b76481419f25e,0.13,2.629e-05,25579,51029,177,26248,2.629e-05,0.0,,,live
2026-10-08T11:37:16Z,0x3fac178d376dbcda7a4bc3204de93b65710496a2,0xc881b89710b6518746c250c6e3e49882dadfb3d33d27b4852f0b70b4cb82e53f,0.69,2.363e-05,29714,21216,203,23639,2.363e-05,0.0,,,live
2026-10-08T11:37:16Z,0x40d87914780065fb840a809065120c1f0e907777,0x1dc56c01e2c5240d005608568d0212bd29b3165e96db696584381b9ce6d57337,1.36,,,,,,,,,,dead
2026-10-08T11:37:16Z,0x416d0c4b431cfa33b4a4974e3dfc9f5089137148,0x81af43b4a865633cd16c9758569cdb5846c54caf,11.57,42.93,111683,25348,103,171244,1308.59,96.7,,,live
2026-10-08T11:37:16Z,0x41e56aa29794619640405f1b6ea0d7ec8fcec30e,0x882a6c2682931783dc8be93b56308d541e26c0dc45ea7afd0a709297445a98b5,0.53,0.0002635,42322,86609,233,60184,0.0002635,0.0,,,live
2026-10-08T11:37:16Z,0x4247596d88e5c0be2fca7394c51e0ac180edc777,0x1f9086333c148d9cf5dd6f4037da7164e16b7c959945cb64518bc260a75df3ef,0.56,1.829e-05,21361,49554,177,18259,1.829e-05,0.0,,,live
2026-10-08T11:37:16Z,0x42e8234d8e9b9ed6b318a87e501f5fd0ea287777,0x30eb858641e3e5c00a36fc4ba531068e581807640469e5059d944c77ff057413,0.85,6.167e-05,26436,386,2,14092,6.167e-05,0.0,,,live
2026-10-08T11:37:16Z,0x4325d557705f5ba3cbdbc8199e68910014cada3a,0x27d9e709565d26d674c6729da9ee9d4dd7782f9a49f1766730158a6fed146acf,0.41,0.0003203,46764,82230,243,73156,0.0003203,0.0,,,live
2026-10-08T11:37:16Z,0x43863a37a951ad0096f64ca5cf0df5904ffa7308,0x16ec3f9958c1244a1c841c63f514bbbe6132f7eb80790f653adf967b88a9d669,0.17,3.923e-05,27075,111444,335,39230,3.923e-05,0.0,,,live
2026-10-08T11:37:16Z,0x43a8b5a13beec66f9f8d6159d4b32024b7d987b8,0x65ea3d1be6abde4808942ff762738c8c5cd62bb1b9c368708fe615d5656306f1,0.99,6.464e-06,6465,5344,33,6465,6.464e-06,0.0,,,live
2026-10-08T11:37:16Z,0x43b51e4764af4f823ba7d839c6e05c6b17ce3344,0x9cbcf4db7e6bdbc0474daff4a15125895771ce6d27353d50b65b84051f133657,0.48,6.456e-06,6456,5442,30,6456,6.456e-06,0.0,,,live
2026-10-08T11:37:16Z,0x4406a990f0fe7d7f6a24202418f4fa08f3ae2276,0xc18dbe4a37267f01ebd9f097cbeaf5b6147bfcc845b65f10164dbed42ed2f333,0.61,3.868e-06,6189,0,1,7737,3.868e-06,0.0,,,live
2026-10-08T11:37:16Z,0x447ca404eb0d5c34c8506cbe1c48445031aae7f0,0x4e501dc26f568b6c97dd4946a746911e75f4f2ab,1.38,,,,,,,,,,dead
2026-10-08T11:37:16Z,0x448b4cd6555109c92d745e91a6f23cee717abb94,0x504147be1a056d1ee672fa46ad7851fa5b0d7657268719c8500de723e50a7c63,0.89,2.804e-05,21678,334137,1558,28045,3.435e-05,18.4,,,live
2026-10-08T11:37:16Z,0x449cab900d90391603b54d3b3e27d818a58de6d0,0x778acea5c26f08e79be26d6c2054d71fdc349f2ec411639f307aec118e0b3c6d,0.99,5.754e-07,39752,3525414,9652,57542,3.446e-06,83.3,,,live
2026-10-08T11:37:16Z,0x44bd7f46f71a8c1691f0fbdd5feea5916f4f7bee,0xae2b8300e072aeb64752c2605f9fba0e9df7b43055cef72506a96607a1e07f5f,1.61,5.181e-06,6747,2805,148,5181,4.603e-05,88.7,,,live
2026-10-08T11:37:16Z,0x44f1a20b91e4f140802db07549f74e1df0ed1e18,0x06fb006f063c99a313d37ad11d31548b71b17b5d71b605b3d1ac11c94d05c784,1.39,,,,,,,,,,dead
2026-10-08T11:37:16Z,0x4500d80233fef60523a6b046d9ef20414d797777,0x5c3fa4ceb74933c89f8a8c302186d8a647caba8f330aaa00de8e1319232c982d,0.34,0.0002335,51470,60662,230,53361,0.0002335,0.0,,,live
2026-10-08T11:37:16Z,0x450742a9ae0b3e7a7e18f0c98a94815a66691df0,0x269bca27265d1d756612cc65327a8c994b53c190,0.75,1.508e-05,7567,6,4,7567,1.514e-05,0.4,,,live
2026-10-08T11:37:16Z,0x452e47f98deba1fe2de1cead1e7b707aac607777,0x921776cecd0bf840b5f8dd2cc95673d15115761f4abcbb603e145a32fa45504e,0.15,6.031e-05,26148,1936,13,13780,6.031e-05,0.0,,,live
2026-10-08T11:37:16Z,0x453a8bc0d758f9b9f33cbaf7d22b5a2ba65d7777,0xf036a43bec2b8c6f0bc5adc7728042b02d23269cfd75f50b8629e8778386c620,0.16,0.0002598,54296,63804,223,59363,0.0002598,0.0,,,live
2026-10-08T11:37:16Z,0x458c02895cce6b4f7908a5816bae0c1692340777,0xd4616bedbdf43d707d5361ebcb454280dde74fdd21c959f78efb548e6006d47c,0.22,2.253e-05,23719,31516,125,22493,2.253e-05,0.0,,,live
2026-10-08T11:37:16Z,0x45d03ac52b8e01d2300366b26b3cf7c724637777,0x793930e827be64961d532ac51e1d88dd793cc71ca46be3588fe86894c30b88b3,1.46,,,,,,,,,,dead
2026-10-08T11:37:16Z,0x45d629b671a52679e12ec21969be17d5150d45be,0xd7097846e32cc71145cc421540c6d9d6371601261e932e9879bd805ffc792444,1.5,,,,,,,,,,dead
2026-10-08T11:37:16Z,0x45ef1461a320dbb8e9d9dbff893ad20efc936322,0xbd8bae2564149bd9e574218adfa630b0876c27e06b93184856bb386f988f5379,0.09,4.198e-05,16873,2733,12,9589,4.198e-05,0.0,,,live
2026-10-08T11:37:16Z,0x46518ee404d5fca5590511c4d9ecf27a09e37943,0xfc3c6b0833a9585fd6e65fbb05b5c6c145554d04d6643c22259b01e4759976ef,0.42,5.703e-06,48515,42378,221,57037,5.703e-06,0.0,,,live
2026-10-08T11:37:16Z,0x465a80137016ecd6354efc9871295245532d1e18,0x2f473487d414d3df0867a1543cf56f30555f6b9d23de46ba4fede2f7b2b252d1,1.81,2.034e-05,20359,265,3,20345,2.039e-05,0.2,,,live
2026-10-08T11:37:16Z,0x469a49a3228247b98351bf66a2c704f3cb64d777,0x8952ef28cc581a71e677c2cadebe541d73c8b3f9c20ad8b7895c091d328542ba,0.11,1.396e-05,18626,14453,59,13938,1.396e-05,0.0,,,live
2026-10-08T11:37:16Z,0x46db7c3783b46b3715227c09a4422a4f0caf0510,0x3dc4cf222aa67af0926afcb8cec114d0d7e1443a,0.37,6.558e-06,1,2046,11,6558,6.558e-06,0.0,,,dead
2026-10-08T11:37:16Z,0x46de719977fa84c0427b484f4a2c34d1c8c1db53,0x7ae85be24c518a14e23e5ccbceae3a08eb2f29b9620e2f84900ccc101d3c471b,1.5,,,,,,,,,,dead
2026-10-08T11:37:16Z,0x46ededf4bfece1c58e8523b0377c679421e42f65,0xad1ecfdabce1482b42d647c1123a0d641fb6259d3e793f295b49f438f63cda5c,0.9,9.763e-06,9640,973,6,9763,9.763e-06,0.0,,,live
2026-10-08T11:37:16Z,0x47402a61a12fd28e5e3af71d3243835397d33777,0x0802b6102b773eafc8405b8ad23337945364bd53f7864840951928c261b7c596,0.59,2.428e-05,24614,42096,146,24242,2.428e-05,0.0,,,live
2026-10-08T11:37:16Z,0x477b6758a60e1db97542b8b54053a7831d84d98a,0xee73c40d194a7cabd179a9e97d7a888a29a974fa45324f70df0a78b1e1a8c0ba,0.16,4.699e-05,36303,21852,128,46999,4.699e-05,0.0,,,live
2026-10-08T11:37:16Z,0x47a5af29fe15a9483259c0282444dbf070a99777,0xf4783ceb59c4d614ae3de49729e90776fd25b54bc70f8e9e984a4951003afd30,0.24,2.597e-05,25425,50140,164,25928,2.597e-05,0.0,,,live
2026-10-08T11:37:16Z,0x47b537f7c2c2183967fe5ba883291b8ada490db6,0x08a577c64162ff70293b60b7058d991ab5eeeaa8677a3cc8379bff71805e8a4f,2.06,2.317e-05,14195,48253,493,22148,6.5692e-05,64.7,3,False,live
2026-10-08T11:37:16Z,0x47c5c42156d7c1ca62c9efbec7e30645f7917777,0x71c2ae50383a2f23f6c6f2350774000c3b4cde949af21b99976c64fa2917df41,1.43,,,,,,,,,,dead
2026-10-08T11:37:16Z,0x47c69fc23cdd7c72779158b009b9af7cb5e666ba,0x1128bce8fa77cfe15cdeeb6298b229f5e13bcef127f2f0f7a9e37e7db7b77af3,0.72,8.035e-05,23323,13866,63,18352,8.035e-05,0.0,,,live
2026-10-08T11:37:16Z,0x4879cd5fe9f57213618435fa2ad19f398326370d,0xe50a6ed732448eb8b5f4328d2646694cf57c54be90342ea585350470e91293e5,0.87,6.837e-05,24365,164240,3612,67011,8.424e-05,18.8,,,live
2026-10-08T11:37:16Z,0x48b11871445cf02a6ba006f6d3c1b4f621307777,0x751cb43fb029ceec65aad8f71e498ab737bf928a98d79991524cb938e9a97ff4,0.87,0.0002609,54328,59129,231,59631,0.0002609,0.0,,,live
2026-10-08T11:37:16Z,0x48da20e5b7b68ba3450de245ad3db835f953a777,0xd779d29d441a89de477871a5f16cb75e2b2b07833b7bb21b7184e3d024007422,0.25,1.935e-05,21997,29059,108,19319,1.935e-05,0.0,,,live
2026-10-08T11:37:16Z,0x4913b48fc4383cb5b01bf3d1a591133101b69777,0xdee417c34fbb2e9e74bda9650d2b336bc0f7ff8547f5d426249d2ae581e7225b,0.21,2.011e-05,22367,48209,184,20078,2.011e-05,0.0,,,live
2026-10-08T11:37:16Z,0x494822690996a402f82916d5b9eea742b4b31e18,0x87e1ae836cf5aa176be0210f09bc2c952053218eeeb3c50d60ac38cd0e1ea833,0.48,1.983e-05,19839,1,6,19839,1.983e-05,0.0,,,live
2026-10-08T11:37:16Z,0x497aab222c09c158bbbf4811ff45c83d976f7777,0xd760352660c32662746a43c205e5fa156878856d3d84e42c14781b27999f9338,0.69,0.0002556,53744,59998,230,58406,0.0002556,0.0,,,live
2026-10-08T11:37:16Z,0x49bdacd3a3ba1825b6419cccc06684464c52a437,0x6eb0a3983140234029fe8915239dcd7a2ca5c2764fe7edeb08af34039aca27bc,0.77,2.571e-05,29762,24705,205,25715,2.571e-05,0.0,,,live
2026-10-08T11:37:16Z,0x49eab8438f69d21096dfffc76738e37dc92cb3ae,0xe279b1917c69c8af6d36a8693d0cdf555b4e8ab0997a80519fbca9ddd2278d19,2.01,4.353e-06,6194,577,22,4354,5.603e-05,92.2,1,False,live
2026-10-08T11:37:16Z,0x4a29ae199eafa0d3df80efeb49049df4e455a02d,0xb286db839596ff1a876777a61f3d9d941644a0926bf6a56ae239309e2718a6c9,1.38,0.0001385,61983,330,6,2844,0.0001385,0.0,,,live
2026-10-08T11:37:16Z,0x4a2b02f7591d8515d9cc7129600a92879c873351,0xab85083d2cde4f981042ed6cbe8cc9f5eeecd65d40608cae34fc48b908c1f55f,1.46,,,,,,,,,,dead
2026-10-08T11:37:16Z,0x4aa34c30224fbb5bc5295a76e6c2a3b8a6a71e18,0xbb76c0d221da17a1303f755d13907e53bfef2ebc7cf3c1e7596c74159e507c53,0.77,2.02e-05,20202,717,6,20200,2.02e-05,0.0,,,live
2026-10-08T11:37:16Z,0x4b0577062a952a8efd0b4f583f7a8221b4197155,0x6da613d5bc38f992ea4c0080ff792859f2d48ee8a9e37e00f7d7a1b18f627b89,0.17,0.0003534,49055,91707,227,80717,0.0003534,0.0,,,live
2026-10-08T11:37:16Z,0x4b3943140a61cbd95b016c90b04ad51378e54c5c,0x3704f98f13ad9725ad70ba706409927dab60b3f4789a765d4f0a05e2d862e549,0.3,0.0002674,42638,96726,229,61081,0.0002674,0.0,,,live
2026-10-08T11:37:16Z,0x4b4aaf415ac4e8e937b203571eda75d1bb443c6d,0xdd9b75806716bbc57ee2813e4fef29ac59c2659aac1cc0f8b3f5e79f6d917017,0.32,0.0002557,41669,57675,181,58403,0.0002557,0.0,,,live
2026-10-08T11:37:16Z,0x4b5555451e691c15edf3a65cc19198c355b58777,0xce74bd845921d261e50020dd5b063c2067b2593cdeb6dc2996c08755219b0888,0.67,1.307e-05,18058,8202,33,13054,1.307e-05,0.0,,,live
2026-10-08T11:37:16Z,0x4b7f77f64a9e653edc2e7641099fe325627ab8d1,0x138679a580e30371f9683911fe59e4ed1c7c5e9cb366be20b6e54f72fa4a1163,0.52,3.019e-05,30010,2166,11,30192,3.019e-05,0.0,,,live
2026-10-08T11:37:16Z,0x4bc20301779ad66422cccc39f10b01ee7b29d8b0,0xe740dea04e29df2ffc304ce7cd76cb5d110967db819fc4d6e37e08a90280397f,0.6,0.03862,7726,0,1,7726,0.03862,0.0,,,live
2026-10-08T11:37:16Z,0x4c6cebd0a2c2d4ed8253f5f6465acb9942655777,0xaed35abd6e4bb7e049619d14190c6b2e2d68e5e88d4cab686fbcd83136aa6f3a,0.63,2.483e-05,24926,53311,188,24789,2.483e-05,0.0,,,live
2026-10-08T11:37:16Z,0x4cae700d36743922df0f4935e5d3e949389cb777,0x9e48fd143532c87a7d0a7d5ddb666037525ed4db27324c9b333f1ab09fda3937,0.23,2.203e-05,23410,45320,184,21992,2.203e-05,0.0,,,live
2026-10-08T11:37:16Z,0x4d784caf9c7013b2c7d29cb4a3cf8505aff5f777,0xa0b24dc56bca9f15b860b257656671f9abc88e683b11210cc3e2f1632946f1b9,0.22,2.194e-05,23407,44493,150,21902,2.194e-05,0.0,,,live
2026-10-08T11:37:16Z,0x4e7167e57cf47ad664876eb2391b7a96bdf9363d,0x017b7b33d735971713340bdb528262bb64f69e0ce9b24134cafe8a9cd2546303,0.9,1.337e-05,22988,4695,50,13373,1.337e-05,0.0,,,live
2026-10-08T11:37:16Z,0x4e77799f72522b2cf53cbb973d5ed9436e080fe9,0x14b33404c555b44969853b50b8499074e270c15f4ef41c777e9b55a5870fdc3a,0.5,0.0002413,40549,78999,245,55114,0.0002413,0.0,,,live
2026-10-08T11:37:16Z,0x4e7f86f8299e7c861f4d53d09a3a159044237777,0xf463e941cda7a49839324227d4eff0cff29912b98b2d46cc3c8fbdf8b99c3e7e,0.29,0.0001402,39784,31231,129,32038,0.0001402,0.0,,,live
2026-10-08T11:37:16Z,0x4e87e98826959e0817e5f31b6bf2210e93b3bba3,0xdbe3d16b09903d266f2ee790f6eb8b602143371c1b89b048cf6770de60663c6f,0.94,1.015e-07,10160,251,5,10156,1.015e-07,0.0,,,live
2026-10-08T11:37:16Z,0x4ec57c9838627dd989b7136044e7a78945ea30ea,0x069688d0760fd7ef89f9eec672f8fbc0d3d3541e24e0c9b438706ab6adbc518b,0.23,8.568e-05,26870,56228,638,85687,8.568e-05,0.0,,,live
2026-10-08T11:37:16Z,0x4ef1bc81c43028994fdeef720fc58aef7d001f90,0xf4042e853bf12e2d5fc3f70c162dd103e1bedebc8f155f5806e986ff12382448,0.25,1.285e-06,12852,3,2,12852,1.285e-06,0.0,,,live
2026-10-08T11:37:16Z,0x4f65083d94bd11a21b73a7a210a62dff4007c777,0x5f6c213b4de334ce9e73c596ddb1bab12f6e377ec0c9c141358fc0b2b4190f3f,0.64,1.135e-05,16858,12139,50,11335,1.135e-05,0.0,,,live
2026-10-08T11:37:16Z,0x4f7f5fe069064a99edc3175132a946a09bee7777,0x48749420f18a937aaa35d0b215719c741a5eb03e182e4bed81711f610add5ce1,0.42,3.298e-05,28742,54513,174,32919,3.298e-05,0.0,,,live
2026-10-08T11:37:16Z,0x4f9eabdd8bd4e712b65aff579f0c4a73d860e5a3,0xbc7c44bd228393a861c752a09ce96b46fa13e81c,1.64,0.0005134,385074,0,4,513432,0.000539,4.7,,,live
2026-10-08T11:37:16Z,0x500a02a20b0b0a3f3efccfc0559543f5743bd1c4,0x336ff94eba8a6ddc6b022e90fbe04cab9376fd68bab5b120810076a8555334c2,0.31,0.4673,19892,4213,14,74782967,0.4729,1.2,,,live
2026-10-08T11:37:16Z,0x501c268666b28f7fb23bf4b970188005d6392fd2,0x4666329175ea1f456aecb9cd0099081c6131e18ed26ec1d326c5428b43e5c412,1.36,,,,,,,,,,dead
2026-10-08T11:37:16Z,0x5034a76724cecce1a2f0f1389bce37af72345777,0xf8c172707545265c1ce12d379775633a509b8f6fbc0b25638cf5b4fe7995435b,0.85,1.337e-05,18239,7557,33,13345,1.337e-05,0.0,,,live
2026-10-08T11:37:16Z,0x50445dd94d9fdd0d387023bf780c9197e6cd547f,0xc2352e254c01f83361f11eb3c32cdfe4ff0442e01265af4e69e42cce36964276,0.41,7.014e-05,55439,269260,659,70144,7.014e-05,0.0,,,live
2026-10-08T11:37:16Z,0x505601ce7739fe78d0b0a9b30ca236d673627777,0x3e8f920b1afcdfcbe6699835559af82a262ec8fb312b22131f31a103b8b5604f,1.37,,,,,,,,,,dead
2026-10-08T11:37:16Z,0x5084e8b995f2634300590f1878b955af6f70d7e7,0xd736efa156832945aa3df45334387e3df0cdc63cd3eff42c94c741e45d032f49,0.88,6.503e-05,56017,107184,339,65035,6.503e-05,0.0,,,live
2026-10-08T11:37:16Z,0x50c986c8891f5ef6fabce76a9f46dba28b0977d3,0x51b20e98150e59f9bb2e547e9b35e2face73dbb950b1d6fed64dd459ebf5c9a9,0.8,0.0002857,44101,103593,238,65254,0.0002857,0.0,,,live
2026-10-08T11:37:16Z,0x50e76841b5a41478506579cac9ddf321d04fc1eb,0xfbf33a08e141e4f9254765475f4f422951de2e1ea00ce98a6eee9fa10e1e5dbf,0.94,5.081e-06,5081,150,5,5081,5.081e-06,0.0,,,live
2026-10-08T11:37:16Z,0x50ffa4bc4ec20f36bfc9b00bd9042dfd2c50dbcd,0xbb6da0a26397a7ca07fee69110b0591056b53307d440258c16e7688238cc2b53,1.49,,,,,,,,,,dead
2026-10-08T11:37:16Z,0x511c245be130716d302173613471d687b1563cec,0x9d3807bd566c9a7c885dece61a6c27663350238e2e0263530f3673043ff51367,1.35,,,,,,,,,,dead
2026-10-08T11:37:16Z,0x51a10630a73d05dfa0e2f1f60ecf07314389f1b8,0x4683a60a54a83db9541b66082119619e4d73c9c2bffe7aba74d517cbbfca02a3,1.48,,,,,,,,,,dead
2026-10-08T11:37:16Z,0x51b8d12f83460a131e68568caba2c854bf24c5bb,0xd1092660c16ea3164a84ccf8d8654bbb5cc230ed4d65090fe4f4a3814f9782d6,0.19,2.609e-06,23507,22655,108,26099,2.609e-06,0.0,,,live
2026-10-08T11:37:16Z,0x5214702001fb953e5d6c83d4ecee8c4125329525,0x46f985ee6d8422bc62783ee3d86b7ddb1e8605a638e25c5c7d31a562619936cc,1.98,,,,,,,,,,dead
2026-10-08T11:37:16Z,0x5217d68768602edd8aa5cf0726830111a4dfc777,0x681d22371cd84d6c3146444c28315aff144d91c67babf42830314719326b9779,0.18,1.087e-05,16469,4566,23,10854,1.087e-05,0.0,,,live
2026-10-08T11:37:16Z,0x5219fc07c1564322f75c3e285b9f5e181458ef08,0x8c57f1a85347ea2bce7fddc2e2be2ab126497a7c60060b4fa48e8797a99b1e64,0.88,5.909e-05,39012,1409662,7330,59099,0.000406,85.4,,,live
2026-10-08T11:37:16Z,0x526c4c978c108ee9adc279a46bb27e1f766c0117,0xbd19b9d38d458c3d7bbea439b9f36db5305ae39ed20bcf61713d993e5f321682,0.24,2.566e-05,25670,6,6,25670,2.566e-05,0.0,,,live
2026-10-08T11:37:16Z,0x526e8a86633e221dae77517dc54932f52ac8040d,0x76ff52194975c65ea51b6bd2b99c82d6593f82c4514442a53533cdfc8d6e3f58,0.59,0.0002044,37301,57918,180,46699,0.0002044,0.0,,,live
2026-10-08T11:37:16Z,0x527fb3d545420c5253683e733f21e5084e150e6c,0xdd87cdd87c25c3a28f9145d90eeba8901008f38f4aa1bf02fdcd3c16749ec1ab,0.92,3.823e-05,16103,1279,8,8733,3.823e-05,0.0,,,live
2026-10-08T11:37:16Z,0x529f9944e0cde4ceea6b645e2da5f150f8b861b3,0xe95c0c33ca488407204d51ad909e4092535ce992d6effb8868fba93a4e237a85,0.83,8.89e-06,6841,17472,104,8890,1.101e-05,19.3,,,live
2026-10-08T11:37:16Z,0x52a6585ecb1cb8a0cf23632fe7a73d59c2681ed3,0xe4e82d588160fe807161eb8c0d7aaf3588caa9e32f1ae1a35db12a5753468a92,0.51,1.011e-05,10117,0,2,10117,1.011e-05,0.0,,,live
2026-10-08T11:37:16Z,0x52b34bf0d52735e72d0c2c34ce48d3796bbb2120,0x0a93006a982e24a449f8eea65415ed438ca9a0ee2147e2ed9ddc9b2e321a3bc8,0.69,7.9e-07,12724,1240,11,7901,7.9e-07,0.0,,,live
2026-10-08T11:37:16Z,0x53dec24c3528343f4fd98f06330adb2f36142777,0xab30e51fc17f8df03eac88f96bc84b501c8bab8c710973c90017c5062021894d,0.85,1.833e-05,21365,31448,112,18299,1.833e-05,0.0,,,live
2026-10-08T11:37:16Z,0x53e5cfc7642e6dad89bc0a30e23f80f270d527cf,0xf555c03656d4ddc7812abc3924aaacd5df6e671e40179b543d15ec27c11d6c5f,0.71,0.001383,7293,0,1,7676,0.001383,0.0,,,live
2026-10-08T11:37:16Z,0x53fe1a1f2d11503d7c9e994976446de8c3b4e777,0x4215f443f364f35d69074041e5f36b98c4f434a8f16326f3e1b24303378f5b66,0.64,7.673e-06,13851,664,6,7658,7.673e-06,0.0,,,live
2026-10-08T11:37:16Z,0x5417eaece3885552e777fcf133254e641449ae73,0xa5646674f1481a4175be56a413514a0bee8ff70ffeb4d05cc13af6dffc95933e,0.76,1.619e-05,11347,155711,1572,16193,3.176e-05,49.0,,,live
2026-10-08T11:37:16Z,0x5454677f5ccb5aea4cdcbcff56e2e736641a9d8a,0xc9e5e385b08e9056d4a31fbf16c5f2f22cc8b181,2.12,1.423e-05,7070,3,3,7070,1.511e-05,5.8,2,False,live
2026-10-08T11:37:16Z,0x5456436d8a3fa51cc7adf6eae7af41436440c777,0x86e6eb4e7b6981e3b0273d810122cf44c8b893dcc7762c7638ef103fe31396d0,0.19,2.393e-05,24433,54662,186,23889,2.393e-05,0.0,,,live
2026-10-08T11:37:16Z,0x5467992ff0f370c57bce01486fe185af174af165,0xc0629f3ef21c5ae1c9fba03a764f7fb0def3dc8014a5ec8b0eaffa1895e93ce1,0.7,2.203e-05,31531,19267,205,22038,2.203e-05,0.0,,,live
2026-10-08T11:37:16Z,0x551ba4f7f09dca8b355f45328703560435fb2082,0x7e54be5a17d7ef4d3941acf20cc21ed34051b38d2315043ad98998d58640d89e,1.44,,,,,,,,,,dead
2026-10-08T11:37:16Z,0x55281c4d0c1e1e9c404e199702d24b89e3d7493d,0x711b77366ea2d266a85585ca5d60b4ac36674d67339fb7917ce4ca1f4c5bb753,0.45,6.445e-06,6445,5549,33,6445,6.475e-06,0.5,,,live
2026-10-08T11:37:16Z,0x5660c4200431f61d4f4088e9a4312c8ee830fee1,0x8e905a9a62b1bdb998a518d487b9f234afc713e779249ff3c7d71db75cc3912b,0.77,1.013e-05,10134,714,6,10134,1.06e-05,4.4,,,live
2026-10-08T11:37:16Z,0x568cf945606d80d600b4b9f1e0afbcdfda41773f,0x3eddea0eda359e737f93f611db28b94e11baaef25c5f1509786ae45699b94c3f,0.2,2.654e-05,26533,1375190,2921,26541,0.0003557,92.5,,,live
2026-10-08T11:37:16Z,0x5724b3125498f9e247734114c56a411740544049,0x5d7de117bdfdb03aec48c8a28e4da23b990885cfd84ec98a03c12941db9d4150,0.55,0.0002806,43665,72638,187,64103,0.0002806,0.0,,,live
2026-10-08T11:37:16Z,0x5726246d94adcf6f360033ac656060c7fae6d15c,0x9a7c498663e2086037e34e28dc7bbcc8b7a6819f67b8808615afb2ba075c5d88,0.71,0.0002357,39929,75145,237,53848,0.0002357,0.0,,,live
2026-10-08T11:37:16Z,0x5754533b640cfed4f6b013113ca7556de39ce777,0xd75d00a8dd6df50c6ddbcd171c223a9d1ac196570d670b6bdcc71a5ce8053da5,0.41,2.183e-05,23388,52258,183,21791,2.183e-05,0.0,,,live
2026-10-08T11:37:16Z,0x5820d4a11def24ed46c4a0c29648167af2368881,0xbd757dc128cf0fad9fdaf5817efecd26edd952c899946fdc7700aa2ff3b85303,0.39,0.0002642,42432,71976,192,60364,0.0002642,0.0,,,live
2026-10-08T11:37:16Z,0x58c1b824fb712d457692d501fd22b8530ee61e18,0xc0d53dc7dae7f411adb773d2bbcfbd2a9f3bfb519db5a2635a9295341c8b6040,0.32,1.999e-05,19991,23,12,19991,1.999e-05,0.0,,,live
2026-10-08T11:37:16Z,0x5942bf75fd8a216504432ea911a1f919d1fb1e18,0x3166ce06bcf631bdf88dc0c82345089ce333bf522c676c2856578ceaee724b3a,0.88,1.998e-05,19985,2,6,19985,1.998e-05,0.0,,,live
2026-10-08T11:37:16Z,0x595d1d82b97c3a12a23e59b843bee761258678f5,0x1c842269d31eecff8d04fb99224698f897055c2fb030dad8745db96949b307bb,0.43,6.466e-06,6466,5561,36,6466,6.466e-06,0.0,,,live
2026-10-08T11:37:16Z,0x5969bd1cf8498a4cbf1f34951d564298c4d4d777,0x17d6701f1ec0c387bd548966cd7772f3eaee97ece4ce8921202cf2affc62a8c0,0.88,1.217e-05,17415,16922,59,12153,1.217e-05,0.0,,,live
2026-10-08T11:37:16Z,0x59cc3d6a44035dc537edea4cf81c67e44eabff4d,0xa415508a55ea6944ea025feefb9e3fc2bcb9daf12c91f72f07421f6a8212a35c,0.94,1.006e-05,10068,4690,38,10068,1.022e-05,1.6,,,live
2026-10-08T11:37:16Z,0x59db6fd0e9b2c1a52899246e0324f5e80a37bd3a,0x28bb52af60562be319a98fb78c5ec1b91f7a87ac1fb0fe8997e2b2ab17f480a5,0.99,1.786e-06,23507,4025,50,17868,1.786e-06,0.0,,,live
2026-10-08T11:37:16Z,0x5a08fb49d277780e3cda077729e22cc05df988c8,0x60ea62e34e1db483ab9b26757c4c792f43d6f41bc627486bbb3524b1c8131781,0.52,0.0002041,119237,507565,1282,204161,0.0002041,0.0,,,live
2026-10-08T11:37:16Z,0x5a0be9e475bd2b854bf5b27584e988288a3d1777,0x46718ee7167d686735fee60a6fb1e993a6272ff0c255925cadcadf2299643d04,0.69,1.92e-05,21862,20876,74,19170,1.92e-05,0.0,,,live
2026-10-08T11:37:16Z,0x5a698bf581402c023056648713bc0bb4951c1e18,0xc330fac9d83509fbcbfcdc6256e18b51b1c08baa3d4c670b8ea1ed58b9ca092b,1.6,,,,,,,,,,dead
2026-10-08T11:37:16Z,0x5a9b152bc6834d3262af6b674bfd6f840646e38f,0x7eeca668d9d4d565e3b6c07fc888c67184c6aa07ee7f80f5df92f5138e912161,0.28,4.482e-05,42153,16467,59,44823,4.482e-05,0.0,,,live
2026-10-08T11:37:16Z,0x5ade37a5cb6ceb365e660ed7e662687f95717777,0x49ddbd93831d72d7023037b4d472dd6d5bb888d02555f97223380f054c9b6eac,0.68,0.0002091,48655,53103,214,47796,0.0002091,0.0,,,live
2026-10-08T11:37:16Z,0x5b5db01e4d2440d326561606ea3c3a6719b26c6b,0xcd376c6a2e115ea9b381855e4a7062f4f568307ecf60e4d4307da2d683b2dbf5,0.24,3.607e-05,15657,129,3,8240,3.607e-05,0.0,,,live
2026-10-08T11:37:16Z,0x5b81efe5e0ba2b31c0ed843b908a2c45fe6e14c5,0x3416b8d8aa6ae642ffdc2f65165ff479d4bd3007,29.77,0.002215,306972,3856663,2782,1365299,0.0622874,96.4,,,live
2026-10-08T11:37:16Z,0x5be571dd3994e74cd6f8afe29e26056475f87777,0x67bff4fcc5105c184fa132d6bbd351de6975f73cda75179076ab362d43bce7b6,1.44,,,,,,,,,,dead
2026-10-08T11:37:16Z,0x5bf65141958203475d21d469d79759ee828f2d9a,0x836dd13d47ab1fd54d53985fab280e9e992d0990cf90f1a99893b1c064b9a2d8,1.37,,,,,,,,,,dead
2026-10-08T11:37:16Z,0x5bfaaf774f9c1214f4318e35b8103ef5537a7777,0xa1879124c65e8e479c4e630f4f999639e5adb54216ef9fb1534c55d80348f28d,1.37,,,,,,,,,,dead
2026-10-08T11:37:16Z,0x5c3b81a7cba92de227b8b97323fec0eebc9cc5f5,0x429e9773abab7c049105e3a0805312968e8d39e28493640054444d8aa48fc71d,1.38,,,,,,,,,,dead
2026-10-08T11:37:16Z,0x5c9580293fc1106d28f66c5721397896611710e5,0x859098061cc11cefcc02ac8e0f1a8a706192cddc5bb4adbbb8df9d24227a2d82,0.17,5.603e-06,35693,56381,240,56039,5.603e-06,0.0,,,live
2026-10-08T11:37:16Z,0x5ca930e3012095eacced615ee7b5f111aa063b45,0xfef6f1af268a8c97b86678ea6da8f3f6d9bc562902240e0cd67237d65cb8b113,0.35,6.454e-06,6455,5557,31,6455,6.454e-06,0.0,,,live
2026-10-08T11:37:16Z,0x5cbed27e7cd34ed6eaafa2b7a7d1405ab98704c4,0xaa18ed04f00da2021a5c9e2291e078287c7a608412957a47213f5fa06d795547,0.3,6.427e-06,6428,1780,24,6428,7.18e-06,10.5,,,live
2026-10-08T11:37:16Z,0x5cc26eeb997bee043317e348d16b3a7d393d6788,0x9bcc4a154f4a266f17fd77374ed2a986070e6032a04cc67e9bb311b7225a5c40,0.41,2.018e-07,18335,2416247,6034,20189,3.844e-06,94.8,,,live
2026-10-08T11:37:16Z,0x5cd356c52b30fe9912feb3c201af2575420fa777,0x437685f6ada0ff0f02018a6ff4da26f5e713c4d6af253c56ce598899328d7aa4,0.92,1.638e-05,20188,18696,65,16355,1.638e-05,0.0,,,live
2026-10-08T11:37:16Z,0x5cf0deddfe017968e6f506c339b39bb80e537777,0x7d903306d6dc8593592d8cd541fa7d61e6c4a4abc59e11b7b40a2c2430b785f0,0.29,0.0002047,48078,49870,200,46789,0.0002047,0.0,,,live
2026-10-08T11:37:16Z,0x5d0122a01cb1baff38b234b0e5a13f2e590d3777,0x6e2235dd4838f5d931ba8af018f5385ddced87752a6e5b348bda54aadeb96180,0.18,1.253e-05,17682,8545,35,12506,1.253e-05,0.0,,,live
2026-10-08T11:37:16Z,0x5d3aa0102eec69e8e4554e6defbd2a035e87e777,0x566dc08a92b70188367f8c55a22f363e9146850e9a5451737a9579c07a1ae8d0,0.34,1.81e-05,21258,61033,192,18067,1.81e-05,0.0,,,live
2026-10-08T11:37:16Z,0x5d6870827e2ddf64ffd71f88625cac8e63397777,0xd88aa7b75128557e8fe523ff117235bbe6df71dbea2438a888faa931922bfa1d,1.38,,,,,,,,,,dead
2026-10-08T11:37:16Z,0x5d98467c57b14f59b3540bca799c8101a2086b3f,0x02047db207e4212a5652fd9a0c32c4bb1cd89789,0.73,1.531e-05,7688,1,3,7688,1.531e-05,0.0,,,live
2026-10-08T11:37:16Z,0x5ded802cbc44273aef401be89b0fa4895b257777,0x47ed8a092566e26953759e6d40f9432753d8b3024cdfd683fa0c8d958a305622,0.37,0.0002375,52014,73984,234,54285,0.0002375,0.0,,,live
2026-10-08T11:37:16Z,0x5e438eb0fc792f9561b0c03ab53b130662bb7777,0xf183b6a02c0057e4fd2c6bd07c83711c5640d35e4e6418d3f5882fcac77bfb1d,0.19,0.0002335,51391,59526,232,53360,0.0002335,0.0,,,live
2026-10-08T11:37:16Z,0x5e4baff90fb3114436bd211a69f8d4928eda337d,0x7ad36e04d1181fd21d62d64d6fac284c855f2e029904f2f13d62732158356fa8,0.64,2.065e-05,31662,22966,256,20653,2.065e-05,0.0,,,live
2026-10-08T11:37:16Z,0x5e7397dedf42ad1c44cac5873678a13ff8fbc777,0xacc9bc91c050b5259b0f20e248f72515931146a579d9811ecc71d20ba1501577,0.72,2.435e-05,24571,45228,158,24302,2.435e-05,0.0,,,live
2026-10-08T11:37:16Z,0x5ed8e0d69849a0adb4307c9ad27942a070eec026,0x3abad5d635f854bf8ecb26ad77570d6ca3e4c7448d3ee4ce48143de6b66c24a5,0.9,6.44e-06,6441,5508,33,6441,6.44e-06,0.0,,,live
2026-10-08T11:37:16Z,0x5f0b1aca1fe9a2adc871e390a6e77eb45276d57b,0xb21edf51fd02733f9c620774ac066a153e77d52ac55be6a9bdcba183a914d6a8,1.44,,,,,,,,,,dead
2026-10-08T11:37:16Z,0x5f521b97284e0da55dcc3babbe0ecd9e36c44539,0x8162b0e937d68ae42673ad454144554d2b80f42b,2.12,1.44e-05,7156,11,10,7156,1.747e-05,17.6,2,False,live
2026-10-08T11:37:16Z,0x5f522e6b27ce29399b2c13a8b292312edd6575ff,0x7908833e7cf7130c41fedf5f1db2a05362961ffe,0.97,1.514e-05,7597,10,2,7597,1.514e-05,0.0,,,live
2026-10-08T11:37:16Z,0x5f547b7385273f4a1ee77395f805f03a6d6c7974,0xe432994f04f30c408d4108f28939a256c3136927c27534018db4dada0fb4adae,0.8,0.000224,39049,78368,235,51161,0.000224,0.0,,,live
2026-10-08T11:37:16Z,0x5fc54b6cbc5ccd9b112ddff3326caeeaba33d168,0xd5a973d05d0296a8ca4a1b9b99afbf8121646ab2afee79ac69c64e8ad9ccd754,0.47,1.006,10101014,208,8,1006077247,1.006,0.0,,,live
2026-10-08T11:37:16Z,0x5fc591225f1f20c08c3c59fe25826f6a36e1d168,0x47c396bf4a4dd8d811afd20ee0eb1451f6c9055447a260b4f681d8c1f79d812c,0.55,0.9697,96983982,1000001277,1014,969740435,1.0,3.0,,,live
2026-10-08T11:37:16Z,0x5fc7eddf3e4628856b31f5bd7acf153340511e18,0x77840ff6b8d10ffff8d0da422059fe5c14977e2413b6a2f3ad8325f58d36379e,0.77,2.01e-05,20109,2628,69,20105,2.01e-05,0.0,,,live
2026-10-08T11:37:16Z,0x5fcbdf8254f43ddca05e8b3f515a7d34d93f94cc,0x843322e35961c344bad16e04dde419fff82eb58ee04180a86b841b6bb43942cd,1.48,3.685e-06,5657,18167,365,3575,6.56186e-05,94.4,,,live
2026-10-08T11:37:16Z,0x5fff62effcd0d74d5ab1bb7ea3344db4db718777,0x37727a6f4c7fd5a7bc2ae7c2adcb08026f6e13c336a0356d7a22a93b37a2840c,0.37,2.296e-05,23987,55540,187,22915,2.296e-05,0.0,,,live
2026-10-08T11:37:16Z,0x60059c15d8c6e7d41768dd8395f53d09e8ca0777,0x6b34f1c71afdadf93249ccce55ab2996bd80f059155b7815ace2aa41a8159dc1,0.23,7.144e-06,13350,2189,8,7130,7.144e-06,0.0,,,live
2026-10-08T11:37:16Z,0x601609f7fa408b45584e8b97cf01899c8d5f6a26,0xe13a79383ba828bd6a7e41cc6900f854f349eb20cbad8c46d5bb086dba277977,0.42,8.119e-07,15845,192,10,8119,8.119e-07,0.0,,,live
2026-10-08T11:37:16Z,0x608e61fdf031b9e527c4ba7d037f91a83cf64c5e,0x846ea31278ff5ab66076545e75b29b22926436588712831e332216a572285b74,0.26,0.0002804,43674,102750,224,64061,0.0002804,0.0,,,live
2026-10-08T11:37:16Z,0x60c23c70205481e26b10b98c9cd56e233ed01e18,0xb378dc58784dbef50162fe21a5353fd97373e30d7a8f340e0afa0fb7f912b783,1.44,,,,,,,,,,dead
2026-10-08T11:37:16Z,0x60f94da7577cd0a193a96fcb726fcf286adf6777,0xe81f5c82a3b6582672663f04fdc108fc0c1a56017483af25e5dd518eff548bd1,0.51,1.228e-05,17518,10161,30,12260,1.228e-05,0.0,,,live
2026-10-08T11:37:16Z,0x610c4cb7265fc698d9eb6e7e258e8d512a914777,0x0eee2f7578e10231fd8a49d86b898d2ec04c131135ee3dbc311e03fb793a0f9b,0.4,2.093e-05,22886,54043,187,20894,2.093e-05,0.0,,,live
2026-10-08T11:37:16Z,0x611fcb014e463b58b073dc2a2ca57bcb5d0a7777,0x68b03fb8edfd29165e420d46a7c616ca01d7169f0e91a4ac78436146f6a179fd,0.09,0.0002476,52938,65108,235,56580,0.0002476,0.0,,,live
2026-10-08T11:37:16Z,0x61aa951c77083e6b269a09029da4396a135cd98f,0x9d48c59cbc2ee0ca6306f58164d4607bfa18dcbb5d34be0498e55e8422e30b40,0.3,0.0002509,41301,75422,231,57311,0.0002509,0.0,,,live
2026-10-08T11:37:16Z,0x62117ba482f63e99376f1ad4f92adabfd6017777,0xffd0cf68c692137e22470caadbbe77d3563f699bdae2b9b6d871f70fa1ff379c,0.2,0.0002502,53234,68732,217,57181,0.0002502,0.0,,,live
2026-10-08T11:37:16Z,0x6266df0f8aa8ed531e4f291e1344dfcf3c2ca1a4,0x85e38b78a2af9ffa368a107887598f024e4d288b6d8ff1cf791efc28c9e58676,0.1,0.0003615,49534,111971,235,82585,0.0003615,0.0,,,live
2026-10-08T11:37:16Z,0x6272d98c22f5d42848d9f173e5f36358d0e1b1b4,0xa397a73ff67850a42e1963146f416137c47452b9865e20113ca20d74645e85c0,1.33,,,,,,,,,,dead
2026-10-08T11:37:16Z,0x62cbac49be268d780d0f48ba97d16289d0acbfe8,0x0b51fc34e5a104a4ac4cb7689becc09d1e8217e9209849ff093e666a6e5f2b0d,0.61,0.0002367,40160,74146,236,54082,0.0002367,0.0,,,live
2026-10-08T11:37:16Z,0x62db9d2f9e35a4687e27ce5eb6b5d3fa125506da,0xcbbf361261d0bf4061949c5815665836ce737432828969dd9d7f33f664d7ed7c,0.72,5.037e-06,5038,11561,96,5038,5.761e-06,12.6,,,live
2026-10-08T11:37:16Z,0x62e6e533d3ad2634d12eed6f631e22b2cf7d4777,0x6cb2ac8fbd29852556e2df8289465d0bfa9054d4b1ab2214b23b2d88a3ea2c6d,0.2,1.996e-05,22309,26725,100,19924,1.996e-05,0.0,,,live
2026-10-08T11:37:16Z,0x62f2697ff34c51b720001f09aa956a17f108e902,0xb891a3c333f4f68e2c7c141b87e5da843a0497a78c6faf3a41b23bdee97b3db4,0.63,0.0003317,47554,96947,233,75766,0.0003317,0.0,,,live
2026-10-08T11:37:16Z,0x632785a59838e422d0808d7c7f6a696b8b38c224,0xdd51b1465fde077d3348c876b139fbec7c7c09b62821454d4f6535d69c05f92d,1.44,,,,,,,,,,dead
2026-10-08T11:37:16Z,0x63378fe3b04bf7625a1ba1e6f68b329d8f817777,0xcf498fafedddc76e7d2ce68ee8ede83c1d1f89f333f6f90989a9c87c8fef91cd,0.13,0.0002236,50283,63306,234,51105,0.0002236,0.0,,,live
2026-10-08T11:37:16Z,0x634526c6efea67059dcf0ea7dbfe424081c6de43,0x9e946fbf080562ce2b4557febccf07ff048e3275d34d7612526e108798a5ea52,0.37,0.0003819,51072,112590,235,87230,0.0003819,0.0,,,live
2026-10-08T11:37:16Z,0x63c12667638f2ae6fc6ae09b43d98ec84a8586ea,0x8315627976cab8bd937eb53d44d009e265d0e4dc,16.51,1042.73,116082,114905,433,6657648,2791.43,62.6,,,live
2026-10-08T11:37:16Z,0x63d15a000d350e0b9a3c3d6c2971db97be15f36d,0x95588781dc4c2a504bf6ff913443f8e5d370c755c1f2ad25b0e3e30d2f7bff47,0.85,6.426e-06,6426,0,1,6426,6.426e-06,0.0,,,live
2026-10-08T11:37:16Z,0x63e75634b83df9ef98bfbfcb8a39173369837540,0xcbd646121eb7934f98816735ebaf3f5625fbf3b0265d363029c273c4b1d48fe9,0.05,0.000227,39228,58670,159,51857,0.000227,0.0,,,live
2026-10-08T11:37:16Z,0x63fe11730a977a6e1638109a9f2821cefcef390c,0x66e66caf2fe368188f4d3c2a8770b6cf1adfdd66abd992698d2e2eed7bd125a7,0.48,3.352e-06,5399,73724,942,3352,2.3e-05,85.4,,,live
2026-10-08T11:37:16Z,0x64877c3da8f0ec25ee273a3b84d2e34975d0ca16,0x1a58e013da7c7a1788e098314d955901ebc77beaef9e1441f52173e856431a09,0.68,2.29,27539,614457,7960,76551,4.55,49.7,,,live
2026-10-08T11:37:16Z,0x648fd617a205a04a988b6e981803922707ba3c82,0x69bcf36c66ed24c678e727bded787549e7029dc9995c7c74feb0c5a9069b5861,0.49,0.0002866,44171,78941,236,65470,0.0002866,0.0,,,live
2026-10-08T11:37:16Z,0x6524d6a14f1c54e651bbab6b357cf569668d0806,0xae1f64a77e89dcc2a32be4c948bb11a611d76223f77f3a1b37859bdaa5a9efeb,0.32,6.709e-05,53718,257793,652,67091,6.709e-05,0.0,,,live
2026-10-08T11:37:16Z,0x652cda50cb18ada98afe9495c99150d1c39a95be,0x0df5d4302711311ccc9c13c9ff35f10f08f42549d5dbe41bb760ba316acf371b,0.84,2.567e-05,25676,2,4,25676,2.567e-05,0.0,,,live
2026-10-08T11:37:16Z,0x657bc2b091aef9c81e4d223ba7b65f9e7185e777,0x0168404bb70145dfbd7ed2ee23838d993eb7494e1704cf5ea10b2cb999684ffc,0.73,2.463e-05,24751,38031,136,24587,2.463e-05,0.0,,,live
2026-10-08T11:37:16Z,0x65abf4025c5bd0d0c1d64e4c0dc050e7908915fc,0x0ee1be8723cf069b94fa6f45cd197b0be4bf2d85072cbc1352493b2f9a5ece3d,0.86,0.0002826,43752,82653,235,64567,0.0002826,0.0,,,live
2026-10-08T11:37:16Z,0x6606c8101ff31b67f2007f41464d7b1736277777,0xbd5114aacefb34e72fabf0e8202c5cdae1ad58c57ca302ad3d81d56476d80075,0.25,0.0002651,54847,65215,235,60580,0.0002651,0.0,,,live
2026-10-08T11:37:16Z,0x660ccabe9198f64f30ba3d1672eeff79ee30c631,0x5e94e6e8630e3c990d1dffa727e5ed27b699ba385297ba4ccb9dd9a390edceec,0.67,2.3e-05,31388,20460,205,23003,2.3e-05,0.0,,,live
2026-10-08T11:37:16Z,0x66783620a377abea3eadc8cfc2242d089059be17,0xe60d248e5c9158ddce4b36adebcc9c141df1b783ace0baab4fa3f92ade86b94c,0.53,6.602e-05,21184,9277,30,15081,6.602e-05,0.0,,,live
2026-10-08T11:37:16Z,0x669c75c7c1fec235110e7273c81c2dc5fe81711f,0x69c035486d8d430dc5c8b2639eff5fa279506f7753506948936825712a9b0efb,0.59,0.000173,34312,47473,143,39534,0.000173,0.0,,,live
2026-10-08T11:37:16Z,0x66a844fcbf4705dbde3c97394d5a4c9822e8f35b,0xc24358e11113cb53b2de3971028e3bb0e47991c3af8e5e10aab517a15b9f4a18,0.28,8.295e-05,26837,155662,1600,77963,8.295e-05,0.0,,,live
2026-10-08T11:37:16Z,0x671cba7b3f32caf831820ea7f72d1b2752d07777,0x310819b9838b19143cb12ac5c459e64f8003ef5bf71a3e8b7469291bcc952a3f,0.9,0.0002438,52550,62191,230,55710,0.0002438,0.0,,,live
2026-10-08T11:37:16Z,0x672b70521b77265dac15b48267282fd629468777,0x1115ce26e4d91821d1a709f7b81903ca345975ce16282025d1db8374bcc2c829,0.28,2.04e-05,22533,53855,187,20367,2.04e-05,0.0,,,live
2026-10-08T11:37:16Z,0x676fabd78a46b9e3db81d9c623727e2a75877777,0xded649433d518fa0eaef2944c15a7e146d7b2f77277577c739ee2c170bbe3e02,0.3,7.063e-05,28243,4708,24,16138,7.063e-05,0.0,,,live
2026-10-08T11:37:16Z,0x67c51c928d5d8383f3a58fc591a4e6f6463949ed,0x77d31f9362c1c9cbe18d091dabe7568ed8316fd27d2469ea11e41cbc9d3912c0,26.08,0.0002426,24268204,3143044,345,102069842,0.00026885,9.8,,,live
2026-10-08T11:37:16Z,0x67c9b7f4269e29daa0c7ab3d9f0307e681c955f5,0xc258757640498d2106fa6a13ff46a505b50774f2cb1a8685173b48abf7725081,0.67,0.0002581,41882,83312,239,58961,0.0002581,0.0,,,live
2026-10-08T11:37:16Z,0x67e083909d6c38130c0e0fc0c90fd0115a2af39f,0x9db24cdfc68ff89290abad27e9a4931d01b92df42e9d79b576674a017293b724,0.97,6.48e-06,6480,5410,31,6480,6.48e-06,0.0,,,live
2026-10-08T11:37:16Z,0x68ba83b09d503ca977f62496dd2aa65e49713419,0x294484b73eda3c34d7aafa2955f9e003b63a6149888174dc849f948336a87d28,0.86,6.226e-06,41607,73794,262,62269,6.226e-06,0.0,,,live
2026-10-08T11:37:16Z,0x68becc6f4938262b39d137357dd1a3c598281e18,0x8c813c836aefc224bf4d7387cb25e0acff07e5ecfea8e9e82402602524c165f1,0.28,1.987e-05,19874,20,6,19874,1.989e-05,0.1,,,live
2026-10-08T11:37:16Z,0x68ca7a6aa54d263a0de91420edb2f18bee76b70c,0x0a89054ce13bbc88574b62f1818c293a8804df8becd4f7e3333c79adc77bdf0a,0.37,4.049e-06,31957,47045,369,40496,4.049e-06,0.0,,,live
2026-10-08T11:37:16Z,0x68f59f8b411a22c2c1aad520f1798dd9444c8374,0xf6a89196c9c451c336c6fcc583b81f1ee825fcdb02314a11a7b1dabdde452d47,0.99,6.567e-05,56483,20363,50,65671,6.567e-05,0.0,,,live
2026-10-08T11:37:16Z,0x690620801b7d4993638924e1ee2bd53e69e41e18,0x8574880d2798846a75624b0f8f48440dffe7e435caf43013c920ff077e0b6e59,0.09,2.006e-05,20066,5,3,20066,2.006e-05,0.0,,,live
2026-10-08T11:37:16Z,0x69066104c208e6fa66f3a432551a20be7443f507,0xde4df4ca497182bdce0a2385ef01f4a45bc5d6e12daaa6c46890ecc048a5a3ec,0.86,2.668e-06,4817,37627,680,2668,7.771e-06,65.7,,,live
2026-10-08T11:37:16Z,0x691cf4d66bc40ad06ae9cde874a54d2cddce5777,0xbda12e448b1a46bf38c0d7ffd3bd3a34ae00811aa2fecead2f61756b42e1b9cc,0.14,2.327e-05,24084,51889,187,23231,2.327e-05,0.0,,,live
2026-10-08T11:37:16Z,0x6933a6240fe5a54d53ce065fd440561d23957777,0xe92741c49bfc32cc16e653e0d8855699c2729b45c94a2fcc1f5ea76dab0d3fbf,0.3,0.0002263,50655,56858,228,51727,0.0002263,0.0,,,live
2026-10-08T11:37:16Z,0x69432c4963eea41676fd76356c7024c512be7c0f,0xf113f6fe561fc951b60e976b0d9e71b4e63fda626cd35d292797e883e42df632,1.3,7.357e-10,1,1,5,74,1.417e-05,100.0,,,dead
2026-10-08T11:37:16Z,0x6946659d5510c9ef1ed54af8c2540c2044f354b1,0x484ff275a7685ffabd5c689dc4015ddeed38a366745c2be7bca917749eaf5673,0.77,2.567e-05,25679,5,5,25679,2.567e-05,0.0,,,live
2026-10-08T11:37:16Z,0x6946cc56aa804db4a1f891583efb8a4d8002faac,0x601d5227be714cabfae1c8fb00707ca54ed0ece25c31ae3d8f5d8257ef188fa9,0.93,1.466e-05,14037,10902,177,14661,1.959e-05,25.2,,,live
2026-10-08T11:37:16Z,0x697322b21d5fff368613fcd8a087f4c57acc5f27,0x396d534889bed7d25901b6eb893495664700493fc9c813b01842575064cc8504,0.9,0.0002922,44552,100342,235,66739,0.0002922,0.0,,,live
2026-10-08T11:37:16Z,0x69742d7f44f55db4e395c9f5cc5e00a37a6a29e7,0xbfddb253abdd9d1077ccb531b23f5f7706e8c5eac7d621728ccb46c1aecb4327,1.41,,,,,,,,,,dead
2026-10-08T11:37:16Z,0x69afbd999595f6beff924bbcd8d65ed139355777,0x27a31203a24202dcfb41a140b0804c92ea6ce32400a3e5e422d5c961c6c0a13e,0.93,6.865e-06,13074,1866,8,6852,6.865e-06,0.0,,,live
2026-10-08T11:37:16Z,0x69f045c79e398b78a8310e21ef5bc287ed3d47d0,0x899e5f516c9442df1325564ce3cd99a73551295779316b6165fe285496822519,1.48,2.811e-06,4973,578,34,2811,2.532e-05,88.9,,,live
2026-10-08T11:37:16Z,0x6a289508b27eb310188f9e5ea21a0233dd671e18,0xb5a00dda09d7c60f0c0038c433a474de9fe9b094381ce6fdd1c2c011741ecfc5,0.75,2.012e-05,20132,1815,66,20129,2.015e-05,0.1,,,live
2026-10-08T11:37:16Z,0x6a3655f961764ce4551724f03ef5d5b842a4846f,0x10c58dd88c5586418c3c696c2180df09a53cb63940d11ebee5412cd6f5ccdd78,0.93,5.952e-06,40485,54477,237,59528,5.952e-06,0.0,,,live
2026-10-08T11:37:16Z,0x6a3701ef958c45f4a977e39b8f9662ca2cd27777,0x9f1288fce9edaa20ef985ea30631d1a97dc44653750604450edd89aae6c3ea82,0.35,0.0002207,50001,58578,226,50445,0.0002207,0.0,,,live
2026-10-08T11:37:16Z,0x6a6a57d1e94eb586c5b505a1c81434bda3d6ed97,0x104b7921a26f5b6f63068475ff20634c46f8df8a0eda01b04ac5696e4ba849f3,7.91,0.01446,1449597,664397,82,14460240,0.0223196,35.2,4,False,live
2026-10-08T11:37:16Z,0x6a9a8eac1e9f7aeb3e0217d0039ca60387557777,0x44bb4fe1ce3bbc1240204a599f374840efb2644da981c44290daa6c8345a7ea1,0.98,0.0002278,50933,55521,203,52064,0.0002278,0.0,,,live
2026-10-08T11:37:16Z,0x6b10d79800d9e0326ac14030e91df1c8304cfa88,0x8a845c1d53db187579c7d2a910be6ad2356033f8bbbe25f1c7d07e7207dd7e26,1.41,,,,,,,,,,dead
2026-10-08T11:37:16Z,0x6b1ca238f17dc760d4be485fd13721aca83c5191,0xbd24f3ce90d427bbb76cfced38eb8026d8efa004,0.85,1.511e-05,7586,17,8,7586,1.515e-05,0.3,,,live
2026-10-08T11:37:16Z,0x6b3331bf6134febd5444831c49d83782eb201adb,0x408c6774843d12baec0863c132a7a21142d8cae48a012b3f2ed131d3a3711fb1,0.16,0.0003052,45578,81917,241,69718,0.0003052,0.0,,,live
2026-10-08T11:37:16Z,0x6b68837acb1b6b2415059f9f7290ca4c3e598593,0xa28e7c34dc2b02559d2ae36db1de48eaa02e30776fba4768131d6898ab188378,0.94,8.464e-05,23980,13116,52,19333,8.464e-05,0.0,,,live
2026-10-08T11:37:16Z,0x6bd363b1ba4e898262f248b4aea570d6ecf0a777,0xbe923afa5d673553b056a82ea8683053bb513e598507ebef99cefda70e76f495,0.4,2.595e-05,25501,52123,174,25908,2.595e-05,0.0,,,live
2026-10-08T11:37:16Z,0x6bedacab9a1a620e6fb6d9b42536fed1181b198b,0x9304584b3b1bd43ca41112599cb58ace025e7bf4,0.73,1.507e-05,7565,1,2,7565,1.507e-05,0.0,,,live
2026-10-08T11:37:16Z,0x6c4982bf2e7484f8f8c45b90f654f2c21b4f71b2,0xbee880d9aa13e5fa06466c076cfd9bee40c056eb7cbfec842837e231ba73ec78,0.76,0.0003649,49725,113190,230,83354,0.0003649,0.0,,,live
2026-10-08T11:37:16Z,0x6c4f7472deaba2d2fd37a090a757f456eca8c154,0xf903f70ede0b6775ebeb6815ea5edef220903ee0c5795d04508a27bb7e49d1f5,0.73,2.56e-05,25606,3,2,25606,2.56e-05,0.0,,,live
2026-10-08T11:37:16Z,0x6c616dafc8d9481d53174c97134d8a980a3e680c,0x9304f0ba5495e00c56a51d93eeb0f96db20607f0,0.13,0.002704,0,12467,158,2705,0.002704,0.0,,,dead
2026-10-08T11:37:16Z,0x6c77f9f5449d3ed17c14782958f18abc56347777,0x42cbc7ae5dc1f3a310656d7933452060a250f8c18e552f4c59e702401f6bf75c,0.53,0.000226,50622,61711,232,51639,0.000226,0.0,,,live
2026-10-08T11:37:16Z,0x6c90d47312de3fd0be4e49e163dae1c0aa0801bb,0x1affe4f01a0b655a97a20530bb33e1a8816027829842dff2b0d9a40082bc3d7e,0.64,2.751e-05,30681,30411,255,27510,2.751e-05,0.0,,,live
2026-10-08T11:37:16Z,0x6cb4ef2424e5c7bbd361a4cfdc9e6644a83aa8f6,0x27351e3edeff5cfa74a92c4c828a44e2ab6ddc378cee1f09101ce3ed76719cce,0.05,0.0002588,41871,88178,241,59112,0.0002588,0.0,,,live
2026-10-08T11:37:16Z,0x6cdd0d895022afb8e42d707c92f534d0ddd7f777,0x853d0964e50c0928f4fe5a63bc10e0236f4f63a08ac27a8a281d2b4af19fb80a,0.31,1.241e-05,17569,19389,74,12394,1.241e-05,0.0,,,live
2026-10-08T11:37:16Z,0x6d5aeb8d0b3bd4d17f66b6be9cab89c86cf67196,0x8711495618bc4fb47e1790607a9090fb63e53ca86ba7d81ef7025689f3840b94,0.33,6.444e-06,6445,5359,33,6445,6.444e-06,0.0,,,live
2026-10-08T11:37:16Z,0x6d5e48bdfc293def3834b34729163681f521305d,0x2a374c1a112b16f2f943ba8a763c5091298598ba03f5153fccc44613282c3a54,0.15,0.0003699,50129,99735,230,84493,0.0003699,0.0,,,live
2026-10-08T11:37:16Z,0x6d900825b3be5da55f8169443c0fa252dcc72617,0xf577d081a825b31fbfa98e34f9558b32a6710a2d467a487de86cbe25584729b9,0.84,5.946e-06,36884,55314,237,59467,5.946e-06,0.0,,,live
2026-10-08T11:37:16Z,0x6d9a3e67049fd78eeea6cf25e228cb163208e777,0x992e9c2cee204d01a618d58bf5a7105f5acfb06c1e5c274c58026d0c57f7e39e,0.32,1.652e-05,20288,29179,112,16488,1.652e-05,0.0,,,live
2026-10-08T11:37:16Z,0x6dae6f1a9f5b9918dd845db8feb7cb90ed62b865,0xdb93845b33b0c98cb47f88119fa42ee8c2eb1f3f2fc73714a35748212e1f7538,1.48,,,,,,,,,,dead
2026-10-08T11:37:16Z,0x6dbc05981aef54a467ce05686ef7649b1bda7777,0x3632a4b4e3bc580c9a6573f10f5fd0ad138a2c5397db117677d9e99fe5140617,0.37,0.0001226,37372,24004,98,28026,0.0001226,0.0,,,live
2026-10-08T11:37:16Z,0x6dff1013f8fca33bbc21f4e066206b47a6a1fba3,0xef9a1f04654a76863c54569dccc84177133f153fda491da3ec78ceb91ea30b18,1.37,,,,,,,,,,dead
2026-10-08T11:37:16Z,0x6e078d408a44015d09c72409bf70b9f329797777,0x09d6f7df783379b21fd33c6208ca85f079af25961d77c198f4eea35279561373,0.17,0.0002402,52231,64725,230,54903,0.0002402,0.0,,,live
2026-10-08T11:37:16Z,0x6e1315376ab2d7e1414664d6d8d6d4d1a4a75847,0x98bc7ec5fcdc6f061eb7e6b48fcca2a3438c83747fc9f84db346f8011ecfa00f,0.34,0.0003422,48253,112112,230,78166,0.0003422,0.0,,,live
2026-10-08T11:37:16Z,0x6e48a501186a91896f9b797e83119420a7d27777,0x10c563f7bcd3da93de4f48eee5aad382cbeb25b7e41142d5c5ddbe2c55dfb76b,0.22,2.361e-05,24251,43552,162,23573,2.361e-05,0.0,,,live
2026-10-08T11:37:16Z,0x6ea9cd660470358c1712b0553bfa76774db5ac4a,0xbdf06568fbb4c200c5992e65c67183d616f89ee69cf15364d33e6cef81916a40,0.09,3.998e-05,16466,2113,12,9132,3.998e-05,0.0,,,live
2026-10-08T11:37:16Z,0x6ecd7a45582145c52faaf31e93d7082fdc95d777,0xaaa68aa074120eb4ce192b3797734f8b3aa58cd82d54460e72193474408fa621,0.21,2.419e-05,24498,51235,179,24143,2.419e-05,0.0,,,live
2026-10-08T11:37:16Z,0x6f02b7aa4bac35f66ba9ade67d24833f5a77c777,0x0c049d862f11e40bcf5002756d65754b16a677820f9f921e73ac0250a901c57b,0.36,2.438e-05,24706,56169,181,24336,2.438e-05,0.0,,,live
2026-10-08T11:37:16Z,0x6f13764e0d21266947b01beabcda48c966b17777,0x3399764c1027e16176669ed6b75a60d9ecd9d64ef6e56da9d59043994e50279c,0.89,0.0002083,48571,60352,235,47616,0.0002083,0.0,,,live
2026-10-08T11:37:16Z,0x6f4fd4dd91896a71d2c79fae6ff7e8b19d253d34,0x61a0d40ab85e2bc0ab1289d87033c6f97b6e1573,0.76,1.512e-05,7589,0,1,7589,1.512e-05,0.0,,,live
2026-10-08T11:37:16Z,0x6f653576baac2d63d66609d9017654e0d0742de4,0x48bfc2d4f2af50e2a43831603c7ce8928fc028e79ba5c373669471f6825bb9df,0.36,6.436e-06,6436,225,11,6436,6.473e-06,0.6,,,live
2026-10-08T11:37:16Z,0x6f7843c06720522982bfe0fe4c9c618a1248e276,0xde6338044ef1a72a8d5ec0e9f21d2179d766ffd1f52e78603b40f3979061ed9f,0.18,6.403e-06,47994,43441,226,64034,6.403e-06,0.0,,,live
2026-10-08T11:37:16Z,0x6ff51d16f84221ecdfb0c3aa74b729370fced777,0x6775587703db43d1f3bdc867f7a32e87e2f8ac282cea6603947094fe0e89a76c,0.27,1.621e-05,20082,15248,59,16181,1.621e-05,0.0,,,live
2026-10-08T11:37:16Z,0x70087c3b47c67ca7b9aa6af2a03fb364ca5a6cb8,0x97f630c1f950811dccb48ad81ee57231da4d4ac4faa1719356b83e74ce2963eb,0.71,5.066e-06,5067,50,2,5067,5.066e-06,0.0,,,live
2026-10-08T11:37:16Z,0x703f58382161e8b7fbfc41d0fd21d30feea80e32,0xa276ee167fe3413480acdff6f683391370853f670d153020b5d46a08b2af1e6c,0.99,2.181e-05,30050,17700,205,21818,2.181e-05,0.0,,,live
2026-10-08T11:37:16Z,0x7042254a821c390bc733c186181255b35f207777,0xae65c4997d99fb899bebaed3bc9e26cdef8f6c6daf233644561f69c9d7a5456b,0.24,6.166e-05,26433,386,2,14091,6.166e-05,0.0,,,live
2026-10-08T11:37:16Z,0x70779bc02d0e61b6a01f647f246cbc92093515e3,0xd2c8fc57f19ab14abaa402f5c6d9eef3c23a8746ae8e3f276a604c5fb5fcb9ef,0.4,0.0002418,40632,74455,241,55232,0.0002418,0.0,,,live
2026-10-08T11:37:16Z,0x7143a00b24faf845dc7decf5ccfd2cc5ea9c7f7c,0x6dca94afe306d3615e92f3507d5cd37d6de3dd356441fa7fd8ad1f433e640598,0.73,0.0001578,32706,48678,166,36050,0.0001578,0.0,,,live
2026-10-08T11:37:16Z,0x717d38587504b79e2e888c860bd1569c0d5984af,0x8da021f34c2f2a95696c4fd842b0cd0cc4e18468,1.79,3.044e-06,3024,11638427,22998,3044,0.01924,100.0,,,live
2026-10-08T11:37:16Z,0x71d2ff6261d5368cfbdd01b82a0746807999acc9,0xb80e1412b7a07bebf2a635169cb41886f823e950b7fc4b286c2b0118a28234f3,0.72,2.557e-05,25579,3,3,25579,2.557e-05,0.0,,,live
2026-10-08T11:37:16Z,0x7240b7baa4f985784c1152086829da541f18f777,0x5abeb3358ca7aa8067dac3edf1727496706a16d5a6fe453243cfb93f08e0814d,0.76,1.563e-05,19746,21181,84,15603,1.563e-05,0.0,,,live
2026-10-08T11:37:16Z,0x725b0a304b4b0b5e2d30a843e0935e82849e8375,0xd96d65ee72ab4c6cf3cf7f671621c058404cada4cd006d43714ddb75b95e208a,0.51,7.381e-05,22391,11103,39,16860,7.381e-05,0.0,,,live
2026-10-08T11:37:16Z,0x72d8414cb32e2ff2ca986734f8a6721e7339a777,0xdab45d89d257db92b29488166d9d4dde4681e06436a17def020128d581be7d7e,0.92,2.843e-05,26622,50045,174,28376,2.843e-05,0.0,,,live
2026-10-08T11:37:16Z,0x73799c6280328cb219c09bb96ed68b13dd5240f8,0x2795ca42132706df44b87c403107de2727b99fd67890eea3b04693810a824bce,0.16,5.694e-05,38120,13934,54,56946,5.694e-05,0.0,,,live
2026-10-08T11:37:16Z,0x737ea86e89cc249aeda569a42d2f0da2f6fef777,0x6c915168e67321374981a267558b8e87008fd4d438b14ecd63730c3561fdab5e,0.8,1.285e-05,17909,5623,19,12830,1.285e-05,0.0,,,live
2026-10-08T11:37:16Z,0x7398eb65e6ab210f351c23fd3ac783e7f7f3f777,0x531dc014f6b9ac8eddc9d770211053e6a4cff737295e80b75aa5ddcfeb266bf3,0.5,1.992e-05,22326,45465,172,19882,1.992e-05,0.0,,,live
2026-10-08T11:37:16Z,0x73a6bb9e6153824783f20679e2ead5d9fc6610e3,0xfd8dd38223f9aa824d77f1b4dfc6f34e495f1b765a91d92743b133300e615a90,0.44,0.0002927,44726,79211,243,66859,0.0002927,0.0,,,live
2026-10-08T11:37:16Z,0x73a9804048c1245781e65b9fc89b9e77738144ba,0x4fd7653bd32dd254939f147b46dcd66f3ee65d973371cfe1eea2b93cc49216cc,0.19,6.449e-06,6449,1289,10,6449,6.449e-06,0.0,,,live
2026-10-08T11:37:16Z,0x73e4e4065cec9a4bf2c14fdbbe540ac1ae032b2b,0xaa422007f754084f97021e06bb555f031c46a328c86e90a267b7613e02dc3052,0.98,2.181e-05,27332,14160,165,21818,2.181e-05,0.0,,,live
2026-10-08T11:37:16Z,0x7422f86d11c2f3c8b99fdcfa1d49058323640f70,0x9c1654306f29dedc644e1e90ef35c6c1d272ead179a8063de99e54355ce691d3,0.09,1.421e-05,355986,2383798,3218,1421763,1.421e-05,0.0,,,live
2026-10-08T11:37:16Z,0x74577e8ff3265eca2036045f8321c2510ca23777,0x4e7720315673bf06772b1895c14a58d94649fe9d621108be1d4c79a7dc0f37bc,0.86,1.787e-05,21091,37518,137,17838,1.787e-05,0.0,,,live
2026-10-08T11:37:16Z,0x7463f5a7f3ec0610c04aaa1111d76198737c7777,0x51aa1ceb214ddb4693be9e2b95cc64464822b39929e8c5877e86eab64a854fd9,0.99,0.0002544,53751,57327,207,58134,0.0002544,0.0,,,live
2026-10-08T11:37:16Z,0x74685e9f08adb9d746bc38aec229ce303ca02fe4,0x6f8160be28a1dcaad942bf4dcb01c86e2ea78e20ee90278eee953e45a93ecb0b,0.94,2.561e-05,25611,1050308,2644,25611,0.0002017,87.3,,,live
2026-10-08T11:37:16Z,0x74a7265605e205683e21a4e4b255dd534e5b7777,0xba7008227f2360492c1f6657b19e5e67de3fb04b8a3571f1a0e0de09d697e4c0,0.99,1.801e-05,21235,27374,116,17977,1.801e-05,0.0,,,live
2026-10-08T11:37:16Z,0x74cc9593a7abce60b3109a361057628ac15b4db6,0x07b9a2dab7d0f99516675d6658467fb9b22030187968a1cc3e49827ca96998b3,0.35,6.456e-06,6457,5431,30,6457,6.456e-06,0.0,,,live
2026-10-08T11:37:16Z,0x753569c0a5fd72a9e0a433b7e91309f096200a40,0x13fe32afd7391f1bbaef157c80d1578624d158b262c5f13b2390abb131a857f4,0.73,2.55e-05,25502,4,4,25502,2.55e-05,0.0,,,live
2026-10-08T11:37:16Z,0x75500075a6cf144efeea543abd740ca3cfadba85,0xebfd0cadee45c0949277d3d20ecb198c1f76dbfbf9c096887b356174f83cb3cf,0.42,0.0002636,42447,76448,234,60227,0.0002636,0.0,,,live
2026-10-08T11:37:16Z,0x759c8f52e76386ebc4eb376dee516a2babb025d1,0x39a0185dadb20e3d93df38a13abb2a7f271d8a603341584f1bac1f2117cbe153,0.68,0.0003658,49831,117816,235,83559,0.0003658,0.0,,,live
2026-10-08T11:37:16Z,0x75cdeaaf2b6e1e3793af744f2b7518b841637777,0xa7c1332755f1588b566928156be20d0c785822f05ff091d02a739e28c12fe37d,0.26,0.000257,53989,59166,227,58735,0.000257,0.0,,,live
2026-10-08T11:37:16Z,0x75f2a37539220a83ca2ea5b470815e284fd17777,0xac1d9faf3d733f1e770fa91241c27655142298282a2453fb6a8b60417e75d0fc,0.23,0.0002164,49551,62608,233,49450,0.0002164,0.0,,,live
2026-10-08T11:37:16Z,0x7610d8a001b4de4bf089a53d9644da51a0cb18e0,0x162c8deefbd3f8f018a5ed801475cfbc5e2d38775d37ba1e417fec313b7f3fa4,0.85,0.0002438,40674,81200,239,55691,0.0002438,0.0,,,live
2026-10-08T11:37:16Z,0x762e37ec55290582ffd14e955e4404362fa85b9f,0x1ee25af6263c16d20dbbd1ee47d1600b4918ab05,0.93,1.513e-05,7598,278,73,7596,1.527e-05,0.9,,,live
2026-10-08T11:37:16Z,0x765a6c0f077c60705d2cf7637e06e1d2243c7782,0xb603af66095810932fa2ab81a77512b5b4d9d676920f1d4b9fb05861301a4b88,1.4,2.772e-06,4286,2054,27,2773,2.206e-05,87.4,,,live
2026-10-08T11:37:16Z,0x76643d7d0c4c63f15260aa81bf0510210c27c4cc,0x71d85e0d1b1c31ad806317315c23b3ad97fd8d6d9f20794d803397135b0333d3,1.12,3.499e-06,3500,2682,34,3500,9.983e-06,65.0,,,live
2026-10-08T11:37:16Z,0x76a6dede7aace5c16dbf8e44a084c2c03eeee069,0x38a25c637aca049d3ceb4ed06fbc2ba8d83adaefa9d3362ca4608d416ff82acf,0.39,3.184e-06,25270,14233,87,31842,3.184e-06,0.0,,,live
2026-10-08T11:37:16Z,0x7758221543127cf0c166494e2d9f6d0c75393777,0x29e5011a7ab38287130772ca13a8d48f779d60a59b05183578ef3945531ca87f,0.52,2.326e-05,24082,54046,174,23224,2.326e-05,0.0,,,live
2026-10-08T11:37:16Z,0x77913810f4a423342b075cfc2f6dc9162f9d2735,0x5dda48a146e2bb58ae03b66736c86f7381f1e69ccc1b230eb3904cc37de12d6c,0.19,0.0002508,41248,73393,228,57293,0.0002508,0.0,,,live
2026-10-08T11:37:16Z,0x7799d3e74d7f2b0b5a418c9f4a9c1ad35e54036e,0xfafd823d5c0abf535c164fcbb9dfb5e9fe692935231211fc29bfbe6ecde57a8f,0.55,0.0001455,31443,50792,135,33239,0.0001455,0.0,,,live
2026-10-08T11:37:16Z,0x77c6d5a89a0440992bec05c0866e0ec630bfb09e,0x8230c86ff53a22953d47bb5c99e361cccb49677d84d72ca8ba00f5ae71390897,0.69,0.0003662,49851,114590,231,83647,0.0003662,0.0,,,live
2026-10-08T11:37:16Z,0x78426118b19fc6031e595719d43b5f9bf7137777,0xb147839c3b1192325c09a2bc3bc6610c18dc4ccf2f00321d9149d70bd15d9230,0.19,0.0001694,43818,55780,208,38710,0.0001694,0.0,,,live
2026-10-08T11:37:16Z,0x785650a35682e2851177dbe6ef545876383208aa,0xdf0805f28af5a9b842fb9bc74218298e74c83e8514b867d33d1384bbea1ac07d,0.9,0.0006263,126900,233518,1709,12665,0.0006263,0.0,,,live
2026-10-08T11:37:16Z,0x786c48f5030fd15e5980f3bf6c2ab627c5243677,0x5c0ff38c4efcc0e5371e42d9e1b1bdf3ed43ef8815974f7d57df73981aba25be,0.84,4.412e-05,41617,8350,42,44122,4.412e-05,0.0,,,live
2026-10-08T11:37:16Z,0x78ac5273b562159af5a4765a6f0f2aba5478b8f4,0x6dc274b50e1c7eeb49be3dcc7018331318623b98238d472e9b2edfda01633f3c,0.53,0.0003113,46005,94212,191,71117,0.0003113,0.0,,,live
2026-10-08T11:37:16Z,0x78de019cf1c4808402f70d74046261b8f731024e,0x8e33e5018461d034390b71a98c8a6c01baf0b37eb7eb945030a2e56be0371b24,0.94,1.978e-05,30097,14884,205,19789,1.978e-05,0.0,,,live
2026-10-08T11:37:16Z,0x78ea8484bf65eb98a89971716387b22823db994d,0x1f090fc3d9d756c475e19af14850273508fafb6d22acfb265ed39d17812ce80e,0.14,2.152e-06,19230,7869,58,21525,2.152e-06,0.0,,,live
2026-10-08T11:37:16Z,0x78ee206d9f80a7e44d71d0e22cc4e60a49631e18,0xa87e3d4a90298f59a4ba835ed42640d524503745a603a651187aba98ac3f8c78,0.3,1.987e-05,19875,201,12,19875,1.992e-05,0.3,,,live
2026-10-08T11:37:16Z,0x78f6172a45ea80bc33f4403f57b9e51f7706bba3,0xbc67a4d8ee23fa6122ba2714a7193d41a0f468178066e3a2365987ceeefc4ba6,0.41,1.014e-07,8626,2,8,10149,1.014e-07,0.0,,,live
2026-10-08T11:37:16Z,0x79488f14947025b627cbd813e4cbcbf057e45b1d,0xcee7370711172c2cc7273b7608ad28e94e566af3823dc6a2a9e8dbf4e7510a0a,0.93,7.111e-06,6921,1756,22,7112,7.111e-06,0.0,,,live
2026-10-08T11:37:16Z,0x7954eb42b33fde472efe3a9ae88bec085cae1ce5,0x0eb8cf06c36e8173fcd837d0fed8e58044b2e0a907a7ad2d545c4acdebfe2e7f,1.4,,,,,,,,,,dead
2026-10-08T11:37:16Z,0x799b7f779ae060818cbcb68545456109c6fa8777,0xd293515e6bbd9fdffa1d7b9b25c5ebdcc01f746a84185d4198c28ee127dddee3,0.48,2.199e-05,23438,46944,167,21952,2.199e-05,0.0,,,live
2026-10-08T11:37:16Z,0x79bf943c1456ad4169c6acfa1e66dab3f0e61983,0x38e62ba82225fc56f9b74cff1ee66d4d350c369454362dd3622b8c4d9e15ca2d,0.18,6.438e-06,6438,1290,10,6438,6.443e-06,0.1,,,live
2026-10-08T11:37:16Z,0x79c8ce95ae5ef8b96b0e7223bb02ad8904408a5a,0xdee453f8b1a066f77a3cb7e5f36891e8c4f8c04cc7a2ceb0c86c5adba1afa028,0.78,2.212e-05,31681,17859,204,22123,2.212e-05,0.0,,,live
2026-10-08T11:37:16Z,0x79d43d858905a833b58e93eeade512e2342d5043,0xbd0056a84561d28dc435f40e7c3a1ea7de8734ee0eacc67435db978d6c3e43ed,0.93,2.527e-07,25276,3,1,25276,2.527e-07,0.0,,,live
2026-10-08T11:37:16Z,0x7a05481251ea04fdd0982c57d20b20f3d1827777,0x92a88bf6be19d893f8ebd4a3358c01cacee691501c41c9aef3807b6909a10d64,0.26,0.0002284,50903,59980,234,52198,0.0002284,0.0,,,live
2026-10-08T11:37:16Z,0x7a2925a094739594725e4fa3652f832b01656996,0x8f4dbf77167151ed3326cbb31410a7fdb33f6ea23a54593a3710e196b515bd25,0.85,6.201e-05,54132,38311,61,62020,6.201e-05,0.0,,,live
2026-10-08T11:37:16Z,0x7a31602dad170d23875fe0fb3dee10370b123451,0x1fa6d3ab2c9cb10766615ed7182ec15693dad2636237957defb766b482675e58,0.48,3.436e-05,64471,3341,17,34368,3.436e-05,0.0,,,live
2026-10-08T11:37:16Z,0x7a4506a6d78b9e804d142d20fdfe664933c01e18,0xc4e4fb4c69578d7ea6587bca32e1e5339794bee7a33a9bf54eac1999a8242454,0.42,1.987e-05,19880,811,18,19879,1.987e-05,0.0,,,live
2026-10-08T11:37:16Z,0x7a53cd4f9bf5274c6b4812847fe4272020e39269,0x5d4d2b274cb11c7f2798bc4ba26dd7e25a22ad90d08dee117cc4bff0b5d8c852,0.08,6.219e-05,20545,11468,35,14204,6.219e-05,0.0,,,live
2026-10-08T11:37:16Z,0x7a64d72c0b9519f35d14044c8a4113c7f8023e3c,0xb71e4f73c72a646b46b0079a048a3217d8d52f2ca210c2bcbd019c3637513df3,0.28,0.0003332,47550,85501,241,76114,0.0003332,0.0,,,live
2026-10-08T11:37:16Z,0x7a9bf3098096bef49399257057819c6b6165d777,0x87ed5e8c2a53bd90a3a1011385bb0f84ab3a358f1348fc2fdfe284d8b5304496,0.97,2.329e-05,24145,56341,195,23254,2.329e-05,0.0,,,live
2026-10-08T11:37:16Z,0x7aae2a88c57dba20456ae52e2c60537b54438777,0x46379698b5131213e03ed356b0b2a4df612729c92ba71b36e9931c334a54dde9,0.17,2.576e-05,25373,53524,185,25717,2.576e-05,0.0,,,live
2026-10-08T11:37:16Z,0x7ab0f0634d5adcfa54d0ec7a028a567a27498777,0x356ee2d29b9af68f1cd35622a6081eacd9fba479c515efa2dab8cac0b93a01f4,0.32,2.666e-05,25775,58048,189,26612,2.666e-05,0.0,,,live
2026-10-08T11:37:16Z,0x7ae9ba1f764fcf03974f51af3b102c37dce80468,0xfc97f276356d2e822973cadc33776be54045bfd1b35f49318121648251936d25,0.36,7.92e-06,7921,66819,742,7921,8.691e-06,8.9,,,live
2026-10-08T11:37:16Z,0x7af5925f1e1e23eda11cefbd3badf6b9c7ab17d7,0xedfe4df0b4d328217756e903392224684cc237e8f2a666fdb5f23ece08c1eb66,0.27,0.0001382,86032,305482,884,138283,0.0001382,0.0,,,live
2026-10-08T11:37:16Z,0x7b23c3f113d960061df63634318a540c8c6ab740,0xe9951140e0d65a5cec8c6e0bd264fa7df8712e76,0.96,1.514e-05,7597,0,1,7597,1.514e-05,0.0,,,live
2026-10-08T11:37:16Z,0x7b2ef9e1b4e86c031ec138ecfed625dc71533e85,0x7626fc09334bcfe52d19a67f324cee42c2a90cf3,0.23,0.0002816,225320,3,3,281650,0.0002816,0.0,,,live
2026-10-08T11:37:16Z,0x7b94914e3bdbae4a25603d5a297b98b4ef6e7c5a,0xf1fa2ede27701e41da8cbd071cd3d3e8b9fe183ec64619f8b9e580c141a6e4df,0.65,0.0002558,41725,77546,240,58439,0.0002558,0.0,,,live
2026-10-08T11:37:16Z,0x7bff609f79e59f8c0ee4d4718c88054c8ccc2886,0x3578dda368a0e8f16e4b8c46f84120c7fa17d8d6ec9f139949be6cc6237dc6ce,0.16,6.445e-06,6445,0,1,6445,6.445e-06,0.0,,,live
2026-10-08T11:37:16Z,0x7c0cbb3c0427b8a709da3cc63836064cb60d982e,0x23ee6f5b1c3ad46dce92995126f68b6711974b35ee606ac81add3cc381474a78,0.68,0.0001525,32159,45482,156,34846,0.0001525,0.0,,,live
2026-10-08T11:37:16Z,0x7c1e255e47808be732555789bfcbdfda3bf1e876,0xa5ef1287e441eec50ae61cc00d5715c0a2d4ab76191e85c89b0d7656ee68a7e2,0.22,1.296e-06,12966,63,6,12966,1.296e-06,0.0,,,live
2026-10-08T11:37:16Z,0x7c4de03688d7b02773d91e2526c7846c96b15aa7,0x3c7585bb76c48e203f899dd86778969262653bb2fbc50f189320039a01d95bff,0.6,0.0002559,41733,64239,150,58469,0.0002559,0.0,,,live
2026-10-08T11:37:16Z,0x7cedbc738d37f6acb211bfaea69ce9660af9d70e,0xf67449d6f06e3463b506aef14ee2e7181d8fddfc,0.73,1.513e-05,7593,267,61,7592,1.528e-05,1.0,,,live
2026-10-08T11:37:16Z,0x7d02c6af403ce844982ba2dec84cf98001941e18,0xbc60da35aa23da0404217bb5a57f990015128623d47a9f583055c36269e5d093,1.46,2.012e-05,20157,1,3,20126,2.012e-05,0.0,,,live
2026-10-08T11:37:16Z,0x7d205fc668e77da9a681d2aefd483f7771bb5860,0x5d21dcf0670ba38e255fa96b790c6ed2a9d279226c748f61fd42244553ab3e0b,0.53,4.668e-05,41426,287958,787,46686,4.668e-05,0.0,,,live
2026-10-08T11:37:16Z,0x7d265a52af142fec10ac3fd256d2c93a2de485cc,0xe9ac50c4bf35bf2b0f40a6d74e697e56dd21554e9ec0fa570b2bea78093c90c7,1.71,1.067e-05,10661,16815,5,10674,0.0001964,94.6,,,live
2026-10-08T11:37:16Z,0x7d516c9a73a4be0f041554519d6fa1419a97ba7a,0x3aa40ba8b1b7248e578248b7bea28a0d4faae993c0a9244e5b140158173fba99,0.64,0.002579,25791,5,6,2579136,0.002579,0.0,,,live
2026-10-08T11:37:16Z,0x7d5eb4ee66943fc90d0e71d2b40aeb5b6faca1c6,0xba727009cbec8b9eeb67bb74947c0e6a8c004f0e,0.77,1.549e-05,7775,57,11,7775,1.549e-05,0.0,,,live
2026-10-08T11:37:16Z,0x7d7a351238f7797b8e5231c2beaef6675489fe7f,0x2ac7bd670ed11a71f718c00ab1258fb0105848849812dbe18dce53889c9ef499,0.84,7.891e-06,12709,1239,15,7892,7.891e-06,0.0,,,live
2026-10-08T11:37:16Z,0x7d9c7df39a2fdca5c835f6b079893296c484d68f,0x7362187db8d0e9b2779a1b9771aec5a53ea6c048,1.48,1.447e-05,7213,25,17,7212,1.522e-05,4.9,,,live
2026-10-08T11:37:16Z,0x7de46ff21689031d26b3917e6fa57eeca886b718,0xae8381caac5a9f7a033dc27868fec480b535c10f52f84ede3e657eb176bf7783,0.09,4.376e-05,17236,2801,11,9997,4.376e-05,0.0,,,live
2026-10-08T11:37:16Z,0x7e03a6b9b5ed7b2040024dd68abe4b0b3ee9258e,0x98615785c20d23004e9d26fd46976956e885feb9a07e49b7e8a708dc46fc05f4,0.92,0.0001904,35967,73282,230,43495,0.0001904,0.0,,,live
2026-10-08T11:37:16Z,0x7e196303d1e802cd6a5255cc3370eefffa1bfba3,0x6423a4887716cbb8911e96d3ed37e2c33008764fba7c075c049afbd00599d57c,0.55,1.077e-07,10820,14220,197,10772,1.124e-07,4.2,,,live
2026-10-08T11:37:16Z,0x7e1f5fe1158d6824c3c5a3bd1b8b3fccdeb5b68d,0x4c5b68d3ca0eda54d3109f37688bf8c9da0ba0e4eaa8fe0a9dafb1f02c8334a4,0.71,0.0002927,44491,108154,241,66857,0.0002927,0.0,,,live
2026-10-08T11:37:16Z,0x7e53357cd8bfa4a6aa6cc16562b0d478b5805808,0x96acc0897c4753a1cc035361e0a275fa99ab61e02f4155512ade679afc6528f0,0.51,5.935e-05,42403,40396,143,59350,5.935e-05,0.0,,,live
2026-10-08T11:37:16Z,0x7e7155446fdaa217322112fc8418223f59bb63a2,0x41dd44c533b9edbb078bd0dbc63e77e2d6bf246c12737d9928a2e35ef6289030,0.93,1.002e-05,10029,0,1,10029,1.002e-05,0.0,,,live
2026-10-08T11:37:16Z,0x7e86f6cf297c53754b4ba21f8685739e799d4e88,0xc77dafcdf8deccd048c90e9bc5be25853bdca949bd84ab5804698843c3849af0,0.99,0.0001537,32365,50643,142,35121,0.0001537,0.0,,,live
2026-10-08T11:37:16Z,0x7e88d9566c45778b922da3422b5696844fd40f72,0x24494bfb562558ad25bbcb964970b98fd1261b9e79214edb00ac4f40c6865b0e,0.86,0.0002675,42565,102347,237,61112,0.0002675,0.0,,,live
2026-10-08T11:37:16Z,0x7eae894a7edd1dca0370bf96ebff7a83e25faed0,0xc870ed79cdff23a3811d908a867c9a47b4dd3c070dace4daca9d90897492f477,0.22,6.668e-06,45241,55666,235,66689,6.668e-06,0.0,,,live
2026-10-08T11:37:16Z,0x7edb5b0cdd78abe20daea7c3e612403da7f2adc0,0x11d23b8876f63e0ad46486fd8b8629bc63723963faf7430f92cd907237795488,0.2,5.662e-06,45098,70931,258,56626,5.662e-06,0.0,,,live
2026-10-08T11:37:16Z,0x7ee2eea5e14aed893127b358a4ea1a7c345aa997,0xebe044be83e69a48e86cc7d1bbeb902affead7f120985a4c6ad20778e7f00b6f,1.38,,,,,,,,,,dead
2026-10-08T11:37:16Z,0x7fd49c4deed03ecc87d83369f1d2282cc2eda90b,0x05d89c895fd5787eb6cb8c0ee3451768bafd0b7ebc63cefa62566b5b37605333,0.51,0.0003867,51356,123259,238,88340,0.0003867,0.0,,,live
2026-10-08T11:37:16Z,0x7fe114820d7a02dee59eb90d5a77e481fdc94aac,0xea4bd165c30cd04902aa0af4067bc739312a3d2c291f4b5e2131021197d81629,0.48,1.047e-05,10471,2,5,10471,1.047e-05,0.0,,,live
2026-10-08T11:37:16Z,0x8036757b947c1f1063de3a7ff1fbfba3fea310e9,0xc0ef16fa4fd7fca6f1e5daffa8b1b396c81f829f,0.48,2.572e-06,2576,465339,1344,2572,4.991e-05,94.8,,,live
2026-10-08T11:37:16Z,0x8048fadea6739c37215f6ad7374b726e2a8b56bf,0x3fa1fbd13ea160a8b774b5f9745b3003ae7b5839e3fdf6df39a6ac9373abb4ab,0.34,1.028e-06,20564,3,2,10285,1.028e-06,0.0,,,live
2026-10-08T11:37:16Z,0x807524599f552dd0ad01da5d2ac59d7278057777,0x229d8eebcd27e66fb5f6e8f846bf958a8be94af728d95b4d67e62a4503ddea24,0.21,0.0002484,52987,62362,224,56773,0.0002484,0.0,,,live
2026-10-08T11:37:16Z,0x80873dc611174093f1de95dce8698283017c2654,0xf17c2274f2bc1216f215186041d09c9af1e5fd7d7fbeab447987ae7db2019694,0.77,1.822e-05,12742,12490,143,18224,1.822e-05,0.0,,,live
2026-10-08T11:37:16Z,0x80877fe12ede96f807422d5d4ee4f4c47cebc8ff,0x26dd43b1be6b08ee36562e6c3ed807bb4b6f526f12413a693c788116e151eeb6,5.92,0.001742,107282,114646,359,1707918,0.001901,8.4,6,True,live
2026-10-08T11:37:16Z,0x8093c225409a44b35b7d00de8fcdc73c445b1e18,0x0482f643972ee264635473f6b25cb7da7d1fb9bd9688c10d71d9830ba84190bf,0.9,2.001e-05,20011,1,3,20011,2.001e-05,0.0,,,live
2026-10-08T11:37:16Z,0x80c058720dd029af7c65b12b92f1975749cde777,0xa9add6cd31d2fa7bc6646da622d9fe5d5505c458d66f41d6ad1a2c3bc874ca9a,0.77,1.492e-05,19293,44863,167,14898,1.492e-05,0.0,,,live
2026-10-08T11:37:16Z,0x810781ecf92ad9d33a09dc763a6507057afee777,0x14b7e636f2207b33d1648ccff645ece4632bc29556ef034f7657d5c7d2046367,0.16,2.026e-05,22501,37447,138,20227,2.026e-05,0.0,,,live
2026-10-08T11:37:16Z,0x8148b71eee1a2aff561e7aef7abfac892112eae8,0x18102342fca00af226095ad1b079655738569f3d,0.19,3.734e-05,462682,24,5,37346000,3.738e-05,0.1,,,live
2026-10-08T11:37:16Z,0x81f077c0369cd733bd5baeca2ea5945895519edc,0x9a3492c5112c79ba3af6abc2d70f1d3e6b7683ec656d5060d624eaa59ad779eb,0.73,8.718e-07,12657,1733,14,8718,8.718e-07,0.0,,,live
2026-10-08T11:37:16Z,0x8244f38ffc4270c78f6467c8165c6f95cb29fe73,0x8e666c6953137ef85d7cf8022f5fe0d2a0288e49b4924ea9a3f1e25ee9214c3f,1.34,,,,,,,,,,dead
2026-10-08T11:37:16Z,0x825cc945d504406e9e078658aa1704ea4f9aae91,0x74f10d0cf2200fdd2e318ed49e87ca0e34724b44c350423682998d343c720771,0.99,0.0002213,38845,71329,236,50549,0.0002213,0.0,,,live
2026-10-08T11:37:16Z,0x828404435bc688e3fdc3408ce54f3ce7b99b04df,0xd152cadf302f1bf2b856f0dd909da6cbc0abd3ec6a1354f03a8e0b79f43bfee9,0.73,2.553e-05,25531,4,4,25531,2.553e-05,0.0,,,live
2026-10-08T11:37:16Z,0x828ecb134a45b9a5eefb55d7155c58c045a0007f,0xcdf281c2a061661e1f6d76d2239e76a1173b3f7f,1.97,0.0005129,384711,9,13,512948,0.0005445,5.8,,,live
2026-10-08T11:37:16Z,0x82a2ac8bbf17e62c005ffb0b3e644aebffd7f91e,0xf3b128f0b84c53026948cd1c17208df074844f4b,1.48,,,,,,,,,,dead
2026-10-08T11:37:16Z,0x82e60896958cdae0a30de7358f59c6910f5c9ba3,0x8ccb7a8cb4b7c45a972c52ff57a93f2ec7c89181804585123fb08e0ffb5fd672,0.8,1.012e-07,8607,508,17,10124,1.012e-07,0.0,,,live
2026-10-08T11:37:16Z,0x835ce61e8cb3b3281fecbb6dbac72a4a6cb26a0b,0x24301b72dbc6f328f5d6f71ab8c79e172927c5a6ea9056b389abccc42171eca4,0.88,0.0002438,40664,79714,237,55693,0.0002438,0.0,,,live
2026-10-08T11:37:16Z,0x83627a96c86772bf3880df14009d70ba529a2777,0x1f42c25d7af5dc5c217048114fd0a1f355bf92cff9b2edb0fd328a5fe537dee7,0.13,1.2e-05,17289,6998,29,11979,1.2e-05,0.0,,,live
2026-10-08T11:37:16Z,0x836a156fb3b2307a499912797def8204469c1c2c,0x5c1799e6290a93e71686e42996e4f3d905e8aae8fbd398f151c1f23989c69d52,0.25,3.357e-05,33047,4340,34,33572,3.357e-05,0.0,,,live
2026-10-08T11:37:16Z,0x83a49b808f8d5e02cb2931cd2352988f498e5ba3,0x541bedd98337d22c46ff8196494f14e7d9922ddedf07b74df44c7020487e5fdf,20.82,8.511e-06,133837,28865,560,851156,0.000146975,94.2,,,live
2026-10-08T11:37:16Z,0x84709d66690533a352c8a531b2a9b25da2941db9,0x85c17fd1fbbd3a256a001c852dc10122e51f0b328bb88d3fe9e4f6011cd538df,0.64,2.064e-05,32177,13551,154,20648,2.064e-05,0.0,,,live
2026-10-08T11:37:16Z,0x8474b542820f76b090bf58592febbc622a7200b2,0xe69ff1aa3b12ffd951e54ec81223510d8865f799248e51f93c37c639e9be4f3a,2.08,1.398e-05,11016,28130,531,13509,0.0001045,86.6,3,False,live
2026-10-08T11:37:16Z,0x84f85e4eab47b59f098362b9c982932ce7370f0b,0x046554b8a92d24bf12cd4713f35e4bbe26bb465d9765e0177ab2db485b15e2f7,0.9,0.0003741,50399,109478,234,85457,0.0003741,0.0,,,live
2026-10-08T11:37:16Z,0x856a0f8da9c637bb16af6a08cdcad3743efef9bf,0x993ecbbc7ef5d1c54797df9a3a6890adafaa48be412af3f21905ad19ac262a2b,0.42,9.029e-07,18054,3,2,9030,9.029e-07,0.0,,,live
2026-10-08T11:37:16Z,0x85bfdf443e587fca908c2f52bda4ef0b2c7d7777,0xe0b9e79c474ac65ba8f1b5d00c0b6f7119e7a525cda53332ae7f9c5de4315152,0.09,1.915e-05,21858,35753,135,19120,1.915e-05,0.0,,,live
2026-10-08T11:37:16Z,0x85dd0e6e0e4bbf96fd4d781144a073dafd8e9fac,0x4c23cf2506cbf39b01609fce9a305e558dc9b14363c83e393bb9ecfc9348833e,0.94,6.439e-06,6439,1291,8,6439,6.442e-06,0.0,,,live
2026-10-08T11:37:16Z,0x86194d0a7b8fcf086f70272c0cb5e00a42854f43,0xc0cde8a3bfe432d53c1ac94eb392a43dc6da4423f8ccd95e8feb46cb1da9df92,0.16,2.573e-05,25733,2,4,25733,2.573e-05,0.0,,,live
2026-10-08T11:37:16Z,0x8622e995e1e0412f4815f4878e21a4cc2f7cc851,0x6c530d6f6e65659f9e1ad4a753d05177818e2174e492e531b73580f69ec8e525,0.43,6.481e-06,6482,5505,31,6482,6.481e-06,0.0,,,live
2026-10-08T11:37:16Z,0x864140198b67d4480ed6c874234950994bbef4ba,0x9130f9019f4fb6d3a46d315d2551cae4fff0cc77c7222a046228865a9c96f6fb,0.68,0.0002166,38346,57677,191,49481,0.0002166,0.0,,,live
2026-10-08T11:37:16Z,0x868351364ae855591ad796c1ae326cfca2b27777,0xbd17e7ab491a55b280f16492371437ed434a2d7a43ba6b15c6f6e9c6645ecf6a,1.43,,,,,,,,,,dead
2026-10-08T11:37:16Z,0x872167decda652d21eacb480874c074f5fda492b,0x4ca7377ea9157c1a388d8d806845887fb536b3e0d9fe36650f0ebfcf4ac85439,0.89,0.0003127,46080,96469,232,71429,0.0003127,0.0,,,live
2026-10-08T11:37:16Z,0x87540fe397ec313e77a2fff0e502bd1d2b32074a,0xbac909595eea447503d339f82c9494aa897304873b19896def685a97599d90a8,1.12,4.928e-06,4923,161,3,4923,5.343e-06,7.8,,,live
2026-10-08T11:37:16Z,0x8766fefe02678c4e27ca04cdf6383a24598c1e18,0x5df667a07df57c23a42f517fc9362cecafe1186fe0e361a8897b8183f53671f9,0.27,2.003e-05,20034,99,6,20034,2.003e-05,0.0,,,live
2026-10-08T11:37:16Z,0x87708fac80f23e053ea812d108d3d1d6fc7e5527,0xeda1d73e65d812b20d0dbdf948955392c72f8cc19ac645b5159e8a963a3a8cd4,0.76,6.419e-06,6420,434,9,6420,6.419e-06,0.0,,,live
2026-10-08T11:37:16Z,0x87bf944111469af74b6c1586bf8d61a7d0796078,0x426b3a509f1401eedc65d552c07afb54aee560d86efbffa63861a21975e506e3,1.44,,,,,,,,,,dead
2026-10-08T11:37:16Z,0x87d4826cb2967763996796c00796186ca8ea7777,0xb91f960864b9b8bd577ca15d105d4d7370d9147fc547628a297b00a228592ab0,0.63,0.0002181,49794,59567,229,49842,0.0002181,0.0,,,live
2026-10-08T11:37:16Z,0x884cce31fd7354f2d3cb07fd8b02140b7e3e54ad,0x71b548539e745635785e25c21e8a55fe851f8a9b,0.61,1.512e-05,7591,0,1,7591,1.512e-05,0.0,,,live
2026-10-08T11:37:16Z,0x88864f453a944a1362fa093881d9a37b124cf970,0x4ba8edc848b8b3ec7a084c6aa9ceff6a32b08b2c1e07b149d43e5ca7584edd15,0.28,6.784e-06,6848,118902,753,6785,1.924e-05,64.7,,,live
2026-10-08T11:37:16Z,0x88a72492a87aeedf0e07ef9e535833e34c3c81a6,0xddaf61ca6892d037a1b5f50577ddd658fdff30951aaa4b6a830af52d0b4db99a,1.4,,,,,,,,,,dead
2026-10-08T11:37:16Z,0x88c412414e8b79bee55677dd1e359cc9ad6769ca,0x52cdfccaa70b949ea100e1860a4294c984e885d7721c99cd729c4a817d3eef55,0.9,6.209e-06,6203,221,6,6209,6.209e-06,0.0,,,live
2026-10-08T11:37:16Z,0x88ca20f9f9383d945f9b45af16201de03d060bc0,0x6da03bc089982652af3c52f70c0c4d291d303b898d8694d1c9932096f578d359,0.47,0.000292,44600,111423,235,66712,0.000292,0.0,,,live
2026-10-08T11:37:16Z,0x88cabe56a342e0797fff8c7ffc5346b5c310744f,0x8b2f080987d5068c302cd92bf8736b1ae301476829dc9cdb48c522fbc10698a8,0.15,6.699e-06,6829,566700,2040,6699,0.0002073,96.8,,,live
2026-10-08T11:37:16Z,0x88e568b0b8a7dbb427841d2ac2836388381ad777,0x6c5964f788b316ae7843304f51d6db135bf7b9daa18458b73dc45c705bf51e1a,0.55,2.588e-05,25401,46053,159,25833,2.588e-05,0.0,,,live
2026-10-08T11:37:16Z,0x88ea154c960ed9d51481faf4988c9d555c0ca66e,0x24c203311db71f5e6b8caae102edbaeca72bf0837e19539c1069dbbfb590fba0,0.94,0.0003308,47397,120408,224,75571,0.0003308,0.0,,,live
2026-10-08T11:37:16Z,0x88fad55374a8c680526e5b2eeb24a1c95fe03f90,0xa334368b72d1199d360e3baa54fd23db8037f9efc8deeec43d9c8e5b777178c2,0.94,0.0003458,48460,106456,236,78999,0.0003458,0.0,,,live
2026-10-08T11:37:16Z,0x893731cc5f6c79b81e69707da2774ffed666f777,0x29c035c6a154f257e63f8cfd8d44ae1287db6120c629875e2035461157e31900,0.65,2.361e-05,24297,52228,191,23565,2.361e-05,0.0,,,live
2026-10-08T11:37:16Z,0x89698f62ffae673b29d71b4dd883506d6a4c7777,0x6043b2be4ce57c6ab2601382eb55de0388fcf983f1e2a3ec1371fbf6e4beeccb,0.77,0.0002606,54385,61761,226,59547,0.0002606,0.0,,,live
2026-10-08T11:37:16Z,0x89704d1c253bf2df85ecbec873f7775f7d1a7ba3,0x86db93bb22e926bb29d87f5d967daf5e57f45284d0365cccf6866f38b1aec54c,0.88,1.076e-07,9205,3539,46,10761,1.171e-07,8.1,,,live
2026-10-08T11:37:16Z,0x897d151787ca84994ac8df68500f17e587794796,0x6e7fdabe9b3ddbe1d6e2b3585163fe56662edd2255a71151dd2d02ff87fc495f,2.5,9.318e-05,28467,141950,1429,90392,0.0002069,55.0,5,False,live
2026-10-08T11:37:16Z,0x8993e114433eecb3ced80de362c2e9a350f179e7,0xe91dcbe22b46e867b8aa469cabb566fae3756f3e,0.31,1.506e-05,7559,278,172,7558,1.512e-05,0.4,,,live
2026-10-08T11:37:16Z,0x8993fa9ca3b746adf43d1e9e768176810a9b6480,0x31f32dce8634f45602c781861fea46b68c0021f8ab601eb24e970588d2096926,0.05,2.261e-05,32071,23370,253,22614,2.261e-05,0.0,,,live
2026-10-08T11:37:16Z,0x899c171b808e14d724f8a03f14cb1cb051dad37a,0x909a6cb4e7db4d2fa78df95c377795d88c6a2ed7a4569fec3f702776f68ab275,0.47,6.46e-06,6460,5410,31,6460,6.46e-06,0.0,,,live
2026-10-08T11:37:16Z,0x89b76dcdda801f2e456765742c64950eb2a0c93c,0x8f6f9a474cbaa1b6b7cab7efa61073f08cc0dc9768214f65fa66a158208fd115,2.68,0.0002628,47769,700173,4091,258465,0.0003047,13.8,5,False,live
2026-10-08T11:37:16Z,0x8aa9dc53fa42b1d12f13df7b95838806ccd916ed,0x136717e37462a7404e1350c70e2c3e377228f4b9526eedfabcd4c6482be76163,1.38,,,,,,,,,,dead
2026-10-08T11:37:16Z,0x8ab45f594f14f46b8e09a6436543562d2ad07777,0xa5ca8a2529e4dcd86fd1463d9130bdb6ab60d7ab4f59d814bffe63b203685310,1.34,,,,,,,,,,dead
2026-10-08T11:37:16Z,0x8af779e7af059255092d26c211d2a488275f7492,0x543330017196230d48c2b26754394547c8900a54bedc70126460e2712b881d12,0.65,2.567e-05,25678,4,3,25678,2.567e-05,0.0,,,live
2026-10-08T11:37:16Z,0x8b0745d335845091ee6790c1c5e102e1744a7777,0x42a079427e5c4c1ce9e9ac2fb5b3b3f09c5619704612a2be2af36a4a494bb07c,0.5,0.0002049,48248,61387,236,46818,0.0002049,0.0,,,live
2026-10-08T11:37:16Z,0x8b07e181a1ede63589ad9e351caa22fdc426aa47,0x1ef95c2c1e53c01b05484e714f0722d7769ec3ef3d380233e38d1ead578a92d2,0.15,9.539e-05,25453,25797,86,21788,9.539e-05,0.0,,,live
2026-10-08T11:37:16Z,0x8b27dc33184e906f34d3497be9e378813fb07777,0x39fec93fadb43486399adb769060ea09e0df7da14604036abae40fc7b8ecb573,1.41,,,,,,,,,,dead
2026-10-08T11:37:16Z,0x8b39ae74e2a69b8433c388890152a116b51aeeaa,0x16f42d571a0caa1dba95792da5c6b13c1662656fe9854656be7a360e50b0c8be,1.97,7.185e-06,7103,441,8,7185,1.01e-05,28.9,,,live
2026-10-08T11:37:16Z,0x8b65b850ffa11a3fbeb3c4ca9a6b1c05bcdb7777,0x684d9d63ee792e8f38ef72dcf860e6e0143492f991780e4ae2a7b6b0663ec6b5,0.92,0.000245,52680,60115,227,55984,0.000245,0.0,,,live
2026-10-08T11:37:16Z,0x8b835b7e4fb7dca4abceeab613d39d0a392ef2dd,0x16ed940f882e82034711ed5d6b12066c138edb989045b27575d5dd031db4f612,0.28,0.000111,31051,667256,6156,111053,0.0001406,21.1,,,live
2026-10-08T11:37:16Z,0x8bcc3efdd14957bff6e1d2d6d749eddcb8687777,0x4abebbeb99a1a395826a64456918dec098cf808676888a6147e723eeaf7c46f3,0.4,0.0002193,49970,58749,202,50119,0.0002193,0.0,,,live
2026-10-08T11:37:16Z,0x8bddc17eafdec4973647a18fdbb0220c94cfd989,0x61ae37fa49a8edd4bd7ed1d3d7e829f9aaef98d478025cc619ca6697d4f92472,0.64,0.0001677,33805,61351,160,38305,0.0001677,0.0,,,live
2026-10-08T11:37:16Z,0x8c087ef926416438448c82bfb058ebf3c284543b,0x5b3dffc76ad73d068098b9639b6d4ed63df9b0c4b6f6c8366c32b8b5dc5bf464,0.24,3.944e-05,16372,490,3,9009,3.944e-05,0.0,,,live
2026-10-08T11:37:16Z,0x8c9abe4042c66cb1e107fd8bb25516a2ca59f2f3,0x7f2d17fad9f6e2b7ccb491008996b50cdc855ad6388a65109b6d95a3680bed38,0.73,2.55e-05,25503,5,5,25503,2.55e-05,0.0,,,live
2026-10-08T11:37:16Z,0x8cbd1b14ef9cf5e71bc0bf3cff3c6c35a41ae3c3,0xd98126c37694c4d627a9973a5edbe09e725b82504f6b351dde2299b2d5bd236d,0.11,6.412e-06,6412,0,6,6412,6.412e-06,0.0,,,live
2026-10-08T11:37:16Z,0x8cc2646b1fcb70737fca5d890f2d1f75af00eb1a,0x52a1c202bab8216766e7dd5c797e662e5168cef2e73275313735189aeaf79e48,0.92,4.308e-05,66476,26150,137,43081,4.308e-05,0.0,,,live
2026-10-08T11:37:16Z,0x8d0f12c75aa8fccbdd99f346290f44cd926a0ae6,0x96648f5b004540a72c4b7375ef9b6a987994887d02777bb0f725a9b6213b3475,0.43,5.001e-06,5001,0,1,5001,5.001e-06,0.0,,,live
2026-10-08T11:37:16Z,0x8d16c5f413c7b0a675010429a93d6cef6acd0fb3,0xdc6788f010bf35bcffadd1f917cb5faa7ad577f8,0.18,5.297e-06,5298,21,3,5298,5.297e-06,0.0,,,live
2026-10-08T11:37:16Z,0x8d3e59d01e1f03d522c331635cc5451d9e1b9582,0xb43f6124c525c9c2e10111383634f737c8c99a6167fccdcdb067f0afb36a3720,1.36,,,,,,,,,,dead
2026-10-08T11:37:16Z,0x8de7065db1bc4ed7bdcbe34855032b1e22972777,0xe9a8d8667b4bd67c17252dc61b5dd0915bab3babe988ebf32b7ba1cd5775c2e6,0.61,1.469e-05,19167,21467,84,14669,1.469e-05,0.0,,,live
2026-10-08T11:37:16Z,0x8e29b1d3911384085b390b91e9a161003e943107,0x88401f06d718ce2d8e32a62b8694449f18248b400d75c62fc0602379a94d6cb4,0.25,7.712e-07,15419,3,2,7712,7.712e-07,0.0,,,live
2026-10-08T11:37:16Z,0x8e3b6557fdbeb8fb3dcbe56d3b650231cf037aa7,0x85f88e07f36f5ad65f59d89cb14905080d6b06b3,0.86,1.507e-05,7564,0,1,7564,1.507e-05,0.0,,,live
2026-10-08T11:37:16Z,0x8e41fd25e85e624560fa50ff9f117a02cd30b8b3,0x7608c38ea8cc2082b043e886185979942cdeb58e,3.84,4.851e-06,4480,1342,53,4851,0.0452,100.0,1,False,live
2026-10-08T11:37:16Z,0x8e5c38a079663930fadfe0831912a329bb18dff5,0x4e9b24792b79fc75c73bb1452bd568d075316aeb4f7dada6faa2a86b4644db7c,0.92,0.0002269,39230,52931,158,51832,0.0002269,0.0,,,live
2026-10-08T11:37:16Z,0x8f460905421ddc84bf959ef3381c6435f9a2bc9f,0x0f6b6b69a6862ad155eb3d31a7c003ff8edb98b94339ee8bbd67df90e31b3b0e,0.51,0.0001856,35554,55416,191,42405,0.0001856,0.0,,,live
2026-10-08T11:37:16Z,0x8f62064ce072be770939253d9138553601082cd3,0x598b786d7a30002a4f3d0a6f4dade0e7dd15f8579b6cad93f0d45d9542f19b8b,0.29,0.0003834,50952,112109,240,87586,0.0003834,0.0,,,live
2026-10-08T11:37:16Z,0x8f620b5962e3b3ede5b258449843a70a5d329a52,0x6caf0be893b38c47381992aa4946a1595be0d0bc,0.05,1.077e-12,0,34921,33,,2.553e-05,100.0,,,dead
2026-10-08T11:37:16Z,0x8f92590a68bf522b4a4d4e66879bca68ef7a5777,0xc33587e8c2dd756328dd15ab9a8c1016fb9daa749a15affff677dc0aeef2fa53,0.63,2.839e-05,26646,46304,175,28341,2.839e-05,0.0,,,live
2026-10-08T11:37:16Z,0x8fb1fb02faf9af6679dfcb81a39162430023ff53,0xfabbb1e07d922173a36d8532a641fb72150708537fa05c9261cfa03b24667b88,0.19,0.0002273,39309,75266,239,51921,0.0002273,0.0,,,live
2026-10-08T11:37:16Z,0x8fe5c8fa02874a37f13101b622cf673e335722fe,0xa8f7a88011da356f2c8f5f1b601d442b08bd0c72ac709f1b5684c06695a63969,1.36,,,,,,,,,,dead
2026-10-08T11:37:16Z,0x90013402699bab36bb928f62fef83f6f91ebf835,0xe2d8c39d1e1da45038cff67b7fdee0486a3209671c2ecd431ae45b21b47d0194,1.38,,,,,,,,,,dead
2026-10-08T11:37:16Z,0x908e97313c81c7c27af6cb70f5db452f6cb4656f,0xa07aef56d3ecff13eea32bae4dd9e80188aa2908e96effd5086ffe7229e0434b,0.99,9.841e-05,74921,147251,459,98417,9.841e-05,0.0,,,live
2026-10-08T11:37:16Z,0x90bca1c0ddc0a1794261417b8463e52eb1ad1777,0xbb43f6ae16e087f36cf62009f15f404841080541e13e972766a91f4536ce9b2c,0.11,2.692e-05,25874,54470,166,26869,2.692e-05,0.0,,,live
2026-10-08T11:37:16Z,0x9109e97fe65a03da7a6923e5a36f8ebecf57c415,0xa51d38070d4841b371e4a3023f2157131d12f77e587e9480fd6c721364baf840,0.31,6.053e-06,40965,54472,235,60537,6.053e-06,0.0,,,live
2026-10-08T11:37:16Z,0x91190add04a5b7edead115f0ef05614627c2a9cb,0x1dada0944e6a1ad3bf04c0c39dea5e6e3776bc08,0.44,0.01721,417870,11493525,41187,17215281,0.01721,0.0,,,live
2026-10-08T11:37:16Z,0x911b2a0ada4dce3e945588120fea3a52c3d17777,0x67e213a87809a2e572353339e03d7f396f7bfc02811ee0d78f4efc86075c68fb,0.21,0.0002447,52524,56555,227,55913,0.0002447,0.0,,,live
2026-10-08T11:37:16Z,0x916231803f61896565ee23e96d57c3691c79c93a,0x042926821326772f1d412574135f151571553587392e45ab251021baa3c15a9d,0.16,6.397e-06,6397,1285,8,6397,6.451e-06,0.8,,,live
2026-10-08T11:37:16Z,0x916aba5ddf255d85d3eba442b4e8e95b2db12cf6,0x9416e795bdd10a0c9094f7e05e2db45a080dfde6cd5bb1abcf2a6a953addf0e6,0.13,0.0005577,0,1277578,2256,557719,0.0005577,0.0,,,dead
2026-10-08T11:37:16Z,0x91a2dae9699f0b82540b5886b0d8759c22820ba3,0x40a433930370f6cdf0a78debc2c6dd599c23bd428c0d67dd8b5373e4f101557f,22.24,2.474e-05,561340,88617,885,2474307,0.000473364,94.8,,,live
2026-10-08T11:37:16Z,0x91fe0e2cae483d23d1b5e684d27665a60e8be111,0xd542ecba9f6f4a6cf4dde59eb6cd1b63a72562562091145bc55050e152ca92c5,0.97,1.824e-05,29398,10194,150,18242,1.824e-05,0.0,,,live
2026-10-08T11:37:16Z,0x922aa01ec38bdd58c17ead9ca36e1beb19113777,0xc552e490aea22adf5a45b1150481fc2939a62ec6978f530fa6ec4940196deb30,0.9,2.146e-05,23126,30982,121,21427,2.146e-05,0.0,,,live
2026-10-08T11:37:16Z,0x923eefeb7884dbd4c96945ecce0068d9ddd5f777,0xe5b8852bb1f07b08e0308c52dfcee9b090ec86601209c8a8e27c01d085145d87,0.18,1.482e-05,19230,13314,51,14798,1.482e-05,0.0,,,live
2026-10-08T11:37:16Z,0x927b50e4ce03671d5a505922750edcc9cb734ad4,0x10f2a61a3cb3f8f4ddc2c1bd57dacd4fb38f794333a6110044af81d86d416a4c,1.26,5.852e-06,7132,29113,427,5666,8.932e-05,93.4,,,live
2026-10-08T11:37:16Z,0x92b024b4367658889bc693d09ec6a1bf20c37777,0x9038e239190737cf8318513276074b73438ed66867ccad681ef5759575335541,1.47,,,,,,,,,,dead
2026-10-08T11:37:16Z,0x92cc31b2a75ec7921142956ee38ea315383f1cc0,0x4fa7168c927f87fb92ba17c29a9546a65269630281d5ab6100efcac9d581769b,0.78,8.747e-07,12711,1738,11,8747,8.747e-07,0.0,,,live
2026-10-08T11:37:16Z,0x92cebd04f3ac3c7976240f4cfda5c60901607283,0xb5683452665d72a14d9cb78c38aa4aeae4acbc12f0cbd5f7eed80aa44ad6b087,1.35,,,,,,,,,,dead
2026-10-08T11:37:16Z,0x92e54a8680f51179169151cc50615bc7c27bc047,0xf58b8e0e486850d906902af2fd4c16ec03e5897b45d603034e18c10b93a1a547,0.56,0.0002988,45070,96583,243,68259,0.0002988,0.0,,,live
2026-10-08T11:37:16Z,0x9348cf45f500251694ab7cba5a8cb63041277777,0x2a056e2be4aa9bcef7ad5ae05bf52108da9822688e7db25c1b0539861010ad07,0.36,0.0002844,56879,69595,237,64986,0.0002844,0.0,,,live
2026-10-08T11:37:16Z,0x9349ac32fe9421ab0286b56560471d2bb28df2dd,0xc7a148215c133d16ff875c8c378c8888c8e52b06d3d260a3814d5cfb2982e7b8,0.27,2.566e-06,73540,5631392,9288,256668,2.566e-06,0.0,,,live
2026-10-08T11:37:16Z,0x93ded6f2804dea043e19132a4f5bccec9ea95921,0xea2bb6de9dd4ce3a2a8ea88dc3efa162d5ceec0390c820dc0767115bf70c8fb3,0.36,6.444e-06,6445,6485,53,6445,6.493e-06,0.8,,,live
2026-10-08T11:37:16Z,0x940aa571e776138a82cbc9dadb6a3f05eb1c4a5c,0x48cb1a329ed902563335921b60340eeb908d60fb,2.19,,,,,,,,,,dead
2026-10-08T11:37:16Z,0x945b54f2a985599ee30ba9021f712bafc179287d,0xaaf9f85ba7fbc7f085eafba0a4b66ae827de51b9a865cc996ece43ee7472139f,0.24,0.0003761,50547,117541,227,85916,0.0003761,0.0,,,live
2026-10-08T11:37:16Z,0x94cad93fa30adaa8f8086ac878a8563e32316c4d,0x0beac31eb6438ff5ad269ff370f6483ec31f9682d5f92821835764439c3b3b33,0.5,5.415e-06,210988,7294959,9138,541585,5.423e-06,0.1,,,live
2026-10-08T11:37:16Z,0x94cf8f132b0aedd5b37091bc5ecc65a66d31d6c3,0xd0370cd2e42f4657a91d5b9023dbd9e6f15e67aaae38302bae2079a8e812c981,1.47,,,,,,,,,,dead
2026-10-08T11:37:16Z,0x94d91f80555d752b4e8336b899dea0e810c37777,0x5acda3146639a33e51fab97a42590db1cbdb8aaa75667fe55ae941cfe06c8ad8,0.1,0.0002303,51046,67450,231,52620,0.0002303,0.0,,,live
2026-10-08T11:37:16Z,0x953e66a93d73ec124c48a5fd21b61d4377e01e18,0x5676e99c6d437e59838e345cc67c428f06190932b74b064b4cf6871c3357332a,0.77,2.014e-05,20145,525,15,20144,2.014e-05,0.0,,,live
2026-10-08T11:37:16Z,0x9559ad1155f08796f3e16fd7973430bee2220777,0x7028b08e7f9070604ca6c23229439fb17cf7dbe0b9e3ad584f3e73d0ccc8b623,0.29,1.897e-05,21738,20706,86,18933,1.897e-05,0.0,,,live
2026-10-08T11:37:16Z,0x9585595d7664434a3fefad3700f970fe4b6ba777,0xa1fb38462c25ac7d2a178044b9bcbb15b408d16e8bd4379c80466504fbf9186d,0.27,7.47e-06,13643,1679,8,7456,7.47e-06,0.0,,,live
2026-10-08T11:37:16Z,0x95ada39788df6f51d707a17adcc64a5ddd047777,0x667dc82899874961356d264035f126025525e00f0e9c4a92fd32de6de49f774b,0.11,0.0002119,48931,52549,190,48420,0.0002119,0.0,,,live
2026-10-08T11:37:16Z,0x95e76dda22ade92c7b96557d2350025eaedb9cdf,0xd9021feb99b6bc9a62354864cdc3d46f0bd0a8997e1c7315b67a355c500a85c1,0.9,7.769e-05,63592,255966,609,77698,7.769e-05,0.0,,,live
2026-10-08T11:37:16Z,0x965c70597c1f86bb006e629813d04a690f6f1e18,0x2d21b4d0a0ea6cfe822af9561934ce14ce32c89cba89be77685a32e2ffb6b6b5,0.37,2.007e-05,20075,26,6,20075,2.007e-05,0.0,,,live
2026-10-08T11:37:16Z,0x967a9f0b17748c435339f2546fb610c4f5fb5777,0x1f79230de8765d3296cdcd5085165bb36566f25974d33aca7e88afe819824f50,0.65,2.479e-05,24872,32505,118,24745,2.479e-05,0.0,,,live
2026-10-08T11:37:16Z,0x96d3371e7d5410ab4e07d7856cfc2508036993c1,0xad20f8a61470a326d696e9626e90861c6b4a4ba2ac3eacfffe1329243d5923c6,0.38,0.0001525,32232,43061,153,34831,0.0001525,0.0,,,live
2026-10-08T11:37:16Z,0x9749995471328b61440e6ff9c55736d81aac0352,0x5d6d393fcd777a9fccd10c61bf9acbc4eabdd4a05fc3e48a77b615b720bfc558,0.16,2.573e-05,25739,5,6,25739,2.573e-05,0.0,,,live
2026-10-08T11:37:16Z,0x976923a8cfc8bf7f133202c17f2088b5e53ddf51,0xf5672e8de3faa80171dd8b0ada7cf5f1051cc27e36560527470e28928cffba5b,0.2,2.563e-05,25635,4,4,25635,2.563e-05,0.0,,,live
2026-10-08T11:37:16Z,0x9789cdb9ccea1d257157aeb35fb032b65b6b599f,0x76122020e8d07a313a6145c2c9f54ec6a1a8d78c7951797187a39676169fc5fd,0.73,6.205e-05,54106,679204,1298,62055,0.0004263,85.4,,,live
2026-10-08T11:37:16Z,0x97a6b8e319632181350c5a1b2b847423c048d777,0xd7ee3e39c3103ad44a71ff36b8d355400b25f513fd9a6c1a7a37de23d8e86270,0.33,9.984e-06,15787,2766,11,9965,9.984e-06,0.0,,,live
2026-10-08T11:37:16Z,0x97c932eac456d27a763bd8558b386e0db519f710,0x63d0350b271515eb6593c402f7db7d5519c8d317cda1c0a262bda6341469920a,0.77,2.567e-05,25678,4,4,25678,2.567e-05,0.0,,,live
2026-10-08T11:37:16Z,0x97d762e08b1647959f63d5ca86de362955ff6777,0xa2b7b59e5e9060deff96db2c255ce0754f92972e1c58ffe761ecdc07498c61c8,0.05,1.673e-05,20376,16279,82,16702,1.673e-05,0.0,,,live
2026-10-08T11:37:16Z,0x982c10ff5bd43a93124e651aa51279dfe9ecac8e,0x0f695c71450f9c1413513574187ae46fa3d65912e10d210f9218c6012fad3180,0.76,2.232e-05,32372,19478,205,22323,2.232e-05,0.0,,,live
2026-10-08T11:37:16Z,0x9842a40b109850a2bd54d970fd5091e55a03d371,0x8e4f14b643bc6ef41037d50a29167ad3f772c6b3649bc67018f62abdb98bd060,0.67,2.405e-06,2406,171320,1455,2406,0.0001548,98.4,,,live
2026-10-08T11:37:16Z,0x98bfc1429619a9e08d960d88d02c562437af15bd,0x207d2b796f35623f5f8020aced8501f6c81e14f839720a36ccd2f8095a716743,0.2,6.461e-06,6474,8585,106,6462,6.461e-06,0.0,,,live
2026-10-08T11:37:16Z,0x98f27ece3ddb8920136c1bf14de29c37ee6500ae,0xf4fc5c80c2161c218be2ef96c1895aed4ce3df72a4a670940185516ebe39f5bc,0.6,9.252e-05,25090,16075,52,21133,9.252e-05,0.0,,,live
2026-10-08T11:37:16Z,0x98fb615f0733075ccf6826bb8c08193399572a31,0xd4c9756e40106f0e25d485baaf91ea6b8f518857d179e8d9659abffd96b719a6,1.47,,,,,,,,,,dead
2026-10-08T11:37:16Z,0x99ce3f31cbeb2e3e757f1fb16f60381011688f0a,0x8045e5aa59813d6cb44adc17649398f69ecab95259bda4f15f7952168fcf912c,1.44,,,,,,,,,,dead
2026-10-08T11:37:16Z,0x9a180b13771ec32e88ffe9713f9c31994d895ef4,0xb589af8a3cd7ac57039b6c6b53209c7298d5c474a949b536529ded7412e53e9f,0.61,7.361e-05,22386,11717,37,16813,7.361e-05,0.0,,,live
2026-10-08T11:37:16Z,0x9a3bce357ba60eaf3fc260c56e2af832ece2a26a,0x7975b3fa086924e3c2a11001f1a88850f6f3ccaf0ed5bad76d768df2c9385a03,1.26,6.53e-06,6556,12,3,6530,5.552e-05,88.2,,,live
2026-10-08T11:37:16Z,0x9ad56c5f95208be3c6feb7da5accb48ec1873f5c,0x565774f5da8c61dad616cc1473927a2ba286c3754705bb4a2a4ac6881efd0ac2,2.67,0.9675,29043360,1472,10,48375486,1.01092,4.3,3,False,live
2026-10-08T11:37:16Z,0x9b022ed6ee6366c3dda5cb5eb2f415d59f5e1e18,0xecaa73e2e4cf4dc4cca513cb762e1199558eb204d5d7c2c0d9e98bc43ccdd2a5,1.03,2.001e-05,20017,1564,25,20013,2.321e-05,13.8,,,live
2026-10-08T11:37:16Z,0x9b04ae702fcafb2257590fc0699d3fde495444df,0xd5d2c5abd81613d0dbc34626d03a530a252db4028b5472e04f864e1d0f9c930b,0.43,6.482e-06,6482,5441,31,6482,6.482e-06,0.0,,,live
2026-10-08T11:37:16Z,0x9b41fece6b06d389787b7c6bc08ef78b7684ccae,0x909ea5358c2e7c739a0d30efba93668bc5a53eb4951bd23cebf4e52e2dbc4a38,0.15,7.89e-06,49288,43769,221,78907,7.89e-06,0.0,,,live
2026-10-08T11:37:16Z,0x9b457df8d01eac59d6714a5221404bdab2461e18,0x2d57df5643a5ac355d8d29ff435dd75cc1eb8afc063565112a63140be1e52f0b,1.59,2.07e-05,21124,125,6,20709,2.553e-05,18.9,,,live
2026-10-08T11:37:16Z,0x9bc55b0a691355c4fb075b472dbd2cf9f434af68,0x2f1654878f2aec2004426d5445ee7d00e6c39d599122a254f9140c85eb469329,0.04,2.213e-05,33336,19755,253,22134,2.213e-05,0.0,,,live
2026-10-08T11:37:16Z,0x9bd66322b77c5c29c987d1ea44edc340d7044777,0x005e004c3ad051c9dbaab0ec66b7c7844cfde87d2053660f5ac3894d9f0e3712,0.15,1.349e-05,18349,11521,46,13469,1.349e-05,0.0,,,live
2026-10-08T11:37:16Z,0x9c0ce4f966ec0668d51ab07b46d54ae655cc64cb,0x4a1a63e2a42c3fd94eef684162793ede82decbb1962af4b6ccb629284097066b,0.75,1.315e-05,25316,2645,33,13151,1.315e-05,0.0,,,live
2026-10-08T11:37:16Z,0x9c99f548492ffb774165e72c359c5e55c5fdba6a,0x11a663a69bb89a8b2e2a10d57f523fb6a6cadf730c6e30c954d8acdc0535f941,0.17,3.786e-05,16060,1226,5,8649,3.786e-05,0.0,,,live
2026-10-08T11:37:16Z,0x9cdec37293acd933aa0fb1bec77afc6821d9bd01,0xe7d68c90fa606ad422b620b5f501e754a8adfaf2421e68016bf3a83257a0215a,1.2,6.469e-06,6482,119,12,6469,6.591e-06,1.9,,,live
2026-10-08T11:37:16Z,0x9cedb3560ad1e1a6ae8a9e5d45503794f063c777,0xa65614401dc61791b3110731a02307dbd855eaf0cc7968c08f8ef986ae971e53,0.67,1.727e-05,20749,19180,73,17246,1.727e-05,0.0,,,live
2026-10-08T11:37:16Z,0x9cfa229bc844db3ba0b6edd620f3079b3780fa4e,0xdf40b729506fb50f3bfa7884bc91bd2513d9e554d9cf33a8a3fee525cc161bd2,0.22,0.0003737,50356,110172,235,85351,0.0003737,0.0,,,live
2026-10-08T11:37:16Z,0x9d26edf13911b7f27ca12ac0503625a5b5af4ef3,0x9429d20f6e38f937670888096842703901b36ab8b848cde6ef1fa31f3b993537,1.44,,,,,,,,,,dead
2026-10-08T11:37:16Z,0x9d64d7d62e2b1c81973599598690799b55d8123c,0x1f06ee088b77681233e713f000f9348942049e15929e9a86141bd8c1d4116bc3,0.05,0.0003035,45321,94756,221,69324,0.0003035,0.0,,,live
2026-10-08T11:37:16Z,0x9db1cb7aedb377fa285b60f2c1fa91ff61325ba3,0x4dd6ee85298363c12384cbb4e33ddc3fae70e1d20677bcbf54f01d63e4301a72,0.16,1.004e-07,10051,511,10,10050,1.013e-07,0.9,,,live
2026-10-08T11:37:16Z,0x9dc34fba0f9c85305ed8d879864852f586790152,0x17dd50477b79900eee338e643769a7324a6180cceab7f2f13087cc12cbb1ceef,0.25,6.39e-06,47921,41909,224,63903,6.39e-06,0.0,,,live
2026-10-08T11:37:16Z,0x9df1179227966931b25b679601e07da784cd1e18,0xe846a47895d49d940fe6d8dc5d5137f5eab5f885da9a4e24de19f9094a37c42a,0.87,1.999e-05,19998,4,4,19998,1.999e-05,0.0,,,live
2026-10-08T11:37:16Z,0x9e19e3036e82fa3d3f2e4c8de45def347c44974d,0xef51ba569f2ff8749bb68a5b3f4a477e4ec7c7b074b6a4b36bbb74b8fa761779,0.98,6.909e-06,49956,51017,229,69094,6.909e-06,0.0,,,live
2026-10-08T11:37:16Z,0x9e570863a6a9dbafc7dd07bfe4f6ce5b22a58975,0x1f41360508ea7f2e727a142d378fba52dc6f6efc6aefe33b944d7f59572f8974,0.55,2.552e-05,28564,28883,253,25527,2.552e-05,0.0,,,live
2026-10-08T11:37:16Z,0x9e767a01d4241456c9bb53009868ef848b62d012,0xea3ecd671f18a13141a67c1fb6250343c1637f499837f5b3ae88bad960b2e73c,0.96,0.0003627,49716,111964,233,82849,0.0003627,0.0,,,live
2026-10-08T11:37:16Z,0x9e7dee4b51656154d1492faa223752a83f6f7777,0x41c29f8c4650b4bc1da32924bd2acf4f1e40ecdd158f4ae37634f12f39972b78,1.4,,,,,,,,,,dead
2026-10-08T11:37:16Z,0x9e9a3ddbd47b110c8cea0253eb2ead13dee384ac,0xd2390640ee53b4b25fb6cca1fbf32e8605960e9811243f79a4d7b28e739176d0,0.77,3.1e-05,30734,901018,1634,31000,0.0003779,91.8,,,live
2026-10-08T11:37:16Z,0x9ef7c9293c5c6c8afaf097c2067bc1190d5c5777,0x3ce755deaa79fd251599c9070448cd760da00d73a63b96a90f712c3221d26247,0.96,1.677e-05,20483,47772,169,16747,1.677e-05,0.0,,,live
2026-10-08T11:37:16Z,0x9f13a95a9707fbb8b660d1b7833d12d99d347777,0x4d440a7428882ae3b476f6121b647fa803d88d58dbcea64e632499a597d8b9c1,1.49,,,,,,,,,,dead
2026-10-08T11:37:16Z,0x9f4b9b596d435e41cd111496e91d80441c0a8777,0xb37153d8800339f5f2735b3d605f04f1de0d57dafd7d4c9ac9627cba15e1565f,0.28,2.166e-05,23211,36500,134,21627,2.166e-05,0.0,,,live
2026-10-08T11:37:16Z,0x9f4ba41f91a59a34e17ee8c9eb3a51363b11abd5,0xd23635812197b00b0ea0fd0e36021740c7951fb34ff1ca79260052b47e9769bc,20.84,0.0008881,87877,150968,719,837288,0.001145,22.4,,,live
2026-10-08T11:37:16Z,0x9f4fa77e859ef07da9fe7becbc12002ec9ae6777,0xa6b50aac3189397cde52cda310ecb3209fc2f735c77f0674c8e795da1d540a2a,0.49,2.91e-05,26971,59516,186,29045,2.91e-05,0.0,,,live
2026-10-08T11:37:16Z,0x9f51e8e686e731b54b0e9c40f1a9e2b23b523777,0x223306a051ae7d26ffc2ceb48d3f9bf000f3806a7f8921902c6f996013d90331,0.14,2.261e-05,23730,48807,182,22568,2.261e-05,0.0,,,live
2026-10-08T11:37:16Z,0x9fa091e864b51d3bb4e52cced5be22b66c1439ac,0x1994be5aa77d92e687abbd10bac6ef509f8d7fa48b2e339ced0256f5e263d915,0.6,6.455e-06,6456,5420,30,6456,6.455e-06,0.0,,,live
2026-10-08T11:37:16Z,0x9fe755988773c764084980d10e8c3eb8d0e5a923,0xa3d2c501c57377d5ef951f01c4b46c74c9db69271be26127695714661db17a2a,0.27,0.0003063,45603,101054,237,69958,0.0003063,0.0,,,live
2026-10-08T11:37:16Z,0xa0723b496f407c74ef3ae7d7fc84397a8301784d,0xdabeaa5e139d264d61d8408017abb39dc31d2fa247788e0a892bf711e52ef459,0.33,0.0003252,46993,113157,239,74279,0.0003252,0.0,,,live
2026-10-08T11:37:16Z,0xa07f1926ba15f4eb34e269f1accd176e32dcd039,0x14ca8e9b72b52adfd15ade79fb5e518acca3fa79880f69e631e2a9d20c18a4ba,0.91,2.803e-06,4936,115591,1381,2803,5.076e-06,44.8,,,live
2026-10-08T11:37:16Z,0xa08e265632949fe1a031416dc16f968b59afcc71,0xc98da97cfd8fa4b221c4baa43be8ee78cdb00b494c1920f9715a31649e55309f,0.42,0.0003489,48832,122973,242,79708,0.0003489,0.0,,,live
2026-10-08T11:37:16Z,0xa0eee8bd86b919bacdd1f7ee4e113c85f4cefb2d,0x3aef77828025f4f718a5fae464e81c3bc115b0d0,0.16,1.509e-05,7575,0,1,7575,1.509e-05,0.0,,,live
2026-10-08T11:37:16Z,0xa1bb4a102e1eea316e56c19fcce2af1d1cdf5468,0x09da1b8d650e9ef5a31d4dfe1efdc8c9851a4842632bb8fab08a78214e5d2408,1.4,,,,,,,,,,dead
2026-10-08T11:37:16Z,0xa20baf0c1176cccab01c1db0a9c53a822cb418b4,0xfd4bb24be8b03e82781d74bc202a24fc35aff58fcbbfeca1203298fbfc01e882,0.91,0.129,15000081,21001249,60,129070697,0.1291,0.1,,,live
2026-10-08T11:37:16Z,0xa2142045c39a4ab00e63d03b651d018c43d4d8b7,0x915c1873bcea8423be798e7562d9657fac807ed6,0.17,5.297e-06,5298,15,2,5298,5.297e-06,0.0,,,live
2026-10-08T11:37:16Z,0xa31376ce65f9a225dda2a6186027b008be037777,0x0ec3dc5d706b6040c35ef2a5d75902799bfcddc2ae4444288d82f892b563e2b2,0.3,0.0002526,53393,64489,220,57732,0.0002526,0.0,,,live
2026-10-08T11:37:16Z,0xa382e869b602190ce40f8ac2ace2d1e0e37c1ad8,0xa7012c8aa69e60989b3758720fa05201c021c720,0.17,9.901e-13,0,32937,26,,2.907e-05,100.0,,,dead
2026-10-08T11:37:16Z,0xa3b1d2be58e49a9aa3ff1efcdfcd9588ff1dcf3c,0x1a512113e967ca20927f84229795df96a91dc5262ac051c538c92f073f9872ff,0.68,0.0002234,38914,65483,203,51033,0.0002234,0.0,,,live
2026-10-08T11:37:16Z,0xa44930652990b9ca033679bfef951d8fb1321ba3,0x2b669eda5eeb08737fd04fc178b8b4bf796d24c219bd938432a64b6a9fb9298d,1.78,2.369e-07,20062,8,18,23696,2.703e-07,12.4,,,live
2026-10-08T11:37:16Z,0xa45a9ad563cb2cff61abb765d44dc68ab0bca777,0x4ed5ee3ca04d3a82d9bfef9ab03cf7d5007af455ba72aad502e816605314307a,0.3,1.946e-05,22038,52670,184,19432,1.946e-05,0.0,,,live
2026-10-08T11:37:16Z,0xa4769dad9d3e0396c652d5f6cd4885a8648ad6d2,0x8da900b6e43db6ebc05b97e1fe525abb962029478e2b0647907a8302bbdd1f6d,0.2,0.0001126,57918,46201,290,112649,0.0001126,0.0,,,live
2026-10-08T11:37:16Z,0xa48dedf95fe3c72a0f10af13c11f5d26c0353a1e,0xc13b01708e878d681833a0ce778a15d5854d6ef56e1ff6ddda25e19165c6c69a,0.56,0.0001005,100555,123,16,100555,0.0001005,0.0,,,live
2026-10-08T11:37:16Z,0xa4ed602f4bd38d3f25a1d99141f0aecbe7d349d8,0x36a57705bb9113f8baa64873f5fcea95a563425839b9bc57d12a15d0e3bfe48d,0.73,2.078e-05,31728,16766,205,20780,2.078e-05,0.0,,,live
2026-10-08T11:37:16Z,0xa51feef69d906db809524868b4b4b24775bf214d,0xf51a9b0f90dfc670949e263dee84ed3b67cf6856,0.15,5.577e-05,39170,2251155,6230,55773,0.0001395,60.0,,,live
2026-10-08T11:37:16Z,0xa550b18887b406c57f3ee8b0a7aa510974c16cde,0x8ba765b32687b8b685e36064419adff5c253bcf39ef20aae101719669fab0fb8,0.39,1.031e-06,20621,3,2,10313,1.031e-06,0.0,,,live
2026-10-08T11:37:16Z,0xa58f35d3d4dae126a6ca6ce66d40e6374bcba17f,0xa732d5827493a42403ac80d1962434f5fd0dae221a167af0056f561d1c0fedbf,0.96,2.528e-05,25289,0,1,25289,2.528e-05,0.0,,,live
2026-10-08T11:37:16Z,0xa59bb854aa90c4c044921b4eda0bd012c50653af,0x0755ab375084da56ec5fe679d89717887519b03387a92febe5d50090cc99a952,0.66,1.019e-05,10191,113,4,10191,1.019e-05,0.0,,,live
2026-10-08T11:37:16Z,0xa5aae9b57d4775b613f981d5b467677a596cb7a0,0x4e510728a11329aecbf7e5981a06950f0c70c20f8fa15af04b33a1c84ef8e520,0.87,0.0002614,42087,99284,235,59724,0.0002614,0.0,,,live
2026-10-08T11:37:16Z,0xa5b96614821e836a734b7b2cda57f61b400c60ef,0x010f459a7a56f7475cd152d3f21d016d56d82d7f6c7e74c20823ed09281bbe8f,0.99,5.338e-05,48394,17003,48,53387,5.338e-05,0.0,,,live
2026-10-08T11:37:16Z,0xa5bb18b53f242d1202e81ecfe4156145941d86db,0xe3c907b187888c50f010c9502235b3f454e4934c5134c723d0ab9c099f5877cb,0.94,6.541e-06,6606,127679,650,6541,6.564e-06,0.4,,,live
2026-10-08T11:37:16Z,0xa5c8cc9fbe4b41b383edb70348d28dd287c63e18,0xddc30709002e268d820bda2b6f8b59675e7e9b2f42c3bc5c80caa123f77336f3,3.77,5.956e-05,22740,22061,1501,53607,0.000175272,66.0,3,False,live
2026-10-08T11:37:16Z,0xa5fa9708408b289fc47e75ea8c5b3a01b6d90a61,0xc11dbd8af3918129b541c72be9222cfeccd3d5d38dfb62f6371839cb600d837e,0.2,6.455e-06,6456,1293,12,6456,6.455e-06,0.0,,,live
2026-10-08T11:37:16Z,0xa605ca8cf479cbfdceb2852676a4a4cebdaecfa7,0x5231187506ff4e67b449fdfddc195994717803fd2b990824c736664dcbd16845,0.14,8.646e-06,50136,47991,246,86464,8.646e-06,0.0,,,live
2026-10-08T11:37:16Z,0xa6503bbc3e8005a7c8d0062eedb9a22b449428b1,0x098f164fe9528eb3618b2d66afd76a4a0fca28cc5ef7433081a8ec4795b8fb6d,0.37,0.0003375,48011,105852,197,77089,0.0003375,0.0,,,live
2026-10-08T11:37:16Z,0xa6afc3b47a4c278829b87fe3b339ed6b2072c00f,0xbe20aabc9df05d101e37fae785501bf99138d5ca15ddf3fbb25ee506e1ee6602,1.46,,,,,,,,,,dead
2026-10-08T11:37:16Z,0xa7354cb59fd28d626c07222e5f405442325ef1dc,0xa7544608a428179b24cf46e460e870cd2771bd14ddbd32ae4df57a557bab38f6,0.05,0.0002121,37894,73577,224,48465,0.0002121,0.0,,,live
2026-10-08T11:37:16Z,0xa7485968564b86a539a1700800e64718eaecd1c3,0xe7c41d2d83c7eb164174b8487e7f9884b68bc961e5b6f3c9557b24f8f61966c9,0.99,6.873e-05,58376,21804,52,68735,6.873e-05,0.0,,,live
2026-10-08T11:37:16Z,0xa8028d022e8f96eef5b19a7cc4079d4e6c2ce4f9,0x20a796740354429fe2216fdb0f20dff96225dc32a40fe0d795124d3bfa9c3949,0.72,5.116e-07,10234,0,1,5117,5.116e-07,0.0,,,live
2026-10-08T11:37:16Z,0xa81118e134dd431b6da5dbab421a4cb242b1db39,0x140dd8e1a17d149e6adeb0347ed990ca58ec82897ac678c0ef9cfae0ebc963c1,0.85,5.178e-06,39872,55657,383,51789,5.178e-06,0.0,,,live
2026-10-08T11:37:16Z,0xa81de338ab869fb9c4eb6d99cfdee10fb050854a,0xdd458fc9f1aade4ce04247c8854b65cb524061c7,0.12,0.0001292,13,356282,939,129220,0.0001292,0.0,,,dead
2026-10-08T11:37:16Z,0xa8228714411f4decca8ac3d6eb63aa00890fd716,0xe15f51bbb5ea74e0b9c0762702a8dfcddacd5cdc495de72bdb1531b53288f53b,0.16,0.0001058,78599,112028,226,105852,0.0001058,0.0,,,live
2026-10-08T11:37:16Z,0xa8500a809443b32018fb6e7045d9ddfebacd1e18,0x0b63111b1a70e04129769bd12f11fbb105ca6f84730926740cb2c4fb0cb9a99c,0.71,2.013e-05,20136,3037,48,20131,2.013e-05,0.0,,,live
2026-10-08T11:37:16Z,0xa859501407518a5778ccfd227771a37b876197c8,0x2f1b331ecad04f7981f9b7693d925e697572310d024f71d1053ed62573fef8ff,0.67,6.445e-06,6446,5336,31,6446,6.445e-06,0.0,,,live
2026-10-08T11:37:16Z,0xa86a61a859b8a215116cbccfacb1ea52a5333455,0x8b40f71aae77ffbe30430541c374cd2ae9a3a0439bed7d9582063a7502d1ef33,1.8,3.52e-05,17483,22183,355,35203,8.082e-05,56.4,,,live
2026-10-08T11:37:16Z,0xa8936b7148efda48226de8c06706c8f7b0f85c98,0xd42db345a4bd4df194902102fddc4edbb46f6b63c805cd242b359884d3e86e88,16.69,2.395e-05,14473,4603,48,23019,0.000157768,84.8,,,live
2026-10-08T11:37:16Z,0xa9188c9f5a5a1f8191b8679cea5f1d020f483f22,0xab340c2fc7920314bbb0c5a9adfc4e27212da40362d6b94c46806b2ba584cca8,0.97,2.286e-05,461895,12900150,15550,2286928,2.286e-05,0.0,,,live
2026-10-08T11:37:16Z,0xa930a6ba7be179ee283b95d194a068af09f17777,0xe8bd871399163826e050ebbe398774a2bd8625ae1803e7f12693fd941a364708,0.61,0.0001092,35207,15174,63,24951,0.0001092,0.0,,,live
2026-10-08T11:37:16Z,0xa9928ad59e33dc119ea845c523e59ff952804c6b,0x61a5193adb28395a6b0e4f2bbfcc038cf15a68e04e99cd39a373d46e6870b65e,0.93,0.0002692,42716,81423,241,61488,0.0002692,0.0,,,live
2026-10-08T11:37:16Z,0xa9db6d3fb987257767b7227b7df5fad099004571,0x7a3a8057d6e4d173c1b8cf9491fc24b696613b1d49450e483c090357fe8de07d,1.46,0.3826,16500940,44980,18,382644345,0.3826,0.0,,,live
2026-10-08T11:37:16Z,0xa9e1e489f4dbc78df2da56bb2071b5a0d80b6777,0xcf8f94bf2a87d5e2d06486d178e0ba40765d1a15b3adfc54c1ff7e04cf3a414b,0.12,1.766e-05,20968,26713,113,17631,1.766e-05,0.0,,,live
2026-10-08T11:37:16Z,0xaa07a0e9209e16ac99708c3ec70159c6ef3128a3,0xea9f200e13055b82f175f44f592c4c13dd8c9d9320a66487d3c5cd90d68550ef,18.19,0.05284,912588,1963134,2820,50202926,0.123459,57.2,,,live
2026-10-08T11:37:16Z,0xaa07f927b255756e947eafb2778db2c3fc9a28a3,0xb9a25b92a05ff018a6a684304a60067acb5c537ed38635049792ffaf26111f41,1.49,0.05207,14846379,21963904,225,49467327,0.05207,0.0,,,live
2026-10-08T11:37:16Z,0xaa122c212e7272fb6704803e1ecbb95114ff87d2,0x32a392f9c48944ccbce01f1c76b6e7b0e5cea89d09aa166ae690a748962be3fd,0.86,2.561e-05,25619,4,4,25619,2.561e-05,0.0,,,live
2026-10-08T11:37:16Z,0xaa4914af73cb91fe34dfa10696028bd129b3cbea,0x68a5b64a22d910f6693b64bdf2404bfee3e195001db5e264907faef1da6cc25a,0.96,6.453e-06,6454,0,1,6454,6.453e-06,0.0,,,live
2026-10-08T11:37:16Z,0xaa5751ff3fb61e613993b2eb4eab1fce017081fc,0x2f509c6e2675a1a7945902c64ba4aefaef32b2fbf34245f12078a1d0573db170,13.74,0.0009418,91221,387350,1484,925848,0.00316245,70.2,,,live
2026-10-08T11:37:16Z,0xaa75e755a333a0f7730a98e816e8ee324f0a94e1,0x06115e1093d70999e1faa11aff77fe315c17348ee064d4b626c0fa1a8c94829f,0.94,4.409e-05,17304,2835,13,10071,4.409e-05,0.0,,,live
2026-10-08T11:37:16Z,0xaa8ea6979dfa4af171472b881da620d83f4ec777,0xe88f0064cb3dbb1a05aec1b71864ff3dc079611907506a56c4b7e61580e342d0,0.6,2.538e-05,25172,52009,184,25330,2.538e-05,0.0,,,live
2026-10-08T11:37:16Z,0xaa919aa4ed11e38e76b69ee85937e7ec03faebf6,0xd4b3d91408892a919baa38b2cf16350331ec50052cd618db9d43f2c736f6284f,0.98,6.521e-06,6547,34018,206,6521,6.521e-06,0.0,,,live
2026-10-08T11:37:16Z,0xaad60db435da6efffa411eac59413d1dfaf172d4,0xd0dffc71022066454f10b32934950145084f29a8ffaf1b4744942d097101962c,0.9,4.927e-06,42073,54966,391,49275,4.927e-06,0.0,,,live
2026-10-08T11:37:16Z,0xab2a8ec408056d13fbcee6cef6b80018fbb54051,0x8aa1081d2401e1c0dc2a966a871179443adb81b381d1f70d6f035c38c8149310,0.71,6.39e-06,6300,1127,7,6391,6.39e-06,0.0,,,live
2026-10-08T11:37:16Z,0xaba49169eb59b2d18542c8921f5932984f4d7573,0x71e3b6bb138942bf28dfaabad1305160588e97d20118d01e77d53ef2166956b1,0.17,1.41e-05,13807,1794,17,14107,1.41e-05,0.0,,,live
2026-10-08T11:37:16Z,0xabeb34e635f0f0fad631ead3c6cd8b027c6835ac,0xe34bc1e471201fbb4ae79c67a57b6acea013d7024174d532ba0bf9e7cf1f97db,0.3,0.0003659,49760,116122,223,83574,0.0003659,0.0,,,live
2026-10-08T11:37:16Z,0xac434a90ba5e5c01a8d4736e6ac4960586492b2a,0x658238b264ca2666b59d3ca3efa623ae7024eb32,0.9,1.513e-05,7592,0,1,7592,1.513e-05,0.0,,,live
2026-10-08T11:37:16Z,0xac95d8509a2e4687b64de689e3055052352bb5dc,0x565fcddae258ba5cfc6df9eb6ab27f8df4746c50581e192759581bca611ef922,0.28,0.0003752,50459,127753,234,85714,0.0003752,0.0,,,live
2026-10-08T11:37:16Z,0xac9a9bef8855ea2979231fc34045448806ec5f0f,0x01785992617fb1615bd5f0a30f5a4ce0eb539b6c3fb87c96afc4cb3fbfbc17b8,0.09,4.953e-05,18327,2894,11,11313,4.953e-05,0.0,,,live
2026-10-08T11:37:16Z,0xad4d85e5b62abca75c9c8b25ac612165c95f1e18,0x19a85b970b4f7372fd92dc5c519f63ed3b53525350f11717d5a2c50aace16f38,1.26,1.987e-05,19872,0,3,19871,2.051e-05,3.1,,,live
2026-10-08T11:37:16Z,0xad7e6be0c72db44372a570bb24480e40acd1afd4,0x6f0fb98e6f35d6c9fae68fb8367df8b307629c90e33d9ae59c5d0346bb1230c5,0.96,7.85e-06,47614,48989,238,78505,7.85e-06,0.0,,,live
2026-10-08T11:37:16Z,0xad8b4e19e82e4e2fa6a29c1c6bdbbf2d84b6e64a,0x6383bee41c623f9b93537a4b21d4a924dac7e7a4,0.61,0.9998,10000,5,10,999802673,0.9998,0.0,,,live
2026-10-08T11:37:16Z,0xada4c1cc32878fad9a54f5537891d419d8e9640f,0x584d9069c1106c31b4495ebca186c4467dd732ec5c2ba70b37ec82077ac90c16,0.49,6.441e-06,6441,5431,39,6441,6.459e-06,0.3,,,live
2026-10-08T11:37:16Z,0xadbc89b8dfcd77b8a1e1b495e96228c49f38eb71,0x6644b2021e87fdfcd70b791ce323c72977b846ce0cb24f2524a1128de2f15131,0.93,5.511e-07,49542,13071,46,55118,5.511e-07,0.0,,,live
2026-10-08T11:37:16Z,0xaddee94d670cd2bfcabd752ced03758831977806,0x7a1371a8324a015c73c8f3dd61c05d92eab1bbf3,1.48,1.457e-05,7265,8,14,7265,1.526e-05,4.5,,,live
2026-10-08T11:37:16Z,0xadfefd9334772993e1dfa7391c60da5e1ec27777,0xd3f8ce7ba0f40d00b224c87ed9b806ba70def5bd299e73c06c364c0ccde3e134,0.71,0.0002642,54585,64615,234,60378,0.0002642,0.0,,,live
2026-10-08T11:37:16Z,0xae271a54182021b51bbf66366c0f5f181aba3a7c,0x01ffdf0f7266822d571d0914b7874a74656fe4d5a28a650cc38b00afe1d8c81f,0.87,2.563e-05,25635,3,5,25635,2.563e-05,0.0,,,live
2026-10-08T11:37:16Z,0xae8249f0d6133a3afdcbc93309bd2762f73d5816,0xff81b128269187d861cbbe71523173740594149f3450aa3e7e76f3785d2ad033,1.42,,,,,,,,,,dead
2026-10-08T11:37:16Z,0xae835fc8cbbe61f67b4080b40c4b5b35bddb5995,0xaf34bef9d92201bb033716be1b622b2c36dd5a0f62d753cb42bc841516ac1630,0.73,2.398e-05,28352,24600,200,23982,2.398e-05,0.0,,,live
2026-10-08T11:37:16Z,0xaec89a4a32047418638d666bb8bf9274a7677777,0x39c4128dd81f04461fee312ccc86048bfa7ba81c9dcb01f65d4b84e05101847c,0.24,1.917e-05,21863,51178,178,19140,1.917e-05,0.0,,,live
2026-10-08T11:37:16Z,0xaf29a96263246e9416056dc8bf77e9f56ca0cc04,0x461fc81e3fdb5acf7ef4864a67f57a1e0499d305d85212e5c46404c7bf1b29e7,0.84,3.574e-07,62870,6266,28,691,3.574e-07,0.0,,,live
2026-10-08T11:37:16Z,0xaf57eab05f0caaa114f4cd5528530b4216e4cff5,0xf4058ebf6da2c4c09d041442876e2e94271017ceae6de40e489676a237c2f055,0.49,0.0003777,50704,136627,235,86269,0.0003777,0.0,,,live
2026-10-08T11:37:16Z,0xafa3464944569569802669538e7312a3e2190131,0x9c7b19e520b84e3838e7a332cc655b23df0ec00b4d38d17634fa7e47507dcb2a,0.84,0.0001806,110480,139699,323,180627,0.0001806,0.0,,,live
2026-10-08T11:37:16Z,0xaffdfb3438b7c4c96742942873ab86a7ee519767,0x5612492b6b4db5e4b20a26e99156b0e53d1c9c4cc378f7a7f8f2dd63622a0707,0.99,0.0002656,42536,90449,202,60678,0.0002656,0.0,,,live
2026-10-08T11:37:16Z,0xb020e4fd65502eb4766fb86a720aef714b433f96,0xf5cfe971a06c7f918d450b25c1c153063434ee678df4bb9e75e1439d580e38e8,0.73,2.553e-05,25530,4,4,25530,2.553e-05,0.0,,,live
2026-10-08T11:37:16Z,0xb02e8f92aa97dd90285af017db27792369ebd02f,0x440b93e8d58de6575e321f90d6ade177a98d6f81,1.07,0.002446,1117265,148091,1260,2446498,0.002446,0.0,,,live
2026-10-08T11:37:16Z,0xb055ebb6b29a9a590667d824a86466159f5afba3,0xec298a5a30e10d45a8410ad0dc6bccd390774aba32e298761912d5a4572ce6be,0.86,1.007e-07,8565,10,5,10076,1.007e-07,0.0,,,live
2026-10-08T11:37:16Z,0xb08f292ca078134ddda2419337861dfd4ed11e18,0x4fbe57af9988d625172b6893bca69faed8029cb13f88309ca0fed9467f6043b1,0.97,2.014e-05,20147,0,18,20147,2.014e-05,0.0,,,live
2026-10-08T11:37:16Z,0xb0a4497cb5e37b48201c8b9ed998354831851777,0xce4a70b464a8965e4b3bcce1690fa4c98c0660c4e4bd182d8483b5f8738f5fd4,0.6,1.379e-05,18561,9473,35,13772,1.379e-05,0.0,,,live
2026-10-08T11:37:16Z,0xb0b3abbf3a5ff48bf20bf7bc0fd064cc4b824fd6,0x1171ebfc08d29a38c56883894b7b0661c492d0c82110803293c8a699175f329a,0.66,2.353e-05,32056,20776,205,23539,2.353e-05,0.0,,,live
2026-10-08T11:37:16Z,0xb0e5b81b7828c6643b9a387dca54fc91a16282b4,0x93eb7f7ccc88ba870c0ce70a0a9239f634903dedcc540f747de1594911f59684,0.22,1.181e-06,22038,745,12,11811,1.181e-06,0.0,,,live
2026-10-08T11:37:16Z,0xb0f3ab8575bfccad787490e00d0e8e4f13f77777,0x5358916ab961df9d3708236a032c76db5b668c13f3d96538b9091c7de42bada8,0.42,0.000246,52920,59184,230,56225,0.000246,0.0,,,live
2026-10-08T11:37:16Z,0xb10e359bd403d5b1a6aa250f6dcf7fb07686c972,0x48b07961081a4ddcad63eeaf66293e10c8854469,1.01,2.905e-06,2894,13994212,28470,2905,0.01313,100.0,,,live
2026-10-08T11:37:16Z,0xb11451f22dcbddf314afe5dde2df24ccea248777,0x2c5f7b248d8b09b5c6e3d28fb9d0d9458ad58c76275bfe694d20b34a88c7c87d,0.43,1.916e-05,21924,51464,187,19131,1.916e-05,0.0,,,live
2026-10-08T11:37:16Z,0xb16d8f96937539c3f072a1a7ddde33736ceb3b56,0x6ef679422555ddd2017a6caa4020151a8445556b,0.61,4.265e-06,5928,391,3,4266,4.265e-06,0.0,,,live
2026-10-08T11:37:16Z,0xb18a4bcf9018bedb1fcb90ed80f87087151c09f4,0x206211d456a3a9dbe45e13507aac5131ace9c716,1.98,2.89e-06,2882,2038,17,2891,0.01692,100.0,,,live
2026-10-08T11:37:16Z,0xb18f5680d9eb78c29d09937d0257cb8c9f1a8777,0x1365582bb223428724b9d0988e0cd3ce588a79dd14b8a74b3d7c0d04f9fa8c88,0.17,2.285e-05,23895,55905,182,22812,2.285e-05,0.0,,,live
2026-10-08T11:37:16Z,0xb19d50293dc2156e57fe0c625a5dfb3d286a8f93,0x5d82c926daf94ee68dd442d2812f43518fbcab46,0.9,1.513e-05,7592,0,1,7592,1.513e-05,0.0,,,live
2026-10-08T11:37:16Z,0xb21fb45e9dfd9fb7cb515ea3398a1921e0e00869,0x32c07861df652b1f17984aef323641407eb36a75c935764a92fabdc1e8f59c97,0.23,1.773e-06,17288,3330,53,17733,1.773e-06,0.0,,,live
2026-10-08T11:37:16Z,0xb232ca4665c8a3bdb7968dae6b708ebd48e02639,0xa152f227d0814a10cbc78d1f48b31b3db455c5c46e9bd5b3364081cfa1ba3cf5,0.43,0.0002444,40823,82143,239,55839,0.0002444,0.0,,,live
2026-10-08T11:37:16Z,0xb250ba7aa5af6d5089ccf216653170329fbba678,0xa893925bd028d153800b1a86329d311d75d7582812a120883dac9c1617ef0e19,0.13,6.657e-06,45244,56156,235,66579,6.657e-06,0.0,,,live
2026-10-08T11:37:16Z,0xb27f886903f9001b9f759711727646373d742ba3,0xc02578829887e699bda3607843e1e99f45f6a037e4f16ace4f931c31f8337647,0.76,1.48e-07,12823,23594,365,14802,1.486e-07,0.4,,,live
2026-10-08T11:37:16Z,0xb286271ac023261f68662645ef608447d31d4fe1,0x23a662b5fec9035ebdad5e6491deef158283aae288436314f0cb3bc83dcccee9,0.42,1.032e-06,20630,8,3,10323,1.032e-06,0.0,,,live
2026-10-08T11:37:16Z,0xb2fc3157333df3d33f44790bc88ffbe13b297777,0x77c177531a917b9b249dd9ee0d5548216878b515490f2ba242993742e0d1b546,0.51,0.0002244,50520,63628,232,51292,0.0002244,0.0,,,live
2026-10-08T11:37:16Z,0xb323ddbacfe94afa78dd8b887da9a7286946f30a,0xefacc53ddc5327a43dab3c3df2b5d60eb6b1463bb41eb2dc33c880d0d579d9cc,0.65,0.0002917,44590,83227,241,66645,0.0002917,0.0,,,live
2026-10-08T11:37:16Z,0xb363202df533f79ecfe0be6f1e0781e43343eb5c,0x0fd838bbcf76031be6c770cf4e55f9a97b55bbf3,1.77,1.269e-05,9882,22742,952,12691,2.183e-05,41.9,,,live
2026-10-08T11:37:16Z,0xb3a2204fd5d011d268b56d6f7a0ccca484f5a727,0x9c41406df394f1c619721992b7227a0475c4a90cd734a73fc8ab91c6cd73e761,0.65,0.000621,226887,1447117,3136,621037,0.000621,0.0,,,live
2026-10-08T11:37:16Z,0xb3d987503d42ed5527664ce3cbbc0dafd90a7777,0x5d48d8881d2bbebce1700902bda6918f4b71e2aaec42d3dfd973a54e1de80b70,1.42,,,,,,,,,,dead
2026-10-08T11:37:16Z,0xb43d4a8ed56a48cf937874db05f0261959c9fc97,0xf91431980930f5d69cfecc017ed31406f6906b3a8115210d779c4028fc66ea77,0.26,2.567e-05,25679,1169533,3075,25679,0.000135,81.0,,,live
2026-10-08T11:37:16Z,0xb473abc4629ae3038bb3a57e4e88f0ee6488fbe6,0x32844dc23b391625681006739043da5a0ae4e459c95b260a934133a278582742,0.25,0.0003413,48195,73508,242,77963,0.0003413,0.0,,,live
2026-10-08T11:37:16Z,0xb47c6bf935b19068dc3bf9b81146b8187cbca688,0xc9e4c5458260bdebbc9a2881b4f48fdc74b6e3416b728f20fd5a63f47f065c4e,0.85,0.0001766,108965,185411,446,176632,0.0001766,0.0,,,live
2026-10-08T11:37:16Z,0xb484b1216beaca0a9093de83be11f22b83ae26e7,0xc70c5e094e7ad752e7f0a220fdbd23817d4e57d8a6763bdb0f85e489b2ed6b5f,1.03,0.0002065,214534,478895,2602,206545,0.0002065,0.0,,,live
2026-10-08T11:37:16Z,0xb496b65763fd6e1b02624e9c31a20f36a4723d88,0x1e51a9247528ad3356a2e53c9c0ae25cfe84e261ba9091275b34bbeaf108accb,0.34,6.413e-06,6413,5433,32,6413,6.457e-06,0.7,,,live
2026-10-08T11:37:16Z,0xb4ebf16f805c3e307242728c1aa3c1ee07e965f7,0xe1d7af709494705b7326e61093b992ed239a94f0737ff2f572dca0c4fddaba9d,5.74,7.691e-06,8201,73449,596,5910,0.000598759,98.7,3,False,live
2026-10-08T11:37:16Z,0xb51e120325923477849065206685dd8644a136e5,0x07e6f36ab69a7ed240b9f533fb38adab5c4e5f627e647836fa9585a6bb647683,1.5,,,,,,,,,,dead
2026-10-08T11:37:16Z,0xb55e6ea3ee2e670f65fa6ac254cc063011f76ba3,0x54cfc2ca4b8c19a9310cd11fda36a5f4162d28bb0d2ac391099028791b8456d3,0.92,1.017e-07,10184,352,5,10178,1.017e-07,0.0,,,live
2026-10-08T11:37:16Z,0xb574cc80b2dda87e645045c9c9f3d8b4aab592de,0x85bea26ba5544a0667498baa56655a30f1e90eb9fa90b8f7e1bbe2a4438d650e,1.36,,,,,,,,,,dead
2026-10-08T11:37:16Z,0xb5a3f2e32c391c760386866564c332780ded0882,0x3baa2daf87c84619f2abb24815d5052fbc7aca5f,0.67,1.489e-05,7473,21,22,7473,1.512e-05,1.5,,,live
2026-10-08T11:37:16Z,0xb5bbf76871cdd71b747377d84aeafa8240b29f03,0xc643b1a153802f209c9d78f83fcb20c93d5b674ec17382917467253172887f75,1.45,,,,,,,,,,dead
2026-10-08T11:37:16Z,0xb5bf0616d4bf9ab6dfbe1eb23c5ffbf136f61e18,0x039f96d357d0d8d2ad3fc2be4497b432500542dab1f1af1370219008deb39046,0.59,2.029e-05,20354,40616,762,20275,2.572e-05,21.1,,,live
2026-10-08T11:37:16Z,0xb5e0d2d63bd60e669553d3e95cb917a6b1199258,0x870f3f426782400d290f106fdb75f1362cf610fc2cdb01f46d8448437e2d93e1,0.21,0.0003018,45229,113979,230,68944,0.0003018,0.0,,,live
2026-10-08T11:37:16Z,0xb5f117eb7e564a720fe55780dc3a82a9cf1a0572,0xecc572844a863446e9fb93b71523147dd99695294a1595c1940542393f1a5f2c,0.35,6.423e-06,6423,1292,7,6423,6.449e-06,0.4,,,live
2026-10-08T11:37:16Z,0xb6031e64c7874e2bf6f84cbcbe7bd603f2553f0a,0x772eaa2c6abdc49c063638499b40d5ad2370148d9a94e27a4a44dde119e7625a,1.02,0.0001642,95570,7493946,17498,164296,0.0006425,74.4,,,live
2026-10-08T11:37:16Z,0xb629a33b5794d996582a44634afae11050db85f1,0x9422612b64b4ad0e6704890a4f81acf66aced8b9b45fb27036fe5138af5be2ee,1.45,,,,,,,,,,dead
2026-10-08T11:37:16Z,0xb645949625b67ef9a97fe2008cf45c242385f777,0xdf98f89b3ed2feecfa01636917d28f81c64c6ec978d9399ed5d65094dae2ac12,0.44,1.829e-05,21403,40793,124,18261,1.829e-05,0.0,,,live
2026-10-08T11:37:16Z,0xb65dd50e6de16884c33c338a2a9cc9c11a55cba3,0xff8475217f4eb4de85d556fa51e881850d8007bc16a728fd822a8afa75cadaa6,0.88,1.015e-07,10162,2033,23,10157,1.015e-07,0.0,,,live
2026-10-08T11:37:16Z,0xb6b13c7bcdd63082ab40f0d9e50e3d6fe8c6144e,0x12766300912b1f72c56c5447cc3ad279ae2734b2b8b807c0a600a347d5759c99,1.33,,,,,,,,,,dead
2026-10-08T11:37:16Z,0xb6bb09aaa195e96fda7c382159eef7f4a0a759de,0x5c299be1eeab533b4912236b203145d5614e1ac1e877630f427abecd4f5915fc,0.23,0.0003145,46262,75100,233,71839,0.0003145,0.0,,,live
2026-10-08T11:37:16Z,0xb70c9adb2281eee879c7cbaee0fd0059a2f866bb,0x56b9ad9f42359d2a9321c55bef17ca95627bdf6f,0.73,1.529e-05,7679,0,1,7679,1.529e-05,0.0,,,live
2026-10-08T11:37:16Z,0xb71c11e14e788777ae1cfc9663f6b4143667b777,0xc55534ace9d7abb7e21c981eb1cb53faddde8a491e3e25e9f529e4eea16b15a3,0.36,2.084e-05,22854,51365,179,20801,2.084e-05,0.0,,,live
2026-10-08T11:37:16Z,0xb7622c38def93dda084454984fc1cdc357746d58,0xd9d78d9d751f1228cd2c886b3529244011c6b3f2,0.09,7.564e-13,0,29244,30,,1.927e-05,100.0,,,dead
2026-10-08T11:37:16Z,0xb784e5e0b85d5cc9fec1c5f223f9321b3fe99fda,0x9103ea32b122bde9d0756048c6d3f8966e517ed917410791cf014d4434c06440,0.42,1.031e-06,10313,3,2,10313,1.031e-06,0.0,,,live
2026-10-08T11:37:16Z,0xb78cfe933bf89348c7c68bab31ba84cbc5a27777,0xa58583a86f57938b850206dcbae71d3d917f081fdca062bc4e69ffd5360482e2,0.9,0.0002665,54927,60594,231,60902,0.0002665,0.0,,,live
2026-10-08T11:37:16Z,0xb7c6556db5dc4a4b7cdeaedf7ada1c9027c3d891,0x1deb1928cc688a808d57972d5e1ba7e0f20df8b72d7bcc3a1da5acc5c1e66267,0.94,2.202e-05,28416,17993,206,22026,2.202e-05,0.0,,,live
2026-10-08T11:37:16Z,0xb8120ac7444953e7f3b30ed7356045f2c5d10777,0x7531c0fd8de9cca766288f7629af8f017691b8e9d5e7052b19c97f2907dd9e85,0.73,2.81e-05,26421,48083,184,28046,2.81e-05,0.0,,,live
2026-10-08T11:37:16Z,0xb86933ec816e7f5b43124cb5604ffa882c6a6777,0x0e287b4e29d0d709caf05359fb3248e9cf1bf9a94de999b7db1b32418d2d2c18,0.45,2.416e-05,24588,58856,182,24122,2.416e-05,0.0,,,live
2026-10-08T11:37:16Z,0xb8aad220341ed8d9558d4aea2d96a677813dcccc,0xf9559fc80edbbe2a7f069509339756ed14feaa682db9c6e8b12b841c65019ca1,23.18,9.529e-06,9811,3,4,9529,0.00116173,99.2,,,live
2026-10-08T11:37:16Z,0xb8c02eeba19dfc72ca404d745a86700259375777,0xbf89d19660fc10c387d2a11640defeba45db0e9fc1fb1b80b39046961dce5537,0.76,2.813e-05,26498,51085,180,28076,2.813e-05,0.0,,,live
2026-10-08T11:37:16Z,0xb905b8e778b0d83836a5a7a333a77d8ab7eeb6d5,0xbfdc7bd0b2553b2f59e50e4237170bcdb95c67a8,0.84,1.51e-05,7579,0,1,7579,1.51e-05,0.0,,,live
2026-10-08T11:37:16Z,0xb93cdc3ca47f1143449f3b501cc5654fe9587777,0x282becbb83aec5ffeebb6d8c61330f4a84d27de97f481bd764ff12ac7611dcf5,0.94,1.908e-05,21809,43673,135,19050,1.908e-05,0.0,,,live
2026-10-08T11:37:16Z,0xb9c7f170ee98ff6c332ce83d17dc14869daa1e18,0x6d05a6be7b5c851957cfcb487017d217a5ea8567f1e2bc1b7de05a2302c330fd,0.32,2.006e-05,20061,15,3,20061,2.006e-05,0.0,,,live
2026-10-08T11:37:16Z,0xb9e4c11d0fa3480be9135c1cdfedacad31fb1e18,0x38dda07e06e8b87b5200effc17b74dab61418c91e7a2c6665841683a882e57a3,1.85,1.967e-05,19680,0,3,19679,2.005e-05,1.9,,,live
2026-10-08T11:37:16Z,0xb9e4def3d26c113aa49a9e76af327c7950291fa5,0x0cf77ae161929e3801bb671122cdf406d6d54f7aeb4378b94e008bad34a674cb,0.4,0.0003355,47866,112526,235,76648,0.0003355,0.0,,,live
2026-10-08T11:37:16Z,0xb9f71c7279773f0718b4a9cb80885d688d116777,0x16edeb8e78e278ad6cd506bdc509b14f570a118045da18acea0b7b0e9538f395,0.89,2.427e-05,24599,49377,183,24229,2.427e-05,0.0,,,live
2026-10-08T11:37:16Z,0xba1a2d9783ebe2b76493c5c12eb9813a0e062843,0x6e8a6a1af8ec53f3f09c7303e5403558dee42d0a,5.79,8.097e-06,6532,473,202,8097,0.0517375,100.0,1,False,live
2026-10-08T11:37:16Z,0xba26f3df2f81a13e9e6d24f02eb8504f62970bca,0xa7e3c86e18fdf4123ad14b1806e1dcea1c14c3f3f6c3b008288c9a2d00fe0eca,0.5,0.0003339,47704,105805,238,76281,0.0003339,0.0,,,live
2026-10-08T11:37:16Z,0xba2ef4773b8ce52149e5b0c7ee7af2d62c1eba82,0xb0d0ac59d814347f885ce3e7cf902e344b473c3a8ca2d05ffb03f07bd13a252c,0.48,0.0003416,48208,124263,217,78033,0.0003416,0.0,,,live
2026-10-08T11:37:16Z,0xba440941f475646388f3424a5f9e5e74fe4f0726,0x11236b6ed2e9ef69f1d88b6c0990c7df192a57b6c26e625ecf31dfd90a36d53d,1.19,0.0001422,62811,412,6,2800,0.0001422,0.0,,,live
2026-10-08T11:37:16Z,0xba6263f3e9ff4d7d6438317be7ee98d9f2c3c45b,0xb5e14b901f9a767946ab66562c2856f7f1c618f6,0.88,0.002451,132633,4264503,7664,2450691,0.003582,31.6,,,live
2026-10-08T11:37:16Z,0xba9074b7ba87c189922e14f9b6b232674c417777,0x2668bd9ce452cb526331bf832050a3d8d1eca2f5da9f90efbc55b9b83886d040,0.17,0.0002445,52687,60257,232,55876,0.0002445,0.0,,,live
2026-10-08T11:37:16Z,0xbab2014d948e01966a0917b242a332d7ff707777,0x1b434f9a7a14e60333e08de722c82da0ed3b8efc6f90ed691de59c7bf6c6623c,0.05,0.0002662,54835,59418,235,60830,0.0002662,0.0,,,live
2026-10-08T11:37:16Z,0xbad2206521c8cc5a2399993ba1078f78c3751e18,0xbc71bb75e4dc2f9f9fe6b6a9b09a30685c81f1d7d26ddce3aed0ac8b29c09dae,0.75,2.002e-05,20028,2529,33,20023,2.263e-05,11.5,,,live
2026-10-08T11:37:16Z,0xbaffa3654abbfec949ea5b5ddfd52baa229391f6,0xc96e18a76184a21ccbb92053c1134897e061099c4fdd2b991a93036a96b17590,0.31,0.0001866,35592,71873,220,42638,0.0001866,0.0,,,live
2026-10-08T11:37:16Z,0xbb085f24b03d00d39db9d488830a405161b215b3,0xe692b645b523828c43217dff8c65d1f428ba30be5011043b920e56fd96d16088,0.93,0.0003089,152087,577364,603,308960,0.0003089,0.0,,,live
2026-10-08T11:37:16Z,0xbc4dac09ddf9e9131c97902dd3d33fda3c665a92,0xdd9f98e153cf39e0b0c9caf943e7de322c350ee76be49888c6aa55bd00760e13,1.72,8.195e-06,8179,26705,7,8196,0.0001653,95.0,,,live
2026-10-08T11:37:16Z,0xbc547173516c4eef067fe3c267766372a511bba3,0x975ab56c142b35d8839614951f04a69d23fe8ceb39f4631989bfe8b3576d95c2,0.12,1.005e-07,10058,16,5,10058,1.005e-07,0.0,,,live
2026-10-08T11:37:16Z,0xbcbdeeb90d762592898a5a67859e0d4b01da1bfa,0x256dd3c0be785382d039da8a4152bf2e4d4f9fba7654b733584f189ee6f0b1bb,0.63,0.0001156,83383,204823,491,115678,0.0001156,0.0,,,live
2026-10-08T11:37:16Z,0xbce04e6be60abbea05477960c24e3e52575ec0ca,0xf3bf21852c8cce5df5349deb221688a426b613b4af9b8a335a71d62c8f199455,1.34,,,,,,,,,,dead
2026-10-08T11:37:16Z,0xbdacceca02eeb8bf22254036a0950b0d42577777,0x54e06227cb210e8a7705a20e39fe0e6ccb9be487ab6495086f32cc3a7795a397,0.97,0.000149,41161,38288,143,34048,0.000149,0.0,,,live
2026-10-08T11:37:16Z,0xbdbed1cafe4e9c61cea746ac2b97c24cf6541e18,0xc51fb3fec8e2654718f077272122d9f6c22a2796e299d6a141eb045432e23848,1.76,2.025e-05,20254,0,3,20252,2.025e-05,0.0,,,live
2026-10-08T11:37:16Z,0xbdc00f2b4bf0afa7dfc8fe698b9fd4e38abbc546,0xde8f19fe85e7612b5d086da99b8caff600a2cd165e0e13aa485d39c08eadaa97,2.91,1.273e-05,9172,2195,35,12740,0.000295075,95.7,1,False,live
2026-10-08T11:37:16Z,0xbddd48bde05b98d222a7110fb363c5176360b356,0x5d07d9472723803073b594f582149ca82ffec1c2,0.75,2.592e-06,2700,2826148,10280,2592,0.000851,99.7,,,live
2026-10-08T11:37:16Z,0xbde1ee8d3a691b8c41dc6a2f2ad3b6dbf7b85bae,0x47a06c005dd5c0e616b2a2164c7879984277ba9f9964bdd4e1b6c8821c830d40,0.36,6.484e-06,6510,20607,291,6484,6.545e-06,0.9,,,live
2026-10-08T11:37:16Z,0xbe6bf48879e52db8256125beadb985a22050b44e,0xc7544bdf8c2e12371944e24ce30a4a41bab6b66e,0.12,1.502e-05,7538,4,5,7538,1.502e-05,0.0,,,live
2026-10-08T11:37:16Z,0xbea7066f56c49b66fa906b526adf502585978bc3,0x8445a69735d92420ab2e7479d9a1c913808aff5c3af14bde22395dbd701aadce,1.42,,,,,,,,,,dead
2026-10-08T11:37:16Z,0xbeef918a85c17f78cbc53ca5c2067d0a05891a6c,0x78fa40ed2fd9764dcb18bf220b3ba99660876a74d2b974b31321811c5d8719ff,1.41,,,,,,,,,,dead
2026-10-08T11:37:16Z,0xbf177ef2b7f0d9cade41a8069138868517ed4310,0xc6ebb5306debc6d6b3c0fd0039a84bc6ad439dc9b5dd7363be3eb3f79a8ed22f,0.84,0.0002418,40515,83169,237,55229,0.0002418,0.0,,,live
2026-10-08T11:37:16Z,0xbf26b670281ecd28260d86244fab151d32df788b,0x82945c6538d3617d95c470abd2c485122392d02713d7f769bb5095c1fd2e50c7,0.9,2.819e-06,4966,62505,691,2820,4.525e-06,37.7,,,live
2026-10-08T11:37:16Z,0xbfa5204305209f0ec73ea4c230108bed5c80fd8f,0xca04a1e3cd58fa1a31169015d135316a769cb06c06328dcf2990ae5e061f3ada,0.23,4.561e-06,6479,2104,32,4561,4.561e-06,0.0,,,live
2026-10-08T11:37:16Z,0xbfdac6235dbe77c0cd6edb01c810c7da858c6c41,0x93d8dbc572068e01ebf1128d5de3e4703792a2b51be7e6ac101458900709440b,1.61,0.0002061,42577,137568,404,184835,0.0003931,47.6,,,live
2026-10-08T11:37:16Z,0xbfedb850e6f9e8427424f726905edf510180c777,0x9363357ff6d637720bea4b465f738057cbacfc14cca981b1cb68c50095ec826e,0.5,2.027e-05,22517,43485,144,20239,2.027e-05,0.0,,,live
2026-10-08T11:37:16Z,0xc04b1d420709bcc08dcfe55fa8343c782092b777,0xf10b6aaee7f887878d21c805de603a276c67b0e072e42c4798a6ca2905138975,0.2,1.891e-05,21700,50049,167,18880,1.891e-05,0.0,,,live
2026-10-08T11:37:16Z,0xc0812a13ee633712a5a521def4f05fa504cd0777,0xc4ae18fc440ade1191542c780ac5df8459243329b71a6653edb90d839de0b677,0.18,2.642e-05,25692,49617,166,26372,2.642e-05,0.0,,,live
2026-10-08T11:37:16Z,0xc0c7d2548ae0194c184bc3eee91ba7340d89a07a,0xfa4a9798a9fdf3229b474aa9e0c951c8eeb6f13c431fb3b9d5128b79d7e705ee,0.16,0.0003547,49134,118146,235,81024,0.0003547,0.0,,,live
2026-10-08T11:37:16Z,0xc0e82b787a22109939753faa4d08859f0fd2c232,0x56993ea114b99a17f9432e732943332336e1f8731103b63673684efe3989598a,0.73,0.0004079,178990,1737920,3483,407957,0.0007692,47.0,,,live
2026-10-08T11:37:16Z,0xc132df3f78a5114d68f73e09b6b2d8902f7772c7,0xf9c5d7f6ae487a42611bff07273f8eba49ed8e4c1ec6dc169ada9962c31d391e,0.69,0.0002419,40520,80636,240,55265,0.0002419,0.0,,,live
2026-10-08T11:37:16Z,0xc17ce6cb7b9918314f0373638b31a11a26806ea2,0x1dda5c8b61bf2796572248a1ba0cc2a6fadc7f20c4b50cb1575226245e1585b4,0.68,0.0001461,31470,47302,120,33376,0.0001461,0.0,,,live
2026-10-08T11:37:16Z,0xc18ecc2f1af8b603a441bad05feb8703e7337777,0xabd5ac4f2c8628068b8d1bec5dc314d576a0eb5ce04a5a89441b1a3245425a2a,0.41,0.0001905,46596,46542,181,43543,0.0001905,0.0,,,live
2026-10-08T11:37:16Z,0xc1a07657096b2ad332824d5f70902072068a3d8b,0x0dfd6f6a8d47e5b247be344f01c7cbad1360fbf3,0.9,0.0003203,32033,99777,599,32030,0.0003203,0.0,,,live
2026-10-08T11:37:16Z,0xc1b70458d13a91e902464f5c18d955010791bc6e,0xc392f45553c77db1f275c6490f8f18ccdddf9259c64c76fb55d5e79a31f82718,0.22,7.715e-07,15427,3,2,7716,7.715e-07,0.0,,,live
2026-10-08T11:37:16Z,0xc25d36262741c1bd62f75bb92da024554ad3a827,0x0e919265ab4d633aa0e37a9295aab5aa43ae897be69f493911118a2741b88c79,0.76,2.405e-05,31241,21488,205,24059,2.405e-05,0.0,,,live
2026-10-08T11:37:16Z,0xc26221f0c7aefbc0a0f0dc55e6d0e0b6c42b7777,0x8456c1eb8b4c68d147e1d530c6d13f9cd1ee86638237db59fe0c69a3bd95f2f9,1.5,,,,,,,,,,dead
2026-10-08T11:37:16Z,0xc289fe68a1b38fb0ed7a15a5e6ff035bd2b6450f,0xe8b22671e30eb3fcc756fd96beab968ffa4d9fbcfc22db897b2509adc9a40b01,0.64,6.416e-05,20906,9254,35,14655,6.416e-05,0.0,,,live
2026-10-08T11:37:16Z,0xc2933cb916bb163efa30ab3b156057d17c3d4ee0,0x950da61149a6684eee4db6339fa10e72e51a6e1e4be41fbc8813fee0d07bfeb3,0.86,2.581e-05,25810,947502,2342,25810,0.0001295,80.1,,,live
2026-10-08T11:37:16Z,0xc307713f39be4c2897660280a97a70b64c287777,0x0fefd152da289e800af6c6f2601158b51e58e5e99ab9e78ed72138b33169860d,0.84,0.00023,51029,59362,228,52567,0.00023,0.0,,,live
2026-10-08T11:37:16Z,0xc319024f52527af660133e5f7e77975ca5d2e26e,0xd2c06447ad2a3eabaa6d1cb033cde8705652f66aad932e85e0e77d08a8668b80,0.74,0.0002333,39708,74613,240,53301,0.0002333,0.0,,,live
2026-10-08T11:37:16Z,0xc32ab2e562ade6fba6d3d1e3960d49b0957ef645,0x1955fc17390d27deb491a59749c315a934cfc222797fc99bdc1f7725a98de330,7.35,6.161e-05,23129,89644,768,50246,0.000771627,92.0,3,False,live
2026-10-08T11:37:16Z,0xc368aa50a3944cb442b303e59d2b0426392807af,0x07d2a22a03bcac9d56905044a0ec5e51104f572d757f8e75b1ee31481fffa105,0.25,2.574e-05,25746,6,7,25746,2.574e-05,0.0,,,live
2026-10-08T11:37:16Z,0xc381ea72f658c8c2dcf36a20c186cb65b255ec8b,0x9dfed318fea86a5f5fc8cae486ba5f4cd5e9303c4e68ea8751b708a7cfe988a1,0.42,1.033e-06,10337,3,2,10337,1.033e-06,0.0,,,live
2026-10-08T11:37:16Z,0xc38c332012a9116dcade0c7f43b5d3c71799a9f8,0xb4b0dfeaa2e2a838f0f7a304f005ebe32390d4ef,2.51,2.776e-06,2772,2006032,5630,2776,0.02089,100.0,3,False,live
2026-10-08T11:37:16Z,0xc38f6832822b3b07ce89c248d833539d0deea918,0xa38abe5242f3ff0c5e8d86c5399b21784a583c8b46abe58464a05c5499b15a23,1.37,,,,,,,,,,dead
2026-10-08T11:37:16Z,0xc3a83191c072a68cdb64d71f517857cb99cada77,0x254edb0a1f75ccd69a58f5d40ea68021ccb809bfb10ca66e9b93b71de411d117,0.51,0.0003511,48898,113502,233,80207,0.0003511,0.0,,,live
2026-10-08T11:37:16Z,0xc3c647888708194f5889acd5064dc805290f80e8,0x28122e385014dabc279d36b149f2e2174de8e072,1.56,1.453e-05,7246,80,53,7245,1.523e-05,4.6,,,live
2026-10-08T11:37:16Z,0xc46a812b77993b80b385338bcd39c9f25d4bac0f,0x4b017217ac8309af596d06f0d4892beb405d5020,1.08,1.515e-05,7574,193,41,7574,1.712e-05,11.5,,,live
2026-10-08T11:37:16Z,0xc47409d3dd3c7c4e7834cfe17405f2c39e987777,0x648a16237f144b3d700cd3133255cd712522483d2361041ecb2007edbeb0fabc,0.37,0.0001669,43601,35420,131,38146,0.0001669,0.0,,,live
2026-10-08T11:37:16Z,0xc49ed891de7df657eb09849daa48b44ebec2285f,0xeec98ffadc29cd1e5e232cc13f4803ea9cd6d74cc3f508b1661483b170303eab,0.2,4.369e-05,30542,35388,408,43694,5.188e-05,15.8,,,live
2026-10-08T11:37:16Z,0xc4d284df1ed74a287ebd0c38f26106e34cb77777,0xa7c316beb38af8f52703e4189328a4b55d3f0f270248cb60b5199ec9380a378b,0.44,0.0002213,50178,65530,233,50572,0.0002213,0.0,,,live
2026-10-08T11:37:16Z,0xc4ebc1c5f4140b8217376cb759a9c522c864cb97,0xfe08003de9430c83d5f2a3707d86aeac26461e11f691cfe924202efa832ae807,0.85,7.334e-05,957807,17223175,14338,7334135,7.334e-05,0.0,,,live
2026-10-08T11:37:16Z,0xc4fa94eee1895336d3200122b41505b4e9c87d10,0xd13660d2347d9517fce7418d4c276cce11601229318caf2e4f89590960b01b90,0.2,2.563e-05,25633,4,3,25633,2.563e-05,0.0,,,live
2026-10-08T11:37:16Z,0xc5054afcf1b76911e542aa33901ed0c928881e18,0x8c9bf564a888dd928fb524d5dc1cd8dc9a7e4ae83829d4d0c4293ff3f9899988,0.8,2.012e-05,20128,16,18,20128,2.012e-05,0.0,,,live
2026-10-08T11:37:16Z,0xc527e864f165ec931f2223968605f37b77681272,0x7e280f510ab4bb74d00bd71356314d15af20330e,1.36,0.00651,5859011,0,22,6510012,0.006618,1.6,,,live
2026-10-08T11:37:16Z,0xc58383d546c3723ccf6827de39a4f555858df60e,0x8c695d93790be2ac5df187279b2ea986b6318f2ff61a36d6ebc83b38b4234f88,0.67,0.0001203,85583,1198074,2268,120337,0.0002807,57.1,,,live
2026-10-08T11:37:16Z,0xc5d4f8391c70205c8e82087c93e497b57674ab97,0x3d9b52287c3b09797658af72b614fb14aa75c44ba1a417766dfdbbe79c4caaea,0.38,9.415e-07,18417,207,11,9415,9.415e-07,0.0,,,live
2026-10-08T11:37:16Z,0xc60beb77c5fbaa40b14e7aaf90d5c4b34e8ab006,0x9d7863a45cf66868249d482a63f9501293bea6c5ed2e2ea9bddab4f5567dfb72,1.47,0.005185,1561722,24929284,2406,5185266,0.005185,0.0,,,live
2026-10-08T11:37:16Z,0xc65422fdf2393b06708b913ffd042462b8e29777,0x972c01f79ffe9640d09a0bf502cae133be5813f74041050e5224cfa1074d3c95,0.84,1.303e-05,18005,13164,46,13011,1.303e-05,0.0,,,live
2026-10-08T11:37:16Z,0xc65f927b8ef1e3f71e58f65e64a95e9ab19fc0f9,0xa3156f2e0cf97e27f37691ed6bd379a18d1ca79f918520fa452864566d3320c8,0.36,7.742e-07,15480,3,2,7743,7.742e-07,0.0,,,live
2026-10-08T11:37:16Z,0xc677954b65913a9e4d3c0f9cdf5ddd572c591e18,0x1ba918d4656cc064be9ded9c44e7dc5de1c9171237ceccad9f48c11afeff0a2a,0.86,2.009e-05,20098,8,6,20098,2.01e-05,0.0,,,live
2026-10-08T11:37:16Z,0xc74d2f73ee11fb10a2e75b245a6ff8c111389777,0x66e56b4de2231222453c03b2cb505223fd9607a316c276458a843a7fac093cd2,0.21,1.834e-05,21347,24216,95,18307,1.834e-05,0.0,,,live
2026-10-08T11:37:16Z,0xc77c8fa9e6a9954348f2ffe115d2cf566ee5358d,0x3d6385fa39a601e509795f596a01b47a47e93e89330675c792c2a936be164535,2.04,0.0002661,207095,205985,1706,266142,0.0002661,0.0,6,True,live
2026-10-08T11:37:16Z,0xc7c9b68cb305235c26ef73a1a2a4be7e49601e18,0xd9ed205ca25808526a638a8cf71404541d495098f417fb2aec7285fec76740ef,0.76,2.005e-05,20056,1,3,20056,2.005e-05,0.0,,,live
2026-10-08T11:37:16Z,0xc7e88554172a39cf1fc5cf16ac871405622c86a9,0x871b39279394b68b6d1ffd2ee2ea2da3e42b5735c9bc7fcff6bfe25415f32192,0.32,0.0001572,32645,47131,172,35912,0.0001572,0.0,,,live
2026-10-08T11:37:16Z,0xc7f18b30400c186276cdc5e8d439c7a60844f197,0x5872a36a4fa8d905917dce3286d86bc4335a72baf33cfa3b08d8e05b82929d7c,1.79,,,,,,,,,,dead
2026-10-08T11:37:16Z,0xc80933069d21f6a06517ae727c8ab437a48189f5,0x4b02b84a23c4e74284f2f76026a304204d140c1d94ec368a25c7d136994b0d3a,0.23,2.31e-06,28818,12418,243,23100,2.31e-06,0.0,,,live
2026-10-08T11:37:16Z,0xc88774730a2a40788654eb1b8cd16c85fbe62d37,0x5418ab957ff15608730dc8c14b8b52fda0c25f3ab4b49a48df92556e63a79af6,1.5,,,,,,,,,,dead
2026-10-08T11:37:16Z,0xc907766c92da3aecd0e0bc033191abba167497c8,0xa1a61c0ba77caf0ca99c61b6fc82faebe3805a7c5ea86be21105dfc3e0d334e1,0.28,0.0003815,50861,106148,237,87141,0.0003815,0.0,,,live
2026-10-08T11:37:16Z,0xc909b871980557b7c10702574eb256b31dd91389,0x6a621abb1d58d3f4889db7350ceecd0a14f978aac234f38c5c57ebca17829ac9,1.48,,,,,,,,,,dead
2026-10-08T11:37:16Z,0xc91ec0533a47930df60b8f034f1377293393e6d0,0xfad2324c46db92f549f6b98ca213ce76bbdcf121930c29eaf14168f8842df2e1,1.09,1.046e-07,10468,95164,198,10469,5.491e-06,98.1,,,live
2026-10-08T11:37:16Z,0xc989ed3196a6e04a1f0f04f554eeed41f125b2c1,0x24fe8dd60662c4a849b31233cd2c89da29e11e347c088a07f42c1ca68c9a4bf2,1.49,,,,,,,,,,dead
2026-10-08T11:37:16Z,0xc9981989b65d9a5ee71eb3eb376373af38b97777,0xf20841d8878ae1e374a1e6729685f86c60b16bd6e196b7a88f9802e162478ded,0.47,0.0002575,54074,61260,235,58836,0.0002575,0.0,,,live
2026-10-08T11:37:16Z,0xc9d024b62598e070da072489d8c785cba6349777,0x7f5cb314fbe7813eb5a938c4bcd875e7d541338f340bf569d92a8c6aa509652e,0.25,2.095e-05,22877,49328,175,20919,2.095e-05,0.0,,,live
2026-10-08T11:37:16Z,0xca0d3b9313714cb3ec0414f5a9fb536aa9ac4cd4,0x2e92bff138bdbcfd22fd5209fb2f52bdb892ba653d34118b1521baf78d9285c0,1.35,0.0001728,77824,561751,1943,172900,0.0002999,42.4,,,live
2026-10-08T11:37:16Z,0xca17528c69a060734197dbb5c9254b758b6dcc64,0x3f9886f60b70d5debf9955ef145057a34eb0b9e21e1a37fb611ef11e3cd43733,1.38,,,,,,,,,,dead
2026-10-08T11:37:16Z,0xca229e487b407b480b022746cd5a898205941e18,0x27e561d8b6093f80fc2acd72ad4567c23efdac4afa1b06b08ca52a0ffdf4f241,0.76,2.002e-05,20025,2332,27,20021,2.002e-05,0.0,,,live
2026-10-08T11:37:16Z,0xcaa3f6fe26f9a375113473ec912418a19a4057af,0x47feec7071a6145ef34a607196e91fc64c7f874b9960b5a1215378b0e244d57c,0.89,4.049e-05,38793,6603,23,40496,4.049e-05,0.0,,,live
2026-10-08T11:37:16Z,0xcadd0bfde08a7df80d2dd0ff5a692ed830815251,0x5a5713060259bce89e7cc9ba201ae399ccc5eaa555703d70cb7c763950f9a977,0.11,5.817e-06,45706,68520,254,58180,5.817e-06,0.0,,,live
2026-10-08T11:37:16Z,0xcafe1d64c643aa1b33dcbbd32abb517eb6faf2d1,0x58479673b8c611f22105dc864aa99bf0700caf0d33371d5377752ae70827bd6a,0.61,0.0001089,80089,203604,510,108924,0.0001095,0.5,,,live
2026-10-08T11:37:16Z,0xcb6cbb14c2eb983fff0c0ec7f3785bcc2d1066d1,0x9bc0a6b1a0a8314bcc10e08f73b0a4996ea4f1118313e8129cdeb44eb299dbe2,0.13,0.0002093,37708,55822,183,47818,0.0002093,0.0,,,live
2026-10-08T11:37:16Z,0xcb773af18c30e449eb776695ddf956b26342933e,0x3f144924d8c5349ce20703b95aa35f3a27d734ee1b8436cbf38ad03270baafe1,0.55,0.0003753,50526,116145,230,85735,0.0003753,0.0,,,live
2026-10-08T11:37:16Z,0xcbf12d7275dbe48de73720657dadcb52c3487777,0x2b75d51ad829f62dfe850ef0fa8f9ae805d5d1208d3ec23e634c0e6b49688238,0.1,0.0001056,34552,15973,66,24141,0.0001056,0.0,,,live
2026-10-08T11:37:16Z,0xcbf46b5b4054195a884903a19dc6649c322cba89,0xdca148056af2c26983d20498f97e2038372b359c83943a5b0495d077ae3d76bc,0.6,2.709e-06,5193,5460,27,2710,2.709e-06,0.0,,,live
2026-10-08T11:37:16Z,0xcc2b768141c664cadff00025babb2f173298a6ec,0x9ff93b6d23b913744f5b84a532954689ec13e138f5a67f7a3f2cc9c087f60765,0.72,2.557e-05,25579,3,3,25579,2.557e-05,0.0,,,live
2026-10-08T11:37:16Z,0xcc693dccc7846de209a0f9e26cbf8d3f249fe3d3,0x2b2af35897b9048936c0afb683c98854d58c63e082d1c08f240dc78512c9ec9c,0.15,0.0002306,39582,82512,230,52679,0.0002306,0.0,,,live
2026-10-08T11:37:16Z,0xcc775521bac87147d7cf770d4d3972f9b8b77777,0x9dbe85c2724e1bee38ca64d94d82bbc1ba6ce84fc0fb2f6483df33cf35010108,0.39,0.0002404,52258,55872,200,54934,0.0002404,0.0,,,live
2026-10-08T11:37:16Z,0xcc7f20ff3b5ea5bc0125fabf9f32a83ceab4e737,0x51eb57cd7148b610ed726a80dfd3d3372825580a915e24fa6b1cb9b547f18db4,1.01,6.528e-06,6567,68495,2628,6528,3.156e-05,79.3,,,live
2026-10-08T11:37:16Z,0xcc83c1146a8a67a13786b57ad64a545e38444267,0xe06a6416705525460804969e65445d272bef00ac34825078483726aa86fd50ec,0.67,2.719e-05,29439,25916,205,27196,2.719e-05,0.0,,,live
2026-10-08T11:37:16Z,0xccb39e78d7adb3c74df5018b772b6345e78a6e1b,0x901cd98ecf728afbac883c452befd06a859d66220150536c9bc40279a211345f,0.94,8.054e-07,70492,5573078,4629,80543,5.771e-06,86.0,,,live
2026-10-08T11:37:16Z,0xcccd03c0b7f9584e35541f5d23738e7893a9e976,0x5d412dc27d95226bb88a3147a113a0051293168bebdecb09698c21837f20d1bc,0.55,2.436e-05,28098,28287,243,24360,2.436e-05,0.0,,,live
2026-10-08T11:37:16Z,0xccddd458ac1c743405fe4de25f3eec06944ad4e7,0x5a240272d90987f4448d68a5b082621099b0fec2b4a9e27004d90154efc60509,0.93,3.815e-07,36917,116848,156,38159,3.815e-07,0.0,,,live
2026-10-08T11:37:16Z,0xcd1875c455f14753d78346420be456bc57ce8776,0xe6efa1c917aecd87a2054f0a3b6718cfa253d09fc001523e2747060faeef03cb,0.87,2.673e-05,26721,546,5,26733,2.673e-05,0.0,,,live
2026-10-08T11:37:16Z,0xcd6009cdb5ae9da5d1fdc3b03f8361442f78f432,0xc93154041a6520ae4c2677fcd3579da30b5d7e5c5082cab1173047b3d2b03319,0.05,6.63e-05,56801,15601,32,66306,6.63e-05,0.0,,,live
2026-10-08T11:37:16Z,0xcd9320eb722eefa8993cc6eb91db4743a3584653,0x2437df99285203d9779ed3d4f556743bff7b01369fb8f4bac150b4ea22294f57,0.37,0.0001219,79579,251147,620,121991,0.0001219,0.0,,,live
2026-10-08T11:37:16Z,0xcdae63d95d6dd4f89f6e508c77bd4388b4e5c8ab,0x4674f978aab6c373c1634a6729771d9bd6b97bbf25fdfa70d601a81a339f6974,9.85,0.0005316,68130,27403,117,531688,0.0007324,27.4,3,False,live
2026-10-08T11:37:16Z,0xcdecc94f432c8277f4fb8ebeae337b75a201a4a8,0x3345f0e340c076009bc64465e4f1b47a36b631d8f1ace09fc0fcfaad14fc2a6d,0.12,0.0003561,49100,122853,228,81344,0.0003561,0.0,,,live
2026-10-08T11:37:16Z,0xce015516ab6fae49a3a14a41d82c9fbe8bec1e18,0x66cd39ea71cedd3475ce33e8901c34b2b8f193809f862fea9ab02fb5d4a30b6b,0.84,2.02e-05,20230,4531,90,20208,2.021e-05,0.0,,,live
2026-10-08T11:37:16Z,0xce1091e4388b3a41a1450449d92ae31429048a26,0xe091c4da69f39727498d5bc4dc2a2fa2dee49e883d2bb2fd9b6b064cec9802a1,0.23,6.488e-06,6514,52835,4036,6489,6.488e-06,0.0,,,live
2026-10-08T11:37:16Z,0xce713a57b669345f1079de6bed0552d1cf7c93f7,0x6bf91e78e70e7d99d5154f4a8ffeaa25b2185d40,0.96,1.514e-05,7597,0,1,7597,1.514e-05,0.0,,,live
2026-10-08T11:37:16Z,0xce8cfbd3776d8f6920757d3bb0d56a89bdf01e18,0xbf151ca525848d8f4c0a61fe30051e49359034783a1c9afa610cf69259ec2fdf,1.47,0.1059,15096470,28129511,140,104970281,0.1059,0.0,,,live
2026-10-08T11:37:16Z,0xceff90de2030746af0865a2beda184d66e8bab54,0x838fca776012323f2a34e0f8922df68f1db03260c28703d9e2d3f99e8cb07641,0.35,6.434e-06,6435,1800,17,6435,6.454e-06,0.3,,,live
2026-10-08T11:37:16Z,0xcf0011d550d102894de642d2f42506c16232549e,0x7a12d1ae4914ebf51408f62db6f0f2338baa8e0b7ce8a96762884d8a4986a222,0.98,0.0003719,50395,105746,233,84952,0.0003719,0.0,,,live
2026-10-08T11:37:16Z,0xcf114f00f154eadf47242c352fd4481f8a737777,0x29b564d2a88abe8cfe1f317bb9371625bd98b18c0b9849c47e5e00969062ba69,1.4,,,,,,,,,,dead
2026-10-08T11:37:16Z,0xcf309a2053a0b35fbcdafab8763b06e1eab98777,0xfe32833cf39e35c781edada72e9a6c7ef0de97bde1447b501604c7ed226ba928,0.68,1.759e-05,20916,35128,120,17558,1.759e-05,0.0,,,live
2026-10-08T11:37:16Z,0xcf3edbabff55ac84a8b6d6726a48e7a5deb17777,0xa68312d89ea871ce376cd417f41fa2f622024fb59e06ec600da93ed67f2112da,0.49,0.000206,48377,50253,182,47079,0.000206,0.0,,,live
2026-10-08T11:37:16Z,0xcf8c1eeb6360d2a4caf32ac04d08a0b2be247777,0x2c582621780815086e15fb700a04cde8fc651a047689f189cb0370ad6c476165,0.87,0.000256,53782,59834,235,58514,0.000256,0.0,,,live
2026-10-08T11:37:16Z,0xcfc388a8bdd0eb4d23a9cbb7738b1eacf2dc9c41,0x952ef726d711e9d00bc259a45111313e23ef228c25b15ed83fa86dd2423e79e8,0.72,1.465e-05,12220,4994,35,14657,1.465e-05,0.0,,,live
2026-10-08T11:37:16Z,0xd060f448de7bccb6e54b0cb8d5bc871c8d339eec,0x04e30fc2de821c43330d0264c134da23a527f433b31539895f4b5b29e5c181c4,1.46,233.16,5539919,433,16,16788000,233.37,0.1,,,live
2026-10-08T11:37:16Z,0xd0c8bf3a018fe9072a4c4120aacdc1abda0db4be,0x5099f55f6e04e8233c7e1477d4911cb3bf52537fb53b9fe09e7998d4bbe621c1,0.94,1.215e-07,12067,2502479,7085,12151,2.138e-06,94.3,,,live
2026-10-08T11:37:16Z,0xd0c8ec6a8c6218d215c014e5f9862caebf1be6f9,0x9fd0b0e0150859c0c62300bcf7c6e47b4b2ca063fe51b310b06a82c9dfe6ca2c,0.72,1.269e-05,12534,8158,75,12695,1.269e-05,0.0,,,live
2026-10-08T11:37:16Z,0xd10b904c089f4d68e8ac19ef959bf3473f6880da,0xb84c9fe573a3e2b62d74fcfb45716da4a39b883231d804524d015d6255e5a289,0.77,0.0003252,47054,102378,237,74295,0.0003252,0.0,,,live
2026-10-08T11:37:16Z,0xd13b14adca2ec197426ab7f0638a672b476f55b5,0x6fbe9a875363ee231e3852dc864bfce64da9f8d08d5f2f7e592f4f8bfd6ec2ff,1.39,,,,,,,,,,dead
2026-10-08T11:37:16Z,0xd14b971de156b0c265e3105c6ebd96612cbe7777,0x79503a2e308d1e41e566c1c0c5350f451aad0ba535325a774ab1b4a2dd695f6c,0.28,0.0002437,52507,62853,235,55685,0.0002437,0.0,,,live
2026-10-08T11:37:16Z,0xd1578b54f8a2d6c705b487a04e27eaac22a1e209,0xf150be239902959640b2f2ba4a231a68cd5a587f50415e26d3afb76183cdce1e,0.65,0.0002846,44012,94810,231,65022,0.0002846,0.0,,,live
2026-10-08T11:37:16Z,0xd1a7ed83d7ab3956ae612866204bd9da2f6fe777,0x5f289220289b9d332c9f058b826ccf680e99056e43f022d3842902c4c7b1a96e,0.6,2.065e-05,22708,37187,143,20615,2.065e-05,0.0,,,live
2026-10-08T11:37:16Z,0xd1a802223ac7642cb7c68339fad8b54f602ab259,0x566513b54866b4091485b962e6eb97447b59e12aa5a7e2a7d0907cb04f22ba82,0.99,0.0003219,46850,103506,231,73531,0.0003219,0.0,,,live
2026-10-08T11:37:16Z,0xd1b1d6b90c9479f3f5a8cc5dcdd282fa7806fd48,0xa9189d1402a2d2ace8a67c1e7f005815f3054d5ec7e7982cf974d7448f28644c,0.94,6.46e-06,6473,17599,127,6461,6.46e-06,0.0,,,live
2026-10-08T11:37:16Z,0xd1c6c839e32462f93afad47535cb364253697777,0x32a57ebc5fa146cb305a172f095fb7e071157fc7cd21d656b8ef7408200e14cc,0.52,0.0002288,50907,58073,233,52288,0.0002288,0.0,,,live
2026-10-08T11:37:16Z,0xd1da58b52d513fd5c033bb883a223d7855037777,0x066f968b25757e742cae4db0be0e0aede81d586201abd10b0b75e23549319069,0.85,5.932e-05,25928,129,2,13555,5.932e-05,0.0,,,live
2026-10-08T11:37:16Z,0xd21f247316c5465657d7b98adf97eff4835b4777,0x74b755425d0a92db8021cbcebf7e921a9136fef9eed58259dd942b508329ae78,0.14,1.791e-05,21119,33113,120,17876,1.791e-05,0.0,,,live
2026-10-08T11:37:16Z,0xd22974221a4a02f69a6b19350ca69d86c9aa0183,0x81672a0f8d475b62c11ebe073feaa81e66837caed366ec67b1b5b05c5711c1e6,0.72,0.0001151,82942,55159,184,115166,0.0001151,0.0,,,live
2026-10-08T11:37:16Z,0xd252fbad2e5946ad4540810339a7d8a8dc12be0c,0x68efdfa0e16f8f638bca83861b94dc30d8014cf9c7fcb82720e33f0618eadf7a,2.01,1.073e-05,9660,11165,252,10738,3.832e-05,72.0,2,False,live
2026-10-08T11:37:16Z,0xd253d62ee715108dd4905b4ad272131e73d8cd58,0xbd488f67985e3ef6256fcdf44aed8909f0c51a55658097598035bda6a941775f,0.86,0.0001136,82327,121569,366,113684,0.0001136,0.0,,,live
2026-10-08T11:37:16Z,0xd27761b74356d22d05bf943218e11fc3c72a9062,0x5ed8bd5749b699ef06cbcfc68f5c031c5ac65d7e10e80330d1b38ae74b3636f0,0.12,0.0002823,43741,100542,231,64490,0.0002823,0.0,,,live
2026-10-08T11:37:16Z,0xd279a0bfaba0da2dd6680da39b265b9a9fcfa777,0x1cd4605f66edd3206d190c7c65a8437eec6395888d995f542cc942b67d01ef09,0.55,1.725e-05,20748,44373,135,17217,1.725e-05,0.0,,,live
2026-10-08T11:37:16Z,0xd29205566e5730c81c57de961a1ee060fa568840,0xa5db4cdfc2d787e3fee0bce7e6880974e8cbbfd61de8750cc270b69f08b9ec7e,0.88,0.0003413,48115,110855,237,77970,0.0003413,0.0,,,live
2026-10-08T11:37:16Z,0xd2cfd27401045b625df0dc7180c83962081e906f,0x18ece5785b00af3654f752f96d96dfc7fc434fc2bdc637ee93293d37c428edae,0.66,2.754e-06,4923,57954,756,2755,4.738e-06,41.9,,,live
2026-10-08T11:37:16Z,0xd302c8cb6f51104e7d6f2c1f717490e284029777,0x2eb87252ce9ccefd763bd425dd02ac7aa39dfa308dd6284d1900bbc6060d46e9,0.09,2.339e-05,24139,49021,189,23351,2.339e-05,0.0,,,live
2026-10-08T11:37:16Z,0xd31d0de6faa404f205a32bce7ee30953e5a2050b,0x27cecc6e641ae4ba91b13ba4aab211ede592bc56a92f9da1c0fe6344829e34d9,0.47,0.0001129,56033,95115,428,2581,0.0001129,0.0,,,live
2026-10-08T11:37:16Z,0xd3235e66957b0c189728f37dd7cca4b6d6db9414,0x5ea150d3cb6b3b4b94495b16f53d87baf87cca7e93f53977e0731be441f174e5,0.93,2.565e-07,25658,3,5,25658,2.565e-07,0.0,,,live
2026-10-08T11:37:16Z,0xd33bd95fdaae15eafb12dd107b410719b03d57cc,0x79fb6cead0aea856f0c0c396bc0cec9e701d98f7768a837a1bbf1e08b230ed70,0.48,1.769e-05,17044,2741,22,17691,1.769e-05,0.0,,,live
2026-10-08T11:37:16Z,0xd3a72161d9b36f953ee1236a231dccb220d45e48,0x68be64c6898ece3cae0321b12351931ebe04de91,0.13,2.138e-11,0,31745,26,,3.69e-05,100.0,,,dead
2026-10-08T11:37:16Z,0xd3ba36a26a1adde5ab50ba7829e8ad074b7da777,0x95df47f95c623467f4b421f2d8ac7763b02d6e3d6443253f6dfdeafd84c45a1f,0.39,1.545e-05,19668,29545,120,15424,1.545e-05,0.0,,,live
2026-10-08T11:37:16Z,0xd3cfefef471cf92be63328e189ca031b701b8386,0xf938bbe2daed39b822b1c80cc1651b3a9900222281fef79dbd8988a7ecbd3084,1.5,,,,,,,,,,dead
2026-10-08T11:37:16Z,0xd3e8d7b7cee639c67075cf0fab76f72130e1229d,0xfcee3779f50212fbf9311d4a95dd363ad3c0ebc2c8df9acef5938ce40c1eddf0,0.73,2.56e-05,25607,3,3,25607,2.56e-05,0.0,,,live
2026-10-08T11:37:16Z,0xd46ceca1a541c4c65504e89b61d2e1fffa177099,0x911e5630be6b37bee89e1309b3255870385a25cd0d492926b997785eeb68e10e,0.14,0.0002749,43194,94777,200,62792,0.0002749,0.0,,,live
2026-10-08T11:37:16Z,0xd4ce38f27e6df021964f0e0bad519f8058a5e69b,0x313b3b4685c0689f0805352b7d80407b2c50e5573cbe1ca584c19e0657fb4993,0.48,0.000262,42217,76363,240,59843,0.000262,0.0,,,live
2026-10-08T11:37:16Z,0xd4db29e04f6a02063964e985254b64a6dbfe1e18,0xbcd8446978061ec959cbb98b2eefcb00ed3044c12b588f9b033623c67f970612,1.44,,,,,,,,,,dead
2026-10-08T11:37:16Z,0xd50f69a0b7dfbaaace56dd5a31972c9ccf719777,0xc976224b0c739f6418b8edb1a3b1fb3aae7b58504bf29d63823ddf333397857a,0.69,1.414e-05,18753,9667,35,14119,1.414e-05,0.0,,,live
2026-10-08T11:37:16Z,0xd51345b40051d8394686db8490b2377404ed76a0,0x4d3a9afda5a8d84935a298e729561920878cf91a6899421010e30161c22ab517,2.09,0.0001457,2,3,3,31563,0.0003655,60.1,2,False,dead
2026-10-08T11:37:16Z,0xd53b4c6d899dd39c8e68f95ddeee3e226d254777,0x4fbfe9c86b0aa17da45e8ac49478a6023b77317f3db2537d9ad2dd8065fd94a4,0.35,3.041e-05,27557,51008,180,30355,3.041e-05,0.0,,,live
2026-10-08T11:37:16Z,0xd5437e58d669fb504077dad80d48a5b58bff119b,0x500809cfbd4647347c296b343dea51fc0eb508b79d53b378668548a5d500ecf3,0.17,0.0002212,38807,71903,237,50525,0.0002212,0.0,,,live
2026-10-08T11:37:16Z,0xd556311a336765427dba264829427ac4e80ec6cb,0x4070ff54aed32c3fd18a78b4c6ff93afd809b372332eaf1e26c8e4f0be3ed4e8,1.04,0.0003426,58910,846137,4850,342630,0.0003426,0.0,,,live
2026-10-08T11:37:16Z,0xd5a11f7ecb25419c1aec63bd80e8952868e198f8,0xe9aaea4bcdf1afa5f7303225ad7fff70fd664589e30df6f2ed3a3f149e7e9e2b,1.47,,,,,,,,,,dead
2026-10-08T11:37:16Z,0xd5caeb75aa0cbc76f0caa2c2114c0af5bb3b956b,0xc583987eef391014763ebb7e830caa07fadecd8c2c7692a8b3fa486fd3e38b79,1.06,7.736e-06,7669,2641,55,7737,1.139e-05,32.1,,,live
2026-10-08T11:37:16Z,0xd5d04a84faa98b317ab182611922899972da3af0,0x85481ef61c15b6d26998da61dce29685d3abfc63,1.47,,,,,,,,,,dead
2026-10-08T11:37:16Z,0xd5db700525a342ed4b81967a5a82a4f903efa170,0xd7b223455fb009f9e31b1200355aa3b557b80745,0.67,2.575e-06,2585,951224,3187,2576,0.0002433,98.9,,,live
2026-10-08T11:37:16Z,0xd5e9b44e2d3c49398e1b1761a02f47282e3f12d2,0x060bb537c69c96f23446f88c77afe50f035698018c698ee3732aeaa166a5b0a9,0.45,0.0002646,42472,83820,221,60437,0.0002646,0.0,,,live
2026-10-08T11:37:16Z,0xd7073115dafab6dbfb587b53dd261bed0ec6dba3,0xe3564bdabb96b86e06cec5f7b1a3a9251b968685705fda7bb3f2868d35099645,0.38,1.057e-07,10573,3925467,9188,10575,2.569e-06,95.9,,,live
2026-10-08T11:37:16Z,0xd7a712f3b8c574c87b1b2bd1682431093c49dc1c,0x73cede53c18964172f0252bf5b65f7d41c5b55039c753fd69d0abe7373227484,2.08,2.586e-05,23254,1511,22,25868,8.189e-05,68.4,1,False,live
2026-10-08T11:37:16Z,0xd7cc9a382637bd6cb6fa7e81095ac078cb9c0777,0x5335de42f4e7e7f6b57fac2863af38c874e5f1a453116a7b198b87235901aa52,0.93,2.256e-05,23708,50368,192,22516,2.256e-05,0.0,,,live
2026-10-08T11:37:16Z,0xd83a3349eaa10021cb5cd936a97a671ca024cdac,0xb080d96f9549c7289714cb79c680f33c49ecc1b603ecbea739160579a512e29e,0.21,0.0002204,38609,71388,233,50355,0.0002248,2.0,,,live
2026-10-08T11:37:16Z,0xd858e4c0d7008a5d7406ef7cd9432246ace14d7b,0x310346a8b2e4cda2ce4ab4244c7edecba88a0f15,0.76,1.532e-05,7689,16,7,7689,1.532e-05,0.0,,,live
2026-10-08T11:37:16Z,0xd8610d3caf8991aa4dbee47c08c0d72773f3ea87,0x987b7016da6cc42b01ae7a10c2a71b7ba8027483398e56d76f869d34340558d8,0.43,0.0003395,48110,113090,226,77554,0.0003395,0.0,,,live
2026-10-08T11:37:16Z,0xd86ba7b77578576dedfefadab63866b67e3f94a5,0x0d7a07c2a1f01fd0fade47c569320eab8c486d68deeaaf57856530b4959916db,0.9,4.309e-05,19359,40080,803,42609,4.757e-05,9.4,,,live
2026-10-08T11:37:16Z,0xd8798430ca02f2ff2206a06db4f3d38ea0117777,0x2100987aba26093c1819f5e6835c242715d690c76a237f2d6f7a7b5951be1a40,0.63,0.0002429,52539,48847,181,55511,0.0002429,0.0,,,live
2026-10-08T11:37:16Z,0xd8b261dc2929409e2322cf95308e97e972603721,0x7987f0480db1651595c54c3752683586e422ce63e6d58e893a95e8665243e8b6,0.16,6.693e-05,42186,21676,102,66934,6.693e-05,0.0,,,live
2026-10-08T11:37:16Z,0xd8e6da44ed61bad390d8cbd69df724f53693ff5c,0xe09494eff84979f694cd91dc71642bf8086ba45ed0e13410c0ffb7e5390dcc1f,1.73,0.01624,4880048,4871170,154,16244660,0.01624,0.0,,,live
2026-10-08T11:37:16Z,0xd95d3234b28de184d76b53d88328e29e0aff17c2,0x545599edbb45bb6ee8a2ca25ad2f549134c6e979d6832adc0745e20fff770b6a,0.4,0.0002364,40151,81864,242,54003,0.0002364,0.0,,,live
2026-10-08T11:37:16Z,0xd9863b2038f8b0aa527e3ec895c2a3a89fd274b8,0x656f33924bc80560b12ca991b95a3c0da45b292f7a089798e385ff213af74414,1.46,,,,,,,,,,dead
2026-10-08T11:37:16Z,0xd9a4d422f26f2ea037c5bf2a924622a8ca249e86,0xeb07447bd0be15e38ab616c0d5ff5bff81bf34b433847b239116bb1d29c421f6,1.33,6.236e-06,238374,5493812,4445,623680,3.889e-05,84.0,,,live
2026-10-08T11:37:16Z,0xd9d94715fee42144a2683341ba10fbe1751ccc58,0x4f8b199ebbd63e443ce7b759ba800495f8662d3700d86d86878709b17bc9f93c,0.37,0.0002022,37164,69483,194,46190,0.0002022,0.0,,,live
2026-10-08T11:37:16Z,0xd9e444a7f63edcc20601bb79514924925b06ce2e,0x716160ae37802b6d27ae5fef34ddf8f8f2e7d45eb2465c0792f8d214c09a0f83,0.89,8.517e-06,44804,47568,233,85175,8.517e-06,0.0,,,live
2026-10-08T11:37:16Z,0xd9f3a154c921b2935ba3193a3fa2aadb0bae9777,0x6b56e047b076af282d19b40b6b7c80e8528d94b152f842b07b08a18eca1edb27,0.84,2.668e-05,25753,47603,178,26637,2.668e-05,0.0,,,live
2026-10-08T11:37:16Z,0xda2dbd8e08846d8812c145ec737ef875cbd37f46,0x8176f249fccae9adce884685756b79005292cf7937223d55c07d247c590de718,1.48,,,,,,,,,,dead
2026-10-08T11:37:16Z,0xda599a1d030f6dd1897d95b285687a3df293c9af,0xaa92d396c8c0d1caa339c37b5361436196be3854e6b82f8273ee9397ca796cf6,0.35,5.005e-06,5006,9156,114,5006,5.005e-06,0.0,,,live
2026-10-08T11:37:16Z,0xda62aaed621ade639521000bb1e4578571155ed4,0xd1e0d8d1bd6f0fb569ae9c448dddd8f4e7bde24a4ff880b02635fb51ac8d51d7,1.48,,,,,,,,,,dead
2026-10-08T11:37:16Z,0xda7275a1824afc4229d6657f24cd283df279bed8,0xf66462ca1fbfcd1adfbc1886d8b1f19ed416266574d32d4c6a9d1cb2fd5bc0de,1.37,,,,,,,,,,dead
2026-10-08T11:37:16Z,0xda75fa9839fc1c67f72443439953001f73cd3ba3,0x8eabe6e8405791a9e50c30207e8707fae33f91ee6179f4c4fbe81ccbe1da5310,0.6,1.015e-07,10157,506,5,10155,1.015e-07,0.0,,,live
2026-10-08T11:37:16Z,0xda9a9b7ab92dfc59c1d1720022f6ea7f2678b287,0x9a5ed4d0966a1441e137d0d5e0a0d15072ec406dd0d12661e0d2abf927ad469d,0.92,2.108e-05,32406,18378,204,21086,2.108e-05,0.0,,,live
2026-10-08T11:37:16Z,0xdacea63e8c3149b6da7c5ce1944cb9deb4f32c2e,0x187619331217d601f33de2b76b7f813d6005f8dbd303137f0f65cd87e6f60a41,0.51,0.0002973,45030,89994,238,67917,0.0002973,0.0,,,live
2026-10-08T11:37:16Z,0xdb4a91f2344e4109efd368a1a7c192347e922777,0x7b0e621e7514ed651e6c539657a38b1d7ce00b210813eb3af1399abfb690b46d,0.94,9.056e-06,15025,3185,12,9039,9.056e-06,0.0,,,live
2026-10-08T11:37:16Z,0xdbeb37ecf272d5a51f007740768e86b794dd3227,0x13c47b1562602df5b27b07ab814d2d146afc11c607d0cd6554f5c7b49fde17de,0.16,2.566e-05,25665,360154,861,25665,2.566e-05,0.0,,,live
2026-10-08T11:37:16Z,0xdc1235e942a05c3b50a2879df69a2865d86e1e18,0xf02b4ae766157436baffc91eb829aadbfdc6b020714b4962e2dc24dc3bd6fbc9,1.95,8.589e-05,64466,37939,864,85447,0.000296,71.0,,,live
2026-10-08T11:37:16Z,0xdc3b7aa3ecbdc14c54e4418dfdde9e3d04317777,0xff545a2ee13c1409dd79d4cf505a93930cb52ad373e40700da44b4f002bc56a4,1.45,,,,,,,,,,dead
2026-10-08T11:37:16Z,0xdc453b1405cfe25e2afba8e7f4272b0a00437777,0x16684607c92e1a59302763400cc1641c8f9dbe7e,0.73,0.0008347,95906,1105223,4996,832280,0.0008347,0.0,,,live
2026-10-08T11:37:16Z,0xddf9d22705188cf23319a3fba925f82be07b6ba3,0xc879c3e594e39d9fafb51968b1329b80c9dc3adcbd404beb432b7cbbfb2d6906,0.66,1.01e-07,8589,5,5,10105,1.01e-07,0.0,,,live
2026-10-08T11:37:16Z,0xde08dc3e242bac188b086a92eb9446c27bd37777,0x5a86dfa54b587101808c4798bd23bee99f40e8db65107435bedae1258548abd3,0.42,1.444e-05,19019,19599,69,14415,1.444e-05,0.0,,,live
2026-10-08T11:37:16Z,0xdf206d229cb4e725c3e0a0473dc7c1b2940bebb6,0xa56ead1fa4bc01acb581f983ab81b23a055f5d4a5e38ce44ff5c8c527ee4b24f,1.22,4.965e-07,5317,4,9,2759,5.054e-07,1.8,,,live
2026-10-08T11:37:16Z,0xdf7a1b3c8b41155a7a60a2dbf061237f34eeac7e,0x6d6292db69c3c014c0394fb43f5be4fe475f0f0efb8f18d68d12dca32251b65e,0.4,6.624e-06,45258,73086,257,66241,6.624e-06,0.0,,,live
2026-10-08T11:37:16Z,0xdfa0263ad3992f1a1c12bc973d1da5ccffc1fc79,0x1059fe0f2a023e16bc75f6037364eef9e66ee08a8461dedd5ecf72a32123927b,1.37,,,,,,,,,,dead
2026-10-08T11:37:16Z,0xe080a29e79262899e8466cefc938de3f652d5724,0xa85429d07bfbdc561fdfbb700e48e255f76496cfd9bfefcfffce351430342e50,0.65,2.567e-05,25678,4,3,25678,2.567e-05,0.0,,,live
2026-10-08T11:37:16Z,0xe0eb784c99420120ffdd528c0c4c6ecacb117777,0xb8345bec69b5aded27e8f46f6f312d185f6d17e96004493b22ba9a6589f01bc7,0.26,1.928e-05,21939,57990,189,19251,1.928e-05,0.0,,,live
2026-10-08T11:37:16Z,0xe108b735a52365fb4150f6dc48a235b09f2d7777,0x190343bbb68effb97c3df67d7007bb6fa4e1f2279424b1ce69dce36b0168870f,0.32,0.0002122,48976,59219,217,48498,0.0002122,0.0,,,live
2026-10-08T11:37:16Z,0xe1243842e091f073841fc1ac9527ea7e64f168bd,0x5e16357a83d5ee8b900ae9c902dfbc829e71b5e9aee99af9215b5a9a42a93dc5,1.49,0.007952,2391950,17424250,1099,7952432,0.007952,0.0,,,live
2026-10-08T11:37:16Z,0xe155dabc7d280d282aee451ee160fd16f0b83baa,0x70c0d163e3f32c7356950f77f3ceba792f50df80828370dca0e403670dca082a,0.71,2.81e-05,31219,23990,205,28102,2.81e-05,0.0,,,live
2026-10-08T11:37:16Z,0xe1a4944e7f5b2551c06a3b13037eed7544347777,0x2f11820d37b45697797777f1ffa19267c9cc501d33ba4cc23366bab467360d1a,0.76,0.0002321,51318,58728,225,53054,0.0002321,0.0,,,live
2026-10-08T11:37:16Z,0xe1fcf722705592c5fc3874941e40447763a46b84,0xc86ea97c0491406bcdb973ee35b5aa309a0b00ae9c7d432c493a2b740bad7d87,0.88,2.518e-05,25180,0,1,25180,2.518e-05,0.0,,,live
2026-10-08T11:37:16Z,0xe2475cc4468d6c4c6e2b82aa1da3c6a984187777,0xf7ba30bcfe1336ae5cf7b49fecd76099bfb3dd6b8377432d518558320002ee56,0.53,0.0002329,51379,64189,235,53219,0.0002329,0.0,,,live
2026-10-08T11:37:16Z,0xe24e030badc794aa0c571d3ff2541a925fabff6f,0x3d4f6c09fd8a8275a25f8fb5a239c5fd30e4d3cc,0.33,1.509e-05,7573,0,1,7573,1.509e-05,0.0,,,live
2026-10-08T11:37:16Z,0xe2530539ae0655b919b7349f5119ec66012d9057,0xf511931fd6a5d4436a18acbe5f20b3ca047f79984573c4af01f983b935ad9d27,1.4,,,,,,,,,,dead
2026-10-08T11:37:16Z,0xe25f436bfbbc62b92cf8c9f244e49bf3eaf27777,0x117cf1885780240e0fa953046d8cd0addaf37520bcc3189a45ebb79db72e0f44,1.44,,,,,,,,,,dead
2026-10-08T11:37:16Z,0xe26620cbe94a5be840e2e751b0675b657807f60b,0x1c39ec0d981c9b45645d69744ba46e7ccdf032b5ee9c25b40f8dd90b26c88a8e,0.9,0.0002389,40275,76413,235,54573,0.0002389,0.0,,,live
2026-10-08T11:37:16Z,0xe2b4229d9ed6e09eacfe8dbc073354aa8d420777,0xb5105b444392ca0874f63f344b8bbda4e899544768a1438c56bcc1896bec6bfe,0.12,2.241e-05,23594,52965,183,22368,2.241e-05,0.0,,,live
2026-10-08T11:37:16Z,0xe2d404b252ace52fa881e3c9f7fb2e5b401deeaa,0xf7545114d2ebc355a4624b9685c5c76b396399bfc656ec8de54cf408d7dd0352,2.06,8.757e-06,5963,37,2,8757,0.0001571,94.4,1,False,live
2026-10-08T11:37:16Z,0xe2f449d84c4e902e525230554f2e4861996a2d89,0xf05637f1667726a67ab94dbda81756d571b258c96bd350c58d833ff9b5be4f69,0.85,0.0003407,48082,113946,232,77825,0.0003407,0.0,,,live
2026-10-08T11:37:16Z,0xe30bbfb66a39ba20a883c8e4dfa3d8e843e64acc,0x0b80ef673cd54c94f3eb9d03c51d5b0efecc517c,0.68,1.505e-05,7554,0,1,7554,1.505e-05,0.0,,,live
2026-10-08T11:37:16Z,0xe36e06ca66fb55d6568a16ffe4760178f51f4590,0xd4244cabae594943508877a9d17868f3a6cf390d8dce93ca3e4c1f69435e7737,2.68,3.28e-06,5374,32,9,3280,6.109e-05,94.6,1,False,live
2026-10-08T11:37:16Z,0xe395f3490780c6ea4bf593441d58d442adcf39ee,0x43bbe9b38dba0ceec4f3b8c1f5d8e8680e4891902de1c172a7fcab7cf6caefdf,0.31,1.025e-06,20507,5,3,10253,1.025e-06,0.0,,,live
2026-10-08T11:37:16Z,0xe3c41b68f0eb5d1aaaaf85947b0782c53a7b7777,0x52d87cd5393eaf74f78bc2031e86c384543f28bdd535226f158bdc493f0858f2,0.87,2.156e-05,23151,52366,180,21520,2.156e-05,0.0,,,live
2026-10-08T11:37:16Z,0xe437ccab414996ae7ce8f183ee776d3ddee96777,0x80a956edbd4375a49b5cf5f2ca94b008b7181eda720efd5e7f2c8ee3a84804e4,0.41,2.201e-05,23486,43496,142,21969,2.201e-05,0.0,,,live
2026-10-08T11:37:16Z,0xe4882bd199ef490aca5f8178a1f68526e0ccdd52,0x779efa7bf28e0f2e9934bfed7515c447586c2469d5354903ffae4b31b5a2cf01,0.13,0.0003022,45268,96932,234,69034,0.0003022,0.0,,,live
2026-10-08T11:37:16Z,0xe4bb4de778b07aa5becf4709eb2caa29f80f929f,0x836941920ef3ed6d83d7818933c052193328d8173ed093d34c102e60b1d70af4,0.35,0.0002695,42823,105197,233,61555,0.0002695,0.0,,,live
2026-10-08T11:37:16Z,0xe4e8aa009c7ece78c25af8518a40c6dfce42aba3,0xa9168f51b7d88be55c1820a8861a54776fa5e9144c0483a90b0422f6fb0080df,1.48,1.13e-07,9652,110,4,11303,1.904e-07,40.7,,,live
2026-10-08T11:37:16Z,0xe57ca28e0d94627c6fd386e9a8be590c37beb499,0x8c70a99c7939716c24e543bfd5894f77a8844dad99203b448f21aa564d82d25c,0.9,4.906e-05,45324,11219,49,49063,4.906e-05,0.0,,,live
2026-10-08T11:37:16Z,0xe5942873054e7ffe1a1885ecb4567b565acd6e4a,0xf761e16a3921f388f03995ef58c3be7450b1c298b0a82594b630e09096598ef7,1.41,,,,,,,,,,dead
2026-10-08T11:37:16Z,0xe5a3cf478400535317a57ac1c73d0a54c9a4cbbc,0x055648f247c0b9f2ba4bdc183f0dbb1bf49fa2ff,0.28,1.501e-05,7536,0,1,7536,1.501e-05,0.0,,,live
2026-10-08T11:37:16Z,0xe63e99e12c9610760b6740d6ca6f751463a2ff00,0xf396263191bb910399dbae2bbc857ebf5939a8f462251276cad6870227623362,0.63,0.0002728,43131,77306,237,62329,0.0002728,0.0,,,live
2026-10-08T11:37:16Z,0xe73e841daea71089af9834e824ef72aa94942777,0xf681c2877b5c056c3960e3eaa6fb36e4cb3765ee8a466c365232097e092ff265,0.28,2.475e-05,24827,42863,176,24710,2.475e-05,0.0,,,live
2026-10-08T11:37:16Z,0xe751b6f48fe949a6742b3ee4b1954ecf5dc6d47c,0x45cd8445df61bfb3f9d47d33da0278e835a1970b73a2757c7333427f1cf34dc7,0.87,5.144e-06,5145,25,1,5145,5.144e-06,0.0,,,live
2026-10-08T11:37:16Z,0xe774e6b1cc16edcdad1d5e0723666f81965b1e18,0x4564b0e56b6aba4186471ae711ea857782f803817309abf2dc0fc0a80a9eb9d2,0.92,1.991e-05,19916,1,6,19916,1.991e-05,0.0,,,live
2026-10-08T11:37:16Z,0xe79ba7c1841a86a57a488dccac2227cd7af34ba3,0x1487a7ebc5de8984a638dafbe4f4574dbce3aecc30b0b715dd45d4ffd1044ffa,1.67,,,,,,,,,,dead
2026-10-08T11:37:16Z,0xe7e03b522dbfb5fdbe3d4be45b0aca17e3647777,0xefc86429b9f699868a228bdc281111b167a1b1609fd9cb9e109544323e5bbc8b,0.36,1.88e-05,21698,31463,115,18770,1.88e-05,0.0,,,live
2026-10-08T11:37:16Z,0xe7ff3538665090b46033bf16c2dbf3ebfd2c74ca,0x2af7c903b8faa1caf60541e9ecfe861658cdf5ccfa552d53c7d03eb84e5bdd48,0.43,8.384e-05,23935,16920,53,19149,8.384e-05,0.0,,,live
2026-10-08T11:37:16Z,0xe81e2ab8e61a5372252923669c98364318e37777,0x5aed5860c5b9a6a6cfe37bc2ac73a7fd77e90e5e968452654f8820e9f494d639,0.65,0.0002118,49026,53548,208,48408,0.0002118,0.0,,,live
2026-10-08T11:37:16Z,0xe8620ea83ce79a09c6a091f2bfee456740fbc777,0x59069e56d029bb360641162ed6b898223690656ffc92f30de45191a3f21a96d8,0.26,2.169e-05,23264,17591,81,21654,2.169e-05,0.0,,,live
2026-10-08T11:37:16Z,0xe8822226b3ef5c6b1e671fb5c097e687b6411777,0xf6523a2818e38363d35b1a7a40fa5c526317268e5a4ae3f4269f27d556616504,0.29,1.973e-05,22144,49012,182,19701,1.973e-05,0.0,,,live
2026-10-08T11:37:16Z,0xe8e6ee86ecd4c3a0a4af1498c241e64558f6584a,0x4fa1fb1b91f597bfe91d701592ca1e48b5b23413e1facdc8e459828df0950adf,0.17,0.0003189,46606,84799,236,72858,0.0003189,0.0,,,live
2026-10-08T11:37:16Z,0xe9077038f5c5c1cdbb722965f7820f9ed9dc5bd9,0x9abe026e16bd12b835689831bf969a11e445cad1201f071b5a08694b8c2d8b6c,0.86,0.0001339,91551,63200,150,133964,0.0001339,0.0,,,live
2026-10-08T11:37:16Z,0xe91c41960d3a7c0a053db1df227882269accd79a,0xd54b3569bd66943b682da6553c23358720738f359b4b91ac144a5ddc85eadb0d,0.41,0.0003827,51119,120291,234,87415,0.0003827,0.0,,,live
2026-10-08T11:37:16Z,0xe923ed624e3aabded1e6e3e77908422fbfb8f777,0xcdb991f2ae31ee13cf9ddb7f641c9f4147f16a35254da805ad76afd861ada00a,0.97,1.712e-05,20711,42090,154,17087,1.712e-05,0.0,,,live
2026-10-08T11:37:16Z,0xe937512e7c3e2b326b4154901ae784a8d247d4f1,0xa01e52b5a26ec78fc06e5b4e6619884f8181d6b9514647bfe72c3e11a539e380,1.04,6.528e-06,6567,73,27,6528,6.565e-06,0.6,,,live
2026-10-08T11:37:16Z,0xe97463ebe4342ae4d34b65cebc1a65cb0a709943,0x41806a12a313be539393bedd583869a67020fd87fe5d0917ceb574cc3274c0d4,0.56,2.637e-05,30981,29172,255,26379,2.637e-05,0.0,,,live
2026-10-08T11:37:16Z,0xe97ad07f6649e794ce172d6765d326a1c64be759,0xa62d2c2f8e3767db6e5626b9be633df184714e2774b4df5bf0136b869f909501,0.85,7.908e-06,12734,1241,15,7909,7.908e-06,0.0,,,live
2026-10-08T11:37:16Z,0xea19087d556fa244d0f1ab9502ae84e11c83777a,0x567f75a374988ab0eba4408ec0be6bcdbf4bc887c99fb5ad8a963e47ea3abe96,0.93,6.44e-06,6440,5341,31,6440,6.44e-06,0.0,,,live
2026-10-08T11:37:16Z,0xea2619e61a4d2db3c6de382b80f6deb56e19e10b,0xcca26ecef8103e901ecfbaf68d0304ccb1dc50b7ad469bddc6eba40b61b790aa,1.35,,,,,,,,,,dead
2026-10-08T11:37:16Z,0xea372e9b702cfd3021d71b11927fe4538a9e8a4f,0x95ae02bf8573ec26c08db7de9f997620873d8e624c7cf2d46c17476ccf96b3b8,0.99,5.755e-06,5722,29227,274,5756,2.69e-05,78.6,,,live
2026-10-08T11:37:16Z,0xea899e1c32edf686198929f582a5ea6585b9b777,0x1ac9bc3bd8b88982abdd1cc3e78bf277620170466051449a8816a5d1b7990919,0.19,2.408e-05,24481,46507,176,24033,2.408e-05,0.0,,,live
2026-10-08T11:37:16Z,0xeaddb87385144e99615539833ab71af0a04d0777,0x7d378c87df62a341860c63c4ef77d859cab28708b7495195c9a33a7d5e6e0f77,0.15,2.111e-05,22939,39299,158,21073,2.111e-05,0.0,,,live
2026-10-08T11:37:16Z,0xeb07867f2208c0110a35a9ba2ff32cbf4856874b,0xdc6279da7578076aedf733f86cbf017f9f53ed27a16c2b736449feebdfbeac4c,1.09,0.0007946,576348,0,6,790070,0.000804,1.2,,,live
2026-10-08T11:37:16Z,0xeb5e4f655eee663a01419bec7dd74b5ee45b5f67,0xd3d50aad859119bfe773db3e81066363d25e3514fc87785d190db7cb41a6f350,0.65,7.905e-05,31114,124604,1463,73292,7.905e-05,0.0,,,live
2026-10-08T11:37:16Z,0xec7668f00f9440ca21c624ba0dbc2a9ad66ad641,0x6aab46968e0e5c5d01a96e106ef013cb49461574462008aeebc576ee1c7427c2,0.24,6.464e-06,6477,21282,1302,6465,6.464e-06,0.0,,,live
2026-10-08T11:37:16Z,0xec8d19cc7155f813395d603a85777ed432dca777,0xfa8baac808798872878dd426faeed562d8476b268648f42b31fd710647b77b5b,0.68,8.495e-06,14535,3159,10,8479,8.495e-06,0.0,,,live
2026-10-08T11:37:16Z,0xeca1e61169b1d26ea0c9c7eda9dbd3877f3ddad0,0x2daf6feb7d7d2ba76de6a48321d0b5c92c3d2caed05bfed5c5096bcb1389c127,0.84,4.289e-05,40668,13671,48,42892,4.289e-05,0.0,,,live
2026-10-08T11:37:16Z,0xece3a0c0cdc4534fe1b1759d51fcf9929e57bd7e,0x3f0fd539bf7f4ba02a0e90efafb78370aad01b288fdb0a4a564f00a54f4c831e,1.49,3.769e-06,2,3,12,56,0.0001241,97.0,,,dead
2026-10-08T11:37:16Z,0xedb6b2a5cb28696fd573cf484f3e9ca3a34787bf,0x4eabddbf53f1c690731b2429f10967cbd11a8c177374b184ddb455964305d7b2,2.17,6.491e-06,6491,2,2,6491,0.0001166,94.4,1,False,live
2026-10-08T11:37:16Z,0xedbf91223639800bcd5756815caf908df3b890be,0xff7b3bd2db34d9ed8160e6dedf1d448777abaa1fa6fc8a31144930a1a656fd92,18.68,0.005185,617241,102887,276,5185763,0.0141943,63.5,,,live
2026-10-08T11:37:16Z,0xee049979960d5e42b389b941ec45790ca7b6e1f7,0x92a4f531f82e1440d6e349bbc2ed42ba389e013f,3.94,2.764e-06,2760,11241,1682,2765,0.03389,100.0,3,False,live
2026-10-08T11:37:16Z,0xee7f84bdd44aa441744cf932761a04edea2060e4,0x4ba7e42574065aab585edffdb01c3682171ce9be4d53a8a553fd6923402ab800,0.14,0.0003814,50897,104331,228,87120,0.0003814,0.0,,,live
2026-10-08T11:37:16Z,0xee993fd9107c1b12d562b5655d09c2ec03c17777,0x299293078408e17f7dd683274d8755a9d8cf8856efa8a91cb972ccb878fd9426,1.43,,,,,,,,,,dead
2026-10-08T11:37:16Z,0xee9c573c6748ce1c5a2c63e2bd03401bfe4a4777,0x58c08ef32909ef9798768ac55e989380e8d17f0d8265c9f7dc14998ab3840692,0.53,2.211e-05,23487,46111,144,22073,2.211e-05,0.0,,,live
2026-10-08T11:37:16Z,0xeecd14310573b439cb977dca46a22c72e2c0ba25,0x9b64cc4623eb286356ba8d7d4c1606ddeaf0fe0789c37756fc35f1bc1c4849ac,0.63,1.586e-05,6496,127,2,8123,1.586e-05,0.0,,,live
2026-10-08T11:37:16Z,0xef8594d57e661bd7053f3cb8cce65d6d78749259,0x93336430d165e490f75be84bd8119f17c77d00ed,0.89,1.511e-05,7584,1,2,7584,1.511e-05,0.0,,,live
2026-10-08T11:37:16Z,0xefd4c93fe872a1deb2dfd4dfd67b4ee62f22bae3,0xece299bf114a84bdaa1ea2c26bc9578549fe19bfe43caed9f43944a657a3dd02,1.37,,,,,,,,,,dead
2026-10-08T11:37:16Z,0xeff3a5fa1bf824c70bb269db81711160cb7b6b39,0xef6c54f78e0516d2a189466c31218f2d1637d246178672ca481a9205b8004221,0.98,0.005064,4875562,11084604,6708,5064765,0.01052,51.9,,,live
2026-10-08T11:37:16Z,0xeff69c46ce2d538fec444b3ef2a723b267d279ee,0x41a3a8c456c571c6f8a62d3911a0deeeca178328e67b41cd59cd61eca37a81ac,0.51,2.693e-05,30094,29850,253,26939,2.693e-05,0.0,,,live
2026-10-08T11:37:16Z,0xf007aa336939003d8188babf144d27a4841e0dd8,0xd1ec6b25bc6d77da5b9fa93640db2b83a771c5ba6fdcf6b1365df5401730f6ec,0.36,6.439e-06,6439,1692,13,6439,6.481e-06,0.6,,,live
2026-10-08T11:37:16Z,0xf03c9aceacaea60649c114434d3220c6d8e07777,0x140ebf38e656a973d246fe80811d7e49a653be451505257bf21554cfb94842a9,0.16,2.345e-05,24202,59187,188,23410,2.345e-05,0.0,,,live
2026-10-08T11:37:16Z,0xf0f140c67d0e3f5bb0e0a19d739ca12c60972d80,0x3602802de7cccde06493706410c2eac7408d2189,0.39,2.563e-05,24356,3,10,25638,2.587e-05,0.9,,,live
2026-10-08T11:37:16Z,0xf13f2d9f443dc218582f7e8762a2f9afb5a61e18,0x7f830e84df1efb6acbf6ed3974dcbd95a02c60c0d9b917c936bcd309f01e5b33,1.76,1.899e-05,19004,431,12,18991,2.441e-05,22.2,,,live
2026-10-08T11:37:16Z,0xf195df5c0abc48ea929c080dfb92e8d5c4d5e27f,0xd8059618d3fafabcc96297c5658607e78ae1a1ab24a68bd4bf77d6f89fc6f342,0.49,7.258e-05,22238,12488,50,16579,7.258e-05,0.0,,,live
2026-10-08T11:37:16Z,0xf21b6d9b337abfb40f91bbbb0b1c73ccc6cb45ea,0xddefc8467c9b77e3f2c1525e0cb0f453e4408fc0,1.43,2.583e-06,2584,484430,3457,2584,0.001203,99.8,,,live
2026-10-08T11:37:16Z,0xf2374d49e9a6d73d24dd927a7e2275a659038f26,0x09c09a671a0d3cd31e64fbae16492facfa737fb9fb6544b997da29ed44ac838e,0.78,1.774e-05,12559,12346,144,17742,1.774e-05,0.0,,,live
2026-10-08T11:37:16Z,0xf2b88c1e01aca84bd27c00ceda28e731d41a7777,0x8da8257e3abc368f3ddc1b96a2337a5c124c2175f373c2fa75e202ca2f43e48e,0.88,1.834e-05,21366,32262,112,18309,1.834e-05,0.0,,,live
2026-10-08T11:37:16Z,0xf2dcec29ab8e64b068cfdedb4a74cf31c718a32b,0xb627e605f44f01d868de69b28d39f08558989e54ea9b047d528aaa9467d07c09,0.56,7.11e-05,23657,11613,69,71100,7.11e-05,0.0,,,live
2026-10-08T11:37:16Z,0xf2ed998ad59acf9434b2f08fd9516fda682dedb7,0x2e51792ec4fb7d7f540cb399d5c2331a7ae69c9e45388826f8ba169068801bce,0.18,2.569e-05,25696,5,5,25696,2.569e-05,0.0,,,live
2026-10-08T11:37:16Z,0xf2f78a8ccc9bd8f64c709ddba5962a9e014db309,0xde5f29149bd816ac29c3940ca2d2a6ef052b297e5df54ff487d5ea1ff43f982a,0.37,4.801e-05,18103,4633,11,10966,4.801e-05,0.0,,,live
2026-10-08T11:37:16Z,0xf3159c8ede0ab4b7ea49668879c429e98f2c7777,0xe3ab280dd7f882f30f8d072211f1c869892244ba109f7f760103fadd9a598041,0.14,0.000242,52348,61984,232,55295,0.000242,0.0,,,live
2026-10-08T11:37:16Z,0xf3540e8507be970a5d7fc5c35f555117ed168238,0x1460181be1a47e7fff591c46c3cd08e532bf09b45ddf8e0602e672bbdda46759,0.93,0.0003645,49707,115592,238,83264,0.0003645,0.0,,,live
2026-10-08T11:37:16Z,0xf38679620002b560791a3b215e44dca5f3857777,0xf6925f28300e3052abe8c7ac6003282c30d373ec6c22d9e323dfdfb35fdc2dd3,0.43,0.0002678,55178,64806,231,61207,0.0002678,0.0,,,live
2026-10-08T11:37:16Z,0xf39159216026082b6f5975210465f2b27cd7433a,0x2e121f5f912261779d1bd911794c8118cbb96d57a27b88883b50de4b41c8259a,1.82,,,,,,,,,,dead
2026-10-08T11:37:16Z,0xf3a31bbe475d4757e1841292e34c5467d6810158,0xa71f1216457e113e423edb77c264cd7a32d6bdaf3b9e0d220686aa6c284284a4,0.76,0.0002564,41681,82515,235,58566,0.0002564,0.0,,,live
2026-10-08T11:37:16Z,0xf3a4920a27a4550c1a2f1691571dc34906384142,0x62bc2ec028355163dbc1d857b9213db0cacad3e8be3f6c1a38084e598a88537d,0.77,1.649e-05,13000,12971,142,16493,1.649e-05,0.0,,,live
2026-10-08T11:37:16Z,0xf4223cbebecb1fd46b9125e9f44f614160b30050,0xc0601b9b90cd57b8f11a4a36a379f205d4ea0b97,0.17,5.409e-12,0,34872,31,,2.839e-05,100.0,,,dead
2026-10-08T11:37:16Z,0xf42da61932687ccb0677e70a32de61359b5ac9a5,0x9035bdd3e48026c43353c1152540fe032b301bfc02720ac4a7230ac40a0f93b2,1.41,,,,,,,,,,dead
2026-10-08T11:37:16Z,0xf46018a9655aae4ea3634d15d8154806ca807777,0xbc09e3d6d561852bbdb97607fd8aba63d7a1a0ed23b17a67b6b4df84a1ecfa9c,0.15,0.0002437,52520,63203,229,55698,0.0002437,0.0,,,live
2026-10-08T11:37:16Z,0xf478426704c34115773b55fb4a7ba5ef233bf6a7,0x411b1ed39b3c5a94bc17dafc7120a5585ee53f06b8aa6d4d66f69c18c6bfa6ea,1.0,2.569e-05,25694,1071876,2292,25694,0.0002114,87.8,,,live
2026-10-08T11:37:16Z,0xf4a530f2c6f9935170eebcfa50b8718dd11e144c,0x8a1da8dff01db290f501dd8591a9bd659917f851,0.21,3.506e-06,3567,85655,4994,3507,4.799e-05,92.7,,,live
2026-10-08T11:37:16Z,0xf4bc719d998fc88d98c314a6a300bc01f130741d,0x5850b5c3912c7b20c435cf407ebd591f0f2f83d8d1cf07cb109de2fdc8d9cca8,1.4,,,,,,,,,,dead
2026-10-08T11:37:16Z,0xf4d1c0d9aaf93d42f4da335401503785e56b2d44,0x9217b2f589fa461c7a25d461003ecdf58db42920,0.27,9.963e-05,3,90561,696,33208,9.963e-05,0.0,,,dead
2026-10-08T11:37:16Z,0xf5106b5ee97931c54459adeaefbcc6899de82838,0x9187d66e6d7c99ba42f13c8c62291c0cc82990a2a39da33ec7879221e2e1c8f2,0.1,4.74e-05,9444,94405,738,15799,4.74e-05,0.0,,,live
2026-10-08T11:37:16Z,0xf53160ab6331d156fd543e774599eda35644b3d2,0x2b799ca6b3dd53bf4e9fd9f5a97196d853fb561ba06f673cb8c5e99928c5c0ac,0.8,4.454e-06,6228,281796,3523,4454,2.455e-05,81.9,,,live
2026-10-08T11:37:16Z,0xf571e29c1fb6fe41469e5998ddfdb418f96c07d4,0x629fe1a5979a56500021340917942bff169f706c64d9058464b3ccafabd8af81,0.73,2.56e-05,25608,3,3,25608,2.56e-05,0.0,,,live
2026-10-08T11:37:16Z,0xf596cfb7db3d53df6326720b3d7aeda4ff120d7d,0xbcdea1d3cd48a47473b400dbaab6351f34582ac0286b896c698f75b2e56089e0,0.87,6.448e-06,6448,26,24,6448,6.448e-06,0.0,,,live
2026-10-08T11:37:16Z,0xf68151b8423221b8cc7e0eae247d25a6cda9f3d3,0x19a08d5d848cf6c3c0ad25f703203b848cbe03372ce0e058c52ec87bc2e95e33,0.34,0.0002878,44252,82779,229,65744,0.0002878,0.0,,,live
2026-10-08T11:37:16Z,0xf697c9d80b02554367413c37162fbf2bad28bfd2,0x2cd484633755bdba227d361a8b359c15aecb25afed100fdfcf1f7e4dec26f907,1.48,,,,,,,,,,dead
2026-10-08T11:37:16Z,0xf6b7e81c6e3e6d94fb9d2aabf9dc3bca98286799,0xb54faf36cbb92e63d1dbe44f2985ec43f1c7f665ae2178727a9a4f6d9e5c7f09,0.24,9.493e-05,67458,7420999,16221,94933,0.0006626,85.7,,,live
2026-10-08T11:37:16Z,0xf72447778fd5fd94171db99e1e6057764ccbf777,0x414f59e6ffda98901d0356aac8712838675d8b2caff523c1f2ff1e089737ecc3,0.56,6.797e-06,13020,3661,14,6784,6.797e-06,0.0,,,live
2026-10-08T11:37:16Z,0xf7634a3d08ecabf506ad6ed3bdd1d5277f6f9a42,0x75aaf08877adeeb574bfa0bc207d5e500c24c84fad48aece4ce01901bbdb9f20,0.35,0.000219,38568,65423,216,50023,0.000219,0.0,,,live
2026-10-08T11:37:16Z,0xf7962bf4802c23803d19720ba69787fd85cd7ba3,0xc6a7a95f757e2060fbec7d75b376b3693877833a5bb30c4f2ff9a93c6f596aaf,0.89,1.088e-07,10938,12428,318,10882,1.095e-07,0.6,,,live
2026-10-08T11:37:16Z,0xf79811e8124546068a6bc31edfbeb0707fd4c496,0xa6fd93d6a8457e60d8ee561adb7fb04f5e586cca0659b091dcaab6de08561253,0.9,0.0002145,38174,77462,240,48998,0.0002145,0.0,,,live
2026-10-08T11:37:16Z,0xf87aaf5eab18debdb2e9cf7f8097de833c671777,0x262a82f32cea4444f05c18feaf5f0419b41d2b1b1b74b9818bff1a3636fa0c60,0.12,2.762e-05,26209,46446,180,27572,2.762e-05,0.0,,,live
2026-10-08T11:37:16Z,0xf89c9acd150aeb234dc5e10a7fa5e29c92e53777,0xf39b65d70ef1f86b496b5fd49b32051ec4e657eddbd158c1329e9f7ab7427512,0.68,9.649e-06,15491,2271,12,9631,9.649e-06,0.0,,,live
2026-10-08T11:37:16Z,0xf8a8425b8aea7843050d9db1e9c2ca3aadef3ba3,0x6f5688c28c4cd5c596494901c4e2177e19bbfd4666fffa8a5c58733f354032ee,0.43,1.014e-07,10143,0,5,10143,1.014e-07,0.0,,,live
2026-10-08T11:37:16Z,0xf8b2f446df1231c0584a5dfb3b0373fb1dec4de8,0x2ed86aeb34d51f3b502d4701929778b2dfda312a56118498dbea0c7ba48696e1,0.25,6.484e-06,6497,15085,427,6484,6.484e-06,0.0,,,live
2026-10-08T11:37:16Z,0xf8e7c17f4b74e0ba6506476b6ebdcedd0d5a7777,0x36370fa12e3ae0a0fa7bd596490695b66ab0647415c8880115702e2fe9ef008d,0.77,2.299e-05,23967,52898,181,22952,2.299e-05,0.0,,,live
2026-10-08T11:37:16Z,0xf8fef142f7ab1af3a4125c57377dda7eaa07e049,0xbdcc9004fa82baf38128622979c162c8c077eb3a6fdaaf1ea7ae33a7bc38b489,0.73,6.756e-06,8184,2738,74,6756,6.756e-06,0.0,,,live
2026-10-08T11:37:16Z,0xf917af6c74b0a017d1f4a5db50136e9d3bdca777,0x82fa9c970979dacff8929e4af4f6c674abe59ede886818d24e0b1b72c11ca70f,0.61,2.734e-05,26143,52839,178,27293,2.734e-05,0.0,,,live
2026-10-08T11:37:16Z,0xf9568a804c10189b64fde9e94e05b03699687777,0x847bf0af32931ac8ef6e14a85c70ff4331384663006edadb1d9145ed366a2808,0.73,0.0001943,46836,41910,181,44403,0.0001943,0.0,,,live
2026-10-08T11:37:16Z,0xf976b154dd483e43f07d1255c8cfa16b82114e11,0x07eed63338f995f32c09503f65d2c9137b0a2f2f,0.9,1.513e-05,7592,0,1,7592,1.513e-05,0.0,,,live
2026-10-08T11:37:16Z,0xf9bebc691dcb571ce14ce326def9c57138d7a3df,0xa0cecd5f7e8bfbd313d53673ff9849822ff1ba3739b1cec0cb3baf2cbb0f81ba,1.58,1.042e-05,10414,16477,5,10425,0.000234,95.5,,,live
2026-10-08T11:37:16Z,0xf9d5790fd1e7dd5e21629f1c30ee01f92a7fa69a,0xadc57c0da1d5d94bbcec6633bedd71a69097c0b54d919a075b8c1faa436c18cd,0.1,4.941e-06,33119,54002,380,49417,4.941e-06,0.0,,,live
2026-10-08T11:37:16Z,0xfa301121ab716fbdea9beeec970afa0eeac17777,0x1ade75c43999df89399884e819871105f2a863e3b6651c4ae917ebda109f057f,0.97,8.11e-05,30367,10498,43,18532,8.11e-05,0.0,,,live
2026-10-08T11:37:16Z,0xfa31d04462746aaa24bc7e5626403e09e4b106ec,0x432733840e61898919abd6850d94e2a708621d82fa84656cea0db33142f610a3,17.12,0.0005418,71857,133643,729,541863,0.00357691,84.9,,,live
2026-10-08T11:37:16Z,0xfa6ed9d2e3996d11b5ac61e0e47b072ddfb71e18,0x2aa72b3287d1b538adbeb0e38635b5de4c18b32230cd31478f99376a5f8e1b7f,1.52,1.994e-05,19956,2,3,19949,2.011e-05,0.8,,,live
2026-10-08T11:37:16Z,0xfab17263d7505a3be48232af2c8016753ad9f777,0xe8e905bc34f4dd30ae8bf129b3ee23a69977ddc76cd279782104df3bce426d05,0.3,2.974e-05,27178,52021,187,29690,2.974e-05,0.0,,,live
2026-10-08T11:37:16Z,0xfb213c21bf41a1437505bbd2e906fc8801407777,0x69a615fdc6684a5577afec42c0cd3eea3b99fe98582fa140e7d026c7d2a1dcfc,0.88,0.0002499,53160,62222,233,57106,0.0002499,0.0,,,live
2026-10-08T11:37:16Z,0xfb91e383f04d3a831869565dab034daeb7351e18,0x9f061d30d0334db7824be8fdec575cbfb75439c4f61cf6b4bd94451ed37f2f8b,0.27,2.097e-05,20970,1,3,20970,2.097e-05,0.0,,,live
2026-10-08T11:37:16Z,0xfc5c8ec56af0c5ee6ebf4c4184c8a5a7bc74e9ba,0x7ad92327e884dd403c3996eaf24e8b5ef7103f5dc6cead61adc79dfc768a2ef8,0.35,6.421e-06,6422,5495,35,6422,6.456e-06,0.5,,,live
2026-10-08T11:37:16Z,0xfc965231910d400c3a06fea56e2b88d9babd558a,0xbcd9e90c0c119731c161b9189afb85abd2cd3c375b6030cc16127ec172c73283,0.87,0.0003023,45254,77673,236,69050,0.0003023,0.0,,,live
2026-10-08T11:37:16Z,0xfcde13f42f498a7b1df43f87dfaf4f7cf38262c5,0xe2fb6ee38faa2b358fc117c6c7ef33ac2710b6ad8864ffc41cd836c7aecb9d01,0.26,0.0002895,44372,73907,232,66124,0.0002895,0.0,,,live
2026-10-08T11:37:16Z,0xfd1363ff923e9432ce72656b96a9d5fd7b1b5bbd,0x27bbcef06ea975469b97dda9feacd643be0997c2f0a9d50453d9af1867acb2a2,0.85,2.605e-05,26055,213,6,26056,2.605e-05,0.0,,,live
2026-10-08T11:37:16Z,0xfd1c28ef54856dc02f8ef7de71805ea7bf111077,0xd8d58f53445b4af5081f8396307b9febbdbd01fc86018943aecda6f58c113678,1.72,3.203e-06,4709,315,27,3203,3.672e-05,91.3,,,live
2026-10-08T11:37:16Z,0xfd5e4947a03c916f6dcffd0289e9539c24cd83f8,0x22dc9f3a01c1e671819e4421af5e86ac65b5e53e9d564c27b188b50947ec31f4,0.39,1.289e-06,12892,3,2,12892,1.289e-06,0.0,,,live
2026-10-08T11:37:16Z,0xfe638ad053084106e6170a6f03026cbd30659a90,0x88dc5fdd35b67e81d4df323c198f15eb48fc0dce,1.55,,,,,,,,,,dead
2026-10-08T11:37:16Z,0xfea64e56a2b4aaa69f3ba089de22fc0c89b6b5be,0x1d67cb4ece913d3ee9ce84f1c000de65b367dfe74146f95a22d1c8b5669c21f0,1.46,,,,,,,,,,dead
2026-10-08T11:37:16Z,0xfede4dc12163ddb2d2a7e9ad28a462d7b4d68def,0x972fd8b7f9e7c99dbb11e57932c787ff44cf0963bd922e1275068e497e6e6a22,0.99,0.0001683,105931,312319,837,168313,0.0001683,0.0,,,live
2026-10-08T11:37:16Z,0xff2436d4859b1d55d99eb777f0cabd3e2b5fe479,0x448d3c5917d7938b5238370351c33fc7ba440bfef64e997dcca50842cf4019c7,0.05,5.524e-06,35318,76005,262,55241,5.524e-06,0.0,,,live
2026-10-08T11:37:16Z,0xff4378aff57882a6dca648fc485fe3a28dda6f81,0x823e586de00f5b998335afe0520a0ecd42557bee2758f7b6431e837ac72fbc63,0.76,2.153e-05,31351,18473,205,21532,2.153e-05,0.0,,,live
2026-10-08T11:37:16Z,0xff4c3278e735fa52b1012b06748407d26e047f18,0x5560b76440e9b6660ab6ca8c7ae1941c92abffcf,3.52,2.78e-06,2777,31,2,2781,0.001959,99.9,1,False,live
2026-10-08T11:37:16Z,0xff70f45054076b4aad17adc3a5ba027e3d8132ba,0xec6399f7cacc26a1854d15c3a7bd92aa52b3d775,0.09,0.0002815,253370,5,3,281523,0.0002815,0.0,,,live
2026-10-08T11:37:16Z,0xff9e58a0e8a4d7b0942f9728693dc781580ef508,0xc0870f4b002ced58392352c0cb829b6c1bb27e84d700ce5b7153c6d050af8143,0.93,1.315e-05,25763,259,9,13158,1.315e-05,0.0,,,live
2026-10-08T11:37:16Z,0x772a68bafd91985b469a6ee41c78eb6cb62498a8,0x3ec4edec4e9aa526839dda996810ef93961ef837,0.0,0.0119,11005,5093,46,11905,0.0119,0.0,,,live
2026-10-08T11:37:16Z,0xacd24da36c97c89633ab4167eacadf56e29ac777,0xb4b1b902a9f23048b0370d2993aedf698f10a6b551efef3c2678a4ff1401f84f,0.01,2.41e-05,24371,53523,186,24059,2.41e-05,0.0,,,live
2026-10-08T11:37:16Z,0xe9ffa2e3af72d9f11131295a7bebf7bff8caa270,0x197248c777ad2efba73dc7db3a56a5f276c7c42fbf6602a768fd085c8393dbcb,0.01,2.54,1905383,8,4,2540510,2.54,0.0,,,live
2026-10-08T11:37:16Z,0x6d33e391c56fb0ff5da5ad6be0a2b065945b7777,0xe5dbe6c88868c594e2f13608ed2a595a46b8cea5a735c10296653516719e13ad,0.01,0.0002188,49493,57974,224,49994,0.0002188,0.0,,,live
2026-10-08T11:37:16Z,0xc7520b875d60b9da25d54930e5b7822790b7e0cd,0xf017a91c73c54ff12f64f6a1ce99d1a78f62509e3fdf5f71803c392d89706643,0.01,0.0002389,40051,71546,229,54565,0.0002389,0.0,,,live
2026-10-08T11:37:16Z,0x5bf8739217b45647c6ee4877cbd1c15cf2ec6386,0xa99570bf84c230a3299dd914a73d8787a01172a7ac7efea51e2c023b6264283f,0.01,0.000307,45409,97072,225,70139,0.000307,0.0,,,live
2026-10-08T11:37:16Z,0x69344e5bfb42d19174d8a335601e8c1c288ef35b,0xe5cd7cc4d13374f8e7b94979d5efd0341ce45fc6427020ff72d574c635eb3cac,0.01,2.255e-06,70131,1207719,2801,225518,2.255e-06,0.0,,,live
2026-10-08T11:37:16Z,0xf6b4cdaad05a95045f8a1bce651327e5cfc04416,0x2536f3470ab0aa20a66c0c823f4c11ab5c39a26e,0.01,3.083e-05,267265,32155,21,175768,3.083e-05,0.0,,,live
2026-10-08T11:37:16Z,0x2896ae8730cfcbb9c3c798904b3ae5174f2a3ff4,0x09771ebbe78f231a7d1fee8dbc41e76d56ca0672,0.01,3.813e-05,307991,27187,21,186862,3.813e-05,0.0,,,live
2026-10-08T11:37:16Z,0xa35456584ad50e2885c63668cfa8318183f1095e,0x5878b1b9388b2aac8a52d2b3cec5610d3adceda3,0.01,6.052e-06,5969,6215,46,6053,6.052e-06,0.0,,,live
2026-10-08T11:37:16Z,0xdf6cccec1c1faa7a2e8a829c7bdbc61912c78777,0x701d430edf3e313b98e56736e59e4344b2756df455b2a37d80e933edc3503075,0.01,2.085e-05,22652,41789,171,20816,2.085e-05,0.0,,,live
2026-10-08T11:37:16Z,0xbcb5fba65256c857484cf0e955fe3ffdac75fac0,0xd8364e1a06b08ee76ab0da82142d4a6ce6132dea,0.01,1.144e-05,171171,9402,44,96103,1.144e-05,0.0,,,live
2026-10-08T11:37:16Z,0x5272c9d80bcdb5bb00824f1d47abc8c11895b2de,0x9a53787f9a356da996c87681e2346271c9b8b034,0.02,1.217e-05,10610,120992,975,12102,1.217e-05,0.0,,,live
2026-10-08T11:37:16Z,0xb51658e7fda3f70a44751c0c23b1bd3630207777,0x73d23fd4b1f72ad8dd1cedf6de249feabc8290dc3e2e656a75ee6b4b4e1281f9,0.01,0.000261,54025,62341,222,59657,0.000261,0.0,,,live
2026-10-08T11:37:16Z,0x3ccc3bb7272ecc41d34465ede01cd71511137777,0x29635e7a5cd5ea2d3e0eafeb827088ad6509feb506e703a6a2fe63763cda76c8,0.01,6.571e-05,27095,2545,13,15015,6.571e-05,0.0,,,live
2026-10-08T11:37:16Z,0x57b74083ebc32d8c94a1466d1f47e04a18c10b0c,0x3186cea45ba58c02f45afb8ddc8fc23bab1e1c3246b9ecb816deb3554a60fcb9,0.01,0.0002438,40432,74348,235,55692,0.0002438,0.0,,,live
2026-10-08T11:37:16Z,0xecfb830f3a141c2e4494783fb9b3892d3bb73e9c,0x345d91819b5376d3a9c15c3da0ae7615ea6a698bd2e1aadeb0be8b5f9f8ac535,0.01,0.0002865,43827,104852,237,65437,0.0002865,0.0,,,live
2026-10-08T11:37:16Z,0x72d1a06d5689434a05c2b348c31518dd62b8f777,0x912de25e05b8025fefc2ee0c23e61c7d823416ff0a99af8b408a43d98129adc3,0.02,2.072e-05,22590,35040,138,20685,2.072e-05,0.0,,,live
2026-10-08T11:37:16Z,0xc34cbbe7d2a71f5dfa4d3a5285ac21b6852e2c4f,0x272fffe279504949ac893b746bcd06791ee65827b0eae9d0db72021dcae2be79,0.02,2.361e-05,33656,22617,251,23617,2.361e-05,0.0,,,live
2026-10-08T11:37:16Z,0xb58c8dc3d9c1014dae2c98affd7cb74bb2ec2118,0xcbafe43c6490370401e59f110dfdf13897f9c9f30e85b9f6f3402d8d84a097a5,0.02,1.834e-05,25880,10768,99,18348,1.834e-05,0.0,,,live
2026-10-08T11:37:16Z,0xda3fc7193567516c2907ddb1a00bf583c7682b31,0x1fce79f47c6ad26855ff1ee36fd63d6274e8e08c,0.02,9.365e-06,9366,3990,45,9366,9.365e-06,0.0,,,live
2026-10-08T11:37:16Z,0x55c5a554ddbe7813880c44afb9df45d86af02fd6,0x58de4a286753676467215da717d1e385014eb3d081873c22d0519d7e24dca0e3,0.02,0.0002464,132672,374560,881,246449,0.0002464,0.0,,,live
2026-10-08T11:37:16Z,0x43a006c84537c30aac477da11a532a8d7198cc7d,0x9aca59f617916aa816161682ceff2c1836c9df6410566a8313817896eadef9bd,0.02,2.309e-05,31474,25724,254,23095,2.309e-05,0.0,,,live
2026-10-08T11:37:16Z,0xa055e12aeb9dd158db59c48306d0f3e25ddf7777,0x196e440d443072d693ec7a2dbb34724ffe18e570600331cfca6125c071c14042,0.02,0.0002167,49248,51064,219,49531,0.0002167,0.0,,,live
2026-10-08T11:37:16Z,0x48da621f46d8aa0d2308b5b51d2b038983c17777,0xdbd5eaebaea119445a8229cf9980c96fae8c3a7d463025a9b5fe5d0620e44d19,0.02,6.282e-05,26541,2671,13,14355,6.282e-05,0.0,,,live
2026-10-08T11:37:16Z,0x3eeaa2048c344dc09e587e93dab91b0c4c217777,0x56a67e9316a4ead7b69feecedc19e558236760c08e07017b6f638fe4e5bfb676,0.02,6.073e-05,26095,1785,12,13877,6.073e-05,0.0,,,live
2026-10-08T11:37:16Z,0x76d7d3ca9af530b798b98bfeb2fb63fe3b01d5d3,0x3bad19a39bdcd41df2f5190542a009c2a66365f7ec63dc6288be46c58833a58a,0.02,0.0002992,44809,83383,235,68343,0.0002992,0.0,,,live
2026-10-08T11:37:16Z,0x1e834181ba7afdcd4be443f74a27d41d47d3a812,0xb4459273641cf658638f46c88e4e2f507f494bd5ab699a7c75d5c6224ab57c7d,0.02,0.0003643,49446,124764,223,83219,0.0003643,0.0,,,live
2026-10-08T11:37:16Z,0xd4c410b7da9e900bb08ddf01a4539541bcc1cedd,0x3889ab00bd4bc48a09379fb3790af4d80e0118a7049c4bc50d9fafaf31c70bd8,0.03,5.85e-06,245325,1874034,1676,585004,6.001e-06,2.5,,,live
2026-10-08T11:37:16Z,0x29636107f1e1fe7f72562e8893e473c5b75774ea,0xc5b4cef4f3015049ad2d001a6687d5ad4087d99292d11e76089203fac1da0a15,0.02,3.693e-05,15777,252,3,8435,3.693e-05,0.0,,,live
2026-10-08T11:37:16Z,0x00651dff9e14583bc4d8a19dab35758c79c798f6,0x703d66db5264f69c52ed9fe9e48cc47a2a513e6037992ae3ee0465f01ca597c4,0.02,0.0001286,29451,35710,127,29390,0.0001286,0.0,,,live
2026-10-08T11:37:16Z,0x56585f78d31286d09053dc35ebee06046045088a,0x63392359aa82d5cd4cc00b68fd1ea6835b8c70b6647bca47969708e6a870223a,0.02,2.919e-05,30671,29957,253,29194,2.919e-05,0.0,,,live
2026-10-08T11:37:16Z,0x7930079caaf4687d314156240380077bd4c13ee4,0xd638b0edc197ed9aa447530663a916ea60783d384607f13b1353678b03404292,0.02,2.546e-05,25467,2,3,25467,2.546e-05,0.0,,,live
2026-10-08T11:37:16Z,0xe281ee791fb318a7ed4dfbf5b7ce0e6331f5f887,0xd606c63cf10b76674ab0a752b7d361140b49feedd02e5ce608c628feebacc6d1,0.02,6.389e-06,6390,0,2,6390,6.389e-06,0.0,,,live
2026-10-08T11:37:16Z,0x3bb7751052d7393bd1810d1257614c32f7a98c50,0x994204cef0234708a49b1cd1ce6ee57e942f141a5d7c4a390c8c6bd22c87546d,0.02,2.363e-05,33025,23843,254,23634,2.363e-05,0.0,,,live
2026-10-08T11:37:16Z,0x1286097740a6d4c3503272f55bfe5a43edb76ed7,0x5736fabe46e92758c2aa08c6ebb1d5a8e99690d6cc1e3379ed65fa5d2811a83a,0.02,7.616e-05,27825,51722,278,76166,7.616e-05,0.0,,,live
2026-10-08T11:37:16Z,0xec8f2bf33a72f43285462ce4c42ce458eff3f2ec,0x98f0afe8409b63cdff0c4ad3ee9c3e5557afad48e63d0ecde8b9e7b3f919e884,0.02,6.404e-06,6404,5402,32,6404,6.404e-06,0.0,,,live
2026-10-08T11:37:16Z,0x465bc2f7fce0071febe4181e5a80c19dbb387777,0x345db5fbd9fac81ced5a27db34e48db09944faf8dd76eb98c95f09983701f62f,0.03,0.0002567,53717,58443,230,58663,0.0002567,0.0,,,live
2026-10-08T11:37:16Z,0x0d325bc57a56498242ddc92092432b962ea4c777,0x20190431db2246706829b901a81e739e1df4dcf88789756b83865fe499535921,0.03,2.394e-05,24337,51543,184,23899,2.394e-05,0.0,,,live
2026-10-08T11:37:16Z,0xc506c44e275db2dca1c40d918763f90a804b2777,0x48b74de0e4e6a68e44f2ac0a5db5567a05c0eafa7289bc4c4a4d35dbb041171a,0.03,7.413e-06,13546,574,4,7399,7.413e-06,0.0,,,live
2026-10-08T11:37:16Z,0x56d81d1bd49d0c41f3bc16136a835ad3148efd37,0x90cf215e9e95114409fa5ade342a4f4f0f319d552141abcdde8945b2d9a09e65,0.03,0.0002712,42759,73560,194,61951,0.0002712,0.0,,,live
2026-10-08T11:37:16Z,0xd009cb138c3d703f8b085d664cec512e2898b75f,0xcdca406a8e232b8a459ff30f17733edaf3d4b9f1794fddc0b7fa28d89d6af3ea,0.03,0.0001756,175638,475,3,175670,0.0001756,0.0,,,live
2026-10-08T11:37:16Z,0xee381f6d201cef3e6ab09a5aae6852732f3dd64f,0x34d0cdfcd97b368e4418b028d72d4dafd7aba32e495a74e83fd4aa57547399b4,0.03,2.378e-05,32700,17647,184,23782,2.378e-05,0.0,,,live
2026-10-08T11:37:16Z,0x2b3cf0b460d26bee3d923a1281e03e103c1f86e8,0x66f367445f771eafdcd3b1f638731c1194144643,0.03,1.528e-05,7679,4,3,7679,1.528e-05,0.0,,,live
2026-10-08T11:37:16Z,0x8a6d6072b1e57ce1878f66147f28a24957de6777,0xf7cdc146ddf4d82ab56b8f24fa2a967045e93dfc482f5bb562a8ae0ffce8ddd0,0.03,7.259e-06,13410,501,4,7245,7.259e-06,0.0,,,live
2026-10-08T11:37:16Z,0x8497dd9984c7fe1c9929fa4b5d2c8b3f68bf950c,0xae9e56c20ed97556c51c54cbbad8ef4d8a44c960f226d85b11d08eedc3716de8,0.03,6.4e-06,6400,5358,31,6400,6.4e-06,0.0,,,live
2026-10-08T11:37:16Z,0x39acfce3c73ee5bafc2a23ec60d5e1a3f49d6e01,0xc9420b3ff3dce3d42dedafb4fd46ee40278ef2a3239611d6f6c943b2bf34a196,0.03,2.401e-05,31738,25708,254,24015,2.401e-05,0.0,,,live
2026-10-08T11:37:16Z,0x914d617e6936d283cab76e94b2b533b9c3327ba3,0x98efef2da105295c17fb0f2c17bd53197dd6a08120af8d87107a9f0823573824,0.03,1.004e-07,10049,1,3,10049,1.004e-07,0.0,,,live
2026-10-08T11:37:16Z,0xf8b0d6401d11f5ae736b6aa7633462845957e99a,0xffdf18856d5ee19b6651ac9f41957afbe821adc23fb7f7d661bd6eba9a66bc50,0.03,2.388e-05,28841,30508,254,23881,2.388e-05,0.0,,,live
2026-10-08T11:37:16Z,0x9430fb9161ca68bf3803c9aa5531a02075ed5777,0xb73e7dc4e6828353dfb4d436e72d7a11a0559baf210b88b1491e9a96ebb3704e,0.03,6.247e-06,12442,13,4,6235,6.247e-06,0.0,,,live
2026-10-08T11:37:16Z,0xf471ea2f7b91c2398c03086d0b351d69ccd17777,0xf553f6f746b80b3a9d9de4f056cf3b1bfccb248f23946594586a25d146beb655,0.03,0.0002362,51564,63472,239,53972,0.0002362,0.0,,,live
2026-10-08T11:37:16Z,0xd95b59e6c9d0fdd5f84dc1bdb6abe9f7904b05ba,0x44ff5d842500f6f8b7ef7d5ca8e9f6f796cb54d5f2d39008dbce8d39886f6351,0.03,0.0002509,41158,69342,238,57311,0.0002509,0.0,,,live
2026-10-08T11:37:16Z,0xe7351f69ad3f3817bea118b0b96b5523ab0d2efc,0x94ecc2e88e5bc23514654a19842ee090225fb9f8aacd0589f343832be5d6c86c,0.03,0.0003529,48817,114489,235,80623,0.0003529,0.0,,,live
2026-10-08T11:37:16Z,0x40a52b67df53a38a39d46bbe5302a600264cefb9,0x200f9fefcb6dc2739047dadcb98ccf283ad17b238b7c71fdb41bbd73d9a1be41,0.03,6.394e-06,6395,0,1,6395,6.394e-06,0.0,,,live
2026-10-08T11:37:16Z,0xd4692e457caefa3aa9125eb0812d0ea94ad87d8f,0x2f62a5a10faf731c79505b5086da9e83fb40bb4f13c60da5fc033b72c767d781,0.04,2.203e-05,32746,22334,252,22035,2.203e-05,0.0,,,live
2026-10-08T11:37:16Z,0x63758166e7f36f2e68a15ef2a1d8a6d44de42efd,0xb7a5a496940cccadd7e7e8a2ba307555f1ee8e6581a4b671b08d2694178d087c,0.04,8.604e-06,8205,2103,30,8604,8.604e-06,0.0,,,live
2026-10-08T11:37:16Z,0x6e07f85fa7ebf6f5cae4d828f044c3e6374f10d8,0xc37b4650a417242acc2a4411407eaff9103bf8c8978050cd7c79bba2875df09c,0.04,0.0006743,153812,3935319,7550,674322,0.0006743,0.0,,,live
2026-10-08T11:37:16Z,0x283798c6ef3e00caa3fe17768a86dcb4d1b8d22d,0x762387457d9d91428fda07c2639c85a3552b6427e818d41bf58b89530bd1c215,1.68,2.708e-05,14711,20410,372,27083,5.78206e-05,53.2,,,live
