run_utc,token_address,pair_address,age_days,price_usd,liquidity_usd,volume_24h_usd,txns_24h,market_cap_usd,peak_price_usd,drawdown_pct,filters_passed,pass,status
2026-10-06T00:55:58Z,0x01be16bf4b5758dbfd2d348277836d38dfabfbb7,0x24496a074cd595bd75e4b954ba80adae072a49b33039a02591cea60bbc5f0595,0.86,2.209e-06,141760,12266004,9217,220961,2.209e-06,0.0,,,live
2026-10-06T00:55:58Z,0x06d2d9229a9491969ecfb4c94d2e45c31b463f59,0xcc42e092e9b2efb8c261673283f58527da279245951e4972c51b4f25de3b02db,1.59,9.603e-10,10,2,5,96,1.657e-06,99.9,,,dead
2026-10-06T00:55:58Z,0x084d65f5b292aa7fd69c914bfc3c161e9c2ca28d,0x8516aa08318bb359f75be7223afe154cdc5814a4cffb514dc910eb465f2d593c,0.61,4.818e-06,29635,35623,148,48180,4.818e-06,0.0,,,live
2026-10-06T00:55:58Z,0x0b7c6c138dc75622f4200d157b13fb93e6bd94fa,0x5291cfd042d8a771a510534ee31090bc4f4dc72724871e8f321aecfd12332a9a,3.37,0.118,11802202,11506733,524,118017219,0.167232,29.4,6,True,live
2026-10-06T00:55:58Z,0x0beecb8794f757637e0a15a232d4428e7ed01e18,0x38ce007e8cea18d4964005a6aad6411bac508d8074ec61e2a0383228011fe78e,0.61,2.009e-05,20098,2,9,20098,2.009e-05,0.0,,,live
2026-10-06T00:55:58Z,0x18770188c6d49a9189dc20a9dac7f7dd9b4cb6f4,0x9e10953d9074d3ff66b3eb8ad220de6a9416afcc5b566a732e6d706f9d4108da,0.61,3.196e-05,31767,2294,16,31960,3.196e-05,0.0,,,live
2026-10-06T00:55:58Z,0x1c7fb1fead5d138643dfb040fa3005faacc7a037,0xd61cd46b6d008e79f85c2da77e28fc129fceba617598c7105cd33c833af9bf78,0.23,5.583e-06,49215,30259,165,55839,5.583e-06,0.0,,,live
2026-10-06T00:55:58Z,0x1fa9ba0c6ee43dd2b151dd54f45f152feb285584,0xccc1ec4c664d1b7e6f258ea6f16b2bfd2a1bd4bfcfe47e4795d55903d0c60f76,0.29,1.144e-07,11435,2633546,5395,11444,1.475e-06,92.2,,,live
2026-10-06T00:55:58Z,0x1feced63481968495355942c1a1fbb7221abfa46,0x715cf34c5b3856c5d61288f982d4e7bcc920e08db0667da705a3855b13f99a21,0.6,3.184e-05,31665,3316,21,31849,3.184e-05,0.0,,,live
2026-10-06T00:55:58Z,0x2071410f95285d47019bb8619022e350cb2e1e18,0x43e89edf91cf0a42fbaf555ad84ed18bcabc6bb72cf24bd08455c6b183e77187,0.24,2.009e-05,20155,42667,555,20072,2.416e-05,16.8,,,live
2026-10-06T00:55:58Z,0x256fb403859828e8cf1653807281cf9a4544340a,0xdd3a6a5bebf6e7e161a61edd2162684365542dfe579e62b60e90158dd92bc642,0.6,0.0006678,534240,1,6,667800,0.0006678,0.0,,,live
2026-10-06T00:55:58Z,0x263a6ab3d7805d787716fe310fb8d5828a3a2986,0x9a2584c71c736c391e3f45223a013491b24b2472497684477de3d98afa296cdf,1.01,1.122e-07,11219,588231,3815,11222,1.122e-07,0.0,,,live
2026-10-06T00:55:58Z,0x2991b3644fe604cb48fb3522c0aa5575e5894ee9,0x6eb0fbd36e6314c12ea26a2c3708e73035565096d0ffd1be5dfd999373247435,0.23,2.301e-05,27006,19304,155,23016,2.301e-05,0.0,,,live
2026-10-06T00:55:58Z,0x369dfc595d9215ef984f7f521ef09c85adb15ee3,0x46540a2e4b27ff778f8ec6648616660472945fc6,0.62,9.776e-05,57062,2194456,10015,97762,0.0002058,52.5,,,live
2026-10-06T00:55:58Z,0x36ffb73a2ddf873ae21e93c7dfe8a665c1907777,0xbffe1a087ddc12da642d616715eda541cd1e1eb3fa6f5d12a7b958f62524ef35,0.23,0.0002405,53655,55142,231,54971,0.0002405,0.0,,,live
2026-10-06T00:55:58Z,0x4302fec59f0d07dbf3c0d894fabfea76c4558592,0x2b2a75f646dd073f87f7e40474275b3cedcffbf4df524e58502acdd4eb400fb0,0.61,0.0006678,534240,1,6,667800,0.0006678,0.0,,,live
2026-10-06T00:55:58Z,0x4351dd724db5f999adb438d6186a38e83f275777,0x354cb856920e213f3af36c5f335a704f7f809a0df80ff68b8657aa60114b1a4b,0.62,2.621e-05,26308,49894,185,26161,2.621e-05,0.0,,,live
2026-10-06T00:55:58Z,0x45ea9f971df198459a11f7e0948c55f0a4f23777,0x0260f00cb9dd9fb88e982e1d2e3179e52d413fd427a48ca4ed2f64fb04c0af87,0.61,1.778e-05,21668,27100,103,17748,1.778e-05,0.0,,,live
2026-10-06T00:55:58Z,0x4bd6fdb4975e2e30b1a6dc6334fdf84df6ecc695,0x044c38fd0eb0c4ca4ec89f198cd55b129759d38e9bfe7bcd7733d839fe568262,0.23,0.0002633,43472,74652,234,60142,0.0002633,0.0,,,live
2026-10-06T00:55:58Z,0x4ed7b8a2d473ca8ebb99e6966ceb1cddea16be71,0x3e478058057954a6374a51571c3c0a11f6e247179645ecedc005c1240ef4ef32,0.61,5.119e-05,23698,25826,382,51198,5.119e-05,0.0,,,live
2026-10-06T00:55:58Z,0x52c4c365cf5317c89c817cf2516141613d38d08c,0xef099d3953ba2333423372a4d5732215470e5870d89da45f2627dee37206e95f,0.52,8.228e-06,273165,5992212,7182,822866,8.228e-06,0.0,,,live
2026-10-06T00:55:58Z,0x53d025fbaee3057622d7ea0817b0b81b6645af66,0x73453c62c45f1c177be8dbb35a6d507acc0d1ad4d7cd50dd6b2bef2f4d13b429,1.43,3.032e-10,7,9,10,30,2.402e-05,100.0,,,dead
2026-10-06T00:55:58Z,0x5b81efe5e0ba2b31c0ed843b908a2c45fe6e14c5,0x3416b8d8aa6ae642ffdc2f65165ff479d4bd3007,27.33,0.0008219,179123,2386661,2797,518239,0.0622874,98.7,,,live
2026-10-06T00:55:58Z,0x5eb6a5fe8be42b6e1ac50dac649e401ba605c0ad,0x8f967be3875b6536beded923c3a5417970c1cb179cbc65823910d248384077e3,0.62,4.337e-06,27914,29332,175,43376,4.337e-06,0.0,,,live
2026-10-06T00:55:58Z,0x5fa94a4f046d35f760cfaca10f5b3603e535d08b,0x38ad55f7e0f90a09c4004554b03238e0b46dc4d566211da261bb03d717607843,0.8,4.284e-06,189568,6328342,6283,428451,4.284e-06,0.0,,,live
2026-10-06T00:55:58Z,0x65cbcb113fc79ecbd1ce7f6a6730785b28d98ab0,0x049cdf655f8c811f570045ed5a64b781a78098e9208be42005833343aba9338e,0.62,0.0002305,52594,57933,231,52679,0.0002305,0.0,,,live
2026-10-06T00:55:58Z,0x6699039ef93484b520867da41d3462299b019c64,0xd857b55d95695695e0c56d8d6fa61f7aa8bd975233975aeb951c20ecf06ae9bf,0.61,3.011e-05,30040,1430,12,30115,3.011e-05,0.0,,,live
2026-10-06T00:55:58Z,0x67c51c928d5d8383f3a58fc591a4e6f6463949ed,0x77d31f9362c1c9cbe18d091dabe7568ed8316fd27d2469ea11e41cbc9d3912c0,23.64,0.0002597,25977794,2533475,262,109260221,0.00026885,3.4,,,live
2026-10-06T00:55:58Z,0x6a6a57d1e94eb586c5b505a1c81434bda3d6ed97,0x104b7921a26f5b6f63068475ff20634c46f8df8a0eda01b04ac5696e4ba849f3,5.47,0.01534,1538619,15442125,501,15348269,0.0223196,31.3,6,True,live
2026-10-06T00:55:58Z,0x6b4b0327ebb13dd3bc47b558ab7529e32930d8d4,0x773e593b4ae56bc3aa4e393b592cbf1b689b9a258667c48ef2bf2d2d4eae9a5c,0.71,1.881e-05,481430,16202027,11529,1881842,4.017e-05,53.2,,,live
2026-10-06T00:55:58Z,0x6dd93e11e62bf8caf77476bf380bcf8a3785e454,0xba0eb6b1113dea09da144b397cd7fc42aa2936e3,0.62,1.533e-05,7609,2,3,7609,1.533e-05,0.0,,,live
2026-10-06T00:55:58Z,0x77d3a72ca565961c0405c112f91c551613788aa7,0xe35daf452eeb19a189b02c384c9da7d3d2a79c1e6d6885c8b305e0106347c733,0.27,5.504e-06,244201,14101643,11310,550435,1.029e-05,46.5,,,live
2026-10-06T00:55:58Z,0x792cdc2c70606848ba1576927831c1222eceb777,0x40e6d3aa6309a65be188a4a4745ebce682f755f25acf8b69c9a22023061ca57c,0.62,1.918e-05,22505,37106,156,19146,1.918e-05,0.0,,,live
2026-10-06T00:55:58Z,0x83ce5d8c20f11122f0254ec975bfc4c30bb39c26,0xa74a39f25726afa5c37f7e16152a60e5e083f01329a93ae7eb56ab19f8b704ab,0.24,0.0006655,532456,0,3,665570,0.0006655,0.0,,,live
2026-10-06T00:55:58Z,0x8b618278f7801015036abb029ab635d21dcf1e18,0x093901df4391e0d1077d2c83e2ac4f32cc82f20c89dff66eda4f4aeed2fa1bc6,0.62,2.005e-05,20052,2,3,20052,2.005e-05,0.0,,,live
2026-10-06T00:55:58Z,0x8c414a98bb51033c5891348f7fba1054aaf4e83a,0xa248d08b13af27aee9635674972e3055977851f16b237950a921963e80d073e4,0.43,1.865e-06,127106,9778287,7583,186544,1.865e-06,0.0,,,live
2026-10-06T00:55:58Z,0x8e41fd25e85e624560fa50ff9f117a02cd30b8b3,0x7608c38ea8cc2082b043e886185979942cdeb58e,1.4,0.03149,586917,7251332,12776,31493725,0.03149,0.0,,,live
2026-10-06T00:55:58Z,0x92c59798951cf8141dfc32d0b5ab78f91a3a62be,0x842c0bd5182772c9cba752e3df78e3f0a340102a273d233abc1727fa061d5af7,0.23,0.0003837,52482,128606,231,87658,0.0003837,0.0,,,live
2026-10-06T00:55:58Z,0x9394f6ddf456dd28b5321c3ea2f88defd61e2a9f,0xe8f5e2f410d2d2397e30cdc98e604dea4576d139778cf3f61e0f4f0609b5af06,0.62,2.886e-06,5181,15104,174,2886,2.919e-06,1.1,,,live
2026-10-06T00:55:58Z,0x97d4c3c1b72aebb599b70002e9109b88248d51e3,0x73feddd5c9b0d4707c15f1551922b1280f6365ac5fa77c587babcb5323d2ad38,1.0,2.587e-06,156399,8892159,7005,258746,2.587e-06,0.0,,,live
2026-10-06T00:55:58Z,0x991c44751190eb52f035ab51003928356dceeba3,0xbf7b7a368be40adcb8e070f2b3adc5e657a4c54d6a55c23846b83951da0842c0,0.23,1.007e-07,8565,160,7,10076,1.007e-07,0.0,,,live
2026-10-06T00:55:58Z,0x9a76ffc4daae5a210836d8523f7a423b21ceb27a,0x45730599a4afe59b9f87ba2c9c7f46400bcbc8b68341d5e89f4a25715c1afc32,0.62,0.000133,85791,321229,888,133031,0.0001992,33.2,,,live
2026-10-06T00:55:58Z,0x9ba4d84ac1571a0788b2bb7a6412e73529d12dc6,0x2a878208df14eecf7761daa73f4c1c070cece119,1.35,2.718e-06,3223,6463598,12747,2718,0.01707,100.0,,,live
2026-10-06T00:55:58Z,0x9c46fa740e68f460b98a5accc4abd91d5961534a,0xa7c329d92a94b97d12579cde5bd95def2489f27cc4bcf78e765827093b7e05a5,0.62,0.0003394,49416,100280,239,77519,0.0003394,0.0,,,live
2026-10-06T00:55:58Z,0x9d06d52ed875770255378ab268e9e219778bf75a,0x52c20ee8d274be8ac58095cc162d4207b1af2464e46bc9ae936641442922df0b,1.25,1.452e-07,4,1,2,14528,1.452e-07,0.0,,,dead
2026-10-06T00:55:58Z,0xb414259e3446abc9b69866bed93ef294c1aad140,0xacc8719764a7ba59ecdbe2bd4988d3af2c2336f8fd995a96456deb821512d27e,0.24,2.484e-05,25588,21437,148,24843,2.484e-05,0.0,,,live
2026-10-06T00:55:58Z,0xb91b4020518cd0cf824dca8291e94cd62c7f0b91,0x5078092c196727b4798c5c4d583d69146bec3929,0.42,2.724e-06,2884,4195222,13057,2725,0.003667,99.9,,,live
2026-10-06T00:55:58Z,0xba1a2d9783ebe2b76493c5c12eb9813a0e062843,0x6e8a6a1af8ec53f3f09c7303e5403558dee42d0a,3.34,1.268e-05,9019,646247,6653,12684,0.0517375,100.0,3,False,live
2026-10-06T00:55:58Z,0xc88a7d8689ad3a3b830182de8e0e5166da719a79,0xddb48e582888bf9457747e4a8b05550bbcfde909d71f298d440664252fd3eb32,0.94,1.103e-07,11033,2582690,4638,11033,1.103e-07,0.0,,,live
2026-10-06T00:55:58Z,0xca96f8f90a95d801daf932097e253401db596fce,0x330a5e8db4fc156c2ada32f296bfba3880b8b8952abcf624cdbae9eb8d8f1c76,0.25,6.734e-07,40537,3368977,5917,67348,7.595e-07,11.3,,,live
2026-10-06T00:55:58Z,0xcd7996f4e3da662e1dc9c04d25feb4fcdb31b8f9,0x9fbc84a32cebd8f97438bdf69fcca9a50746fa8c5f1ba309af20daf115012304,0.77,1.177e-07,11755,4498186,9902,11776,1.189e-06,90.1,,,live
2026-10-06T00:55:58Z,0xcdae63d95d6dd4f89f6e508c77bd4388b4e5c8ab,0x4674f978aab6c373c1634a6729771d9bd6b97bbf25fdfa70d601a81a339f6974,7.41,0.0005641,72444,93284,355,564133,0.0007028,19.7,5,False,live
2026-10-06T00:55:58Z,0xd43a62043b2bea3624b1ed38a3d54cd56dc75777,0xb33dfc2784d40e6a6e8a36f7282f5941707b16ba7b550e85dcc6bac086fc8ee9,0.23,2.244e-05,0,58902,201,22400,2.315e-05,3.1,,,dead
2026-10-06T00:55:58Z,0xdda5512bef94b374ac9d846e04f52b88f603dee4,0xc2b0cbc7414d413a383a375d26ee71b46de39dd84e3fde724316bb57743478b6,0.93,3.744e-06,175067,4847349,4716,374446,3.744e-06,0.0,,,live
2026-10-06T00:55:58Z,0xe0477657e3c374ed63a42ae6949e3e4475de4dd0,0xcfc11db01538e1599213e23eaff0e668e0f331de38acbed6a058a95f93c85aea,1.3,3.247e-10,13,1,2,32,4.54e-06,100.0,,,dead
2026-10-06T00:55:58Z,0xe36e06ca66fb55d6568a16ffe4760178f51f4590,0xd4244cabae594943508877a9d17868f3a6cf390d8dce93ca3e4c1f69435e7737,0.24,4.274e-06,6306,209295,2764,4275,6.109e-05,93.0,,,live
2026-10-06T00:55:58Z,0xe4300104dfb44a2cadd2659e0618c8c6d6cd2dc6,0xc00793e9a1bd0dbdf129f1d0b855e4384cd18590cf285f1c4a1b06ad84bc4bbe,1.19,1.12e-07,11203,228726,889,11205,1.12e-07,0.0,,,live
2026-10-06T00:55:58Z,0xe670fea66a414b3aa3d5a1a692cf2be79fc21e18,0x72178195a7f64f768a1bb1a4f5a0edf96c9d352cb7ed5735a683c89f2d813ec3,0.61,2.09e-05,20976,60633,1065,20910,3.239e-05,35.5,,,live
2026-10-06T00:55:58Z,0xee049979960d5e42b389b941ec45790ca7b6e1f7,0x92a4f531f82e1440d6e349bbc2ed42ba389e013f,1.5,0.0003249,56708,20640862,36708,324965,0.03389,99.0,,,live
2026-10-06T00:55:58Z,0xf0ae41f3cb009cee6c0f0824a25d5e677983f645,0xb55fdad9febbed32da87427414e176778736bb85df1a14d2514bafb23d7194be,0.4,1.766e-06,65544,3674257,8184,176630,1.766e-06,0.0,,,live
2026-10-06T00:55:58Z,0xf0af8b5ff14919b6cda78f0d98c9fcb0b3dc602a,0x2b8c3ec07575a47be3978a316fc0c150188fab5f037c8d477f166b54cf958c74,0.51,1.102e-07,11020,3916937,8473,11022,1.102e-07,0.0,,,live
2026-10-06T00:55:58Z,0xf560784702e6d83e15bbd48eb1927306034a8493,0x6c6d5ee4458fad53eeed4649e36361d90d534b0818e12583e76fa7064f179dd7,0.61,2.4e-06,2401,486448,1522,2401,0.001331,99.8,,,live
2026-10-06T00:55:58Z,0xf78835f0a920ee70f2e6f6850307ff9e886dad46,0x3e597a620cee225510f43b3aaa06507b6e9b09275f5faf6cbdf1cf039d17f962,0.61,0.000371,51681,113909,237,84736,0.000371,0.0,,,live
2026-10-06T00:55:58Z,0xf821e82c64b4c3ed15245ae57bc5b4fd7c8e392b,0x832de3278eb03fee102cacd45b09c4b6d2bced44fee6758549add8e8a117f15e,0.87,1.159e-07,11578,3883141,9514,11591,1.544e-06,92.5,,,live
2026-10-06T00:55:58Z,0xff4c3278e735fa52b1012b06748407d26e047f18,0x5560b76440e9b6660ab6ca8c7ae1941c92abffcf,1.08,0.0001079,32025,8337209,25837,107909,0.001959,94.5,,,live
2026-10-06T00:55:58Z,0x5fe36990e6daa4871df5ed971ef2f60d955cc32c,0x6c5be2f757957eccdee4a20cda4226d0ec8338cba45d3948ba4bc78e5cb1d27b,0.0,4.218e-05,40569,9308,69,42184,4.218e-05,0.0,,,live
2026-10-06T00:55:58Z,0xbf85254e14954c6df1760a5682afd80d83402c22,0xb6c71d12c18d8b9a12a2b9c608caeceafcf12c839ae397d84f0ddc6c644c7da0,0.0,6.805e-06,6806,0,1,6806,6.805e-06,0.0,,,live
2026-10-06T00:55:58Z,0xa1de56a340fb37bdbb3b067f892564df4b4d06ec,0x300715ed4ecaffd4274f96fd20cc95dfc8cde765,0.0,1.52e-05,235839,9105,6,127756,1.52e-05,0.0,,,live
2026-10-06T00:55:58Z,0xbdfeb02fc6b06e2986c7cae0fa83da50bacf876f,0x138100cf3bdf4c74f33bf21019bc29e088aa317d6576919ba04b54c8005d3059,0.0,5.449e-06,10873,14,3,5450,5.449e-06,0.0,,,live
2026-10-06T00:55:58Z,0x897d151787ca84994ac8df68500f17e587794796,0x6e7fdabe9b3ddbe1d6e2b3585163fe56662edd2255a71151dd2d02ff87fc495f,0.05,0.000125,34131,324654,5076,121345,0.000125,0.0,,,live
2026-10-06T00:55:58Z,0x075136b3a79dc2dd8568b0a12cfb59ea95ee2ba3,0xc0cae649166f2e4f6ebfed08a8457960ee385a2975915a36e3135b90614e3c9a,0.0,1.006e-07,8559,118,10,10069,1.006e-07,0.0,,,live
2026-10-06T00:55:58Z,0x0fa084c8086f994dfd3bc4e3ae5716cd18133b57,0x86499ba52b375baa1d34557cab4259502b69bb68,0.0,2.101e-05,317257,22653,13,184968,2.101e-05,0.0,,,live
2026-10-06T00:55:58Z,0xb592e5daa875840a0f5319cf559cd96e2fc47777,0x67f3495535cb1bc53986b9cbf37e5d92b8b5ded70708392bddfc4c21fe04dbed,0.01,0.0002205,51412,56129,213,50395,0.0002205,0.0,,,live
2026-10-06T00:55:58Z,0xe7ae6c3ab66f6dff4843b261b5d89308f07da30a,0xc9f43321416dc26fd525872a56e2c3f5a3ff97cc2095a63a8a3936a3053f83d1,0.01,1.562e-05,6587,582,6,4000,1.562e-05,0.0,,,live
2026-10-06T00:55:58Z,0x27b71f257fc3187353b75e823199dd7191189c36,0xf0c38fcb1d9cbc29a9035f7199d25794aeca3009af6f6b458065de1f428a17fc,0.01,0.0002665,43764,75334,222,60877,0.0002665,0.0,,,live
2026-10-06T00:55:58Z,0x3531d392dace816b9117e60d7c4f3c2c79406f4a,0x8aad3e76686384e0f734c2cf3038bb4a91fd9f3d470d731338051014cc84cde0,0.01,0.0003235,48218,96386,215,73904,0.0003235,0.0,,,live
2026-10-06T00:55:58Z,0x74d0d3b0c38fcb3128fb0e6780463542c01b298a,0x772be6b2260634f8a30c0cb5e2b14da0ef29d2508a82a820d765dcac697445e0,0.01,0.0001356,94175,119418,146,135643,0.0001356,0.0,,,live
2026-10-06T00:55:58Z,0x96e767cddb814755437adc66934df77799f48cd6,0x8dd940bddfd202e8517de72eaf4c9da2fdc2fea8,0.01,2.544e-05,11773,4529,17,25440,2.544e-05,0.0,,,live
2026-10-06T00:55:58Z,0xf16a3a86c61255eec306db0a36d67a45e7b86b8d,0xa4fcd52a9308ce87efb2508072c7fe912ae5d2d271afaf66cc1b13b33b6242b0,0.01,3.463e-05,63673,3426,15,34639,3.463e-05,0.0,,,live
2026-10-06T00:55:58Z,0x1e782544a7c2b69cd59b0603abe40f4a2a73c777,0xb59b0d9d4509c9d2c60782377dc4f2e1e03c6fd29242ba2f9a984321378092f5,0.01,2.261e-05,24406,50341,178,22572,2.261e-05,0.0,,,live
2026-10-06T00:55:58Z,0x89b76dcdda801f2e456765742c64950eb2a0c93c,0x8f6f9a474cbaa1b6b7cab7efa61073f08cc0dc9768214f65fa66a158208fd115,0.23,6.291e-05,24197,201128,2601,61869,6.291e-05,0.0,,,live
2026-10-06T00:55:58Z,0x187361109195d5222b3623ce92eaff940d4deed5,0xf4f62da3497e771429fab905a3e2d6f293810c1fdc610f0929ca3267c49a37e4,0.01,8.965e-05,71506,42512,236,89654,8.965e-05,0.0,,,live
2026-10-06T00:55:58Z,0x964cf97ca74a3bf9d2f9d640c421102cc7a92836,0x0fe15786a092ce464d92d5bfa59defa2711b23bb91d1d4108c76a3606853076b,0.01,5.427e-07,10854,0,3,5427,5.427e-07,0.0,,,live
2026-10-06T00:55:58Z,0x7645885b2bb10ff5b8740a9bf144bb2ea10d7777,0x6bef084d7cf07af75db90a717f95910a0eb27c1b6f941825987049aaea06ff82,0.01,0.0002443,54071,59667,235,55821,0.0002443,0.0,,,live
2026-10-06T00:55:58Z,0x2d5972d7e1587328c04b7df63044e001612b257f,0x38bfac280ac3d141e4d75a60be410690b5738148510812684f91a057a46c70df,0.01,0.0002874,45421,82328,237,65648,0.0002874,0.0,,,live
2026-10-06T00:55:58Z,0xb3818af61a66f429b0896b338c9f0a604cd75932,0xf608b16fe166648e4b17be42538c9995067c9c22ba3e0f76dfd2c82ebfab7641,0.01,0.0003839,52496,124353,229,87693,0.0003839,0.0,,,live
2026-10-06T00:55:58Z,0xf1d958a5edd31308f02edd46cd9b6cc5e48fe8a4,0x0937d0b185bf9907c9898959b65ffdad77c82268af8bd5c130466ff26ec63f30,0.18,0.3649,14598662,20000241,28,364966540,0.3649,0.0,,,live
2026-10-06T00:55:58Z,0x68bb06d2ebee1247d828527cdfe67f033c6cb31d,0xc9abae1e3718e0845e9e515a46bc53a76c5cdeb66f62ebc179534c54687bc50e,0.18,7.927e-06,279581,11519245,9208,792706,7.927e-06,0.0,,,live
2026-10-06T00:55:58Z,0xc38c332012a9116dcade0c7f43b5d3c71799a9f8,0xb4b0dfeaa2e2a838f0f7a304f005ebe32390d4ef,0.06,0.01987,464250,5028979,9375,19870451,0.01987,0.0,,,live
2026-10-06T00:55:58Z,0x224a794031d54e49b46919ade2c55ff255dfdd97,0x3939ce55ec4e0ff8df9aa6469a795c793da06d55,0.05,0.005031,231679,4177924,3312,5031390,0.005031,0.0,,,live
2026-10-06T00:55:58Z,0xd415f72b2122e3fdf27dd25c684e0eb9acfcbc98,0xadc3bfab25aeafbc8e824d7ada97819d55cbf083aa6c8f2bf33833d65cdb4454,0.07,2.934e-06,158503,3945478,3170,293466,2.934e-06,0.0,,,live
2026-10-06T00:55:58Z,0x2874608eb6c8499cbb8dce5490dead74338a6472,0xad50729d7df727bf57566d44ad04bc3afdf6bc45e4ac1a21c7bd94d6813f697f,0.08,0.0006456,75502,3440439,11150,645689,0.0006456,0.0,,,live
2026-10-06T00:55:58Z,0x9452527f7ce81797a4cefc47238cfbe2fcafc93c,0x755b35e633e50d27f86dc2b953c8b93ce7aff713d7998f92ef08090c0014c02b,0.22,1.101e-07,11010,2667832,5360,11010,1.101e-07,0.0,,,live
2026-10-06T00:55:58Z,0xaa07a0e9209e16ac99708c3ec70159c6ef3128a3,0xea9f200e13055b82f175f44f592c4c13dd8c9d9320a66487d3c5cd90d68550ef,15.74,0.06946,1174274,2603498,3055,65989995,0.123459,43.7,,,live
2026-10-06T07:14:01Z,0x019a6c440b641116ea871cb157a06a479fc0067d,0x6f58826ca01e17f7890d3cd09ba51270501973b52e6c86557c14caaac0b48e28,1.74,,,,,,,,,,dead
2026-10-06T07:14:01Z,0x01be16bf4b5758dbfd2d348277836d38dfabfbb7,0x24496a074cd595bd75e4b954ba80adae072a49b33039a02591cea60bbc5f0595,1.12,2.209e-06,141760,3408924,2363,220961,2.209e-06,0.0,,,live
2026-10-06T07:14:01Z,0x075136b3a79dc2dd8568b0a12cfb59ea95ee2ba3,0xc0cae649166f2e4f6ebfed08a8457960ee385a2975915a36e3135b90614e3c9a,0.27,1.006e-07,8559,118,10,10069,1.006e-07,0.0,,,live
2026-10-06T07:14:01Z,0x084d65f5b292aa7fd69c914bfc3c161e9c2ca28d,0x8516aa08318bb359f75be7223afe154cdc5814a4cffb514dc910eb465f2d593c,0.87,4.818e-06,29635,35623,148,48180,4.818e-06,0.0,,,live
2026-10-06T07:14:01Z,0x0b7c6c138dc75622f4200d157b13fb93e6bd94fa,0x5291cfd042d8a771a510534ee31090bc4f4dc72724871e8f321aecfd12332a9a,3.64,0.1171,11718850,13887202,630,117183734,0.167232,30.0,6,True,live
2026-10-06T07:14:01Z,0x0beecb8794f757637e0a15a232d4428e7ed01e18,0x38ce007e8cea18d4964005a6aad6411bac508d8074ec61e2a0383228011fe78e,0.87,2.009e-05,20098,2,9,20098,2.009e-05,0.0,,,live
2026-10-06T07:14:01Z,0x0fa084c8086f994dfd3bc4e3ae5716cd18133b57,0x86499ba52b375baa1d34557cab4259502b69bb68,0.27,2.915e-13,0,29434,23,,2.101e-05,100.0,,,dead
2026-10-06T07:14:01Z,0x187361109195d5222b3623ce92eaff940d4deed5,0xf4f62da3497e771429fab905a3e2d6f293810c1fdc610f0929ca3267c49a37e4,0.27,8.965e-05,71506,42512,236,89654,8.965e-05,0.0,,,live
2026-10-06T07:14:01Z,0x18770188c6d49a9189dc20a9dac7f7dd9b4cb6f4,0x9e10953d9074d3ff66b3eb8ad220de6a9416afcc5b566a732e6d706f9d4108da,0.87,3.196e-05,31767,2294,16,31960,3.196e-05,0.0,,,live
2026-10-06T07:14:01Z,0x1c7fb1fead5d138643dfb040fa3005faacc7a037,0xd61cd46b6d008e79f85c2da77e28fc129fceba617598c7105cd33c833af9bf78,0.5,5.583e-06,49215,30259,165,55839,5.583e-06,0.0,,,live
2026-10-06T07:14:01Z,0x1e782544a7c2b69cd59b0603abe40f4a2a73c777,0xb59b0d9d4509c9d2c60782377dc4f2e1e03c6fd29242ba2f9a984321378092f5,0.27,2.261e-05,24406,50341,178,22572,2.261e-05,0.0,,,live
2026-10-06T07:14:01Z,0x1fa9ba0c6ee43dd2b151dd54f45f152feb285584,0xccc1ec4c664d1b7e6f258ea6f16b2bfd2a1bd4bfcfe47e4795d55903d0c60f76,0.56,1.144e-07,11435,2633546,5395,11444,1.475e-06,92.2,,,live
2026-10-06T07:14:01Z,0x1feced63481968495355942c1a1fbb7221abfa46,0x715cf34c5b3856c5d61288f982d4e7bcc920e08db0667da705a3855b13f99a21,0.87,3.184e-05,31665,3316,21,31849,3.184e-05,0.0,,,live
2026-10-06T07:14:01Z,0x2071410f95285d47019bb8619022e350cb2e1e18,0x43e89edf91cf0a42fbaf555ad84ed18bcabc6bb72cf24bd08455c6b183e77187,0.5,2.009e-05,20155,42667,555,20072,2.416e-05,16.8,,,live
2026-10-06T07:14:01Z,0x224a794031d54e49b46919ade2c55ff255dfdd97,0x3939ce55ec4e0ff8df9aa6469a795c793da06d55,0.31,0.01818,442087,8674603,10293,18186631,0.01818,0.0,,,live
2026-10-06T07:14:01Z,0x256fb403859828e8cf1653807281cf9a4544340a,0xdd3a6a5bebf6e7e161a61edd2162684365542dfe579e62b60e90158dd92bc642,0.87,0.0006678,534240,1,6,667800,0.0006678,0.0,,,live
2026-10-06T07:14:01Z,0x27b71f257fc3187353b75e823199dd7191189c36,0xf0c38fcb1d9cbc29a9035f7199d25794aeca3009af6f6b458065de1f428a17fc,0.27,0.0002594,43187,87980,240,59261,0.0002665,2.7,,,live
2026-10-06T07:14:01Z,0x2874608eb6c8499cbb8dce5490dead74338a6472,0xad50729d7df727bf57566d44ad04bc3afdf6bc45e4ac1a21c7bd94d6813f697f,0.34,2.426e-06,2427,3909584,13357,2427,0.0006456,99.6,,,live
2026-10-06T07:14:01Z,0x2991b3644fe604cb48fb3522c0aa5575e5894ee9,0x6eb0fbd36e6314c12ea26a2c3708e73035565096d0ffd1be5dfd999373247435,0.5,2.301e-05,27006,19304,155,23016,2.301e-05,0.0,,,live
2026-10-06T07:14:01Z,0x2d5972d7e1587328c04b7df63044e001612b257f,0x38bfac280ac3d141e4d75a60be410690b5738148510812684f91a057a46c70df,0.27,0.0002874,45421,82328,237,65648,0.0002874,0.0,,,live
2026-10-06T07:14:01Z,0x3531d392dace816b9117e60d7c4f3c2c79406f4a,0x8aad3e76686384e0f734c2cf3038bb4a91fd9f3d470d731338051014cc84cde0,0.27,0.0003448,49791,107644,231,78772,0.0003448,0.0,,,live
2026-10-06T07:14:01Z,0x369dfc595d9215ef984f7f521ef09c85adb15ee3,0x46540a2e4b27ff778f8ec6648616660472945fc6,0.88,2.92e-05,25632,2378825,11718,29209,0.0002058,85.8,,,live
2026-10-06T07:14:01Z,0x36ffb73a2ddf873ae21e93c7dfe8a665c1907777,0xbffe1a087ddc12da642d616715eda541cd1e1eb3fa6f5d12a7b958f62524ef35,0.5,0.0002405,53655,55142,231,54971,0.0002405,0.0,,,live
2026-10-06T07:14:01Z,0x4302fec59f0d07dbf3c0d894fabfea76c4558592,0x2b2a75f646dd073f87f7e40474275b3cedcffbf4df524e58502acdd4eb400fb0,0.87,0.0006678,534240,1,6,667800,0.0006678,0.0,,,live
2026-10-06T07:14:01Z,0x4351dd724db5f999adb438d6186a38e83f275777,0x354cb856920e213f3af36c5f335a704f7f809a0df80ff68b8657aa60114b1a4b,0.88,2.621e-05,26308,49894,185,26161,2.621e-05,0.0,,,live
2026-10-06T07:14:01Z,0x45ea9f971df198459a11f7e0948c55f0a4f23777,0x0260f00cb9dd9fb88e982e1d2e3179e52d413fd427a48ca4ed2f64fb04c0af87,0.87,1.778e-05,21668,27100,103,17748,1.778e-05,0.0,,,live
2026-10-06T07:14:01Z,0x4bd6fdb4975e2e30b1a6dc6334fdf84df6ecc695,0x044c38fd0eb0c4ca4ec89f198cd55b129759d38e9bfe7bcd7733d839fe568262,0.5,0.0002633,43472,74652,234,60142,0.0002633,0.0,,,live
2026-10-06T07:14:01Z,0x4ed7b8a2d473ca8ebb99e6966ceb1cddea16be71,0x3e478058057954a6374a51571c3c0a11f6e247179645ecedc005c1240ef4ef32,0.87,5.119e-05,23698,25826,382,51198,5.119e-05,0.0,,,live
2026-10-06T07:14:01Z,0x52c4c365cf5317c89c817cf2516141613d38d08c,0xef099d3953ba2333423372a4d5732215470e5870d89da45f2627dee37206e95f,0.78,8.228e-06,273165,5992212,7182,822866,8.228e-06,0.0,,,live
2026-10-06T07:14:01Z,0x5b81efe5e0ba2b31c0ed843b908a2c45fe6e14c5,0x3416b8d8aa6ae642ffdc2f65165ff479d4bd3007,27.59,0.0003914,124940,2002788,2732,246784,0.0622874,99.4,,,live
2026-10-06T07:14:01Z,0x5eb6a5fe8be42b6e1ac50dac649e401ba605c0ad,0x8f967be3875b6536beded923c3a5417970c1cb179cbc65823910d248384077e3,0.88,4.337e-06,27914,29332,175,43376,4.337e-06,0.0,,,live
2026-10-06T07:14:01Z,0x5fa94a4f046d35f760cfaca10f5b3603e535d08b,0x38ad55f7e0f90a09c4004554b03238e0b46dc4d566211da261bb03d717607843,1.06,4.284e-06,189568,2831346,2932,428451,4.284e-06,0.0,,,live
2026-10-06T07:14:01Z,0x5fe36990e6daa4871df5ed971ef2f60d955cc32c,0x6c5be2f757957eccdee4a20cda4226d0ec8338cba45d3948ba4bc78e5cb1d27b,0.26,4.881e-05,45665,20508,137,48820,4.881e-05,0.0,,,live
2026-10-06T07:14:01Z,0x65cbcb113fc79ecbd1ce7f6a6730785b28d98ab0,0x049cdf655f8c811f570045ed5a64b781a78098e9208be42005833343aba9338e,0.88,0.0002305,52594,57933,231,52679,0.0002305,0.0,,,live
2026-10-06T07:14:01Z,0x6699039ef93484b520867da41d3462299b019c64,0xd857b55d95695695e0c56d8d6fa61f7aa8bd975233975aeb951c20ecf06ae9bf,0.87,3.011e-05,30040,1430,12,30115,3.011e-05,0.0,,,live
2026-10-06T07:14:01Z,0x67c51c928d5d8383f3a58fc591a4e6f6463949ed,0x77d31f9362c1c9cbe18d091dabe7568ed8316fd27d2469ea11e41cbc9d3912c0,23.9,0.0002597,25977794,2533475,262,109260221,0.00026885,3.4,,,live
2026-10-06T07:14:01Z,0x68bb06d2ebee1247d828527cdfe67f033c6cb31d,0xc9abae1e3718e0845e9e515a46bc53a76c5cdeb66f62ebc179534c54687bc50e,0.45,1.582e-05,406020,16634274,13272,1582675,1.582e-05,0.0,,,live
2026-10-06T07:14:01Z,0x6a6a57d1e94eb586c5b505a1c81434bda3d6ed97,0x104b7921a26f5b6f63068475ff20634c46f8df8a0eda01b04ac5696e4ba849f3,5.73,0.01526,1530090,14056208,531,15263183,0.0223196,31.6,6,True,live
2026-10-06T07:14:01Z,0x6b4b0327ebb13dd3bc47b558ab7529e32930d8d4,0x773e593b4ae56bc3aa4e393b592cbf1b689b9a258667c48ef2bf2d2d4eae9a5c,0.98,1.881e-05,481430,16202027,11529,1881842,4.017e-05,53.2,,,live
2026-10-06T07:14:01Z,0x6dd93e11e62bf8caf77476bf380bcf8a3785e454,0xba0eb6b1113dea09da144b397cd7fc42aa2936e3,0.88,1.533e-05,7609,2,3,7609,1.533e-05,0.0,,,live
2026-10-06T07:14:01Z,0x74d0d3b0c38fcb3128fb0e6780463542c01b298a,0x772be6b2260634f8a30c0cb5e2b14da0ef29d2508a82a820d765dcac697445e0,0.27,0.0001356,94175,119418,146,135643,0.0001356,0.0,,,live
2026-10-06T07:14:01Z,0x7645885b2bb10ff5b8740a9bf144bb2ea10d7777,0x6bef084d7cf07af75db90a717f95910a0eb27c1b6f941825987049aaea06ff82,0.27,0.0002443,54071,59667,235,55821,0.0002443,0.0,,,live
2026-10-06T07:14:01Z,0x77d3a72ca565961c0405c112f91c551613788aa7,0xe35daf452eeb19a189b02c384c9da7d3d2a79c1e6d6885c8b305e0106347c733,0.53,1.973e-06,131953,15747058,12586,197338,1.029e-05,80.8,,,live
2026-10-06T07:14:01Z,0x792cdc2c70606848ba1576927831c1222eceb777,0x40e6d3aa6309a65be188a4a4745ebce682f755f25acf8b69c9a22023061ca57c,0.88,1.918e-05,22505,37106,156,19146,1.918e-05,0.0,,,live
2026-10-06T07:14:01Z,0x83ce5d8c20f11122f0254ec975bfc4c30bb39c26,0xa74a39f25726afa5c37f7e16152a60e5e083f01329a93ae7eb56ab19f8b704ab,0.5,0.0006655,532456,0,3,665570,0.0006655,0.0,,,live
2026-10-06T07:14:01Z,0x897d151787ca84994ac8df68500f17e587794796,0x6e7fdabe9b3ddbe1d6e2b3585163fe56662edd2255a71151dd2d02ff87fc495f,0.32,0.0001551,37871,471699,6830,150508,0.0001551,0.0,,,live
2026-10-06T07:14:01Z,0x89b76dcdda801f2e456765742c64950eb2a0c93c,0x8f6f9a474cbaa1b6b7cab7efa61073f08cc0dc9768214f65fa66a158208fd115,0.49,4.738e-05,20928,257378,3208,46600,6.291e-05,24.7,,,live
2026-10-06T07:14:01Z,0x8b618278f7801015036abb029ab635d21dcf1e18,0x093901df4391e0d1077d2c83e2ac4f32cc82f20c89dff66eda4f4aeed2fa1bc6,0.88,2.005e-05,20052,2,3,20052,2.005e-05,0.0,,,live
2026-10-06T07:14:01Z,0x8c414a98bb51033c5891348f7fba1054aaf4e83a,0xa248d08b13af27aee9635674972e3055977851f16b237950a921963e80d073e4,0.7,1.865e-06,127106,9778287,7583,186544,1.865e-06,0.0,,,live
2026-10-06T07:14:01Z,0x8e41fd25e85e624560fa50ff9f117a02cd30b8b3,0x7608c38ea8cc2082b043e886185979942cdeb58e,1.66,0.0452,702695,9847257,15464,45205401,0.0452,0.0,,,live
2026-10-06T07:14:01Z,0x8f92ed041e90916464b3072528b8fbce38a697ac,0xa2f73dc915d0f587359544453ae26599e9e0b0186b5088f99d56a1a0d0537da7,1.7,,,,,,,,,,dead
2026-10-06T07:14:01Z,0x92c59798951cf8141dfc32d0b5ab78f91a3a62be,0x842c0bd5182772c9cba752e3df78e3f0a340102a273d233abc1727fa061d5af7,0.5,0.0003837,52482,128606,231,87658,0.0003837,0.0,,,live
2026-10-06T07:14:01Z,0x9394f6ddf456dd28b5321c3ea2f88defd61e2a9f,0xe8f5e2f410d2d2397e30cdc98e604dea4576d139778cf3f61e0f4f0609b5af06,0.88,2.886e-06,5181,15104,174,2886,2.919e-06,1.1,,,live
2026-10-06T07:14:01Z,0x9452527f7ce81797a4cefc47238cfbe2fcafc93c,0x755b35e633e50d27f86dc2b953c8b93ce7aff713d7998f92ef08090c0014c02b,0.49,1.101e-07,11010,2667832,5360,11010,1.101e-07,0.0,,,live
2026-10-06T07:14:01Z,0x964cf97ca74a3bf9d2f9d640c421102cc7a92836,0x0fe15786a092ce464d92d5bfa59defa2711b23bb91d1d4108c76a3606853076b,0.27,5.427e-07,10854,0,3,5427,5.427e-07,0.0,,,live
2026-10-06T07:14:01Z,0x96e767cddb814755437adc66934df77799f48cd6,0x8dd940bddfd202e8517de72eaf4c9da2fdc2fea8,0.27,0.0004648,50257,23978,45,464848,0.0004648,0.0,,,live
2026-10-06T07:14:01Z,0x97d4c3c1b72aebb599b70002e9109b88248d51e3,0xee62476150399da925d1c790e3e51e73870b923282bf0e616a67ad91ae0e0d6b,1.26,9.445e-10,5,2,4,94,2.587e-06,100.0,,,dead
2026-10-06T07:14:01Z,0x991c44751190eb52f035ab51003928356dceeba3,0xbf7b7a368be40adcb8e070f2b3adc5e657a4c54d6a55c23846b83951da0842c0,0.5,1.007e-07,8565,160,7,10076,1.007e-07,0.0,,,live
2026-10-06T07:14:01Z,0x9a76ffc4daae5a210836d8523f7a423b21ceb27a,0x45730599a4afe59b9f87ba2c9c7f46400bcbc8b68341d5e89f4a25715c1afc32,0.88,0.000133,85791,321229,888,133031,0.0001992,33.2,,,live
2026-10-06T07:14:01Z,0x9ba4d84ac1571a0788b2bb7a6412e73529d12dc6,0x2a878208df14eecf7761daa73f4c1c070cece119,1.61,2.718e-06,3223,4264519,9644,2718,0.01707,100.0,,,live
2026-10-06T07:14:01Z,0x9c46fa740e68f460b98a5accc4abd91d5961534a,0xa7c329d92a94b97d12579cde5bd95def2489f27cc4bcf78e765827093b7e05a5,0.88,0.0003394,49416,100280,239,77519,0.0003394,0.0,,,live
2026-10-06T07:14:01Z,0xa1de56a340fb37bdbb3b067f892564df4b4d06ec,0x300715ed4ecaffd4274f96fd20cc95dfc8cde765,0.27,3.642e-13,0,33785,32,,1.52e-05,100.0,,,dead
2026-10-06T07:14:01Z,0xaa07a0e9209e16ac99708c3ec70159c6ef3128a3,0xea9f200e13055b82f175f44f592c4c13dd8c9d9320a66487d3c5cd90d68550ef,16.0,0.06254,1077707,2324488,3138,59415532,0.123459,49.3,,,live
2026-10-06T07:14:01Z,0xb3818af61a66f429b0896b338c9f0a604cd75932,0xf608b16fe166648e4b17be42538c9995067c9c22ba3e0f76dfd2c82ebfab7641,0.28,0.0003839,52496,124353,229,87693,0.0003839,0.0,,,live
2026-10-06T07:14:01Z,0xb414259e3446abc9b69866bed93ef294c1aad140,0xacc8719764a7ba59ecdbe2bd4988d3af2c2336f8fd995a96456deb821512d27e,0.5,2.484e-05,25588,21437,148,24843,2.484e-05,0.0,,,live
2026-10-06T07:14:01Z,0xb592e5daa875840a0f5319cf559cd96e2fc47777,0x67f3495535cb1bc53986b9cbf37e5d92b8b5ded70708392bddfc4c21fe04dbed,0.27,0.0002415,53806,60264,231,55190,0.0002415,0.0,,,live
2026-10-06T07:14:01Z,0xb91b4020518cd0cf824dca8291e94cd62c7f0b91,0x5078092c196727b4798c5c4d583d69146bec3929,0.68,2.711e-06,2871,4195222,13059,2712,0.003667,99.9,,,live
2026-10-06T07:14:01Z,0xba1a2d9783ebe2b76493c5c12eb9813a0e062843,0x6e8a6a1af8ec53f3f09c7303e5403558dee42d0a,3.6,1.05e-05,7948,5169,296,10509,0.0517375,100.0,2,False,live
2026-10-06T07:14:01Z,0xbdfeb02fc6b06e2986c7cae0fa83da50bacf876f,0x138100cf3bdf4c74f33bf21019bc29e088aa317d6576919ba04b54c8005d3059,0.27,5.449e-06,10873,14,3,5450,5.449e-06,0.0,,,live
2026-10-06T07:14:01Z,0xbf85254e14954c6df1760a5682afd80d83402c22,0xb6c71d12c18d8b9a12a2b9c608caeceafcf12c839ae397d84f0ddc6c644c7da0,0.26,6.805e-06,6806,0,1,6806,6.805e-06,0.0,,,live
2026-10-06T07:14:01Z,0xc38c332012a9116dcade0c7f43b5d3c71799a9f8,0xb4b0dfeaa2e2a838f0f7a304f005ebe32390d4ef,0.33,0.02036,468439,12028494,31709,20364092,0.02036,0.0,,,live
2026-10-06T07:14:01Z,0xca96f8f90a95d801daf932097e253401db596fce,0x330a5e8db4fc156c2ada32f296bfba3880b8b8952abcf624cdbae9eb8d8f1c76,0.52,1.94e-06,68194,3594602,7225,194031,1.94e-06,0.0,,,live
2026-10-06T07:14:01Z,0xcd7996f4e3da662e1dc9c04d25feb4fcdb31b8f9,0x9fbc84a32cebd8f97438bdf69fcca9a50746fa8c5f1ba309af20daf115012304,1.03,1.177e-07,11755,1150447,4774,11776,1.189e-06,90.1,,,live
2026-10-06T07:14:01Z,0xcdae63d95d6dd4f89f6e508c77bd4388b4e5c8ab,0x4674f978aab6c373c1634a6729771d9bd6b97bbf25fdfa70d601a81a339f6974,7.67,0.0005597,71926,95624,347,559723,0.0007028,20.4,5,False,live
2026-10-06T07:14:01Z,0xd128a6e71055f4c410495bd541d649d7074c1e18,0x95bc4c182db5330e98bd202d0c73d7c9ecdf8d29e2bee1230a461a096c3603c9,1.86,,,,,,,,,,dead
2026-10-06T07:14:01Z,0xd415f72b2122e3fdf27dd25c684e0eb9acfcbc98,0xadc3bfab25aeafbc8e824d7ada97819d55cbf083aa6c8f2bf33833d65cdb4454,0.34,1.086e-05,331225,7463516,5760,1086298,1.086e-05,0.0,,,live
2026-10-06T07:14:01Z,0xe36e06ca66fb55d6568a16ffe4760178f51f4590,0xd4244cabae594943508877a9d17868f3a6cf390d8dce93ca3e4c1f69435e7737,0.5,4.122e-06,6169,209350,2773,4123,6.109e-05,93.3,,,live
2026-10-06T07:14:01Z,0xe4300104dfb44a2cadd2659e0618c8c6d6cd2dc6,0x0dbdb77f7944fead1d0966f8b894da4190a1165adce6cbae5b0d00c4ae9c1097,1.46,3.128e-08,2,0,3,3128,1.12e-07,72.1,,,dead
2026-10-06T07:14:01Z,0xe670fea66a414b3aa3d5a1a692cf2be79fc21e18,0x72178195a7f64f768a1bb1a4f5a0edf96c9d352cb7ed5735a683c89f2d813ec3,0.87,2.062e-05,20691,60639,1068,20625,3.239e-05,36.3,,,live
2026-10-06T07:14:01Z,0xe7ae6c3ab66f6dff4843b261b5d89308f07da30a,0xc9f43321416dc26fd525872a56e2c3f5a3ff97cc2095a63a8a3936a3053f83d1,0.27,1.562e-05,6587,582,6,4000,1.562e-05,0.0,,,live
2026-10-06T07:14:01Z,0xee049979960d5e42b389b941ec45790ca7b6e1f7,0x92a4f531f82e1440d6e349bbc2ed42ba389e013f,1.76,0.0003383,57711,16051949,27335,338332,0.03389,99.0,,,live
2026-10-06T07:14:01Z,0xf0ae41f3cb009cee6c0f0824a25d5e677983f645,0xb55fdad9febbed32da87427414e176778736bb85df1a14d2514bafb23d7194be,0.66,1.766e-06,65544,3674257,8184,176630,1.766e-06,0.0,,,live
2026-10-06T07:14:01Z,0xf0af8b5ff14919b6cda78f0d98c9fcb0b3dc602a,0x2b8c3ec07575a47be3978a316fc0c150188fab5f037c8d477f166b54cf958c74,0.77,1.102e-07,11020,3916937,8473,11022,1.102e-07,0.0,,,live
2026-10-06T07:14:01Z,0xf16a3a86c61255eec306db0a36d67a45e7b86b8d,0xa4fcd52a9308ce87efb2508072c7fe912ae5d2d271afaf66cc1b13b33b6242b0,0.27,0.0001212,118843,79727,466,2982,0.0001212,0.0,,,live
2026-10-06T07:14:01Z,0xf1d958a5edd31308f02edd46cd9b6cc5e48fe8a4,0x0937d0b185bf9907c9898959b65ffdad77c82268af8bd5c130466ff26ec63f30,0.44,0.3649,14598662,20000442,32,364966541,0.3649,0.0,,,live
2026-10-06T07:14:01Z,0xf560784702e6d83e15bbd48eb1927306034a8493,0x6c6d5ee4458fad53eeed4649e36361d90d534b0818e12583e76fa7064f179dd7,0.87,2.4e-06,2401,486448,1522,2401,0.001331,99.8,,,live
2026-10-06T07:14:01Z,0xf78835f0a920ee70f2e6f6850307ff9e886dad46,0x3e597a620cee225510f43b3aaa06507b6e9b09275f5faf6cbdf1cf039d17f962,0.87,0.000371,51681,113909,237,84736,0.000371,0.0,,,live
2026-10-06T07:14:01Z,0xf821e82c64b4c3ed15245ae57bc5b4fd7c8e392b,0x832de3278eb03fee102cacd45b09c4b6d2bced44fee6758549add8e8a117f15e,1.14,1.159e-07,11578,1121370,3806,11591,1.544e-06,92.5,,,live
2026-10-06T07:14:01Z,0xff4c3278e735fa52b1012b06748407d26e047f18,0x5560b76440e9b6660ab6ca8c7ae1941c92abffcf,1.34,1.23e-05,9254,6644071,19913,12301,0.001959,99.4,,,live
2026-10-06T07:14:01Z,0x2c8ff47d4d158491748ff488f5c8902fbdd602b2,0xa02f4a0d0881cd0c106454d84c02d10f38edf2ec,0.0,1.517e-05,0,3054,38,15174,1.517e-05,0.0,,,dead
2026-10-06T07:14:01Z,0x62ac26546b253ea974e70bd8f87d59326c1d3777,0xea39d1de949e0fd3b77d8982454727c71cbdee1b87579cc17e9685d76a498fdf,0.0,2.008e-05,22936,39285,146,20050,2.06e-05,2.5,,,live
2026-10-06T07:14:01Z,0x315dccafcf1af2660c3d4c99244c015bbc6b5404,0xbbb2c916b3a20583342f324ef65feb90309f1c23,0.0,1.839e-05,290625,10267,10,156318,1.839e-05,0.0,,,live
2026-10-06T07:14:01Z,0x033ee96aa0cc09d251a595c48f3fb3b601917777,0x27201239f5cc429a2e701f404955eba1deb82bfcb126a14d6defadb392837567,0.0,0.0001895,47498,46171,201,43320,0.0001895,0.0,,,live
2026-10-06T07:14:01Z,0xf32d67a0eb9b85f93b91d173728edf12ea4b4a6f,0x46fad0031da20dca162375c9dcbe462ef9b973a915ee9791af3e027fb17f544a,0.0,0.0001722,35062,62462,202,39344,0.0001722,0.0,,,live
2026-10-06T07:14:01Z,0x0bd2ed28ace77d5f17c384e55b543815fdacd4a5,0x4b404cc0d72a2f5be924c09b267f565f4d23b4489407f9f325c0d30a654d039e,0.0,0.0002538,42560,79054,202,57969,0.0002581,1.7,,,live
2026-10-06T07:14:01Z,0x0830a9dd26a04e959657ab6788d45f5725590c32,0x5408ad4b4f1d5091b99953af963500a792f47bc3,17.94,0.00106,303596,24895,200,1386019,0.00126957,16.5,,,live
2026-10-06T07:14:01Z,0x7e64b0aaeb8c3c3349aeb16380d0ba3ab1a0b958,0xb4c446a28223e4d139063de728291be809c37a4f,0.01,1.545e-05,250704,17273,17,145322,1.545e-05,0.0,,,live
2026-10-06T07:14:01Z,0x4a3ebfdf7f550f5382babb3f16c5e916fe3686e6,0xc1c8f3c2dbf07aceb86e901afac932f3ed316408,0.01,1.529e-05,7617,0,1,7617,1.529e-05,0.0,,,live
2026-10-06T07:14:01Z,0x6f7b39d0aee70086cf4c507f6670594fa792f67a,0x561c42093da5372720c7eee2676db88f5ed4426a,0.01,1.535e-05,7647,3,4,7647,1.535e-05,0.0,,,live
2026-10-06T07:14:01Z,0x8028602097231194d1e455c274eecc8fe1e29110,0x12b7e5745d1ef2c6e0fe424fcc8fd2559d76b63e82a6e25ec4858f688c600a73,0.19,3.614e-06,163566,4454409,5163,361451,3.614e-06,0.0,,,live
2026-10-06T07:14:01Z,0x772bd1fabec3a91d9f8141c6698a3e00f6d140ab,0x6c0f032f19a121b1767fdc71ae35d4db0084e999,0.28,0.0001967,85853,3660633,10844,196737,0.0001967,0.0,,,live
2026-10-06T07:14:01Z,0xd189177b252a4dd1d569ea00d35fb7ca78a5f012,0x5d150f22806aff83c5a4b1b750bc32fe4759da60336d14e69876d9513a947e84,0.05,1.478e-05,421518,3450361,2769,1478654,1.478e-05,0.0,,,live
2026-10-06T07:14:01Z,0x5f74b9b6d5b0468caf7c486142fbeed39c2346ff,0x0d61394b815fb8ea4ca8a38b383a828534e2f105b56a8717b6eaefc2ef0fd38b,0.13,1.505e-06,68414,2739688,5471,150573,1.505e-06,0.0,,,live
2026-10-06T07:14:01Z,0x5b98827c6c0bd88ab4922c49d32b5844e12cbec3,0xcc3a11d15e7e884c43d6b147a029a571114e42a5890c22d5bfcb7855c2544a90,0.23,2.453e-06,94821,2607588,5047,245382,2.453e-06,0.0,,,live
2026-10-06T07:14:01Z,0xc6c8e1c14f2e29047e8dd6b032341c20f01a91e3,0x963daacca8b22c40a079504d4b6414fa70009b028ce13ae751e213a4626a042a,0.29,2.883e-05,28808,2321635,4201,28835,2.883e-05,0.0,,,live
2026-10-06T11:37:54Z,0x011a239f25d51f8b905080c67e1cef85348ee777,0x5ab29ed1cfe6bd2fb18b383b3a1ad35fcc545374ff4d4c7e83d3509765d425e1,0.17,2.48e-05,25493,48632,181,24758,2.48e-05,0.0,,,live
2026-10-06T11:37:54Z,0x01be16bf4b5758dbfd2d348277836d38dfabfbb7,0x4e414b77bd0e73210a95043a6b388ac35940b45dd1752c33d1375e8dede97fd0,1.3,1.807e-12,0,3,78,,2.209e-06,100.0,,,dead
2026-10-06T11:37:54Z,0x033ee96aa0cc09d251a595c48f3fb3b601917777,0x27201239f5cc429a2e701f404955eba1deb82bfcb126a14d6defadb392837567,0.19,0.0002359,52999,56021,238,53907,0.0002359,0.0,,,live
2026-10-06T11:37:54Z,0x065ba6f19334ce12ca6ccaa7eb9eff844b546c64,0x8d2ec3128cd9db586e6d781aac1126fe79996999,0.06,2.515e-06,2531,9747,79,2516,1.21e-05,79.2,,,live
2026-10-06T11:37:54Z,0x06ba8f70f1ef18ac951ff6280c8b6a1e4e67f088,0xbccc81ce648a05edd5cd2b2cef784d84097142f9,0.09,2.495e-06,2528,4124,33,2496,7.342e-06,66.0,,,live
2026-10-06T11:37:54Z,0x075136b3a79dc2dd8568b0a12cfb59ea95ee2ba3,0xc0cae649166f2e4f6ebfed08a8457960ee385a2975915a36e3135b90614e3c9a,0.45,1.006e-07,8559,118,10,10069,1.006e-07,0.0,,,live
2026-10-06T11:37:54Z,0x0830a9dd26a04e959657ab6788d45f5725590c32,0x5408ad4b4f1d5091b99953af963500a792f47bc3,18.12,0.001066,305522,28331,1333,39432931,0.00126957,16.0,,,live
2026-10-06T11:37:54Z,0x0918b633e47a4c52c469bc515339131e2edf6777,0x88d9acd42cd78d16cdacdaf1f457fe82da405778ee908a6d342e3da7330f83a3,0.1,2.271e-05,24469,52254,198,22674,2.271e-05,0.0,,,live
2026-10-06T11:37:54Z,0x0a3b8bf2ff80c352cf68d7849c34d903b3ff16da,0x5f86777468e2bbeb30232e334b6b7e9aabfa75d4380d2ce43481ac166a4becd0,0.05,4.416e-05,42099,7489,23,44166,4.416e-05,0.0,,,live
2026-10-06T11:37:54Z,0x0a58de2594534f9f26af9de415140db0027897ad,0x98e85ae43f1fc88b2939ac103ce4e57f53b048aa38a8e17e05a2f06618f2db61,0.05,2.418e-05,25271,20647,151,24190,2.418e-05,0.0,,,live
2026-10-06T11:37:54Z,0x0b001088b1dfb32d93297b2ffe3789be2de33ee0,0x35b6c415a6b2b8303f15cde12462ea327e3c12e8,0.08,1.508e-05,7492,1,2,7492,1.508e-05,0.0,,,live
2026-10-06T11:37:54Z,0x0b02b8ad2234d4c28d189a63c33c639e75e88614,0xa4636fc644bea76d57d8fc81753a141b0dd71a3b34562cdceb996c65453a5ebb,0.1,0.0003278,48546,88231,238,74880,0.0003278,0.0,,,live
2026-10-06T11:37:54Z,0x0b317a28a2cde0e3f070fe7d10b7751c22ee4777,0xffe8df371afc20cf08163abcaa17caf8996fbdcc6ba3f36433890e275e5f4bc8,0.09,2.033e-05,23111,44213,151,20298,2.033e-05,0.0,,,live
2026-10-06T11:37:54Z,0x0b7c6c138dc75622f4200d157b13fb93e6bd94fa,0x5291cfd042d8a771a510534ee31090bc4f4dc72724871e8f321aecfd12332a9a,3.82,0.118,11801820,20016004,906,118013397,0.167232,29.4,6,True,live
2026-10-06T11:37:54Z,0x0ba02c9c0fbb1db04d343480563c1054341d8a73,0xd888071ff680e52b2556e076f6b44ba65e9681fdc881fd35bb429956b44ebd9c,0.11,1.904e-05,9554,13401,139,19046,1.904e-05,0.0,,,live
2026-10-06T11:37:54Z,0x0bd2ed28ace77d5f17c384e55b543815fdacd4a5,0x4b404cc0d72a2f5be924c09b267f565f4d23b4489407f9f325c0d30a654d039e,0.19,0.0003064,46780,107378,239,70000,0.0003064,0.0,,,live
2026-10-06T11:37:54Z,0x0beecb8794f757637e0a15a232d4428e7ed01e18,0x38ce007e8cea18d4964005a6aad6411bac508d8074ec61e2a0383228011fe78e,1.06,2.009e-05,20098,0,3,20098,2.009e-05,0.0,,,live
2026-10-06T11:37:54Z,0x0fb4549dac381e245e0271ee256a5df4bbebc97a,0xb0bcdbb367d6d928850566cf24d81b7a7e3b062aab3cfd021995ee855f14cd7f,0.17,0.0001344,86242,318471,882,134461,0.0001344,0.0,,,live
2026-10-06T11:37:54Z,0x104e2d4596964059d8235431dd3f9681adc00c47,0xd6a835a27b22f376127eb40cdfd5ef2794eb1ad6,0.19,1.544e-05,7698,168,103,7696,1.544e-05,0.0,,,live
2026-10-06T11:37:54Z,0x10e06bdead0aed0874ac9e1b08dc751800bbd0e3,0xa28036a88c18b4f1930bc46e9ee4e1539975f03b3c818cb6146fabb3938fc343,0.18,0.0002866,45239,113520,240,65467,0.0002866,0.0,,,live
2026-10-06T11:37:54Z,0x11d95fb69f119d64402375d49d99d26fed85ab63,0xee43ef0b4215688e2f3c01ce4c0b61092b1fe7f95cbdf31554f7dc6c6ebb2893,0.18,8.103e-06,8053,18280,84,8103,8.103e-06,0.0,,,live
2026-10-06T11:37:54Z,0x129aa40aee374be5c32e64b88fbf4d3769992c9f,0xa3577f3b0111a601f1f1d92f80e9dc15bd389ec54e6dc6aedc9b8e5daf210347,0.06,6.892e-06,6920,82279,2592,6893,6.893e-06,0.0,,,live
2026-10-06T11:37:54Z,0x1320802f48da0f2c7a8a61a7ff28dfc5c5dd2c20,0x61187b19ef3f6bb52df3a6ff1c804aa6b618a751,0.1,1.507e-05,7487,0,1,7487,1.507e-05,0.0,,,live
2026-10-06T11:37:54Z,0x136ebb418554c72cde76925bf82de354f9b4b777,0xd71423ff6c6deebeeb8b49e02f9f93506ed5c0cef87ce4458f5bf5ab561bb22a,0.07,1.822e-05,21911,23548,94,18187,1.822e-05,0.0,,,live
2026-10-06T11:37:54Z,0x1636760a049bde1ca9c61f771b12ea4e9cc18313,0xee27f89a4be6f821b0e02e9a8117eaa7e49fd8e4,0.1,1.507e-05,7487,0,1,7487,1.507e-05,0.0,,,live
2026-10-06T11:37:54Z,0x187361109195d5222b3623ce92eaff940d4deed5,0xf4f62da3497e771429fab905a3e2d6f293810c1fdc610f0929ca3267c49a37e4,0.46,8.965e-05,71506,42512,236,89654,8.965e-05,0.0,,,live
2026-10-06T11:37:54Z,0x19e5ef6bc0c91b37992e3f8075fdafd5a105bbd2,0xa098b97a6e7f3ffc75e13d7a0755071b7083c60e,0.11,1.508e-05,7491,0,1,7491,1.508e-05,0.0,,,live
2026-10-06T11:37:54Z,0x1a18dc0fa085889f2f9622ba153e4d01b1c7720e,0x4c93d2f713dce5a5a76ab5cf8cbf34938760c821baa7ff284096763bf063c5dc,0.1,0.000336,49150,109807,234,76754,0.000336,0.0,,,live
2026-10-06T11:37:54Z,0x1c7fb1fead5d138643dfb040fa3005faacc7a037,0xd61cd46b6d008e79f85c2da77e28fc129fceba617598c7105cd33c833af9bf78,0.68,5.583e-06,49215,30259,165,55839,5.583e-06,0.0,,,live
2026-10-06T11:37:54Z,0x1dab0825b5f75417fbb74e7cef4f77a032c281b4,0x4c83b0256a83ef8e80cc9d99a104112ef16890f2b31c92ec5ecafd91306d182a,0.05,1.704e-05,12658,12847,143,17047,1.704e-05,0.0,,,live
2026-10-06T11:37:54Z,0x1e782544a7c2b69cd59b0603abe40f4a2a73c777,0xb59b0d9d4509c9d2c60782377dc4f2e1e03c6fd29242ba2f9a984321378092f5,0.45,2.261e-05,24406,50341,178,22572,2.261e-05,0.0,,,live
2026-10-06T11:37:54Z,0x1fa9ba0c6ee43dd2b151dd54f45f152feb285584,0xccc1ec4c664d1b7e6f258ea6f16b2bfd2a1bd4bfcfe47e4795d55903d0c60f76,0.74,1.144e-07,11435,2633546,5395,11444,1.475e-06,92.2,,,live
2026-10-06T11:37:54Z,0x2071410f95285d47019bb8619022e350cb2e1e18,0x43e89edf91cf0a42fbaf555ad84ed18bcabc6bb72cf24bd08455c6b183e77187,0.68,2.009e-05,20155,42667,555,20072,2.416e-05,16.8,,,live
2026-10-06T11:37:54Z,0x20fa2b698e5849a14f1a6c7c68a6a64affd161e2,0xb154edc0ec09e631536e721dfdee957ee97aa367d4905814108b7bd45ce7723f,0.08,0.0003051,46808,105176,235,69699,0.0003051,0.0,,,live
2026-10-06T11:37:54Z,0x224a794031d54e49b46919ade2c55ff255dfdd97,0x3939ce55ec4e0ff8df9aa6469a795c793da06d55,0.5,0.01839,446325,10569177,13754,18390654,0.01839,0.0,,,live
2026-10-06T11:37:54Z,0x235c6d8072e8e00ca41ade176bf5dbd465386620,0xb02aa37acd879bc6b9bd512ac2e278491db43ad2aba653d6835c280832ee173c,0.05,1.608e-05,11246,13074,139,16087,1.608e-05,0.0,,,live
2026-10-06T11:37:54Z,0x23792e7c82f106d46f9d3edac14d052bd3d57e2f,0xd8a686930b98ef0ea5bf3abf82e29a768310f9fc,0.17,1.528e-05,7617,0,1,7617,1.528e-05,0.0,,,live
2026-10-06T11:37:54Z,0x25e1d362db8596d04b3aa19aace89a8043407777,0xa22dc78cefa17452e55d7b347b853b6c60d7b00e91fbb0cdc3c1969f95afbf08,0.16,0.0002305,52493,51527,222,52679,0.0002305,0.0,,,live
2026-10-06T11:37:54Z,0x270c659da2d785ac6ae8b35b9a460294c9da11fd,0xb9a846feeff4e8d364f66ddc78c2f94b7d4e845ea638b61f74852a6fb6c00cd5,0.16,0.0003758,51906,104949,237,85847,0.0003758,0.0,,,live
2026-10-06T11:37:54Z,0x27b71f257fc3187353b75e823199dd7191189c36,0xf0c38fcb1d9cbc29a9035f7199d25794aeca3009af6f6b458065de1f428a17fc,0.45,0.0002594,43187,87980,240,59261,0.0002665,2.7,,,live
2026-10-06T11:37:54Z,0x2874608eb6c8499cbb8dce5490dead74338a6472,0xad50729d7df727bf57566d44ad04bc3afdf6bc45e4ac1a21c7bd94d6813f697f,0.52,2.426e-06,2427,3909584,13357,2427,0.0006456,99.6,,,live
2026-10-06T11:37:54Z,0x2991b3644fe604cb48fb3522c0aa5575e5894ee9,0x6eb0fbd36e6314c12ea26a2c3708e73035565096d0ffd1be5dfd999373247435,0.68,2.301e-05,27006,19304,155,23016,2.301e-05,0.0,,,live
2026-10-06T11:37:54Z,0x2caf693f29504c87b8c90cbe7d6dddf0e1a6e04f,0x78d314cf639c7cf06660815a5bda34cc9a978c01f1f7b28c397635b41530c088,0.17,0.0001248,34093,107749,1426,123841,0.0001248,0.0,,,live
2026-10-06T11:37:54Z,0x2d183b132d5ebb7caed519d54fdf8057f8f8b07b,0x1e8daa4feb1c7f61bddfef56f4b3986d37597d93153b4a5883dd525c3170e781,0.06,2.952e-05,28199,21089,153,29527,2.952e-05,0.0,,,live
2026-10-06T11:37:54Z,0x2d5972d7e1587328c04b7df63044e001612b257f,0x38bfac280ac3d141e4d75a60be410690b5738148510812684f91a057a46c70df,0.46,0.0002874,45421,82328,237,65648,0.0002874,0.0,,,live
2026-10-06T11:37:54Z,0x2fb1cc7ea5047e1c752db7fdd13fc91d19a3c454,0xed5916a6f85ee4495caaad2884c65ec3fa7af13e,0.09,6.564e-13,0,37350,36,,4.305e-05,100.0,,,dead
2026-10-06T11:37:54Z,0x30e170019e652809296dfe41a7a6f6c3faa8caa8,0xf4d672f7e86fd97575448b862ce7552435438953411cd476b87d78b3dc8535dc,0.17,0.0002653,43581,83193,194,60615,0.0002653,0.0,,,live
2026-10-06T11:37:54Z,0x315dccafcf1af2660c3d4c99244c015bbc6b5404,0xbbb2c916b3a20583342f324ef65feb90309f1c23,0.19,3.306e-13,0,34692,29,,1.839e-05,100.0,,,dead
2026-10-06T11:37:54Z,0x338a004a9817f7ea12b487bc6ef1407ebb522777,0x1bfe9b4431171936628994c37abdd7618de2d00340c87d54cf5b83245323a9ec,0.08,9.839e-06,16063,2394,12,9820,9.839e-06,0.0,,,live
2026-10-06T11:37:54Z,0x345cafd23c27676002d7f614cc6fa57be92eced0,0xd52df6a1383ac17dda54d8008706d906356ddbfa,0.05,0.000148,72917,772215,2581,148076,0.0002341,36.8,,,live
2026-10-06T11:37:54Z,0x34e8fa2192e9b996d41acb44bfa14b35fb767777,0x23a1a6a08ecea8442ffa090e1d93bbd7499832464a9cdda0827a71e8f580d02d,0.18,0.0001926,47896,50149,217,44028,0.0001926,0.0,,,live
2026-10-06T11:37:54Z,0x3531d392dace816b9117e60d7c4f3c2c79406f4a,0x8aad3e76686384e0f734c2cf3038bb4a91fd9f3d470d731338051014cc84cde0,0.45,0.0003448,49791,107644,231,78772,0.0003448,0.0,,,live
2026-10-06T11:37:54Z,0x369dfc595d9215ef984f7f521ef09c85adb15ee3,0x46540a2e4b27ff778f8ec6648616660472945fc6,1.06,3.172e-05,27243,1851025,9417,31722,0.0002058,84.6,,,live
2026-10-06T11:37:54Z,0x36ffb73a2ddf873ae21e93c7dfe8a665c1907777,0xbffe1a087ddc12da642d616715eda541cd1e1eb3fa6f5d12a7b958f62524ef35,0.68,0.0002405,53655,55142,231,54971,0.0002405,0.0,,,live
2026-10-06T11:37:54Z,0x381266d7743a24002e8b4536f70eed3fe02bf777,0xe5fd1ba862a81da9c96309ae647cd4f2442da344982daccee8667b9cb3f7af6b,0.17,2.528e-05,25769,56108,197,25237,2.528e-05,0.0,,,live
2026-10-06T11:37:54Z,0x3816407b02572f12411d288a0cf77040f6167ab3,0xb66f95f42735258d61d67acf96aefb2145e8948b4788cf1f97e43d20983a449a,0.11,0.0001625,34189,50328,156,37127,0.0001625,0.0,,,live
2026-10-06T11:37:54Z,0x3b9a3c1f040298359bc681e4e714e12bd8760259,0xf225d9209a7d71bf4544ee6a6684be4e0a22e29f,0.11,1.507e-05,7487,1,3,7487,1.507e-05,0.0,,,live
2026-10-06T11:37:54Z,0x3d6c947340219c84ea47af53d33115818a2027c4,0x7118a2bfae139a4d8c37e0db8d611d63b1ed493b,0.2,1.529e-05,7619,0,1,7619,1.529e-05,0.0,,,live
2026-10-06T11:37:54Z,0x3f4548a617556ad77ba6ddc0b23f1e0f1294c822,0xffa05fd9a1b4b5c02a8642c43d3be85cc0149836db069caf3680040f6f54ec53,0.1,1.904e-05,7866,11892,122,19045,1.904e-05,0.0,,,live
2026-10-06T11:37:54Z,0x3fcc31eb367add12320bfbdf97e8a15be8917777,0xcfedcc8e3f615bfe22c1c469c5be6a3ee62a38db4f3ef69898adfdd6ae1d0789,0.09,0.0002341,52840,54580,207,53506,0.0002341,0.0,,,live
2026-10-06T11:37:54Z,0x40d7241826c3f0db2f295797ef99fe6fd0622777,0xdbffed0da714e9bb70a1d2c72cf56a9decd0cb56a89f8ba9615791d6acbd2f9d,0.06,9.762e-06,16038,6637,25,9744,9.762e-06,0.0,,,live
2026-10-06T11:37:54Z,0x42ff69794d627340c1a52ce513f261ded9b92a82,0x00e2794663a27edcede12c06e7805ff9cf35acf9,0.1,1.508e-05,7493,0,1,7493,1.508e-05,0.0,,,live
2026-10-06T11:37:54Z,0x434f1b957f069385244628c38498a85db6e75777,0xc638dd0b794ebd6c1938e38d63f7cc2bb48605e1627ae2db53ffd18aba1ed65b,0.18,1.92e-05,22433,22449,83,19170,1.92e-05,0.0,,,live
2026-10-06T11:37:54Z,0x4722dc85162b38cbd5fc61d9200286a236448b27,0x0fabd9cd6748129f90775edc7d701e54e5fee6bd,0.09,1.502e-05,7461,0,1,7461,1.502e-05,0.0,,,live
2026-10-06T11:37:54Z,0x484549f35b44a89e2f22034bc8b31c02001e8f54,0x6357fba1e464c36433a59452b4025dc98fcaeb2f09f3e8245ce9e9bf1baa93ee,0.17,0.0002563,42805,81772,232,58548,0.0002563,0.0,,,live
2026-10-06T11:37:54Z,0x488a189ec593ef92f1c188242d903cd57e3bb879,0x45bce6c98dfab2cfce603e03296912cadbd2c3b0f1bc030c5cbfe0562cd2af00,0.11,2.41e-06,32365,7245,102,24102,2.41e-06,0.0,,,live
2026-10-06T11:37:54Z,0x497d3dd553dae33a3492d9c35e80d5ffdfba39d7,0x0afbc4782ce084be991e261c54304ec37b7d0f1a7c9892b37d26fa5b5cd6bad5,0.11,1.753e-05,12847,12023,136,17534,1.753e-05,0.0,,,live
2026-10-06T11:37:54Z,0x4a3ebfdf7f550f5382babb3f16c5e916fe3686e6,0xc1c8f3c2dbf07aceb86e901afac932f3ed316408,0.19,1.529e-05,7617,0,1,7617,1.529e-05,0.0,,,live
2026-10-06T11:37:54Z,0x4b0177b9dc8ebf9145cec2473c69fa936cd97777,0x802d2eac7a5e7f94637d6e34e258ae9e3237627246d766307537650d85acea21,0.1,0.0002205,51417,54354,227,50397,0.0002205,0.0,,,live
2026-10-06T11:37:54Z,0x4bd6fdb4975e2e30b1a6dc6334fdf84df6ecc695,0x044c38fd0eb0c4ca4ec89f198cd55b129759d38e9bfe7bcd7733d839fe568262,0.68,0.0002633,43472,74652,234,60142,0.0002633,0.0,,,live
2026-10-06T11:37:54Z,0x52c4c365cf5317c89c817cf2516141613d38d08c,0xef099d3953ba2333423372a4d5732215470e5870d89da45f2627dee37206e95f,0.96,8.228e-06,273165,5992212,7182,822866,8.228e-06,0.0,,,live
2026-10-06T11:37:54Z,0x5454677f5ccb5aea4cdcbcff56e2e736641a9d8a,0xc9e5e385b08e9056d4a31fbf16c5f2f22cc8b181,0.12,1.511e-05,7507,2,3,7507,1.511e-05,0.0,,,live
2026-10-06T11:37:54Z,0x5b81efe5e0ba2b31c0ed843b908a2c45fe6e14c5,0x3416b8d8aa6ae642ffdc2f65165ff479d4bd3007,27.78,2.555e-05,32222,1765746,2576,16112,0.0622874,100.0,,,live
2026-10-06T11:37:54Z,0x5b98827c6c0bd88ab4922c49d32b5844e12cbec3,0xcc3a11d15e7e884c43d6b147a029a571114e42a5890c22d5bfcb7855c2544a90,0.41,2.453e-06,94821,2607588,5047,245382,2.453e-06,0.0,,,live
2026-10-06T11:37:54Z,0x5bd7810e59aa1c3062ed1c5d002ca42750b9a9f0,0xf3fa383754ea8c023109b128e53b36ae52666a163b74a40d6cbe87c91e2f587b,0.2,0.0001345,86129,319213,888,134535,0.0001345,0.0,,,live
2026-10-06T11:37:54Z,0x5caa8fdfda42aa534e936cc86aed641add72abb5,0xfd6adbc8206649d227c576850064112fe8270f30228e18c1dddca6a7e43f54ba,0.07,6.029e-06,41780,49624,221,60293,6.029e-06,0.0,,,live
2026-10-06T11:37:54Z,0x5d2f94a1b1260e9e1fb88a21a8c22bc91c094791,0xc10e9358e7099c549169d91831796286ae5fd574e8d883a1866cd701a555a23d,1.59,,,,,,,,,,dead
2026-10-06T11:37:54Z,0x5e80f6b392fdaba03755d0e7b9580af213417777,0x13e6ba721e26b13a25974daaca4abbb56f3c525683ba37ad3c86b676a6f378d8,0.1,0.0002534,54998,58113,218,57912,0.0002534,0.0,,,live
2026-10-06T11:37:54Z,0x5f521b97284e0da55dcc3babbe0ecd9e36c44539,0x8162b0e937d68ae42673ad454144554d2b80f42b,0.12,1.556e-05,7732,235,40,7730,1.747e-05,10.9,,,live
2026-10-06T11:37:54Z,0x5f74b9b6d5b0468caf7c486142fbeed39c2346ff,0x0d61394b815fb8ea4ca8a38b383a828534e2f105b56a8717b6eaefc2ef0fd38b,0.31,1.38e-07,13802,3294275,6843,13804,1.505e-06,90.8,,,live
2026-10-06T11:37:54Z,0x5fa94a4f046d35f760cfaca10f5b3603e535d08b,0x884f35b7cd1502ea42383f6a9691220c4654b66c6992219de80202a29e4e5fb3,1.24,1.63e-10,0,5,7,16,4.284e-06,100.0,,,dead
2026-10-06T11:37:54Z,0x5fe36990e6daa4871df5ed971ef2f60d955cc32c,0x6c5be2f757957eccdee4a20cda4226d0ec8338cba45d3948ba4bc78e5cb1d27b,0.45,4.881e-05,45665,20508,137,48820,4.881e-05,0.0,,,live
2026-10-06T11:37:54Z,0x60a510f19e68581f9fb69a34c27be619b32417a1,0x7781e5b8356ae4a618ff79c7bd25d4a6ae4ea0ad1dbc20fa778f24b3cd10389e,0.05,0.0003649,51215,112273,230,83356,0.0003649,0.0,,,live
2026-10-06T11:37:54Z,0x61db6b8f1f825038e49af5a34c89a5f9178d3777,0xaf8c8dc51fd5f7042e87c3bf03a7ff3d20f612b7f0995427345e0eaef6b86b09,0.11,2.026e-05,23117,26008,107,20226,2.026e-05,0.0,,,live
2026-10-06T11:37:54Z,0x62ac26546b253ea974e70bd8f87d59326c1d3777,0xea39d1de949e0fd3b77d8982454727c71cbdee1b87579cc17e9685d76a498fdf,0.19,2.073e-05,0,47864,179,20692,2.073e-05,0.0,,,dead
2026-10-06T11:37:54Z,0x63c12667638f2ae6fc6ae09b43d98ec84a8586ea,0x0d023852c8ca6599d25446b8f78c61c17105e26af5c9761607e26326e78f5f2c,14.51,942.9,335838,46040,284,5796612,2791.43,66.2,,,live
2026-10-06T11:37:54Z,0x647d83033a46a6084b910a195fc8f5d5012f7777,0xfe56e8bf45cc23ded7e1433cb647e8022a63394b94a647f202d59dda7d8be05e,0.06,0.0002254,51956,55552,231,51518,0.0002254,0.0,,,live
2026-10-06T11:37:54Z,0x64af9d0314964bee5b38d3b1a2cb0cb6f06e1300,0xf31080e6ece24a98b5aef734b49d8f930215f5eedc7e5da7cf6867edaf2db9dd,0.05,0.0001177,79408,323693,900,117785,0.0001711,31.2,,,live
2026-10-06T11:37:54Z,0x65816d49e23dc0bf3edc851284f44e75a802988a,0x54b6506e4a3447ed3b7ef078659db6691d11a33df1f6b12ad19ef060fa012248,0.05,0.0001058,80085,37907,119,105898,0.0001058,0.0,,,live
2026-10-06T11:37:54Z,0x65a7c9c11ca39f993c543cda2b55f115eb550e86,0xd3e21c81f69aa2628c18afc9a86f222caef9f912,0.09,3.254e-13,0,35760,29,,1.507e-05,100.0,,,dead
2026-10-06T11:37:54Z,0x66b6ae3291eaba0fad94bafa9e4e6dae417ea38b,0x6eb5145684812ac152906824918cb533bf29754e72bb0b84781025b8cbbe4468,0.06,0.0002346,41044,73449,235,53583,0.0002346,0.0,,,live
2026-10-06T11:37:54Z,0x67c51c928d5d8383f3a58fc591a4e6f6463949ed,0x77d31f9362c1c9cbe18d091dabe7568ed8316fd27d2469ea11e41cbc9d3912c0,24.08,0.00026,26015647,3472931,365,109419425,0.00026885,3.3,,,live
2026-10-06T11:37:54Z,0x68bb06d2ebee1247d828527cdfe67f033c6cb31d,0xc9abae1e3718e0845e9e515a46bc53a76c5cdeb66f62ebc179534c54687bc50e,0.63,1.582e-05,406020,16634274,13272,1582675,1.582e-05,0.0,,,live
2026-10-06T11:37:54Z,0x6a6a57d1e94eb586c5b505a1c81434bda3d6ed97,0x104b7921a26f5b6f63068475ff20634c46f8df8a0eda01b04ac5696e4ba849f3,5.91,0.01536,1540719,1003820,180,15369217,0.0223196,31.2,5,False,live
2026-10-06T11:37:54Z,0x6b4b0327ebb13dd3bc47b558ab7529e32930d8d4,0x773e593b4ae56bc3aa4e393b592cbf1b689b9a258667c48ef2bf2d2d4eae9a5c,1.16,1.881e-05,481430,3913259,2464,1881842,4.017e-05,53.2,,,live
2026-10-06T11:37:54Z,0x6b8e39d7e0d2fc96d2d02996439eb085bbe98a07,0x535da74e87d816f28d2934cb9bbd0dd546287d4c,0.08,1.502e-05,7463,0,1,7463,1.502e-05,0.0,,,live
2026-10-06T11:37:54Z,0x6b9a62eb5575dedb8338b6b2e931fa56f56fc912,0x1e0f5f38ac025d23f05d146edbf10f0ee3a335fbbeb91c4fa7f5417caad92cd1,0.19,4.993e-05,18882,3039,14,11405,4.993e-05,0.0,,,live
2026-10-06T11:37:54Z,0x6d45624cd0c3df83de6c623cb591ef082bbd1e18,0x2b7170a381fed35e3c137ce38e580412a5d205fadd54884ffc1ed48879122f9d,0.18,2.252e-05,22438,1336,12,22520,2.252e-05,0.0,,,live
2026-10-06T11:37:54Z,0x6e73fda18bc1e07eb58602f334e686da73950d82,0x0cc035e559ea66cb63f9555020944df580c9c3d273f40fd366138255525dbf70,0.1,6.205e-06,48466,71724,238,62056,6.205e-06,0.0,,,live
2026-10-06T11:37:54Z,0x6f7b39d0aee70086cf4c507f6670594fa792f67a,0x561c42093da5372720c7eee2676db88f5ed4426a,0.19,1.535e-05,7647,3,4,7647,1.535e-05,0.0,,,live
2026-10-06T11:37:54Z,0x70324a45e9e962a68a70c31d929675062b89675f,0x93efc2899e13113a7662c6e85ffcac39683f5ae572afe982c042d2202855993f,0.08,2.524e-05,26239,20952,155,25246,2.524e-05,0.0,,,live
2026-10-06T11:37:54Z,0x710035c46693ab4f754fefff265f3ccc63e91f88,0xa936290bfbda00ee4dc115af52a6b73f11dfd309e3795f6c7ce7af1c759c8c4a,0.08,0.0002402,41469,96027,215,54861,0.0002402,0.0,,,live
2026-10-06T11:37:54Z,0x72f4fe4a96d342fa24e12feccf2dff0d9d00fee1,0x731ee67a05821aa44f9427884070c6d66916c43235c443ea2789ac3ff1aeab0d,0.16,9.973e-06,9974,1496,15,9974,9.973e-06,0.0,,,live
2026-10-06T11:37:54Z,0x735b0784d55e73976c27cbb554d3a03785eee244,0x63bea50df3d2a28892ee7e0fcbe3137f8edb7c24d41f3b5b5044cc451d6f9586,0.08,0.0001349,86471,319697,883,134945,0.0001349,0.0,,,live
2026-10-06T11:37:54Z,0x74d0d3b0c38fcb3128fb0e6780463542c01b298a,0x772be6b2260634f8a30c0cb5e2b14da0ef29d2508a82a820d765dcac697445e0,0.45,0.0001356,94175,119418,146,135643,0.0001356,0.0,,,live
2026-10-06T11:37:54Z,0x759dcd823a61ce086acd52d2777e3463bbddd777,0x6c2ac053d70e4f824d204bfd2cde10b24017a3f4acab2c59f6de647eb37d873b,0.08,2.21e-05,24096,47689,172,22058,2.21e-05,0.0,,,live
2026-10-06T11:37:54Z,0x7645885b2bb10ff5b8740a9bf144bb2ea10d7777,0x6bef084d7cf07af75db90a717f95910a0eb27c1b6f941825987049aaea06ff82,0.46,0.0002443,54071,59667,235,55821,0.0002443,0.0,,,live
2026-10-06T11:37:54Z,0x772bd1fabec3a91d9f8141c6698a3e00f6d140ab,0x6c0f032f19a121b1767fdc71ae35d4db0084e999,0.46,1.25e-05,8,3941827,11737,12509,0.0001967,93.6,,,dead
2026-10-06T11:37:54Z,0x77d3a72ca565961c0405c112f91c551613788aa7,0xe35daf452eeb19a189b02c384c9da7d3d2a79c1e6d6885c8b305e0106347c733,0.72,1.973e-06,131953,15747058,12586,197338,1.029e-05,80.8,,,live
2026-10-06T11:37:54Z,0x78988e6d2f10bd553ce326cae6c7d87599b48777,0x19f546210de9e12b3a1da0352dfe9978185abf23018e85251a3eb4348e383068,0.08,1.412e-05,19249,11849,47,14094,1.412e-05,0.0,,,live
2026-10-06T11:37:54Z,0x79261e13be414114f7ee1bdafd383bc85f5af777,0x45bdfe8949eba2d48e88d69a037e3b597775ff39c27194a2b24b3c1b577e8d61,0.07,2.569e-05,26004,50014,183,25645,2.569e-05,0.0,,,live
2026-10-06T11:37:54Z,0x7a88880a0d64315dfeb042d96a9039fcf3be973a,0xeba85c612d43cbfa7f487296d261b06f4ba45a89bd74da738e0ee57221d8922d,0.08,2.464e-05,27323,19099,146,24645,2.464e-05,0.0,,,live
2026-10-06T11:37:54Z,0x7c5b2f4399b91c08b2e37bc4ef67d61f6bcaf11d,0x0534b474296aea5df98b8b869215bdb7b9b17a11,0.05,6.431e-09,0,34027,30,29,3.412e-05,100.0,,,dead
2026-10-06T11:37:54Z,0x7d5ea57c25761164c5dfba8ae62933182eed14ab,0xedec8637b52ed952ec0ea62952f7f44a176572c7,0.11,1.508e-05,7491,0,1,7491,1.508e-05,0.0,,,live
2026-10-06T11:37:54Z,0x7d670a499a3635a126586c2c38d52e34839e0777,0x6baa564b8211fb6554084cc8f6efa27201fd0a7540a0aea8b8c5f2e80a275ca9,0.2,1.73e-05,21292,36800,145,17271,1.73e-05,0.0,,,live
2026-10-06T11:37:54Z,0x7e64b0aaeb8c3c3349aeb16380d0ba3ab1a0b958,0xb4c446a28223e4d139063de728291be809c37a4f,0.19,3.435e-13,0,36331,33,,1.545e-05,100.0,,,dead
2026-10-06T11:37:54Z,0x7fcad384a828a71151e1df134fec4f5d776e7777,0xd9087438ff0aaa1ab33c32f2ad71a764e2c0c0c2459899ee901c3e10202efb9d,0.17,0.0002169,50814,57068,219,49561,0.0002169,0.0,,,live
2026-10-06T11:37:54Z,0x8028602097231194d1e455c274eecc8fe1e29110,0x12b7e5745d1ef2c6e0fe424fcc8fd2559d76b63e82a6e25ec4858f688c600a73,0.37,3.614e-06,163566,4454409,5163,361451,3.614e-06,0.0,,,live
2026-10-06T11:37:54Z,0x813bf3041eaee9dd762d24c76f43bef8f06cba5a,0x6aa0003fe8c0bfd0fbc54535f110bca1c34aa474e9e01405fe735ccaa43eb04f,0.07,2.289e-06,20604,0,1,22894,2.289e-06,0.0,,,live
2026-10-06T11:37:54Z,0x83ce5d8c20f11122f0254ec975bfc4c30bb39c26,0xa74a39f25726afa5c37f7e16152a60e5e083f01329a93ae7eb56ab19f8b704ab,0.68,0.0006655,532456,0,3,665570,0.0006655,0.0,,,live
2026-10-06T11:37:54Z,0x8474b542820f76b090bf58592febbc622a7200b2,0xe69ff1aa3b12ffd951e54ec81223510d8865f799248e51f93c37c639e9be4f3a,0.08,8.06e-05,27394,81225,1286,78015,8.06e-05,0.0,,,live
2026-10-06T11:37:54Z,0x849d4a5706dbf4736abcf546760d9488a2ca0a38,0x5df46085736c567d278c81810640591e707d25251ae082afb4073cd3ab70fe74,0.05,0.0002989,46348,88509,241,68268,0.0002989,0.0,,,live
2026-10-06T11:37:54Z,0x86919c152560af83ce3f1e9edaf7dc97e3a67777,0x7cb3e76eff2547515b975b852bc67e449fdc546cfae30dbd4dbef20b2dc3509e,0.08,0.0002119,50372,59311,234,48429,0.0002119,0.0,,,live
2026-10-06T11:37:54Z,0x86aa7c550735cc9db4099b7e029e709a2a46aba6,0xc6a8b94a9d908c5ec4c6faec12f95f2ca93396c7fb8f3f1e9ecb635bc551870d,0.11,1.94e-05,11082,12594,146,19405,1.94e-05,0.0,,,live
2026-10-06T11:37:54Z,0x8718e9f4738688354ce75cd3c94eef505e6c2f2f,0x9ac966d66efcee15f5eef3a80fe5c8219c047726,0.08,1.501e-05,7459,0,1,7459,1.501e-05,0.0,,,live
2026-10-06T11:37:54Z,0x881876674fcb92cf8e515bf20bbc8f2b1eb55f65,0x714a46afb4164acaf58399ce9d5504f81c724fea8ba2f1f78a7f9cdd9619058c,0.09,5.511e-06,36120,56554,366,55117,5.511e-06,0.0,,,live
2026-10-06T11:37:54Z,0x8839f412892b702a35bc85f6b854a02af26c5aac,0x478c89e1d6e379f49f322de5f18275e30b5c28a6dff3090b22753dccba7ea47f,0.05,1.111e-05,11119,371,10,11119,1.111e-05,0.0,,,live
2026-10-06T11:37:54Z,0x897d151787ca84994ac8df68500f17e587794796,0x6e7fdabe9b3ddbe1d6e2b3585163fe56662edd2255a71151dd2d02ff87fc495f,0.5,0.0001379,35834,518404,7305,133808,0.0001551,11.1,,,live
2026-10-06T11:37:54Z,0x89b76dcdda801f2e456765742c64950eb2a0c93c,0x8f6f9a474cbaa1b6b7cab7efa61073f08cc0dc9768214f65fa66a158208fd115,0.68,6.174e-05,23973,283572,3529,60713,6.291e-05,1.9,,,live
2026-10-06T11:37:54Z,0x8bb0e299f400ad378a441f50a9cd517eac9aab89,0xf096ed29d185d5b260ddbc2e610b8d8c7ea848ce56e9f35a9859ad7da3d51213,0.07,0.0002865,45329,109806,235,65436,0.0002865,0.0,,,live
2026-10-06T11:37:54Z,0x8c414a98bb51033c5891348f7fba1054aaf4e83a,0xa248d08b13af27aee9635674972e3055977851f16b237950a921963e80d073e4,0.88,1.865e-06,127106,9778287,7583,186544,1.865e-06,0.0,,,live
2026-10-06T11:37:54Z,0x8cf50e8b56295d626e203bce643b7c725dbc59cb,0x1015b06e62785a0bea5749251cf8b999035974053b2ce118ffbe10a693f0476b,0.19,0.0002357,41014,72869,223,53837,0.0002357,0.0,,,live
2026-10-06T11:37:54Z,0x8e2de9f7124ffdd77ecce839f13ab263788608d8,0xb5e17012d5f343da37d669cdef3fca713d61dbdad29c9d658813f61081b0ba35,0.1,1.395e-05,20048,5619,48,13956,1.395e-05,0.0,,,live
2026-10-06T11:37:54Z,0x8e41fd25e85e624560fa50ff9f117a02cd30b8b3,0x7608c38ea8cc2082b043e886185979942cdeb58e,1.84,0.02953,568875,11889986,16674,29534624,0.0452,34.7,,,live
2026-10-06T11:37:54Z,0x8ea6b2ac3df8facdb1260a70ad81608dcd482ecc,0xb8e73c8d4ec4718fe0b89c8959af72639ccff41a6a0a7d3579612b6643e17a92,0.2,3.793e-06,3793,30621,5739,3794,8.619e-05,95.6,,,live
2026-10-06T11:37:54Z,0x9114696846b9b548c545daa0f2efd80883e1ad74,0x8939a5ec8ce9decfaa4b2d2f1f34e50bdcceaa3b,0.12,1.507e-05,7487,0,1,7487,1.507e-05,0.0,,,live
2026-10-06T11:37:54Z,0x91eb1df23465146ca8fb70b4bb29c8a4cc487777,0x9efbb14aef08ed3ee390e4b7f5cc84f96218eb99df7b0a38cce4fc71af71fa52,0.07,0.0001889,47549,43080,176,43176,0.0001889,0.0,,,live
2026-10-06T11:37:54Z,0x922769f00b2118080767a2d4adfc17625c35b2f8,0xc0169cd22be3d3ed40da0934cd1fb7559490a90d1a184bbd800c8992b2cd58f3,0.06,0.0002816,44971,86484,241,64332,0.0002816,0.0,,,live
2026-10-06T11:37:54Z,0x92c59798951cf8141dfc32d0b5ab78f91a3a62be,0x842c0bd5182772c9cba752e3df78e3f0a340102a273d233abc1727fa061d5af7,0.68,0.0003837,52482,128606,231,87658,0.0003837,0.0,,,live
2026-10-06T11:37:54Z,0x92d16d88406ca4a1ba7c61a94f803509075a90ca,0x57dc3d47ac6177bf251917e4894e32285d6d1abb,0.09,1.502e-05,7461,0,1,7461,1.502e-05,0.0,,,live
2026-10-06T11:37:54Z,0x937a0f626658c66524f425d3cd21d5d1ae397777,0xd7d9d3733a7b6ac5393e95e3fcb858fbee307e1ff7e9f643ade677e3cc45e645,0.17,0.0002303,52470,61390,218,52641,0.0002303,0.0,,,live
2026-10-06T11:37:54Z,0x9394f6ddf456dd28b5321c3ea2f88defd61e2a9f,0xe8f5e2f410d2d2397e30cdc98e604dea4576d139778cf3f61e0f4f0609b5af06,1.07,2.886e-06,5181,89,10,2886,2.919e-06,1.1,,,live
2026-10-06T11:37:54Z,0x939f4b0fc22b249922ab460eb0247950b61b4ac8,0x9963480b60959de7c0db2cebf04d18ab7ce431b3,0.09,1.502e-05,7461,0,1,7461,1.502e-05,0.0,,,live
2026-10-06T11:37:54Z,0x940aa571e776138a82cbc9dadb6a3f05eb1c4a5c,0x48cb1a329ed902563335921b60340eeb908d60fb,0.19,1.613e-05,8040,471,166,8038,1.613e-05,0.0,,,live
2026-10-06T11:37:54Z,0x9452527f7ce81797a4cefc47238cfbe2fcafc93c,0x755b35e633e50d27f86dc2b953c8b93ce7aff713d7998f92ef08090c0014c02b,0.67,1.101e-07,11010,2667832,5360,11010,1.101e-07,0.0,,,live
2026-10-06T11:37:54Z,0x964cf97ca74a3bf9d2f9d640c421102cc7a92836,0x0fe15786a092ce464d92d5bfa59defa2711b23bb91d1d4108c76a3606853076b,0.46,5.427e-07,10854,0,3,5427,5.427e-07,0.0,,,live
2026-10-06T11:37:54Z,0x96a1c0b7a9db6a1aceeaa483dbcc89d16ca8bda1,0x40ad9dade4b48e8562cf3c0d16c8c9461e2c6a9e014ecef6a93ce2dfe4cc2883,0.16,5.783e-06,224490,3603138,4220,578341,5.783e-06,0.0,,,live
2026-10-06T11:37:54Z,0x96e767cddb814755437adc66934df77799f48cd6,0x8dd940bddfd202e8517de72eaf4c9da2fdc2fea8,0.45,0.0004648,50257,23978,45,464848,0.0004648,0.0,,,live
2026-10-06T11:37:54Z,0x9773907ecc02d30ef9a0c4484b79ab688754f7a4,0x9a8bcddacf8ca033d2a0567a7363294408fcd9e68cd3ddbdd491260870bb48f0,0.08,0.0003714,51640,101447,243,84831,0.0003714,0.0,,,live
2026-10-06T11:37:54Z,0x978449b99a23ed4b7e41fa6c2ba7c4f41e71a8d0,0xaa2d1ca68553ddae9eaa13c9e9d4d92dcde93214d1906da0f1a74cf67ea95287,0.08,0.0002528,42548,79331,223,57755,0.0002528,0.0,,,live
2026-10-06T11:37:54Z,0x97c9c237234afd82109d0c8e14255fc4275b8f79,0xec6fd702a3d6a31816f85dd72d18810e16a9d3cb,0.12,1.508e-05,7490,2,3,7490,1.508e-05,0.0,,,live
2026-10-06T11:37:54Z,0x991c44751190eb52f035ab51003928356dceeba3,0xbf7b7a368be40adcb8e070f2b3adc5e657a4c54d6a55c23846b83951da0842c0,0.68,1.007e-07,8565,160,7,10076,1.007e-07,0.0,,,live
2026-10-06T11:37:54Z,0x9ba4d84ac1571a0788b2bb7a6412e73529d12dc6,0x2a878208df14eecf7761daa73f4c1c070cece119,1.79,2.718e-06,3223,3167009,8114,2718,0.01707,100.0,,,live
2026-10-06T11:37:54Z,0x9baf9c56b9186c3b036f742aa7d7eeb2dee14dd0,0xc0c4d4b9514a14aac469c5a485871b6c5c155762d14969295cf51f17a0685721,1.74,,,,,,,,,,dead
2026-10-06T11:37:54Z,0x9bc95b6e875135612642171e4df9ae799d9d31a6,0xd5b49ea0664cb5678b82f67173f7bd2f64b21de4,0.17,1.528e-05,7617,0,1,7617,1.528e-05,0.0,,,live
2026-10-06T11:37:54Z,0x9c4bd852c018e16a8b55da94b8ea506cab161777,0x1b24b582371c36b5653d7571be78ebcf0ccda597719f5c44914adb732354f848,0.17,2.477e-05,25492,44909,156,24728,2.477e-05,0.0,,,live
2026-10-06T11:37:54Z,0xa0216b52f43ec2510739f6ff83dc873dda7a7777,0x62a0e539c6dbbcfb2a117b4a8ae9f023d8a2e55d30434be75e97f9d84f95439b,0.06,0.0002404,53656,66225,238,54946,0.0002404,0.0,,,live
2026-10-06T11:37:54Z,0xa1602e96cb2fcde701409d069aaf01efe30be7a5,0xc2d9243acd2e8a4937cad2028700551bd3787addc71c37dce67b665ae10117a8,0.09,6.879e-06,6921,111564,2285,6880,0.000137,95.0,,,live
2026-10-06T11:37:54Z,0xa83854502c1c9885e6000caf19dc0663537afefc,0x39cb199cfaead03e1a05f3609eb32d50e1a2e33f07f381a8976f26c423da4a0b,0.16,0.0001983,37702,57708,150,45298,0.0001983,0.0,,,live
2026-10-06T11:37:54Z,0xa88e76676cd8f416de2224f000367c9812d63777,0xd8acd593bf60a7d31240223cb05acd9e549cf29899ad664d493d4a4e47c92928,0.1,1.106e-05,17082,9065,33,11041,1.106e-05,0.0,,,live
2026-10-06T11:37:54Z,0xaa07a0e9209e16ac99708c3ec70159c6ef3128a3,0xea9f200e13055b82f175f44f592c4c13dd8c9d9320a66487d3c5cd90d68550ef,16.19,0.06111,1053626,2436010,3183,58057199,0.123459,50.5,,,live
2026-10-06T11:37:54Z,0xaa3b15d86d006a30356f2863ab69dd8000dbcda6,0x5d357f33cd039ac7ffacb046e5d4bbcbabdf6e6d13a961c17b3c773c6c5dfe79,0.16,0.0003548,50434,93679,239,81046,0.0003548,0.0,,,live
2026-10-06T11:37:54Z,0xabc2f889b449389345ad47bedff8d1e0869fc577,0xc8c8cd1fa62030b19e9a146f205db6873b1712798d4bdfe12f5dadb2ffc3bdf3,0.1,0.0003872,52648,110814,236,88451,0.0003872,0.0,,,live
2026-10-06T11:37:54Z,0xafddb1974325da7859f46ba5ad45a2c30cf105bf,0x579f4b502a987173dab2776a942d19d273d16c5e,0.11,1.509e-05,7496,0,1,7496,1.509e-05,0.0,,,live
2026-10-06T11:37:54Z,0xb1accc628d40379c43e20083506c037b9e98c2e5,0x0b39c4f9d525dfcf843288ba26c43564f58e4da4102bd146a828d961fdf75812,0.06,6.834e-06,6849,30593,502,6835,6.85e-06,0.2,,,live
2026-10-06T11:37:54Z,0xb2b81fb50a395a4be9b63d8577338b13e305e777,0x624a00bade591a9cc3f78d3a5ffa6f6a8de17ef764b0497c2becc3cc310a65c8,0.05,2.25e-05,24349,41191,138,22457,2.25e-05,0.0,,,live
2026-10-06T11:37:54Z,0xb3818af61a66f429b0896b338c9f0a604cd75932,0xf608b16fe166648e4b17be42538c9995067c9c22ba3e0f76dfd2c82ebfab7641,0.46,0.0003839,52496,124353,229,87693,0.0003839,0.0,,,live
2026-10-06T11:37:54Z,0xb3fb3e473400e297826e41ee69cffb29138c1b70,0x33130640c6cf6183ff16f227de2a887aed6fc58dd4e66bad0a2726c8448b2864,0.05,0.0001331,93059,252742,667,133109,0.0001331,0.0,,,live
2026-10-06T11:37:54Z,0xb414259e3446abc9b69866bed93ef294c1aad140,0xacc8719764a7ba59ecdbe2bd4988d3af2c2336f8fd995a96456deb821512d27e,0.68,2.484e-05,25588,21437,148,24843,2.484e-05,0.0,,,live
2026-10-06T11:37:54Z,0xb592e5daa875840a0f5319cf559cd96e2fc47777,0x67f3495535cb1bc53986b9cbf37e5d92b8b5ded70708392bddfc4c21fe04dbed,0.45,0.0002415,53806,60264,231,55190,0.0002415,0.0,,,live
2026-10-06T11:37:54Z,0xb6698d85d3c9481940c6f32686a872fd17e8dacc,0x4a345aebd825fa3f462c0bd3d26ddc2308ae07bd074ccf25718a42b2822c8f2e,0.1,5.332e-06,5331,639,29,5332,5.332e-06,0.0,,,live
2026-10-06T11:37:54Z,0xb6ef9c1cea609d78f0d1ae047df166f2996f5bdb,0x215c8cf303ccb7070d07b2d35e3c626550806b8bd65a1c2747bdf4b090749418,0.17,0.0003902,52811,127335,235,89122,0.0003902,0.0,,,live
2026-10-06T11:37:54Z,0xb91b4020518cd0cf824dca8291e94cd62c7f0b91,0x5078092c196727b4798c5c4d583d69146bec3929,0.86,2.711e-06,2871,4195222,13059,2712,0.003667,99.9,,,live
2026-10-06T11:37:54Z,0xba1a2d9783ebe2b76493c5c12eb9813a0e062843,0x6e8a6a1af8ec53f3f09c7303e5403558dee42d0a,3.79,1.08e-05,8122,3383,243,10809,0.0517375,100.0,1,False,live
2026-10-06T11:37:54Z,0xbb8a9d403ad2f83c6cefc9316d74fa0280e707ab,0xd3365fa4309dad0174e120b179b955a5e9a3a46ff7bc63b71b5c68f0e4b7459c,0.06,2.803e-05,23946,21243,153,28038,2.803e-05,0.0,,,live
2026-10-06T11:37:54Z,0xbdfeb02fc6b06e2986c7cae0fa83da50bacf876f,0x138100cf3bdf4c74f33bf21019bc29e088aa317d6576919ba04b54c8005d3059,0.45,5.449e-06,10873,14,3,5450,5.449e-06,0.0,,,live
2026-10-06T11:37:54Z,0xbe062c9b45815624350a6b2edcb3fbfd3ba37777,0xc8c41fb1a37aa36ddd02181df5a257d946803b010884c77f9b3d234d2ecb028a,0.12,0.000231,52619,61602,231,52797,0.000231,0.0,,,live
2026-10-06T11:37:54Z,0xbe53d63af7aa8ffb48364b73606091dc9a25c503,0xa1ec697f83f216726995cd02614bdd2b664affc2,0.11,1.509e-05,7496,0,1,7496,1.509e-05,0.0,,,live
2026-10-06T11:37:54Z,0xbf7da3e9151279769de7689870c1d7ce8e16b460,0xf51001eafc20ac4ce6c88b38471f2198228aaa2e,0.06,1.504e-05,7472,0,1,7472,1.504e-05,0.0,,,live
2026-10-06T11:37:54Z,0xbf85254e14954c6df1760a5682afd80d83402c22,0xb6c71d12c18d8b9a12a2b9c608caeceafcf12c839ae397d84f0ddc6c644c7da0,0.45,6.805e-06,6806,0,1,6806,6.805e-06,0.0,,,live
2026-10-06T11:37:54Z,0xc0c3dd5ac82bfaed88f04e3bf7d9f4dff3225706,0x036a049941363d5e1c48d6c50ec63b6c6ce4da18571edf6a9196b734826f5e46,0.11,0.0001192,80073,327464,907,119272,0.0001192,0.0,,,live
2026-10-06T11:37:54Z,0xc0d8fe9e2c85d0cc582835812607a002852944b4,0x02b9aa2fae491bfc632242f6e8d654b841c14cb5,0.05,1.506e-05,7481,0,1,7481,1.506e-05,0.0,,,live
2026-10-06T11:37:54Z,0xc15b2dbc493a5d074239c0d1133b2bd211488133,0x9756b016829af8dd2ebf41d909aebe10b5e842d0885b9110874dc68ce01ae16e,0.12,0.000259,43144,85282,237,59157,0.000259,0.0,,,live
2026-10-06T11:37:54Z,0xc275928f533bac94cd519b037011a33d0c297777,0x53bbfa47fc9b7ac8303e72537ab649d629f247dae956824051b9258147a689e8,0.19,0.0002327,52624,55625,230,53178,0.0002327,0.0,,,live
2026-10-06T11:37:54Z,0xc38c332012a9116dcade0c7f43b5d3c71799a9f8,0xb4b0dfeaa2e2a838f0f7a304f005ebe32390d4ef,0.51,0.02044,471334,15421381,44127,20443263,0.02044,0.0,,,live
2026-10-06T11:37:54Z,0xc42f9cf36cc02f6491ead279cf240fb0d7a32cdd,0xfccc5b87d91b55f114851473f7559a0a82ba498e,0.11,1.509e-05,7496,0,1,7496,1.509e-05,0.0,,,live
2026-10-06T11:37:54Z,0xc44d5449d2dd28e967d84c690ec7c6fe06bea777,0x75b0e57452d3e0651fdd25a0680de3f70e91961f58e03f761b442e7df9d3873b,0.16,1.126e-05,17216,8960,43,11248,1.126e-05,0.0,,,live
2026-10-06T11:37:54Z,0xc450dad84d0ddf39162f39ec43ff31604a767c85,0xf9df26ed62fab653abd3d980855514ae5765aec018e2060beba86a3ba299bcd2,0.17,0.0001187,29172,34531,132,27120,0.0001187,0.0,,,live
2026-10-06T11:37:54Z,0xc6c8e1c14f2e29047e8dd6b032341c20f01a91e3,0x963daacca8b22c40a079504d4b6414fa70009b028ce13ae751e213a4626a042a,0.47,2.883e-05,28808,2321635,4201,28835,2.883e-05,0.0,,,live
2026-10-06T11:37:54Z,0xc74e91f84fbdb6633c8d608d79834fa55e127e92,0x2cfbb031cd94ca5645bfda966807e157e5a24388e82817b458772d5bfa476d1e,0.09,0.0003096,47053,108877,235,70713,0.0003096,0.0,,,live
2026-10-06T11:37:54Z,0xc760890795e673d5d20a1c31fdc9aea705284dd2,0x32ebe6ba6e7250994d9200daf1777a1084600a7fee48e9f9442f706c75b66a12,0.12,3.805e-05,21635,25893,152,38058,3.805e-05,0.0,,,live
2026-10-06T11:37:54Z,0xc8fe0f7f6f191651d3123ec8a468782977f7ba82,0xd14354f96a06bf6c4f57a713f512c015c7454b3413d213f5adc818017951f3c0,0.06,0.0002633,43486,108124,241,60155,0.0002633,0.0,,,live
2026-10-06T11:37:54Z,0xca96f8f90a95d801daf932097e253401db596fce,0x330a5e8db4fc156c2ada32f296bfba3880b8b8952abcf624cdbae9eb8d8f1c76,0.7,1.94e-06,68194,3594602,7225,194031,1.94e-06,0.0,,,live
2026-10-06T11:37:54Z,0xcb0fbd781e7f2aaf055b0952210b4ac09c2660a3,0xafa0bfce2311d146832267486ae5d8e0d83aa01d,0.12,1.509e-05,7496,2,3,7496,1.509e-05,0.0,,,live
2026-10-06T11:37:54Z,0xcd7996f4e3da662e1dc9c04d25feb4fcdb31b8f9,0x9fbc84a32cebd8f97438bdf69fcca9a50746fa8c5f1ba309af20daf115012304,1.22,1.177e-07,11755,313842,1319,11776,1.189e-06,90.1,,,live
2026-10-06T11:37:54Z,0xcdae63d95d6dd4f89f6e508c77bd4388b4e5c8ab,0x4674f978aab6c373c1634a6729771d9bd6b97bbf25fdfa70d601a81a339f6974,7.85,0.0006177,75830,83195,315,617739,0.0007028,12.1,5,False,live
2026-10-06T11:37:54Z,0xcfad394a565a2a0d413c530f33c750845a56b777,0x9728304e4835699ca6620c144f9fc1c5fc1bf485f5ca469fd605ef2017c76e6a,0.06,1.66e-05,20923,55286,187,16575,1.66e-05,0.0,,,live
2026-10-06T11:37:54Z,0xd189177b252a4dd1d569ea00d35fb7ca78a5f012,0x5d150f22806aff83c5a4b1b750bc32fe4759da60336d14e69876d9513a947e84,0.24,1.115e-05,362636,14406224,10755,1115445,1.478e-05,24.6,,,live
2026-10-06T11:37:54Z,0xd245e694ce5e57f90562186e00c273cfb8503895,0xeaf85a923a1839b3f68d8f78985a541065e2788d0535a53b735c6a77650ba5e3,0.1,3.5e-06,29464,10918,75,35004,3.5e-06,0.0,,,live
2026-10-06T11:37:54Z,0xd375aab6ca597d7702d446434b7a2cbeeb9c7777,0x157cd82cc84809c55f10f9a8f93839f4dcad29f54b73918654ec1b1fae9c4641,0.08,0.0002236,51672,58251,220,51107,0.0002236,0.0,,,live
2026-10-06T11:37:54Z,0xd415f72b2122e3fdf27dd25c684e0eb9acfcbc98,0xadc3bfab25aeafbc8e824d7ada97819d55cbf083aa6c8f2bf33833d65cdb4454,0.52,1.086e-05,331225,7463516,5760,1086298,1.086e-05,0.0,,,live
2026-10-06T11:37:54Z,0xd437ee6919ebad423e65afe8d27ce3e913202ac5,0xa93394f880a3f482c67afca2bea202e3d4d436b1,0.11,1.509e-05,7496,0,1,7496,1.509e-05,0.0,,,live
2026-10-06T11:37:54Z,0xd51345b40051d8394686db8490b2377404ed76a0,0xf60345e3af1567bf45426e1e5bc6faf0e5cc6f4d84f63f4eb589414364a59bfe,0.09,8.676e-05,41183,25856,170,86765,8.676e-05,0.0,,,live
2026-10-06T11:37:54Z,0xd5e71d1a3c098cbb7d9b1d71574729577192896b,0xb5a95446f1833598a3c3132c56fe95c4bd53028ea67da9a4cb2a60f9bcc02395,0.1,2.103e-05,8271,12670,139,21031,2.103e-05,0.0,,,live
2026-10-06T11:37:54Z,0xd66f3959e3565b760d73999ea7bc4c97fdf3d734,0xc94f3ca7a45f19747ef491ec8e49c50283afaad6,0.12,1.507e-05,7487,0,1,7487,1.507e-05,0.0,,,live
2026-10-06T11:37:54Z,0xd9c5c09ee434bf49425aa1f9f1b8bb74efd9cac7,0xcccc89623b1a7c79072e56d40c0750b969f7b303651b6845562cf0b58430ba58,0.05,2.801e-05,27608,20274,154,28012,2.801e-05,0.0,,,live
2026-10-06T11:37:54Z,0xdcbb7c64dec55b48fd0226e36151bee7f6baf38b,0xe8578b778d0e6a3827bd4c4888d7da8deef6cac43c548743e32068778d6678ea,0.11,3.136e-05,28030,21540,155,31361,3.136e-05,0.0,,,live
2026-10-06T11:37:54Z,0xdd7d9fdd4b0a0fcf0eea0bbb122c14b90d0b9553,0x29b83fed1fb5208d757fb4e002ba1a6f94a02da6,0.19,7.967e-05,2,95041,345,79671,7.967e-05,0.0,,,dead
2026-10-06T11:37:54Z,0xe2d404b252ace52fa881e3c9f7fb2e5b401deeaa,0xf7545114d2ebc355a4624b9685c5c76b396399bfc656ec8de54cf408d7dd0352,0.06,0.0001571,39106,167242,582,157196,0.0001571,0.0,,,live
2026-10-06T11:37:54Z,0xe2f842ed90765e1e87a2f0bcc76f846a023b0777,0xad645d8ce25a90c8011a6dc26441977bba6c3c4434b7b7d181ff5722db03a0be,0.09,2.778e-05,26993,48522,187,27732,2.778e-05,0.0,,,live
2026-10-06T11:37:54Z,0xe36e06ca66fb55d6568a16ffe4760178f51f4590,0xd4244cabae594943508877a9d17868f3a6cf390d8dce93ca3e4c1f69435e7737,0.68,4.147e-06,6205,209360,2776,4147,6.109e-05,93.2,,,live
2026-10-06T11:37:54Z,0xe47b8bc28beb1b2f4710eec48fec7d72b038efb1,0x92168f79c6e0fa744aa7c8c21f9f3ed7d6b2e8d1602d1aac6a210e7688221087,0.18,0.000181,35955,74761,223,41353,0.000181,0.0,,,live
2026-10-06T11:37:54Z,0xe670fea66a414b3aa3d5a1a692cf2be79fc21e18,0x72178195a7f64f768a1bb1a4f5a0edf96c9d352cb7ed5735a683c89f2d813ec3,1.05,2.062e-05,20691,854,36,20625,3.239e-05,36.3,,,live
2026-10-06T11:37:54Z,0xe7ae6c3ab66f6dff4843b261b5d89308f07da30a,0xc9f43321416dc26fd525872a56e2c3f5a3ff97cc2095a63a8a3936a3053f83d1,0.45,1.562e-05,6587,582,6,4000,1.562e-05,0.0,,,live
2026-10-06T11:37:54Z,0xe9ac0071344a02b5a1ad5feabfb569093cff8777,0x4e799f284a781f336b9fa1e0c65556e0909c61d95293e5a9f82eece13a28c860,0.08,2.057e-05,23265,43556,175,20538,2.057e-05,0.0,,,live
2026-10-06T11:37:54Z,0xeb135bc0b32f0ff78efe33ef45870a2fe5cd8b6d,0x4f4b2c6b1f20f7bd61731a4a5fe8e3ec701f9a65,0.12,1.508e-05,7490,2,3,7490,1.508e-05,0.0,,,live
2026-10-06T11:37:54Z,0xedb6b2a5cb28696fd573cf484f3e9ca3a34787bf,0x4eabddbf53f1c690731b2429f10967cbd11a8c177374b184ddb455964305d7b2,0.17,6.852e-06,6852,1933358,5628,6852,0.0001166,94.1,,,live
2026-10-06T11:37:54Z,0xee049979960d5e42b389b941ec45790ca7b6e1f7,0x92a4f531f82e1440d6e349bbc2ed42ba389e013f,1.94,0.0003331,57442,12394865,20774,333160,0.03389,99.0,,,live
2026-10-06T11:37:54Z,0xeec53e561a4942eef08e1f907bc8fd53a08c4777,0x53d453a7c3b63a7ac7c5b4b6eeaae430d39e9dda7622c5f78b8ac47c7e54e5d5,0.18,2.441e-05,25291,48890,185,24365,2.441e-05,0.0,,,live
2026-10-06T11:37:54Z,0xef78156375c9e0734cd532908ddeefd0951d7b14,0xead8dc7afa7e5c477f51257e91add67c4b29cde9,0.12,1.508e-05,7490,0,1,7490,1.508e-05,0.0,,,live
2026-10-06T11:37:54Z,0xeff3a90391c778d04297778e39650cca0c35243c,0x9aa1439c8ec448cc634988edfdb535cfe7de1406beeef940c187e4e933482b78,0.12,0.0003544,50469,95153,212,80952,0.0003544,0.0,,,live
2026-10-06T11:37:54Z,0xf0ae41f3cb009cee6c0f0824a25d5e677983f645,0xb55fdad9febbed32da87427414e176778736bb85df1a14d2514bafb23d7194be,0.85,1.766e-06,65544,3674257,8184,176630,1.766e-06,0.0,,,live
2026-10-06T11:37:54Z,0xf0af8b5ff14919b6cda78f0d98c9fcb0b3dc602a,0x2b8c3ec07575a47be3978a316fc0c150188fab5f037c8d477f166b54cf958c74,0.95,1.102e-07,11020,3916937,8473,11022,1.102e-07,0.0,,,live
2026-10-06T11:37:54Z,0xf16a3a86c61255eec306db0a36d67a45e7b86b8d,0xa4fcd52a9308ce87efb2508072c7fe912ae5d2d271afaf66cc1b13b33b6242b0,0.45,0.0001212,118843,79727,466,2982,0.0001212,0.0,,,live
2026-10-06T11:37:54Z,0xf1d958a5edd31308f02edd46cd9b6cc5e48fe8a4,0x0937d0b185bf9907c9898959b65ffdad77c82268af8bd5c130466ff26ec63f30,0.63,0.3649,14598662,20000800,39,364966546,0.3649,0.0,,,live
2026-10-06T11:37:54Z,0xf32d67a0eb9b85f93b91d173728edf12ea4b4a6f,0x46fad0031da20dca162375c9dcbe462ef9b973a915ee9791af3e027fb17f544a,0.19,0.0002326,40757,78844,239,53135,0.0002326,0.0,,,live
2026-10-06T11:37:54Z,0xf415bcb8a985e198091496fe58920b82d3877777,0x544cdc91a5001d28cd64bc600eb80c3ed13cb7310b98268ca2465dc888dc3d4d,0.09,0.000115,37046,17250,83,26276,0.000115,0.0,,,live
2026-10-06T11:37:54Z,0xf821e82c64b4c3ed15245ae57bc5b4fd7c8e392b,0x832de3278eb03fee102cacd45b09c4b6d2bced44fee6758549add8e8a117f15e,1.32,1.159e-07,11578,86028,225,11591,1.544e-06,92.5,,,live
2026-10-06T11:37:54Z,0xf93d626d600152455dfbf144ced2e16c79392bf2,0x92d90c732511e3ea357ef280038b5bcb96e632c55bb7cf908e60cfcaf3a3ca70,0.05,0.0001809,130968,250507,585,180964,0.0001809,0.0,,,live
2026-10-06T11:37:54Z,0xf99ae709f1838c044f5342ac6cc7f6a66c482b66,0x2a482930a615f82a2a0ebdef75acfa61f40859b9192b76ba26db67b3d252a05a,0.04,9.44e-05,0,74027,188,94406,9.44e-05,0.0,,,dead
2026-10-06T11:37:54Z,0xfb4035ac69ba0e65fd1261ba4c354415cade4888,0x4fdcc31f5514644bf512b296057f025ddd4f9308,0.1,1.094e-05,8377,3709644,8149,10949,0.0004391,97.5,,,live
2026-10-06T11:37:54Z,0xfd7e7fa024479f6813c503e6080831a389133b8e,0x645d58e38ad9872626c238441c8dde31d02c5c05ae2bd8445b9b1d5f69a7f9de,0.05,6.38e-05,56079,21555,73,63805,6.38e-05,0.0,,,live
2026-10-06T11:37:54Z,0xff4c3278e735fa52b1012b06748407d26e047f18,0x5560b76440e9b6660ab6ca8c7ae1941c92abffcf,1.52,1.225e-05,9222,5309319,15200,12255,0.001959,99.4,,,live
2026-10-06T11:37:54Z,0x0a775dce89e47a67750a697580d8054f9e62eeaa,0x344db707b604cfe22f5c7405c29d88952b8effd6b23700a3dbcab7f244f111c7,0.0,8.988e-06,8710,2585,33,8988,9.134e-06,1.6,,,live
2026-10-06T11:37:54Z,0xf490ba0aaaef2ecc493a594b0ba609d4ad0fc09e,0x1380f2e377331e471e4beea1e2f9286366c08e985a0afd2dedb780c06172f833,0.0,2.0032,20032,2,1,20032,2.0032,0.0,,,live
2026-10-06T11:37:54Z,0xfb7582cfd5926fcc912eeba38ad8d84711064839,0xf6a8d1feaa93f87c0c55125dfa47d946d1dcde986693637a94498601c37eb0aa,0.01,2.023e-05,9845,12835,136,20240,2.023e-05,0.0,,,live
2026-10-06T11:37:54Z,0x79af52734ffec44dfbabf9ac1ae7caacc64aa777,0x682c7fc35a9c1bc3bc01b2f36de24e6d023afc7720e1e6f3005a0b67c0cae2ea,0.01,1.887e-05,22310,50213,181,18833,1.887e-05,0.0,,,live
2026-10-06T11:37:54Z,0xbc30c7947207568f6df3dbfb1473fcf9ce277777,0x5489b8e5f5abdb8c5c06e35846bf11a517f1070a509ccd02d568ad479a3b2dad,0.01,0.000248,54517,56706,232,56669,0.000248,0.0,,,live
2026-10-06T11:37:54Z,0x4ff616eaa3030d46e561fa10bbe3896a4becce2b,0x7316740e8501f8259e534c13e3a80b7a52e5d72e9593ab7f47ef356dad52b241,0.01,0.0002467,42108,80338,238,56347,0.0002467,0.0,,,live
2026-10-06T11:37:54Z,0x81182b35fa7ebf0c890a69516985a1dccaba84e8,0xe33245fb730ddd2a8a7db7ebb5164f35425a873f1e4cbd7fa7ce053f73d0b917,0.01,0.0003921,53090,100831,231,89568,0.0003921,0.0,,,live
2026-10-06T11:37:54Z,0x541f025b601a3fdd09b46002951752b2f0824ab9,0xcdda410dd453e3e06a79f50c32531fcf0f42409d,0.01,1.506e-05,7483,0,1,7483,1.506e-05,0.0,,,live
2026-10-06T11:37:54Z,0xb0f4c5b775ff4b6eaee04a94e645ac68761f0bc5,0x9eba18f61b2349a442c88dcfc318511cf37c44f20e4a6e1f33930b7d8491cf30,0.01,4.78e-05,29344,40341,1902,47804,4.78e-05,0.0,,,live
2026-10-06T11:37:54Z,0x0e1e14776f28ae41ffdc3fcc280c2f47a3133be6,0x1a19e809f317e1c8ac841466bb08f9e23ed763f3,0.01,1.507e-05,7486,0,1,7486,1.507e-05,0.0,,,live
2026-10-06T11:37:54Z,0x49eab8438f69d21096dfffc76738e37dc92cb3ae,0xe279b1917c69c8af6d36a8693d0cdf555b4e8ab0997a80519fbca9ddd2278d19,0.01,5.317e-05,22256,21736,238,53176,5.603e-05,5.1,,,live
2026-10-06T11:37:54Z,0x8760ca3e45fb39badd63d18596f3ec617adde777,0x1c01c6c080cc29a68efe7228cb0822035e2002f5ae0b06490e56a0b3e5d164c9,0.01,2.23e-05,24250,39194,147,22261,2.23e-05,0.0,,,live
2026-10-06T11:37:54Z,0xbc79d0e2e945574bbe51f54b96b8cf98f855183f,0x89785dfdf326dcdcf96d3cc1ca47cc768c5daac6ed1a0109bbd8f57f7f750b2f,0.01,6.852e-06,6867,19624,145,6853,6.852e-06,0.0,,,live
2026-10-06T11:37:54Z,0xe0a9517b8d93d3ca17a2c0c86b00e92fe6aebda1,0x14c3df7a25966c6b462f4258c74af543203ff27d412364675c6a9fa42e86074e,0.01,8.304e-05,67851,114013,293,83050,8.304e-05,0.0,,,live
2026-10-06T11:37:54Z,0x3971bb3ccef619b64367840bbf5593afa5cf7777,0xa93cb5f4ed6cc74d3b1d585a0c7029b979ff0cddd218a291734fff6c0b43cb21,0.01,0.0002264,52088,61587,237,51747,0.0002264,0.0,,,live
2026-10-06T11:37:54Z,0x9d70341316be25ca3732a6351d443fcc8527910e,0xeca5231d5901051711d6c6743a8816ab95f900eadb505ca5e75e77b14eba6be0,0.01,0.0003128,47409,85047,239,71447,0.0003128,0.0,,,live
2026-10-06T11:37:54Z,0xb49bbaeb1b00544ba7e265bc6aa369b317c26f7e,0xc931e45592e397d8ca5cbf144250b5976b56405ac4bd599a8ab45c3471af7aff,0.01,0.0003837,52510,105433,231,87651,0.0003837,0.0,,,live
2026-10-06T11:37:54Z,0xd252fbad2e5946ad4540810339a7d8a8dc12be0c,0x68efdfa0e16f8f638bca83861b94dc30d8014cf9c7fcb82720e33f0618eadf7a,0.01,3.832e-05,18887,14162,225,38324,3.832e-05,0.0,,,live
2026-10-06T11:37:54Z,0x208d7cbf82f9456b2e274fb1540aca2ea19cd777,0x72d3ccf123120df9010da0094e7fd126adfca72a1d665a99dc2dafc5965a21b7,0.01,9.195e-06,15575,3503,18,9177,9.195e-06,0.0,,,live
2026-10-06T11:37:54Z,0x9401d439c9b8f4351980b80d5d4d5001bb0d6f85,0x949b8cafa5439d2fc310b6ce054ac25df5929f2ff1c565fb5263c1d07a1d417e,0.01,8.353e-06,8353,81,2,8353,8.353e-06,0.0,,,live
2026-10-06T11:37:54Z,0x5c58f630161c33609dfd719bb390d3886ad99402,0x84216f06a4a5c896e482b669f5accccc8c6586bcec901e8d955b0bdd74d71e46,0.02,5.08e-06,233594,901034,783,508071,5.08e-06,0.0,,,live
2026-10-06T11:37:54Z,0x7771a0e1d9b41c59db31d3e10e0c6ebf4cdcab57,0x9df51916ce0f672de2686431944fc25b904d2ff6,0.02,1.504e-05,7472,0,1,7472,1.504e-05,0.0,,,live
2026-10-06T11:37:54Z,0xbda4bbd3c5522cd81558afa341316fb4acd752ab,0x51f52234cf07a9995504dfa01e6eedfe110740044669666b40ee0aa592ec44b8,0.02,6.849e-06,6863,25532,918,6850,6.849e-06,0.0,,,live
2026-10-06T11:37:54Z,0x1cc88bb7c1f3e3c8bd5f488a870547c268927cd4,0x192ee1b37e4a200869ef2b04ea34bfd205c18f22c5ca7ef4caa1cb9b0cedb104,0.02,0.005453,5453,3,2,5453,0.005453,0.0,,,live
2026-10-06T11:37:54Z,0x934ddeb83bcffb07e02bcf6c5149ece06dcea233,0x9ddf5b5659a98c6554ccb867f705df7ed239442b,0.02,1.505e-05,7479,0,1,7479,1.505e-05,0.0,,,live
2026-10-06T11:37:54Z,0x6d21e58868667d89042305e30479be7a72e118aa,0xc2d696995cd791d09bf4069f38cdb7860320dc501738ca1f5d7d8a41987e6fab,0.02,6.843e-06,6857,19112,13,6843,6.843e-06,0.0,,,live
2026-10-06T11:37:54Z,0x13765b6d105254cdcc6d3ebda3ae471c46b4d871,0x3a99f81ddbcada3a0957dc322fac32e5492dff7dfbc8f90e3e331f4dba4181a2,0.02,4.411e-05,42064,29197,79,44110,4.411e-05,0.0,,,live
2026-10-06T11:37:54Z,0x18d5d301b624b0d5be7d7f2bcca5bd443fbea6a7,0x4fad4b6c9078ee619335c374c2b353bdda0d2d620d5c4c5e82dc08a8400c851c,0.02,0.0001253,82606,321631,889,125361,0.0001253,0.0,,,live
2026-10-06T11:37:54Z,0x05212db457d2d31f0b4a63d2f9f705a4a2984777,0x78ca6caecf0f0f5e12c9d608f97906815405e0aa46b1af12fa34926dcd14a052,0.02,2.828e-05,27288,51435,189,28227,2.828e-05,0.0,,,live
2026-10-06T11:37:54Z,0x643885b85fdaa3a45e8824c7f2ad609f842e7777,0xce8239c200bab21ba60c4966fcf915441f69f80df6a1772712c9364d74958ba2,0.02,0.0002519,54954,58944,237,57566,0.0002519,0.0,,,live
2026-10-06T11:37:54Z,0x53b54e5427f3066555c53a79afe22a2f34e17e51,0xfee7ec37b95f9fc65f5ec1e28e112bccfa30b3f40c3284886a8d234a9166962a,0.02,0.0002594,43190,76933,237,59263,0.0002594,0.0,,,live
2026-10-06T11:37:54Z,0xe95a2f142761470203595fca1a5bbf7dde584cf3,0x860e61f4a42c65e2fb9afa0f79d13217c9ff67501f8a08288f1f558cd2bbc600,0.02,0.0003505,50199,109252,237,80061,0.0003505,0.0,,,live
2026-10-06T11:37:54Z,0x87da75731ea5558df55dd452ad295c3989c587bf,0x01d3bb063f923c7769f7f5480adf6f7382f7c2c37b87a696dd1e5f8fdbfbd0ca,0.04,4.031e-06,104566,2258163,4043,403163,4.031e-06,0.0,,,live
2026-10-06T11:37:54Z,0x1a0950ae4db5fe4a9d6e40271c799f97fb56c3e3,0x77794770bb025cd8e659e524c1e5f2b6be6102e7,0.02,9.412e-06,10113,2896,11,9412,9.412e-06,0.0,,,live
2026-10-06T11:37:54Z,0xea0ec29314ce68b946e30e7ba15156321156c78a,0x4577a1fe83c0362e3d31a367f65ff20fe4f98eb7f558bdf0d5013b1db67d25ae,0.02,7.286e-06,7284,134,1,7287,7.286e-06,0.0,,,live
2026-10-06T11:37:54Z,0x7f4935072162e40a890683b6fd132493befe5e55,0xc2e5114223b181b3dd08bf62831bc9d6872d650a,0.02,5.382e-06,5382,2,2,5382,5.382e-06,0.0,,,live
2026-10-06T11:37:54Z,0x4fd0c5ae025d6fc28eead7aa66019f4dce9aa777,0xa2d302785e819786db1fe7d5642459a217a67ab33dba22d78fc00864b50e0f3a,0.02,2.599e-05,26173,50431,187,25941,2.599e-05,0.0,,,live
2026-10-06T11:37:54Z,0x72e57b36a14c02d2d6e93e39e5174af715f4a5ec,0xffe93c0b20c5ad5d98677541a5982bbd0cf916cb8c41778f390f59666fb7496d,0.03,1.847e-05,14148,13037,141,18476,1.847e-05,0.0,,,live
2026-10-06T11:37:54Z,0x43b6a048f7d29d4b1dff2732fdeba7aa10197777,0xb58ad275b1af94e685331c8200ef4573803c999c545a475764db327b59b8e993,0.03,0.0002287,52343,62270,232,52275,0.0002287,0.0,,,live
2026-10-06T11:37:54Z,0xc6c0dca720e83b5ca1cf77941e475108da8fd7a2,0x8c8a8a6b65b892a254095558a2386cf48344088c922fe49b328d0ff97fb1aa8e,0.03,0.0003632,51076,101371,230,82959,0.0003632,0.0,,,live
2026-10-06T11:37:54Z,0xcf83e78a823950b8c373224b7614e10d0d34a2f4,0x5f567995569648c25161832193e5221168870774947e373c615f077e5d6aaed1,0.03,0.000265,43633,78683,238,60541,0.000265,0.0,,,live
2026-10-06T11:37:54Z,0xeefb19bff2954b6237f12821be810533d380dc86,0x71e2b0187ad7b7bfcd9c3cc3ef408e509d7a31186fb5eeadfaffa7d7b763a9d2,0.03,0.0003293,162061,573499,1344,329303,0.0003488,5.6,,,live
2026-10-06T11:37:54Z,0x3249d9c648787f07b83235bd2dceb4ee71521e18,0x146b1a1c3c519065cff4eb744a1f3ca9766f26db373192ac74f3cc614a805590,0.03,1.999e-05,19994,320,18,19993,1.999e-05,0.0,,,live
2026-10-06T11:37:54Z,0xf930ed28c6b0398dcfaf7260eb593b25fa4d8777,0xed180790094b8197d43230b372dc1caa59434a6a99c8e32c7ed3421d46ef84a9,0.03,1.574e-05,20375,27856,99,15715,1.574e-05,0.0,,,live
2026-10-06T11:37:54Z,0x388c5958f22b02f4583c37bfb39e9219bfe043a6,0x995d69d57165fea517f253ab04b62df4a9449bd9a5b15ddee8c32c08a467aa86,0.03,2.529e-05,11009,12645,138,25296,2.529e-05,0.0,,,live
2026-10-06T11:37:54Z,0x2c48fe4d0e857ea19584c45f662260d7f4588a54,0xeb1d4b1cbee1b3d3848a897549b6197d3926ba0ba0b605386c1dc1d8e9f77206,0.03,0.0001009,77551,113660,235,100949,0.0001009,0.0,,,live
2026-10-06T11:37:54Z,0xc5083fef47efebd6bd6aac5969b2faa4ea61c026,0x5b276bcf416cfb17c6021127083330c9b02c41d3d76057fba2ac191cf7aec809,0.03,1.794e-05,13951,12848,141,17947,1.794e-05,0.0,,,live
2026-10-06T11:37:54Z,0x919b169818ce8e0f34d5c7ae2dddbb679d69a2f4,0xba54b3399959ab1e32598e68840b5493a98fe8d7,0.23,0.001263,128508,2446845,5891,1263358,0.001263,0.0,,,live
2026-10-06T15:25:24Z,0x011a239f25d51f8b905080c67e1cef85348ee777,0x5ab29ed1cfe6bd2fb18b383b3a1ad35fcc545374ff4d4c7e83d3509765d425e1,0.33,2.48e-05,25493,48632,181,24758,2.48e-05,0.0,,,live
2026-10-06T15:25:24Z,0x01a9fdf817c309d7cf7615fb36890b4ddebdd777,0x5cc216cf4cdb0c2ce24adfad0475983f0c5b4958c86d5042a33f6c0869f4f5af,0.14,1.278e-05,18364,10270,46,12763,1.278e-05,0.0,,,live
2026-10-06T15:25:24Z,0x01c662d8b4ff1dfb5adc94f6e926b6c4d93c7777,0xd489b6aa6496190debe20646fdab2e5a4767a7ba0a21b9125f8083c5fbdb32aa,0.15,0.0002526,55018,62109,234,57720,0.0002526,0.0,,,live
2026-10-06T15:25:24Z,0x033ee96aa0cc09d251a595c48f3fb3b601917777,0x27201239f5cc429a2e701f404955eba1deb82bfcb126a14d6defadb392837567,0.35,0.0002359,52999,56021,238,53907,0.0002359,0.0,,,live
2026-10-06T15:25:24Z,0x04b2cb10d25380cb99e820718ff852902a07e696,0xd8af734d930ac12ea4f73a40a74638b769128d95605399ae6d1e5bda0bd0c3d1,0.08,2.415e-05,26697,19766,154,24159,2.415e-05,0.0,,,live
2026-10-06T15:25:24Z,0x05212db457d2d31f0b4a63d2f9f705a4a2984777,0x78ca6caecf0f0f5e12c9d608f97906815405e0aa46b1af12fa34926dcd14a052,0.18,2.828e-05,27288,51435,189,28227,2.828e-05,0.0,,,live
2026-10-06T15:25:24Z,0x065ba6f19334ce12ca6ccaa7eb9eff844b546c64,0x8d2ec3128cd9db586e6d781aac1126fe79996999,0.22,2.522e-06,2538,9750,80,2523,1.21e-05,79.2,,,live
2026-10-06T15:25:24Z,0x06ba8f70f1ef18ac951ff6280c8b6a1e4e67f088,0xbccc81ce648a05edd5cd2b2cef784d84097142f9,0.25,2.488e-06,2521,4128,34,2489,7.342e-06,66.1,,,live
2026-10-06T15:25:24Z,0x075136b3a79dc2dd8568b0a12cfb59ea95ee2ba3,0xc0cae649166f2e4f6ebfed08a8457960ee385a2975915a36e3135b90614e3c9a,0.61,1.006e-07,8559,118,10,10069,1.006e-07,0.0,,,live
2026-10-06T15:25:24Z,0x0830a9dd26a04e959657ab6788d45f5725590c32,0x5408ad4b4f1d5091b99953af963500a792f47bc3,18.28,0.001066,305484,24125,1830,1396106,0.00126957,16.0,,,live
2026-10-06T15:25:24Z,0x0918b633e47a4c52c469bc515339131e2edf6777,0x88d9acd42cd78d16cdacdaf1f457fe82da405778ee908a6d342e3da7330f83a3,0.26,2.271e-05,24469,52254,198,22674,2.271e-05,0.0,,,live
2026-10-06T15:25:24Z,0x0951d744d012fa371917b5020512767e38741777,0x5f17bd1997e12df938026023697f3fbf01c542befcbaf6ae09ced06034007686,0.12,1.633e-05,20734,23491,88,16304,1.633e-05,0.0,,,live
2026-10-06T15:25:24Z,0x0a3b8bf2ff80c352cf68d7849c34d903b3ff16da,0x5f86777468e2bbeb30232e334b6b7e9aabfa75d4380d2ce43481ac166a4becd0,0.21,4.416e-05,42099,7489,23,44166,4.416e-05,0.0,,,live
2026-10-06T15:25:24Z,0x0a58de2594534f9f26af9de415140db0027897ad,0x98e85ae43f1fc88b2939ac103ce4e57f53b048aa38a8e17e05a2f06618f2db61,0.21,2.418e-05,25271,20647,151,24190,2.418e-05,0.0,,,live
2026-10-06T15:25:24Z,0x0a775dce89e47a67750a697580d8054f9e62eeaa,0x344db707b604cfe22f5c7405c29d88952b8effd6b23700a3dbcab7f244f111c7,0.16,8.814e-06,8566,6163,71,8814,9.134e-06,3.5,,,live
2026-10-06T15:25:24Z,0x0b001088b1dfb32d93297b2ffe3789be2de33ee0,0x35b6c415a6b2b8303f15cde12462ea327e3c12e8,0.24,1.508e-05,7492,1,2,7492,1.508e-05,0.0,,,live
2026-10-06T15:25:24Z,0x0b02b8ad2234d4c28d189a63c33c639e75e88614,0xa4636fc644bea76d57d8fc81753a141b0dd71a3b34562cdceb996c65453a5ebb,0.26,0.0003278,48546,88231,238,74880,0.0003278,0.0,,,live
2026-10-06T15:25:24Z,0x0b317a28a2cde0e3f070fe7d10b7751c22ee4777,0xffe8df371afc20cf08163abcaa17caf8996fbdcc6ba3f36433890e275e5f4bc8,0.25,2.033e-05,23111,44213,151,20298,2.033e-05,0.0,,,live
2026-10-06T15:25:24Z,0x0b43c68bc0837e5307a3d3c32fe88ee601d1d171,0x94d42f8a1cdb9debc3f365943e627c7aa10d6226795fe4d2ef5d401df66e51d6,0.13,3.855e-05,18966,159542,2011,38395,4.767e-05,19.1,,,live
2026-10-06T15:25:24Z,0x0b7c6c138dc75622f4200d157b13fb93e6bd94fa,0x5291cfd042d8a771a510534ee31090bc4f4dc72724871e8f321aecfd12332a9a,3.98,0.1178,11781729,15457925,701,117812495,0.167232,29.6,6,True,live
2026-10-06T15:25:24Z,0x0ba02c9c0fbb1db04d343480563c1054341d8a73,0xd888071ff680e52b2556e076f6b44ba65e9681fdc881fd35bb429956b44ebd9c,0.26,1.904e-05,9554,13401,139,19046,1.904e-05,0.0,,,live
2026-10-06T15:25:24Z,0x0bd2ed28ace77d5f17c384e55b543815fdacd4a5,0x4b404cc0d72a2f5be924c09b267f565f4d23b4489407f9f325c0d30a654d039e,0.35,0.0003064,46780,107378,239,70000,0.0003064,0.0,,,live
2026-10-06T15:25:24Z,0x0dc74e7437a7d6c246c55e8ac410795f50a43aac,0x6559b4c662abfc97524e5b22a716aa2b75c7d6fa046d5d789a6d1b441d58ea78,0.14,7.078e-06,7093,24329,593,7078,1.781e-05,60.3,,,live
2026-10-06T15:25:24Z,0x0e1e14776f28ae41ffdc3fcc280c2f47a3133be6,0x1a19e809f317e1c8ac841466bb08f9e23ed763f3,0.17,1.507e-05,7486,0,1,7486,1.507e-05,0.0,,,live
2026-10-06T15:25:24Z,0x0ea88548965cd6e9ac02b33e8b65e69434fe7963,0x71613f6cbc60d3dd5b64afbfd328c1e57d81787a6bdee5364895e25736650223,0.08,6.428e-06,6275,2703,22,6429,6.489e-06,0.9,,,live
2026-10-06T15:25:24Z,0x0fb4549dac381e245e0271ee256a5df4bbebc97a,0xb0bcdbb367d6d928850566cf24d81b7a7e3b062aab3cfd021995ee855f14cd7f,0.33,0.0001344,86242,318471,882,134461,0.0001344,0.0,,,live
2026-10-06T15:25:24Z,0x104e2d4596964059d8235431dd3f9681adc00c47,0xd6a835a27b22f376127eb40cdfd5ef2794eb1ad6,0.35,1.544e-05,7698,168,103,7696,1.544e-05,0.0,,,live
2026-10-06T15:25:24Z,0x10e06bdead0aed0874ac9e1b08dc751800bbd0e3,0xa28036a88c18b4f1930bc46e9ee4e1539975f03b3c818cb6146fabb3938fc343,0.34,0.0002866,45239,113520,240,65467,0.0002866,0.0,,,live
2026-10-06T15:25:24Z,0x11d95fb69f119d64402375d49d99d26fed85ab63,0xee43ef0b4215688e2f3c01ce4c0b61092b1fe7f95cbdf31554f7dc6c6ebb2893,0.33,8.103e-06,8053,18280,84,8103,8.103e-06,0.0,,,live
2026-10-06T15:25:24Z,0x129aa40aee374be5c32e64b88fbf4d3769992c9f,0xa3577f3b0111a601f1f1d92f80e9dc15bd389ec54e6dc6aedc9b8e5daf210347,0.22,6.892e-06,6920,82279,2592,6893,6.893e-06,0.0,,,live
2026-10-06T15:25:24Z,0x12a45bcc82081ca0811ae294eb6fb2ac6394378b,0x8a62b34c0cd97fe330e619f38d66c464f041ec76b648365bd585533865497b1a,0.12,0.0002315,40758,77398,190,52881,0.0002315,0.0,,,live
2026-10-06T15:25:24Z,0x1320802f48da0f2c7a8a61a7ff28dfc5c5dd2c20,0x61187b19ef3f6bb52df3a6ff1c804aa6b618a751,0.26,1.507e-05,7487,0,1,7487,1.507e-05,0.0,,,live
2026-10-06T15:25:24Z,0x136ebb418554c72cde76925bf82de354f9b4b777,0xd71423ff6c6deebeeb8b49e02f9f93506ed5c0cef87ce4458f5bf5ab561bb22a,0.23,1.822e-05,21911,23548,94,18187,1.822e-05,0.0,,,live
2026-10-06T15:25:24Z,0x13765b6d105254cdcc6d3ebda3ae471c46b4d871,0x3a99f81ddbcada3a0957dc322fac32e5492dff7dfbc8f90e3e331f4dba4181a2,0.18,4.411e-05,42064,29197,79,44110,4.411e-05,0.0,,,live
2026-10-06T15:25:24Z,0x139dfa0598cb45d95024c382cdafb807ccea2d93,0xce9c6bf7fe104c10e6805f914750949a387d9b075169cd46bab1fc210b208c8b,0.13,0.0002614,43303,79809,232,59720,0.0002614,0.0,,,live
2026-10-06T15:25:24Z,0x14010b9d21d131ace559e6078a954094f06bf281,0x2fe007f12a0b093245b9c86d43dffb07b5edb1d5cc5081e4bc38be0b25fabd61,0.15,0.0002351,41112,83153,240,53717,0.0002351,0.0,,,live
2026-10-06T15:25:24Z,0x15cfadf5a2d748c5e00e4f208a4353a88ef54fe8,0xc385eb5d15294a39bab807820dd09a8df92a05c3369d665e7e14ac2404cffd43,0.13,2.926e-05,23633,23070,156,29267,2.926e-05,0.0,,,live
2026-10-06T15:25:24Z,0x1636760a049bde1ca9c61f771b12ea4e9cc18313,0xee27f89a4be6f821b0e02e9a8117eaa7e49fd8e4,0.26,1.507e-05,7487,0,1,7487,1.507e-05,0.0,,,live
2026-10-06T15:25:24Z,0x187361109195d5222b3623ce92eaff940d4deed5,0xf4f62da3497e771429fab905a3e2d6f293810c1fdc610f0929ca3267c49a37e4,0.62,8.965e-05,71506,42512,236,89654,8.965e-05,0.0,,,live
2026-10-06T15:25:24Z,0x18d5d301b624b0d5be7d7f2bcca5bd443fbea6a7,0x4fad4b6c9078ee619335c374c2b353bdda0d2d620d5c4c5e82dc08a8400c851c,0.18,0.0001253,82606,321631,889,125361,0.0001253,0.0,,,live
2026-10-06T15:25:24Z,0x1948e7ba9ff9537f34cec96932da0b6fa4370e41,0x121be6efe592b5bd4a4cb24745f8bfcd7f1bacd3,0.13,5.387e-13,0,39222,36,,3.866e-05,100.0,,,dead
2026-10-06T15:25:24Z,0x19e5ef6bc0c91b37992e3f8075fdafd5a105bbd2,0xa098b97a6e7f3ffc75e13d7a0755071b7083c60e,0.27,1.508e-05,7491,0,1,7491,1.508e-05,0.0,,,live
2026-10-06T15:25:24Z,0x1a0950ae4db5fe4a9d6e40271c799f97fb56c3e3,0x77794770bb025cd8e659e524c1e5f2b6be6102e7,0.18,9.663e-06,2,2896,13,9663,9.663e-06,0.0,,,dead
2026-10-06T15:25:24Z,0x1a18dc0fa085889f2f9622ba153e4d01b1c7720e,0x4c93d2f713dce5a5a76ab5cf8cbf34938760c821baa7ff284096763bf063c5dc,0.26,0.000336,49150,109807,234,76754,0.000336,0.0,,,live
2026-10-06T15:25:24Z,0x1b7d0a6f4dd0c7285a245d92ca87eed745ec4896,0xd364f568d14d0b77461d368a5a886a227235e17d,0.12,3.87e-12,0,32341,33,,1.449e-05,100.0,,,dead
2026-10-06T15:25:24Z,0x1bc74b6f421ad2ea05c388a917e7b9d5e95e17f1,0x9a76c6f51a4ec7e718215ce6f5b20aa92db2fc86d1aea90ba40c9851837124cf,0.15,2.366e-05,24144,20593,155,23665,2.366e-05,0.0,,,live
2026-10-06T15:25:24Z,0x1c7fb1fead5d138643dfb040fa3005faacc7a037,0xd61cd46b6d008e79f85c2da77e28fc129fceba617598c7105cd33c833af9bf78,0.84,5.583e-06,49215,30259,165,55839,5.583e-06,0.0,,,live
2026-10-06T15:25:24Z,0x1cac70a8f101caf197950df8fa34881d7c837839,0x07f07eb12ae5278ccf0b08275783c0c70c150e59a76a1e7d20595dd20eb51ed9,0.12,4.252e-05,705,19448,96,42521,4.252e-05,0.0,,,dead
2026-10-06T15:25:24Z,0x1cc88bb7c1f3e3c8bd5f488a870547c268927cd4,0x192ee1b37e4a200869ef2b04ea34bfd205c18f22c5ca7ef4caa1cb9b0cedb104,0.18,0.005449,5449,5,3,5449,0.005453,0.1,,,live
2026-10-06T15:25:24Z,0x1d8c35a4a932f837ab0dc14442d2f30228bf7777,0xc168914e70d896501b578d7bfea6842c9955ba6d12f3aaa637e1a64e16a046fb,0.05,0.0001843,47017,44075,183,42130,0.0001843,0.0,,,live
2026-10-06T15:25:24Z,0x1dab0825b5f75417fbb74e7cef4f77a032c281b4,0x4c83b0256a83ef8e80cc9d99a104112ef16890f2b31c92ec5ecafd91306d182a,0.21,1.704e-05,12658,12847,143,17047,1.704e-05,0.0,,,live
2026-10-06T15:25:24Z,0x1e356e7d505625ccc9857be5d53162d0666fb8e8,0x662d05edc410fb72494ef4eaeabbe1df5119650072229734fdc6e339f90e27c0,0.12,2.805e-05,26332,20692,155,28059,2.805e-05,0.0,,,live
2026-10-06T15:25:24Z,0x1e782544a7c2b69cd59b0603abe40f4a2a73c777,0xb59b0d9d4509c9d2c60782377dc4f2e1e03c6fd29242ba2f9a984321378092f5,0.61,2.261e-05,24406,50341,178,22572,2.261e-05,0.0,,,live
2026-10-06T15:25:24Z,0x1fa9ba0c6ee43dd2b151dd54f45f152feb285584,0xccc1ec4c664d1b7e6f258ea6f16b2bfd2a1bd4bfcfe47e4795d55903d0c60f76,0.9,1.144e-07,11435,2633546,5395,11444,1.475e-06,92.2,,,live
2026-10-06T15:25:24Z,0x2071410f95285d47019bb8619022e350cb2e1e18,0x43e89edf91cf0a42fbaf555ad84ed18bcabc6bb72cf24bd08455c6b183e77187,0.84,2.009e-05,20155,42667,555,20072,2.416e-05,16.8,,,live
2026-10-06T15:25:24Z,0x208d7cbf82f9456b2e274fb1540aca2ea19cd777,0x72d3ccf123120df9010da0094e7fd126adfca72a1d665a99dc2dafc5965a21b7,0.17,9.195e-06,15575,3503,18,9177,9.195e-06,0.0,,,live
2026-10-06T15:25:24Z,0x20fa2b698e5849a14f1a6c7c68a6a64affd161e2,0xb154edc0ec09e631536e721dfdee957ee97aa367d4905814108b7bd45ce7723f,0.23,0.0003051,46808,105176,235,69699,0.0003051,0.0,,,live
2026-10-06T15:25:24Z,0x224a794031d54e49b46919ade2c55ff255dfdd97,0x3939ce55ec4e0ff8df9aa6469a795c793da06d55,0.65,0.01781,439234,11877401,16340,17811939,0.01839,3.2,,,live
2026-10-06T15:25:24Z,0x235c6d8072e8e00ca41ade176bf5dbd465386620,0xb02aa37acd879bc6b9bd512ac2e278491db43ad2aba653d6835c280832ee173c,0.2,1.608e-05,11246,13074,139,16087,1.608e-05,0.0,,,live
2026-10-06T15:25:24Z,0x23792e7c82f106d46f9d3edac14d052bd3d57e2f,0xd8a686930b98ef0ea5bf3abf82e29a768310f9fc,0.33,1.528e-05,7617,0,1,7617,1.528e-05,0.0,,,live
2026-10-06T15:25:24Z,0x24ca3b3994ef49480321c453a25473c88a1ad613,0x0e8245fc2feff58074005f4dfbaf6d120e4662b627dce53a41a975214529dcf1,0.04,3.646e-05,26293,29472,120,36465,3.646e-05,0.0,,,live
2026-10-06T15:25:24Z,0x25e1d362db8596d04b3aa19aace89a8043407777,0xa22dc78cefa17452e55d7b347b853b6c60d7b00e91fbb0cdc3c1969f95afbf08,0.32,0.0002305,52493,51527,222,52679,0.0002305,0.0,,,live
2026-10-06T15:25:24Z,0x263a6ab3d7805d787716fe310fb8d5828a3a2986,0x9a2584c71c736c391e3f45223a013491b24b2472497684477de3d98afa296cdf,1.62,,,,,,,,,,dead
2026-10-06T15:25:24Z,0x270c659da2d785ac6ae8b35b9a460294c9da11fd,0xb9a846feeff4e8d364f66ddc78c2f94b7d4e845ea638b61f74852a6fb6c00cd5,0.32,0.0003758,51906,104949,237,85847,0.0003758,0.0,,,live
2026-10-06T15:25:24Z,0x27b71f257fc3187353b75e823199dd7191189c36,0xf0c38fcb1d9cbc29a9035f7199d25794aeca3009af6f6b458065de1f428a17fc,0.61,0.0002594,43187,87980,240,59261,0.0002665,2.7,,,live
2026-10-06T15:25:24Z,0x2822fe73b4ce40400a402f0841cc161aeaf4b05e,0x74b0e0cdf522112b30b93e74d36b60e32186267d2358acb6cbf9cb8ebbf1e87d,0.14,2.749e-05,25989,21696,153,27492,2.749e-05,0.0,,,live
2026-10-06T15:25:24Z,0x2874608eb6c8499cbb8dce5490dead74338a6472,0xad50729d7df727bf57566d44ad04bc3afdf6bc45e4ac1a21c7bd94d6813f697f,0.68,2.426e-06,2427,3909584,13357,2427,0.0006456,99.6,,,live
2026-10-06T15:25:24Z,0x2991b3644fe604cb48fb3522c0aa5575e5894ee9,0x6eb0fbd36e6314c12ea26a2c3708e73035565096d0ffd1be5dfd999373247435,0.84,2.301e-05,27006,19304,155,23016,2.301e-05,0.0,,,live
2026-10-06T15:25:24Z,0x2c48fe4d0e857ea19584c45f662260d7f4588a54,0xeb1d4b1cbee1b3d3848a897549b6197d3926ba0ba0b605386c1dc1d8e9f77206,0.19,0.0006565,239845,1758909,3382,656523,0.0006565,0.0,,,live
2026-10-06T15:25:24Z,0x2caf693f29504c87b8c90cbe7d6dddf0e1a6e04f,0x78d314cf639c7cf06660815a5bda34cc9a978c01f1f7b28c397635b41530c088,0.32,4.634e-05,20794,171284,2096,45796,0.0001248,62.9,,,live
2026-10-06T15:25:24Z,0x2d183b132d5ebb7caed519d54fdf8057f8f8b07b,0x1e8daa4feb1c7f61bddfef56f4b3986d37597d93153b4a5883dd525c3170e781,0.22,2.952e-05,28199,21089,153,29527,2.952e-05,0.0,,,live
2026-10-06T15:25:24Z,0x2d5972d7e1587328c04b7df63044e001612b257f,0x38bfac280ac3d141e4d75a60be410690b5738148510812684f91a057a46c70df,0.62,0.0002874,45421,82328,237,65648,0.0002874,0.0,,,live
2026-10-06T15:25:24Z,0x2ec4add361804abe77efde1fce90695a3af534b2,0x6fa3f227999f83a02c2db9ef9650dfa4b26da13f,0.04,5.034e-13,0,34749,27,,3.8e-05,100.0,,,dead
2026-10-06T15:25:24Z,0x30e170019e652809296dfe41a7a6f6c3faa8caa8,0xf4d672f7e86fd97575448b862ce7552435438953411cd476b87d78b3dc8535dc,0.32,0.0002653,43581,83193,194,60615,0.0002653,0.0,,,live
2026-10-06T15:25:24Z,0x31dd69e8c8679853ee598203b4eb4d22d2dd798c,0xeb53519638bb920c783ca966083de4b8aa8ac7df2f55a782c0c6bc000e1c29e4,0.05,1.85e-05,14149,13354,146,18502,1.85e-05,0.0,,,live
2026-10-06T15:25:24Z,0x3249d9c648787f07b83235bd2dceb4ee71521e18,0x146b1a1c3c519065cff4eb744a1f3ca9766f26db373192ac74f3cc614a805590,0.19,1.999e-05,19994,320,18,19993,1.999e-05,0.0,,,live
2026-10-06T15:25:24Z,0x338a004a9817f7ea12b487bc6ef1407ebb522777,0x1bfe9b4431171936628994c37abdd7618de2d00340c87d54cf5b83245323a9ec,0.24,9.839e-06,16063,2394,12,9820,9.839e-06,0.0,,,live
2026-10-06T15:25:24Z,0x345cafd23c27676002d7f614cc6fa57be92eced0,0xd52df6a1383ac17dda54d8008706d906356ddbfa,0.21,1.23e-05,12378,1645137,5686,12304,0.0002341,94.7,,,live
2026-10-06T15:25:24Z,0x349575cfb373d6f629737f8557ea0620ff57f777,0xaf013765b606bf5bc7d49dfe1009f0e4d68f2b5d97e3cb1212d0f2da1c71a1c3,0.13,1.98e-05,22848,48808,165,19765,1.98e-05,0.0,,,live
2026-10-06T15:25:24Z,0x349b20b260a61371e69eb4b5ab421be92d673cbc,0x2cdfa5c0cc45847ba3006e6e1e4ebaa2c1135b3829897cf47445e4354b520fde,0.04,8.947e-06,13207,1733,17,8948,8.947e-06,0.0,,,live
2026-10-06T15:25:24Z,0x34e8fa2192e9b996d41acb44bfa14b35fb767777,0x23a1a6a08ecea8442ffa090e1d93bbd7499832464a9cdda0827a71e8f580d02d,0.34,0.0001926,47896,50149,217,44028,0.0001926,0.0,,,live
2026-10-06T15:25:24Z,0x3531d392dace816b9117e60d7c4f3c2c79406f4a,0x8aad3e76686384e0f734c2cf3038bb4a91fd9f3d470d731338051014cc84cde0,0.61,0.0003448,49791,107644,231,78772,0.0003448,0.0,,,live
2026-10-06T15:25:24Z,0x369dfc595d9215ef984f7f521ef09c85adb15ee3,0x46540a2e4b27ff778f8ec6648616660472945fc6,1.22,6.675e-05,45084,1476583,7408,66755,0.0002058,67.6,,,live
2026-10-06T15:25:24Z,0x36ffb73a2ddf873ae21e93c7dfe8a665c1907777,0xbffe1a087ddc12da642d616715eda541cd1e1eb3fa6f5d12a7b958f62524ef35,0.84,0.0002405,53655,55142,231,54971,0.0002405,0.0,,,live
2026-10-06T15:25:24Z,0x379cf22d56bc3e8d85b5989f2fe63651c7a2b1ea,0x90bbdec66e68e270e322dad5845597625b7e5c4fe0493d0c66b405725d71ab27,0.04,1.882e-05,12158,12338,135,18827,1.882e-05,0.0,,,live
2026-10-06T15:25:24Z,0x381266d7743a24002e8b4536f70eed3fe02bf777,0xe5fd1ba862a81da9c96309ae647cd4f2442da344982daccee8667b9cb3f7af6b,0.32,2.528e-05,25769,56108,197,25237,2.528e-05,0.0,,,live
2026-10-06T15:25:24Z,0x3816407b02572f12411d288a0cf77040f6167ab3,0xb66f95f42735258d61d67acf96aefb2145e8948b4788cf1f97e43d20983a449a,0.26,0.0001625,34189,50328,156,37127,0.0001625,0.0,,,live
2026-10-06T15:25:24Z,0x388c5958f22b02f4583c37bfb39e9219bfe043a6,0x995d69d57165fea517f253ab04b62df4a9449bd9a5b15ddee8c32c08a467aa86,0.19,2.529e-05,11009,12645,138,25296,2.529e-05,0.0,,,live
2026-10-06T15:25:24Z,0x3971bb3ccef619b64367840bbf5593afa5cf7777,0xa93cb5f4ed6cc74d3b1d585a0c7029b979ff0cddd218a291734fff6c0b43cb21,0.17,0.0002264,52088,61587,237,51747,0.0002264,0.0,,,live
2026-10-06T15:25:24Z,0x3b9a3c1f040298359bc681e4e714e12bd8760259,0xf225d9209a7d71bf4544ee6a6684be4e0a22e29f,0.27,1.507e-05,7487,1,3,7487,1.507e-05,0.0,,,live
2026-10-06T15:25:24Z,0x3ba500f1ababbcf0f0247d06d1c56fd7e6c4c09d,0xf49ee5b66c4e7163026e5d25e6a1f93cff46dca4d3752f712d181d9392c1d567,27.85,0.003072,150657,572341,36243,2957019,0.0090823,66.2,,,live
2026-10-06T15:25:24Z,0x3d6c947340219c84ea47af53d33115818a2027c4,0x7118a2bfae139a4d8c37e0db8d611d63b1ed493b,0.36,1.529e-05,7619,0,1,7619,1.529e-05,0.0,,,live
2026-10-06T15:25:24Z,0x3f3d2e0aaa37a8d6913c8ec40e407e01211d8db1,0x6c375b54e764f1b516f46416c0acdd88d893ce38eea3e4e677da4759bb025a0c,0.14,2.95e-05,23349,23284,152,29506,2.95e-05,0.0,,,live
2026-10-06T15:25:24Z,0x3f4548a617556ad77ba6ddc0b23f1e0f1294c822,0xffa05fd9a1b4b5c02a8642c43d3be85cc0149836db069caf3680040f6f54ec53,0.26,1.904e-05,7866,11892,122,19045,1.904e-05,0.0,,,live
2026-10-06T15:25:24Z,0x3fcc31eb367add12320bfbdf97e8a15be8917777,0xcfedcc8e3f615bfe22c1c469c5be6a3ee62a38db4f3ef69898adfdd6ae1d0789,0.25,0.0002341,52840,54580,207,53506,0.0002341,0.0,,,live
2026-10-06T15:25:24Z,0x40d7241826c3f0db2f295797ef99fe6fd0622777,0xdbffed0da714e9bb70a1d2c72cf56a9decd0cb56a89f8ba9615791d6acbd2f9d,0.21,9.762e-06,16038,6637,25,9744,9.762e-06,0.0,,,live
2026-10-06T15:25:24Z,0x417f59241229468d99cc37ed75e7c79435066825,0xf00739cb6d58f11c6898a9b4ed78c29bcee9f15f,0.13,1.505e-05,7479,0,1,7479,1.505e-05,0.0,,,live
2026-10-06T15:25:24Z,0x42ff69794d627340c1a52ce513f261ded9b92a82,0x00e2794663a27edcede12c06e7805ff9cf35acf9,0.25,1.508e-05,7493,0,1,7493,1.508e-05,0.0,,,live
2026-10-06T15:25:24Z,0x434f1b957f069385244628c38498a85db6e75777,0xc638dd0b794ebd6c1938e38d63f7cc2bb48605e1627ae2db53ffd18aba1ed65b,0.34,1.92e-05,22433,22449,83,19170,1.92e-05,0.0,,,live
2026-10-06T15:25:24Z,0x43b6a048f7d29d4b1dff2732fdeba7aa10197777,0xb58ad275b1af94e685331c8200ef4573803c999c545a475764db327b59b8e993,0.19,0.0002287,52343,62270,232,52275,0.0002287,0.0,,,live
2026-10-06T15:25:24Z,0x450f1e4b9b6628fa05d88e1557f7b3dc15a23802,0x4d894baa9458686f834762df80a4af8f0422a97e0cdc9d3c8c436c26410f5ebf,0.05,0.0003643,51100,104778,228,83206,0.0003643,0.0,,,live
2026-10-06T15:25:24Z,0x4595c329f3e015b9040dc257420307472dde2777,0xdc6868a0b1c5e48fa0a24847ef0c203478052ee5f3ee68ea0e6ec5646632543b,0.14,2.135e-05,23728,49282,181,21316,2.135e-05,0.0,,,live
2026-10-06T15:25:24Z,0x45e6417752460a4eed68e7493d233cf9c6c47777,0x78ecea9c800cf03e6e1ddcd3470b14c99971c5d8c8798d4d286282576577bb24,0.04,0.0002221,51556,60741,213,50753,0.0002221,0.0,,,live
2026-10-06T15:25:24Z,0x4722dc85162b38cbd5fc61d9200286a236448b27,0x0fabd9cd6748129f90775edc7d701e54e5fee6bd,0.25,1.502e-05,7461,0,1,7461,1.502e-05,0.0,,,live
2026-10-06T15:25:24Z,0x484549f35b44a89e2f22034bc8b31c02001e8f54,0x6357fba1e464c36433a59452b4025dc98fcaeb2f09f3e8245ce9e9bf1baa93ee,0.33,0.0002563,42805,81772,232,58548,0.0002563,0.0,,,live
2026-10-06T15:25:24Z,0x488a189ec593ef92f1c188242d903cd57e3bb879,0x45bce6c98dfab2cfce603e03296912cadbd2c3b0f1bc030c5cbfe0562cd2af00,0.26,2.41e-06,32365,7245,102,24102,2.41e-06,0.0,,,live
2026-10-06T15:25:24Z,0x48d2f5be04ebf571a8f0f8c492f83593363cfa77,0x64cfcf4e6224daf1be6a99b6d39067d2848a56e9596f493fe83e24c87469f6c1,0.04,0.0002105,38850,59773,185,48095,0.0002105,0.0,,,live
2026-10-06T15:25:24Z,0x497d3dd553dae33a3492d9c35e80d5ffdfba39d7,0x0afbc4782ce084be991e261c54304ec37b7d0f1a7c9892b37d26fa5b5cd6bad5,0.27,1.753e-05,12847,12023,136,17534,1.753e-05,0.0,,,live
2026-10-06T15:25:24Z,0x49eab8438f69d21096dfffc76738e37dc92cb3ae,0xe279b1917c69c8af6d36a8693d0cdf555b4e8ab0997a80519fbca9ddd2278d19,0.17,2.913e-05,16488,105702,1083,29139,5.603e-05,48.0,,,live
2026-10-06T15:25:24Z,0x4a3ebfdf7f550f5382babb3f16c5e916fe3686e6,0xc1c8f3c2dbf07aceb86e901afac932f3ed316408,0.35,1.529e-05,7617,0,1,7617,1.529e-05,0.0,,,live
2026-10-06T15:25:24Z,0x4b0177b9dc8ebf9145cec2473c69fa936cd97777,0x802d2eac7a5e7f94637d6e34e258ae9e3237627246d766307537650d85acea21,0.26,0.0002205,51417,54354,227,50397,0.0002205,0.0,,,live
2026-10-06T15:25:24Z,0x4bd6fdb4975e2e30b1a6dc6334fdf84df6ecc695,0x044c38fd0eb0c4ca4ec89f198cd55b129759d38e9bfe7bcd7733d839fe568262,0.84,0.0002633,43472,74652,234,60142,0.0002633,0.0,,,live
2026-10-06T15:25:24Z,0x4c55eaa6923995fdc3ea5e84360989e2a6b07777,0xe922e6b8c5bc636d8c73a56f399b8e9a2a52e7d34136c4276715fadc0b36f136,0.04,8.025e-05,30977,5263,28,18338,8.025e-05,0.0,,,live
2026-10-06T15:25:24Z,0x4f89947a975d6f20ee031befe2cdffe78e431e18,0xa2e4b4a0712df32d3fa7ff20e751db6ac5c69b198c7ed68c55e06e1ba6f44f5d,0.03,2.154e-05,21515,2509,39,21541,2.321e-05,7.2,,,live
2026-10-06T15:25:24Z,0x4fd0c5ae025d6fc28eead7aa66019f4dce9aa777,0xa2d302785e819786db1fe7d5642459a217a67ab33dba22d78fc00864b50e0f3a,0.18,2.599e-05,26173,50431,187,25941,2.599e-05,0.0,,,live
2026-10-06T15:25:24Z,0x4ff616eaa3030d46e561fa10bbe3896a4becce2b,0x7316740e8501f8259e534c13e3a80b7a52e5d72e9593ab7f47ef356dad52b241,0.16,0.0002467,42108,80338,238,56347,0.0002467,0.0,,,live
2026-10-06T15:25:24Z,0x5115218dd56267f1171078c3142d781841bd9777,0xb3bf9c9da08d1a7a8741de8b63fd3189f92dbc7b650afc3424c925b5c7134f76,0.15,2.057e-05,23296,37862,126,20539,2.057e-05,0.0,,,live
2026-10-06T15:25:24Z,0x51a83716f8814876f7a49792b0fc661be88d136a,0xfc0cd0939d9477c305f8b676132166ed1d1f264bdfd808d472ddb6e80f2cb2c1,0.14,0.0002954,46065,86742,241,67468,0.0002954,0.0,,,live
2026-10-06T15:25:24Z,0x5214702001fb953e5d6c83d4ecee8c4125329525,0x46f985ee6d8422bc62783ee3d86b7ddb1e8605a638e25c5c7d31a562619936cc,0.14,6.881e-06,6923,90345,3172,6882,6.881e-06,0.0,,,live
2026-10-06T15:25:24Z,0x52c4c365cf5317c89c817cf2516141613d38d08c,0xef099d3953ba2333423372a4d5732215470e5870d89da45f2627dee37206e95f,1.12,8.228e-06,273165,1514504,2057,822866,8.228e-06,0.0,,,live
2026-10-06T15:25:24Z,0x539c1734ddaf2aa2d9574b50a80b7b9910457777,0x55b01ba079b876dc713c915913e6251b178a0e26d05603f367955a274effa121,0.14,0.0002173,51018,55199,230,49652,0.0002173,0.0,,,live
2026-10-06T15:25:24Z,0x53b54e5427f3066555c53a79afe22a2f34e17e51,0xfee7ec37b95f9fc65f5ec1e28e112bccfa30b3f40c3284886a8d234a9166962a,0.18,0.0002594,43190,76933,237,59263,0.0002594,0.0,,,live
2026-10-06T15:25:24Z,0x541f025b601a3fdd09b46002951752b2f0824ab9,0xcdda410dd453e3e06a79f50c32531fcf0f42409d,0.17,1.506e-05,7483,0,1,7483,1.506e-05,0.0,,,live
2026-10-06T15:25:24Z,0x5454677f5ccb5aea4cdcbcff56e2e736641a9d8a,0xc9e5e385b08e9056d4a31fbf16c5f2f22cc8b181,0.27,1.511e-05,7507,2,3,7507,1.511e-05,0.0,,,live
2026-10-06T15:25:24Z,0x5b793eb1c4aa4cb61231442890041ecd2b05f40b,0x008193f3b52eacc53aa01f1293a9fa6571ae92f8,0.13,0.0008414,757312,1,2,841458,0.0008414,0.0,,,live
2026-10-06T15:25:24Z,0x5b81efe5e0ba2b31c0ed843b908a2c45fe6e14c5,0x3416b8d8aa6ae642ffdc2f65165ff479d4bd3007,27.93,2.606e-05,32580,1407652,2027,16397,0.0622874,100.0,,,live
2026-10-06T15:25:24Z,0x5b98827c6c0bd88ab4922c49d32b5844e12cbec3,0xcc3a11d15e7e884c43d6b147a029a571114e42a5890c22d5bfcb7855c2544a90,0.57,2.453e-06,94821,2607588,5047,245382,2.453e-06,0.0,,,live
2026-10-06T15:25:24Z,0x5bb8ffe269f1b7260f6e4a572171c0a929f27777,0x6a288097fa11733d8ffb5a21027fdcef7bad57b1cd3adbb479727f7762bfa94c,0.13,1.037e-05,16540,4705,18,10359,1.037e-05,0.0,,,live
2026-10-06T15:25:24Z,0x5bd7810e59aa1c3062ed1c5d002ca42750b9a9f0,0xf3fa383754ea8c023109b128e53b36ae52666a163b74a40d6cbe87c91e2f587b,0.36,0.0001345,86129,319213,888,134535,0.0001345,0.0,,,live
2026-10-06T15:25:24Z,0x5c58f630161c33609dfd719bb390d3886ad99402,0x84216f06a4a5c896e482b669f5accccc8c6586bcec901e8d955b0bdd74d71e46,0.17,8.695e-05,1076048,12369034,9528,8695906,8.695e-05,0.0,,,live
2026-10-06T15:25:24Z,0x5caa8fdfda42aa534e936cc86aed641add72abb5,0xfd6adbc8206649d227c576850064112fe8270f30228e18c1dddca6a7e43f54ba,0.22,6.029e-06,41780,49624,221,60293,6.029e-06,0.0,,,live
2026-10-06T15:25:24Z,0x5d7bdfb98a709b54d8557e4bc574cbe43baa4c71,0x4d25ba0ff0eced0f9c827620d05d29185dd6d96ae4031356f5aaa904c00a949e,0.13,3.858e-05,23489,26435,155,38586,3.858e-05,0.0,,,live
2026-10-06T15:25:24Z,0x5e80f6b392fdaba03755d0e7b9580af213417777,0x13e6ba721e26b13a25974daaca4abbb56f3c525683ba37ad3c86b676a6f378d8,0.25,0.0002534,54998,58113,218,57912,0.0002534,0.0,,,live
2026-10-06T15:25:24Z,0x5f521b97284e0da55dcc3babbe0ecd9e36c44539,0x8162b0e937d68ae42673ad454144554d2b80f42b,0.28,1.556e-05,7732,235,40,7730,1.747e-05,10.9,,,live
2026-10-06T15:25:24Z,0x5f74b9b6d5b0468caf7c486142fbeed39c2346ff,0x0d61394b815fb8ea4ca8a38b383a828534e2f105b56a8717b6eaefc2ef0fd38b,0.47,1.38e-07,13802,3294275,6843,13804,1.505e-06,90.8,,,live
2026-10-06T15:25:24Z,0x5fe36990e6daa4871df5ed971ef2f60d955cc32c,0x6c5be2f757957eccdee4a20cda4226d0ec8338cba45d3948ba4bc78e5cb1d27b,0.61,4.881e-05,45665,20508,137,48820,4.881e-05,0.0,,,live
2026-10-06T15:25:24Z,0x60a510f19e68581f9fb69a34c27be619b32417a1,0x7781e5b8356ae4a618ff79c7bd25d4a6ae4ea0ad1dbc20fa778f24b3cd10389e,0.21,0.0003649,51215,112273,230,83356,0.0003649,0.0,,,live
2026-10-06T15:25:24Z,0x60a864c5ed1fc97e8fb712fbb60c69265d3f22ad,0x5f87b02dd4f953f70d960cd25b8420a5c8eb79649689db57d92918a19b3a472c,0.12,0.0001494,32728,53064,154,34135,0.0001494,0.0,,,live
2026-10-06T15:25:24Z,0x61db6b8f1f825038e49af5a34c89a5f9178d3777,0xaf8c8dc51fd5f7042e87c3bf03a7ff3d20f612b7f0995427345e0eaef6b86b09,0.27,2.026e-05,23117,26008,107,20226,2.026e-05,0.0,,,live
2026-10-06T15:25:24Z,0x63c12667638f2ae6fc6ae09b43d98ec84a8586ea,0x0d023852c8ca6599d25446b8f78c61c17105e26af5c9761607e26326e78f5f2c,14.67,1085.78,362250,53250,357,6672386,2791.43,61.1,,,live
2026-10-06T15:25:24Z,0x643885b85fdaa3a45e8824c7f2ad609f842e7777,0xce8239c200bab21ba60c4966fcf915441f69f80df6a1772712c9364d74958ba2,0.18,0.0002519,54954,58944,237,57566,0.0002519,0.0,,,live
2026-10-06T15:25:24Z,0x647d83033a46a6084b910a195fc8f5d5012f7777,0xfe56e8bf45cc23ded7e1433cb647e8022a63394b94a647f202d59dda7d8be05e,0.21,0.0002254,51956,55552,231,51518,0.0002254,0.0,,,live
2026-10-06T15:25:24Z,0x64af9d0314964bee5b38d3b1a2cb0cb6f06e1300,0xf31080e6ece24a98b5aef734b49d8f930215f5eedc7e5da7cf6867edaf2db9dd,0.21,0.0001177,79408,323693,900,117785,0.0001711,31.2,,,live
2026-10-06T15:25:24Z,0x651b4dfd3d722f4216d6c0d8e1c19ed8244d1a77,0xc36864eea68a4d00e0ba2231648a7bcd2280b47aad4e059a38d147a381892f5a,0.06,6.413e-05,37550,32514,131,64133,6.413e-05,0.0,,,live
2026-10-06T15:25:24Z,0x65816d49e23dc0bf3edc851284f44e75a802988a,0x54b6506e4a3447ed3b7ef078659db6691d11a33df1f6b12ad19ef060fa012248,0.21,0.0001058,80085,37907,119,105898,0.0001058,0.0,,,live
2026-10-06T15:25:24Z,0x66866391561c3317b6116a999be462d8f8e31e18,0x96f3e8b546f2f5eb8ba09bdbf2ddb81317c6e8a2336032bac39ac7c02f960c8a,0.04,1.999e-05,19999,802,12,19997,1.999e-05,0.0,,,live
2026-10-06T15:25:24Z,0x66b6ae3291eaba0fad94bafa9e4e6dae417ea38b,0x6eb5145684812ac152906824918cb533bf29754e72bb0b84781025b8cbbe4468,0.21,0.0002346,41044,73449,235,53583,0.0002346,0.0,,,live
2026-10-06T15:25:24Z,0x66b765bd304f92cf59587d457b69c42d0b19d094,0x95ede91bfb0526f26517aeb146e74e544a0c33ab675b992f3452bdcbfcdc3fed,0.13,0.0003849,52542,111918,234,87921,0.0003849,0.0,,,live
2026-10-06T15:25:24Z,0x66d0e6ca05cf15b827dbb39e68c75241f59c26c5,0xd84a73d0d55a537e8cbf38cc61344ec803861ecebc8f3241aa56a392518715b1,0.14,0.000271,44137,80686,236,61913,0.000271,0.0,,,live
2026-10-06T15:25:24Z,0x67c51c928d5d8383f3a58fc591a4e6f6463949ed,0x77d31f9362c1c9cbe18d091dabe7568ed8316fd27d2469ea11e41cbc9d3912c0,24.24,0.0002608,26095370,5867636,317,109754734,0.00026885,3.0,,,live
2026-10-06T15:25:24Z,0x68bb06d2ebee1247d828527cdfe67f033c6cb31d,0xc9abae1e3718e0845e9e515a46bc53a76c5cdeb66f62ebc179534c54687bc50e,0.79,1.582e-05,406020,16634274,13272,1582675,1.582e-05,0.0,,,live
2026-10-06T15:25:24Z,0x68daa3fa6038c6077834fd34bbf5215ce689de0e,0x49db93474ddff4730e90af3ca8e184caf68c5edf7ac8d8d09f3876aa57daf179,0.04,5.003e-06,5004,3,1,5004,5.003e-06,0.0,,,live
2026-10-06T15:25:24Z,0x6a6a57d1e94eb586c5b505a1c81434bda3d6ed97,0x104b7921a26f5b6f63068475ff20634c46f8df8a0eda01b04ac5696e4ba849f3,6.07,0.01536,1540611,1003928,176,15368141,0.0223196,31.2,5,False,live
2026-10-06T15:25:24Z,0x6b4b0327ebb13dd3bc47b558ab7529e32930d8d4,0x0974e2602bea459a5fa7e788333f46e93712701775e836436c06e4072314daa7,1.32,7.351e-10,35,28,21,74,4.017e-05,100.0,,,dead
2026-10-06T15:25:24Z,0x6b8e39d7e0d2fc96d2d02996439eb085bbe98a07,0x535da74e87d816f28d2934cb9bbd0dd546287d4c,0.23,1.502e-05,7463,0,1,7463,1.502e-05,0.0,,,live
2026-10-06T15:25:24Z,0x6b9a62eb5575dedb8338b6b2e931fa56f56fc912,0x1e0f5f38ac025d23f05d146edbf10f0ee3a335fbbeb91c4fa7f5417caad92cd1,0.35,4.993e-05,18882,3039,14,11405,4.993e-05,0.0,,,live
2026-10-06T15:25:24Z,0x6d21e58868667d89042305e30479be7a72e118aa,0xc2d696995cd791d09bf4069f38cdb7860320dc501738ca1f5d7d8a41987e6fab,0.18,6.937e-06,6951,19175,17,6938,6.937e-06,0.0,,,live
2026-10-06T15:25:24Z,0x6d45624cd0c3df83de6c623cb591ef082bbd1e18,0x2b7170a381fed35e3c137ce38e580412a5d205fadd54884ffc1ed48879122f9d,0.34,2.252e-05,22438,1336,12,22520,2.252e-05,0.0,,,live
2026-10-06T15:25:24Z,0x6e73fda18bc1e07eb58602f334e686da73950d82,0x0cc035e559ea66cb63f9555020944df580c9c3d273f40fd366138255525dbf70,0.26,6.205e-06,48466,71724,238,62056,6.205e-06,0.0,,,live
2026-10-06T15:25:24Z,0x6f7b39d0aee70086cf4c507f6670594fa792f67a,0x561c42093da5372720c7eee2676db88f5ed4426a,0.35,1.535e-05,7647,3,4,7647,1.535e-05,0.0,,,live
2026-10-06T15:25:24Z,0x70324a45e9e962a68a70c31d929675062b89675f,0x93efc2899e13113a7662c6e85ffcac39683f5ae572afe982c042d2202855993f,0.23,2.524e-05,26239,20952,155,25246,2.524e-05,0.0,,,live
2026-10-06T15:25:24Z,0x710035c46693ab4f754fefff265f3ccc63e91f88,0xa936290bfbda00ee4dc115af52a6b73f11dfd309e3795f6c7ce7af1c759c8c4a,0.24,0.0002402,41469,96027,215,54861,0.0002402,0.0,,,live
2026-10-06T15:25:24Z,0x72e57b36a14c02d2d6e93e39e5174af715f4a5ec,0xffe93c0b20c5ad5d98677541a5982bbd0cf916cb8c41778f390f59666fb7496d,0.18,1.847e-05,14148,13037,141,18476,1.847e-05,0.0,,,live
2026-10-06T15:25:24Z,0x72f4fe4a96d342fa24e12feccf2dff0d9d00fee1,0x731ee67a05821aa44f9427884070c6d66916c43235c443ea2789ac3ff1aeab0d,0.32,1.032e-05,10322,1516,18,10322,1.032e-05,0.0,,,live
2026-10-06T15:25:24Z,0x735b0784d55e73976c27cbb554d3a03785eee244,0x63bea50df3d2a28892ee7e0fcbe3137f8edb7c24d41f3b5b5044cc451d6f9586,0.24,0.0001349,86471,319697,883,134945,0.0001349,0.0,,,live
2026-10-06T15:25:24Z,0x73bb58645bd8a90cd876f7be184b2004c2b76e4b,0x67185e2fa38cb22dcecbdf2bc4961f25ac69f8a7,0.14,8.885e-06,8790,1682,7,8885,8.885e-06,0.0,,,live
2026-10-06T15:25:24Z,0x73f93d479cf9cee1066331f3ffdcb49dc35f8898,0x738cf46fd2b002cecd6dbcef70b46a5f59ebe6d1,0.04,1.507e-05,7488,0,1,7488,1.507e-05,0.0,,,live
2026-10-06T15:25:24Z,0x74d0d3b0c38fcb3128fb0e6780463542c01b298a,0x772be6b2260634f8a30c0cb5e2b14da0ef29d2508a82a820d765dcac697445e0,0.61,0.0001356,94175,119418,146,135643,0.0001356,0.0,,,live
2026-10-06T15:25:24Z,0x74df0f85c15ebb689a3c190b5e61e4757e7f2e64,0x081f206ec3ca66a1c84625809d37d9fc20adc107c45e48b658c1467a3480e264,0.12,1.015e-05,10418,4480,30,10154,1.015e-05,0.0,,,live
2026-10-06T15:25:24Z,0x759dcd823a61ce086acd52d2777e3463bbddd777,0x6c2ac053d70e4f824d204bfd2cde10b24017a3f4acab2c59f6de647eb37d873b,0.24,2.21e-05,24096,47689,172,22058,2.21e-05,0.0,,,live
2026-10-06T15:25:24Z,0x7645885b2bb10ff5b8740a9bf144bb2ea10d7777,0x6bef084d7cf07af75db90a717f95910a0eb27c1b6f941825987049aaea06ff82,0.62,0.0002443,54071,59667,235,55821,0.0002443,0.0,,,live
2026-10-06T15:25:24Z,0x767fd7a419afcc288ca5c0454ac5fccb9f7aabec,0xea04003724994eafc903d55f2314c6d1a616d6b89cf1118983718de6937378ee,0.05,5.442e-05,79815,26955,108,54426,5.442e-05,0.0,,,live
2026-10-06T15:25:24Z,0x7771a0e1d9b41c59db31d3e10e0c6ebf4cdcab57,0x9df51916ce0f672de2686431944fc25b904d2ff6,0.18,1.504e-05,7472,0,1,7472,1.504e-05,0.0,,,live
2026-10-06T15:25:24Z,0x77d3a72ca565961c0405c112f91c551613788aa7,0xe35daf452eeb19a189b02c384c9da7d3d2a79c1e6d6885c8b305e0106347c733,0.87,1.973e-06,131953,15747058,12586,197338,1.029e-05,80.8,,,live
2026-10-06T15:25:24Z,0x78736d25fb85de6b0bc5835f597f6fee9915d3b6,0xa447511e72964b387b39bf48e27afb2773ecece38484e4f2109f9396885afd8e,0.14,2.713e-05,23879,53,3,27135,2.713e-05,0.0,,,live
2026-10-06T15:25:24Z,0x78988e6d2f10bd553ce326cae6c7d87599b48777,0x19f546210de9e12b3a1da0352dfe9978185abf23018e85251a3eb4348e383068,0.24,1.412e-05,19249,11849,47,14094,1.412e-05,0.0,,,live
2026-10-06T15:25:24Z,0x79261e13be414114f7ee1bdafd383bc85f5af777,0x45bdfe8949eba2d48e88d69a037e3b597775ff39c27194a2b24b3c1b577e8d61,0.22,2.569e-05,26004,50014,183,25645,2.569e-05,0.0,,,live
2026-10-06T15:25:24Z,0x79af52734ffec44dfbabf9ac1ae7caacc64aa777,0x682c7fc35a9c1bc3bc01b2f36de24e6d023afc7720e1e6f3005a0b67c0cae2ea,0.16,1.887e-05,22310,50213,181,18833,1.887e-05,0.0,,,live
2026-10-06T15:25:24Z,0x7a88880a0d64315dfeb042d96a9039fcf3be973a,0xeba85c612d43cbfa7f487296d261b06f4ba45a89bd74da738e0ee57221d8922d,0.23,2.464e-05,27323,19099,146,24645,2.464e-05,0.0,,,live
2026-10-06T15:25:24Z,0x7a9869e37efc00d05509db71d3abe980b72d05e3,0x11ed58bfa755ae18606258c654b9e382f6b4344b,0.14,1.508e-05,7492,1,2,7492,1.508e-05,0.0,,,live
2026-10-06T15:25:24Z,0x7bbf2bb25a9192424f8451720bc7841f8ca6da5b,0x41beeda1c90270b74904ec6db94d5270efcfe61e86de531b92eb2ec7525d2572,0.04,6.024e-05,83972,24897,113,60243,6.024e-05,0.0,,,live
2026-10-06T15:25:24Z,0x7d5ea57c25761164c5dfba8ae62933182eed14ab,0xedec8637b52ed952ec0ea62952f7f44a176572c7,0.27,1.508e-05,7491,0,1,7491,1.508e-05,0.0,,,live
2026-10-06T15:25:24Z,0x7d670a499a3635a126586c2c38d52e34839e0777,0x6baa564b8211fb6554084cc8f6efa27201fd0a7540a0aea8b8c5f2e80a275ca9,0.36,1.73e-05,21292,36800,145,17271,1.73e-05,0.0,,,live
2026-10-06T15:25:24Z,0x7ef27087c6917a2067009efa56b08e6f32750777,0x1f86e9555fb2d941cedc5be7b6b3ac8a63ed99e4337d060948da812166f4aabd,0.05,1.122e-05,17189,5549,24,11200,1.122e-05,0.0,,,live
2026-10-06T15:25:24Z,0x7f4935072162e40a890683b6fd132493befe5e55,0xc2e5114223b181b3dd08bf62831bc9d6872d650a,0.18,5.382e-06,5382,2,2,5382,5.382e-06,0.0,,,live
2026-10-06T15:25:24Z,0x7fcad384a828a71151e1df134fec4f5d776e7777,0xd9087438ff0aaa1ab33c32f2ad71a764e2c0c0c2459899ee901c3e10202efb9d,0.33,0.0002169,50814,57068,219,49561,0.0002169,0.0,,,live
2026-10-06T15:25:24Z,0x8017b3d4e1a2e3701608e4f8708845d550464777,0x1f4a34feefbf7ed0a29c31f1f906185a6f9da088719fb322ce2df1be494bb2da,0.08,2.621e-05,26309,45394,181,26161,2.621e-05,0.0,,,live
2026-10-06T15:25:24Z,0x8028602097231194d1e455c274eecc8fe1e29110,0x12b7e5745d1ef2c6e0fe424fcc8fd2559d76b63e82a6e25ec4858f688c600a73,0.53,3.614e-06,163566,4454409,5163,361451,3.614e-06,0.0,,,live
2026-10-06T15:25:24Z,0x81182b35fa7ebf0c890a69516985a1dccaba84e8,0xe33245fb730ddd2a8a7db7ebb5164f35425a873f1e4cbd7fa7ce053f73d0b917,0.16,0.0003921,53090,100831,231,89568,0.0003921,0.0,,,live
2026-10-06T15:25:24Z,0x813bf3041eaee9dd762d24c76f43bef8f06cba5a,0x6aa0003fe8c0bfd0fbc54535f110bca1c34aa474e9e01405fe735ccaa43eb04f,0.23,2.291e-06,20623,6,4,22914,2.291e-06,0.0,,,live
2026-10-06T15:25:24Z,0x828ecb134a45b9a5eefb55d7155c58c045a0007f,0xcdf281c2a061661e1f6d76d2239e76a1173b3f7f,0.13,0.0005445,408378,1,8,544504,0.0005445,0.0,,,live
2026-10-06T15:25:24Z,0x83930cdd7545d38aec908a16d3f2451a57fd8e01,0x05e696b6d9813ce76a43a34c4a09c32f5bb92441e25a5321854581f3b800bd68,0.05,1.896e-05,9525,11916,134,18969,1.896e-05,0.0,,,live
2026-10-06T15:25:24Z,0x83ce5d8c20f11122f0254ec975bfc4c30bb39c26,0xa74a39f25726afa5c37f7e16152a60e5e083f01329a93ae7eb56ab19f8b704ab,0.84,0.0006655,532456,0,3,665570,0.0006655,0.0,,,live
2026-10-06T15:25:24Z,0x84436ac6cf535333135aed17b863c9d6de41d5d5,0xd27a643a651b657abfd924dbc478641e89973ba1fb136d3b097c19da53603029,0.13,1.457e-05,12677,8353,60,14573,1.457e-05,0.0,,,live
2026-10-06T15:25:24Z,0x8474b542820f76b090bf58592febbc622a7200b2,0xe69ff1aa3b12ffd951e54ec81223510d8865f799248e51f93c37c639e9be4f3a,0.24,5.534e-05,22694,124241,1822,53509,8.06e-05,31.3,,,live
2026-10-06T15:25:24Z,0x849d4a5706dbf4736abcf546760d9488a2ca0a38,0x5df46085736c567d278c81810640591e707d25251ae082afb4073cd3ab70fe74,0.21,0.0002989,46348,88509,241,68268,0.0002989,0.0,,,live
2026-10-06T15:25:24Z,0x86919c152560af83ce3f1e9edaf7dc97e3a67777,0x7cb3e76eff2547515b975b852bc67e449fdc546cfae30dbd4dbef20b2dc3509e,0.23,0.0002119,50372,59311,234,48429,0.0002119,0.0,,,live
2026-10-06T15:25:24Z,0x86aa7c550735cc9db4099b7e029e709a2a46aba6,0xc6a8b94a9d908c5ec4c6faec12f95f2ca93396c7fb8f3f1e9ecb635bc551870d,0.27,1.94e-05,11082,12594,146,19405,1.94e-05,0.0,,,live
2026-10-06T15:25:24Z,0x8718e9f4738688354ce75cd3c94eef505e6c2f2f,0x9ac966d66efcee15f5eef3a80fe5c8219c047726,0.24,1.501e-05,7459,0,1,7459,1.501e-05,0.0,,,live
2026-10-06T15:25:24Z,0x8760ca3e45fb39badd63d18596f3ec617adde777,0x1c01c6c080cc29a68efe7228cb0822035e2002f5ae0b06490e56a0b3e5d164c9,0.17,2.23e-05,24250,39194,147,22261,2.23e-05,0.0,,,live
2026-10-06T15:25:24Z,0x87b64cde4b02abc090b4316eca2b2557ea4b5777,0xe4f312029c31cbf37a9a82079f9056e71abd306d4626f5e0845bcfc8dfcf53cd,0.04,1.536e-05,20102,26915,102,15334,1.536e-05,0.0,,,live
2026-10-06T15:25:24Z,0x87da75731ea5558df55dd452ad295c3989c587bf,0x01d3bb063f923c7769f7f5480adf6f7382f7c2c37b87a696dd1e5f8fdbfbd0ca,0.2,1.373e-07,13731,2606066,4844,13732,4.031e-06,96.6,,,live
2026-10-06T15:25:24Z,0x881876674fcb92cf8e515bf20bbc8f2b1eb55f65,0x714a46afb4164acaf58399ce9d5504f81c724fea8ba2f1f78a7f9cdd9619058c,0.25,5.511e-06,36120,56554,366,55117,5.511e-06,0.0,,,live
2026-10-06T15:25:24Z,0x8839f412892b702a35bc85f6b854a02af26c5aac,0x478c89e1d6e379f49f322de5f18275e30b5c28a6dff3090b22753dccba7ea47f,0.21,1.111e-05,11119,371,10,11119,1.111e-05,0.0,,,live
2026-10-06T15:25:24Z,0x897d151787ca84994ac8df68500f17e587794796,0x6e7fdabe9b3ddbe1d6e2b3585163fe56662edd2255a71151dd2d02ff87fc495f,0.66,0.0001015,30742,552800,7686,98502,0.0001551,34.6,,,live
2026-10-06T15:25:24Z,0x89b76dcdda801f2e456765742c64950eb2a0c93c,0x8f6f9a474cbaa1b6b7cab7efa61073f08cc0dc9768214f65fa66a158208fd115,0.83,5.392e-05,22431,297486,3720,53032,6.291e-05,14.3,,,live
2026-10-06T15:25:24Z,0x8b39ae74e2a69b8433c388890152a116b51aeeaa,0x16f42d571a0caa1dba95792da5c6b13c1662656fe9854656be7a360e50b0c8be,0.13,9.278e-06,8935,13815,104,9279,1.01e-05,8.1,,,live
2026-10-06T15:25:24Z,0x8bb0e299f400ad378a441f50a9cd517eac9aab89,0xf096ed29d185d5b260ddbc2e610b8d8c7ea848ce56e9f35a9859ad7da3d51213,0.23,0.0002865,45329,109806,235,65436,0.0002865,0.0,,,live
2026-10-06T15:25:24Z,0x8c414a98bb51033c5891348f7fba1054aaf4e83a,0xa248d08b13af27aee9635674972e3055977851f16b237950a921963e80d073e4,1.04,1.865e-06,127106,7295692,5497,186544,1.865e-06,0.0,,,live
2026-10-06T15:25:24Z,0x8cf50e8b56295d626e203bce643b7c725dbc59cb,0x1015b06e62785a0bea5749251cf8b999035974053b2ce118ffbe10a693f0476b,0.35,0.0002357,41014,72869,223,53837,0.0002357,0.0,,,live
2026-10-06T15:25:24Z,0x8e2de9f7124ffdd77ecce839f13ab263788608d8,0xb5e17012d5f343da37d669cdef3fca713d61dbdad29c9d658813f61081b0ba35,0.26,1.395e-05,20048,5619,48,13956,1.395e-05,0.0,,,live
2026-10-06T15:25:24Z,0x8e41fd25e85e624560fa50ff9f117a02cd30b8b3,0x7608c38ea8cc2082b043e886185979942cdeb58e,2.0,0.02542,527413,12250817,16729,25425526,0.0452,43.8,5,False,live
2026-10-06T15:25:24Z,0x8e988e8644653bad588bb36b1d6e308661ab1d16,0xef8b4eafbab22f2e5dab0de88f31d47c914bab3b235f9b4f4229422e8d9f8ca9,0.14,0.0003472,49953,105689,215,79304,0.0003472,0.0,,,live
2026-10-06T15:25:24Z,0x8ea6b2ac3df8facdb1260a70ad81608dcd482ecc,0xb8e73c8d4ec4718fe0b89c8959af72639ccff41a6a0a7d3579612b6643e17a92,0.35,3.851e-06,3849,30648,5740,3851,8.619e-05,95.5,,,live
2026-10-06T15:25:24Z,0x9114696846b9b548c545daa0f2efd80883e1ad74,0x8939a5ec8ce9decfaa4b2d2f1f34e50bdcceaa3b,0.28,1.507e-05,7487,0,1,7487,1.507e-05,0.0,,,live
2026-10-06T15:25:24Z,0x919b169818ce8e0f34d5c7ae2dddbb679d69a2f4,0xba54b3399959ab1e32598e68840b5493a98fe8d7,0.39,0.0007659,103399,3701563,8549,765653,0.001263,39.4,,,live
2026-10-06T15:25:24Z,0x91eb1df23465146ca8fb70b4bb29c8a4cc487777,0x9efbb14aef08ed3ee390e4b7f5cc84f96218eb99df7b0a38cce4fc71af71fa52,0.23,0.0001889,47549,43080,176,43176,0.0001889,0.0,,,live
2026-10-06T15:25:24Z,0x922769f00b2118080767a2d4adfc17625c35b2f8,0xc0169cd22be3d3ed40da0934cd1fb7559490a90d1a184bbd800c8992b2cd58f3,0.22,0.0002816,44971,86484,241,64332,0.0002816,0.0,,,live
2026-10-06T15:25:24Z,0x92a432ce36f24975477a6fa6d2eb027d03637777,0xde24a9084c5386e2848480c8b2a54f2332a03a8c96fd9bebb261cb17f006086e,0.04,9.965e-05,34510,14772,56,22769,9.965e-05,0.0,,,live
2026-10-06T15:25:24Z,0x92bb74d5bea1dfea6912a351043e7648d38108ca,0xa7ee435ada05b5277fd569a9db8d13eb0377a55c,0.08,3.257e-13,0,39652,33,,1.944e-05,100.0,,,dead
2026-10-06T15:25:24Z,0x92c59798951cf8141dfc32d0b5ab78f91a3a62be,0x842c0bd5182772c9cba752e3df78e3f0a340102a273d233abc1727fa061d5af7,0.84,0.0003837,52482,128606,231,87658,0.0003837,0.0,,,live
2026-10-06T15:25:24Z,0x92d16d88406ca4a1ba7c61a94f803509075a90ca,0x57dc3d47ac6177bf251917e4894e32285d6d1abb,0.25,1.502e-05,7461,0,1,7461,1.502e-05,0.0,,,live
2026-10-06T15:25:24Z,0x934ddeb83bcffb07e02bcf6c5149ece06dcea233,0x9ddf5b5659a98c6554ccb867f705df7ed239442b,0.18,1.505e-05,7479,0,1,7479,1.505e-05,0.0,,,live
2026-10-06T15:25:24Z,0x937a0f626658c66524f425d3cd21d5d1ae397777,0xd7d9d3733a7b6ac5393e95e3fcb858fbee307e1ff7e9f643ade677e3cc45e645,0.32,0.0002303,52470,61390,218,52641,0.0002303,0.0,,,live
2026-10-06T15:25:24Z,0x9394f6ddf456dd28b5321c3ea2f88defd61e2a9f,0xe8f5e2f410d2d2397e30cdc98e604dea4576d139778cf3f61e0f4f0609b5af06,1.22,2.886e-06,5181,19,4,2886,2.919e-06,1.1,,,live
2026-10-06T15:25:24Z,0x939f4b0fc22b249922ab460eb0247950b61b4ac8,0x9963480b60959de7c0db2cebf04d18ab7ce431b3,0.25,1.502e-05,7461,0,1,7461,1.502e-05,0.0,,,live
2026-10-06T15:25:24Z,0x9401d439c9b8f4351980b80d5d4d5001bb0d6f85,0x949b8cafa5439d2fc310b6ce054ac25df5929f2ff1c565fb5263c1d07a1d417e,0.17,8.353e-06,8353,81,2,8353,8.353e-06,0.0,,,live
2026-10-06T15:25:24Z,0x940aa571e776138a82cbc9dadb6a3f05eb1c4a5c,0x48cb1a329ed902563335921b60340eeb908d60fb,0.35,1.564e-05,7798,491,167,7795,1.613e-05,3.0,,,live
2026-10-06T15:25:24Z,0x9452527f7ce81797a4cefc47238cfbe2fcafc93c,0x755b35e633e50d27f86dc2b953c8b93ce7aff713d7998f92ef08090c0014c02b,0.83,1.101e-07,11010,2667832,5360,11010,1.101e-07,0.0,,,live
2026-10-06T15:25:24Z,0x964cf97ca74a3bf9d2f9d640c421102cc7a92836,0x0fe15786a092ce464d92d5bfa59defa2711b23bb91d1d4108c76a3606853076b,0.62,5.427e-07,10854,0,3,5427,5.427e-07,0.0,,,live
2026-10-06T15:25:24Z,0x96a1c0b7a9db6a1aceeaa483dbcc89d16ca8bda1,0x40ad9dade4b48e8562cf3c0d16c8c9461e2c6a9e014ecef6a93ce2dfe4cc2883,0.31,2.304e-05,475560,6177435,6802,2304775,2.304e-05,0.0,,,live
2026-10-06T15:25:24Z,0x96e767cddb814755437adc66934df77799f48cd6,0x8dd940bddfd202e8517de72eaf4c9da2fdc2fea8,0.61,2.077e-10,0,23994,48,,0.0004648,100.0,,,dead
2026-10-06T15:25:24Z,0x9744a8cbc089d6804dacab37ca009eeb2ff7e777,0xb3135d6b2e089a862369bd2101fa04b977aebfa4d26b62b421f11bf4c3b50d9c,0.05,2.669e-05,26503,46359,174,26643,2.669e-05,0.0,,,live
2026-10-06T15:25:24Z,0x9773907ecc02d30ef9a0c4484b79ab688754f7a4,0x9a8bcddacf8ca033d2a0567a7363294408fcd9e68cd3ddbdd491260870bb48f0,0.23,0.0003714,51640,101447,243,84831,0.0003714,0.0,,,live
2026-10-06T15:25:24Z,0x978449b99a23ed4b7e41fa6c2ba7c4f41e71a8d0,0xaa2d1ca68553ddae9eaa13c9e9d4d92dcde93214d1906da0f1a74cf67ea95287,0.24,0.0002528,42548,79331,223,57755,0.0002528,0.0,,,live
2026-10-06T15:25:24Z,0x97c9c237234afd82109d0c8e14255fc4275b8f79,0xec6fd702a3d6a31816f85dd72d18810e16a9d3cb,0.27,1.508e-05,7490,2,3,7490,1.508e-05,0.0,,,live
2026-10-06T15:25:24Z,0x991c44751190eb52f035ab51003928356dceeba3,0xbf7b7a368be40adcb8e070f2b3adc5e657a4c54d6a55c23846b83951da0842c0,0.84,1.007e-07,8565,160,7,10076,1.007e-07,0.0,,,live
2026-10-06T15:25:24Z,0x9ad90ca5a5daf2fb5f881cb3e4fccdda6503ea20,0x4b09784db87e0321a349420caba4333daad04b481d547f599a4f21cd3162485d,0.04,0.0003824,57737,30961,138,382474,0.0003824,0.0,,,live
2026-10-06T15:25:24Z,0x9ba4d84ac1571a0788b2bb7a6412e73529d12dc6,0x2a878208df14eecf7761daa73f4c1c070cece119,1.95,2.718e-06,3223,2404939,7054,2718,0.01707,100.0,,,live
2026-10-06T15:25:24Z,0x9bc95b6e875135612642171e4df9ae799d9d31a6,0xd5b49ea0664cb5678b82f67173f7bd2f64b21de4,0.33,1.528e-05,7617,0,1,7617,1.528e-05,0.0,,,live
2026-10-06T15:25:24Z,0x9c008eedd91e1d4a16797c3af3289d70362e7777,0x0f4f771421a47a85b1fc569b1a90d157f398143cf9e113a077010b822d9d9611,0.12,0.000144,41512,32051,135,32913,0.000144,0.0,,,live
2026-10-06T15:25:24Z,0x9c4bd852c018e16a8b55da94b8ea506cab161777,0x1b24b582371c36b5653d7571be78ebcf0ccda597719f5c44914adb732354f848,0.33,2.477e-05,25492,44909,156,24728,2.477e-05,0.0,,,live
2026-10-06T15:25:24Z,0x9d70341316be25ca3732a6351d443fcc8527910e,0xeca5231d5901051711d6c6743a8816ab95f900eadb505ca5e75e77b14eba6be0,0.17,0.0003128,47409,85047,239,71447,0.0003128,0.0,,,live
2026-10-06T15:25:24Z,0x9db1ceafd16e41cd94595d0085c9d686b053461d,0xda0c788846be2c267b217627eeda3dbcffc3f084baa06dd6923cfdcf7f77f9d5,0.12,4.521e-05,22492,24865,151,45217,4.521e-05,0.0,,,live
2026-10-06T15:25:24Z,0xa0216b52f43ec2510739f6ff83dc873dda7a7777,0x62a0e539c6dbbcfb2a117b4a8ae9f023d8a2e55d30434be75e97f9d84f95439b,0.22,0.0002404,53656,66225,238,54946,0.0002404,0.0,,,live
2026-10-06T15:25:24Z,0xa1602e96cb2fcde701409d069aaf01efe30be7a5,0xc2d9243acd2e8a4937cad2028700551bd3787addc71c37dce67b665ae10117a8,0.25,6.879e-06,6921,111564,2285,6880,0.000137,95.0,,,live
2026-10-06T15:25:24Z,0xa4a2540b34cca4d40342f82d139070dccf4faa67,0x96b36d4275e9800ac090e3e3fbe83ba982344203dfb8139ce5e8c79066a9a411,0.06,6.846e-06,6860,32813,1661,6847,6.846e-06,0.0,,,live
2026-10-06T15:25:24Z,0xa83854502c1c9885e6000caf19dc0663537afefc,0x39cb199cfaead03e1a05f3609eb32d50e1a2e33f07f381a8976f26c423da4a0b,0.32,0.0001983,37702,57708,150,45298,0.0001983,0.0,,,live
2026-10-06T15:25:24Z,0xa88e76676cd8f416de2224f000367c9812d63777,0xd8acd593bf60a7d31240223cb05acd9e549cf29899ad664d493d4a4e47c92928,0.26,1.106e-05,17082,9065,33,11041,1.106e-05,0.0,,,live
2026-10-06T15:25:24Z,0xaa07a0e9209e16ac99708c3ec70159c6ef3128a3,0xea9f200e13055b82f175f44f592c4c13dd8c9d9320a66487d3c5cd90d68550ef,16.35,0.0655,1103962,2431363,2850,62227091,0.123459,46.9,,,live
2026-10-06T15:25:24Z,0xaa3b15d86d006a30356f2863ab69dd8000dbcda6,0x5d357f33cd039ac7ffacb046e5d4bbcbabdf6e6d13a961c17b3c773c6c5dfe79,0.32,0.0003548,50434,93679,239,81046,0.0003548,0.0,,,live
2026-10-06T15:25:24Z,0xabc2f889b449389345ad47bedff8d1e0869fc577,0xc8c8cd1fa62030b19e9a146f205db6873b1712798d4bdfe12f5dadb2ffc3bdf3,0.26,0.0003872,52648,110814,236,88451,0.0003872,0.0,,,live
2026-10-06T15:25:24Z,0xafddb1974325da7859f46ba5ad45a2c30cf105bf,0x579f4b502a987173dab2776a942d19d273d16c5e,0.26,1.509e-05,7496,0,1,7496,1.509e-05,0.0,,,live
2026-10-06T15:25:24Z,0xb0f4c5b775ff4b6eaee04a94e645ac68761f0bc5,0x9eba18f61b2349a442c88dcfc318511cf37c44f20e4a6e1f33930b7d8491cf30,0.17,6.9e-06,6942,92055,3465,6901,4.78e-05,85.6,,,live
2026-10-06T15:25:24Z,0xb18a4bcf9018bedb1fcb90ed80f87087151c09f4,0x206211d456a3a9dbe45e13507aac5131ace9c716,0.14,0.01457,397174,6502705,11054,14573788,0.01457,0.0,,,live
2026-10-06T15:25:24Z,0xb1accc628d40379c43e20083506c037b9e98c2e5,0x0b39c4f9d525dfcf843288ba26c43564f58e4da4102bd146a828d961fdf75812,0.22,6.834e-06,6849,30593,502,6835,6.85e-06,0.2,,,live
2026-10-06T15:25:24Z,0xb2b81fb50a395a4be9b63d8577338b13e305e777,0x624a00bade591a9cc3f78d3a5ffa6f6a8de17ef764b0497c2becc3cc310a65c8,0.21,2.25e-05,24349,41191,138,22457,2.25e-05,0.0,,,live
2026-10-06T15:25:24Z,0xb3818af61a66f429b0896b338c9f0a604cd75932,0xf608b16fe166648e4b17be42538c9995067c9c22ba3e0f76dfd2c82ebfab7641,0.62,0.0003839,52496,124353,229,87693,0.0003839,0.0,,,live
2026-10-06T15:25:24Z,0xb3fb3e473400e297826e41ee69cffb29138c1b70,0x33130640c6cf6183ff16f227de2a887aed6fc58dd4e66bad0a2726c8448b2864,0.21,0.0001331,93059,252742,667,133109,0.0001331,0.0,,,live
2026-10-06T15:25:24Z,0xb401171abc19a8ccdd673ce423b143a6528d1e18,0x0f5291558508d9ee226fe7d37a8415bc226e85834025b6c9e5d36357f9faefbe,0.13,2.001e-05,20017,5,3,20017,2.001e-05,0.0,,,live
2026-10-06T15:25:24Z,0xb4116d8fb0956be58de79db0fe20df1b2da9b0b1,0x09f984ae541107e8df1b7b14ca31f7ba96acccbfc5e0d1107e009255b0f57a7c,0.15,0.0003896,52916,112080,234,88990,0.0003896,0.0,,,live
2026-10-06T15:25:24Z,0xb414259e3446abc9b69866bed93ef294c1aad140,0xacc8719764a7ba59ecdbe2bd4988d3af2c2336f8fd995a96456deb821512d27e,0.84,2.484e-05,25588,21437,148,24843,2.484e-05,0.0,,,live
2026-10-06T15:25:24Z,0xb49bbaeb1b00544ba7e265bc6aa369b317c26f7e,0xc931e45592e397d8ca5cbf144250b5976b56405ac4bd599a8ab45c3471af7aff,0.17,0.0003837,52510,105433,231,87651,0.0003837,0.0,,,live
2026-10-06T15:25:24Z,0xb592e5daa875840a0f5319cf559cd96e2fc47777,0x67f3495535cb1bc53986b9cbf37e5d92b8b5ded70708392bddfc4c21fe04dbed,0.61,0.0002415,53806,60264,231,55190,0.0002415,0.0,,,live
2026-10-06T15:25:24Z,0xb5fbd336e7784e630016d004195819ba937b7777,0x30c34d45dda0433954a3114824ef233b52f2afb8897e9d42899fd05e2898f3e5,0.14,0.0002683,56703,58293,232,61309,0.0002683,0.0,,,live
2026-10-06T15:25:24Z,0xb6698d85d3c9481940c6f32686a872fd17e8dacc,0x4a345aebd825fa3f462c0bd3d26ddc2308ae07bd074ccf25718a42b2822c8f2e,0.26,5.332e-06,5331,639,29,5332,5.332e-06,0.0,,,live
2026-10-06T15:25:24Z,0xb6ef9c1cea609d78f0d1ae047df166f2996f5bdb,0x215c8cf303ccb7070d07b2d35e3c626550806b8bd65a1c2747bdf4b090749418,0.33,0.0003902,52811,127335,235,89122,0.0003902,0.0,,,live
2026-10-06T15:25:24Z,0xb8aad220341ed8d9558d4aea2d96a677813dcccc,0xf9559fc80edbbe2a7f069509339756ed14feaa682db9c6e8b12b841c65019ca1,21.33,1.009e-05,10364,10,3,10097,0.00116173,99.1,,,live
2026-10-06T15:25:24Z,0xb91b4020518cd0cf824dca8291e94cd62c7f0b91,0x5078092c196727b4798c5c4d583d69146bec3929,1.02,2.711e-06,2871,3613565,11849,2712,0.003667,99.9,,,live
2026-10-06T15:25:24Z,0xba1a2d9783ebe2b76493c5c12eb9813a0e062843,0x6e8a6a1af8ec53f3f09c7303e5403558dee42d0a,3.95,1.068e-05,8063,2452,218,10681,0.0517375,100.0,1,False,live
2026-10-06T15:25:24Z,0xbb8a9d403ad2f83c6cefc9316d74fa0280e707ab,0xd3365fa4309dad0174e120b179b955a5e9a3a46ff7bc63b71b5c68f0e4b7459c,0.22,2.803e-05,23946,21243,153,28038,2.803e-05,0.0,,,live
2026-10-06T15:25:24Z,0xbc0f76122a13ab2dc8f39090a1c5e377aa5e7306,0x0a0c83e9a06c20ed4bcae20c3788ca5fd445661812061ead2955aefb2d79d699,0.12,0.0002036,38227,82864,232,46516,0.0002036,0.0,,,live
2026-10-06T15:25:24Z,0xbc30c7947207568f6df3dbfb1473fcf9ce277777,0x5489b8e5f5abdb8c5c06e35846bf11a517f1070a509ccd02d568ad479a3b2dad,0.16,0.000248,54517,56706,232,56669,0.000248,0.0,,,live
2026-10-06T15:25:24Z,0xbc79d0e2e945574bbe51f54b96b8cf98f855183f,0x89785dfdf326dcdcf96d3cc1ca47cc768c5daac6ed1a0109bbd8f57f7f750b2f,0.17,6.834e-06,6848,19634,146,6835,6.852e-06,0.3,,,live
2026-10-06T15:25:24Z,0xbca84a40b27b347f5bb2266d8f7c920bb26fb777,0xb0bd1c273ced1eed1f82de313336df84b0f3d53dd49a51e1b5f57e7c52a67c3d,0.05,2.46e-05,25479,40489,161,24556,2.46e-05,0.0,,,live
2026-10-06T15:25:24Z,0xbda4bbd3c5522cd81558afa341316fb4acd752ab,0x51f52234cf07a9995504dfa01e6eedfe110740044669666b40ee0aa592ec44b8,0.18,6.849e-06,6863,25532,918,6850,6.849e-06,0.0,,,live
2026-10-06T15:25:24Z,0xbdfeb02fc6b06e2986c7cae0fa83da50bacf876f,0x138100cf3bdf4c74f33bf21019bc29e088aa317d6576919ba04b54c8005d3059,0.61,5.449e-06,10873,14,3,5450,5.449e-06,0.0,,,live
2026-10-06T15:25:24Z,0xbe050c543a30f9cac76d53a2b3530473ae105966,0xe34c62da27d91d70cd7837296e7164e6774385171dcb9dd55eb03ac11d390ae2,0.05,0.0003816,52382,109154,235,87156,0.0003816,0.0,,,live
2026-10-06T15:25:24Z,0xbe062c9b45815624350a6b2edcb3fbfd3ba37777,0xc8c41fb1a37aa36ddd02181df5a257d946803b010884c77f9b3d234d2ecb028a,0.28,0.000231,52619,61602,231,52797,0.000231,0.0,,,live
2026-10-06T15:25:24Z,0xbe53d63af7aa8ffb48364b73606091dc9a25c503,0xa1ec697f83f216726995cd02614bdd2b664affc2,0.27,1.509e-05,7496,0,1,7496,1.509e-05,0.0,,,live
2026-10-06T15:25:24Z,0xbf4b8b5669b3fd4e49617514da4dc98f6cce7777,0x1b7d0af5b3197a73793bd816b1f846c171e00eacfabe7ff654900582f45f8587,0.13,0.0002246,51824,60656,233,51319,0.0002246,0.0,,,live
2026-10-06T15:25:24Z,0xbf7da3e9151279769de7689870c1d7ce8e16b460,0xf51001eafc20ac4ce6c88b38471f2198228aaa2e,0.22,1.504e-05,7472,0,1,7472,1.504e-05,0.0,,,live
2026-10-06T15:25:24Z,0xbf85254e14954c6df1760a5682afd80d83402c22,0xb6c71d12c18d8b9a12a2b9c608caeceafcf12c839ae397d84f0ddc6c644c7da0,0.61,6.805e-06,6806,0,1,6806,6.805e-06,0.0,,,live
2026-10-06T15:25:24Z,0xc04a07958ab5ccd820986070f1d60ab7501ad171,0x57afb4c290ae9b7b8533e5187cfcbf19485825c63a075cd5cd611ae16ad38f68,0.12,2.097e-06,70687,3170993,5866,209756,2.097e-06,0.0,,,live
2026-10-06T15:25:24Z,0xc0b28b4aa19b138eb24641e31aa69ea09998da03,0x63a9dedc58baf36374d882c45db9b55a13085ee669a1adbd8ceacbfd8aacb8ae,0.05,2.486e-05,24862,1,2,24862,2.486e-05,0.0,,,live
2026-10-06T15:25:24Z,0xc0c3dd5ac82bfaed88f04e3bf7d9f4dff3225706,0x036a049941363d5e1c48d6c50ec63b6c6ce4da18571edf6a9196b734826f5e46,0.27,0.0001192,80073,327464,907,119272,0.0001192,0.0,,,live
2026-10-06T15:25:24Z,0xc0d8fe9e2c85d0cc582835812607a002852944b4,0x02b9aa2fae491bfc632242f6e8d654b841c14cb5,0.2,1.506e-05,7481,0,1,7481,1.506e-05,0.0,,,live
2026-10-06T15:25:24Z,0xc15b2dbc493a5d074239c0d1133b2bd211488133,0x9756b016829af8dd2ebf41d909aebe10b5e842d0885b9110874dc68ce01ae16e,0.28,0.000259,43144,85282,237,59157,0.000259,0.0,,,live
2026-10-06T15:25:24Z,0xc275928f533bac94cd519b037011a33d0c297777,0x53bbfa47fc9b7ac8303e72537ab649d629f247dae956824051b9258147a689e8,0.35,0.0002327,52624,55625,230,53178,0.0002327,0.0,,,live
2026-10-06T15:25:24Z,0xc33098d32dbaf38ccdd55d15cf8743640cc8b51f,0x88625ad2473c72b1f345888fde902602c1060e5c0c7c2945a25e2c706bf8af2e,0.13,2.0028,20028,2,1,20028,2.0028,0.0,,,live
2026-10-06T15:25:24Z,0xc38c332012a9116dcade0c7f43b5d3c71799a9f8,0xb4b0dfeaa2e2a838f0f7a304f005ebe32390d4ef,0.67,0.02089,476823,19103975,58628,20896512,0.02089,0.0,,,live
2026-10-06T15:25:24Z,0xc42f9cf36cc02f6491ead279cf240fb0d7a32cdd,0xfccc5b87d91b55f114851473f7559a0a82ba498e,0.26,1.509e-05,7496,0,1,7496,1.509e-05,0.0,,,live
2026-10-06T15:25:24Z,0xc44d5449d2dd28e967d84c690ec7c6fe06bea777,0x75b0e57452d3e0651fdd25a0680de3f70e91961f58e03f761b442e7df9d3873b,0.32,1.126e-05,17216,8960,43,11248,1.126e-05,0.0,,,live
2026-10-06T15:25:24Z,0xc450dad84d0ddf39162f39ec43ff31604a767c85,0xf9df26ed62fab653abd3d980855514ae5765aec018e2060beba86a3ba299bcd2,0.32,0.0001187,29172,34531,132,27120,0.0001187,0.0,,,live
2026-10-06T15:25:24Z,0xc4c79c4e235f35a8ecc1d5db5d2767b32ba8759a,0x0fa96ee25e99723aa55ca4267e5d3916a6933a93,0.12,7.296e-05,2,95617,661,24320,7.296e-05,0.0,,,dead
2026-10-06T15:25:24Z,0xc5083fef47efebd6bd6aac5969b2faa4ea61c026,0x5b276bcf416cfb17c6021127083330c9b02c41d3d76057fba2ac191cf7aec809,0.19,1.794e-05,13951,12848,141,17947,1.794e-05,0.0,,,live
2026-10-06T15:25:24Z,0xc6c0dca720e83b5ca1cf77941e475108da8fd7a2,0x8c8a8a6b65b892a254095558a2386cf48344088c922fe49b328d0ff97fb1aa8e,0.19,0.0003632,51076,101371,230,82959,0.0003632,0.0,,,live
2026-10-06T15:25:24Z,0xc6c8e1c14f2e29047e8dd6b032341c20f01a91e3,0x963daacca8b22c40a079504d4b6414fa70009b028ce13ae751e213a4626a042a,0.63,2.883e-05,28808,2321635,4201,28835,2.883e-05,0.0,,,live
2026-10-06T15:25:24Z,0xc74e91f84fbdb6633c8d608d79834fa55e127e92,0x2cfbb031cd94ca5645bfda966807e157e5a24388e82817b458772d5bfa476d1e,0.25,0.0003096,47053,108877,235,70713,0.0003096,0.0,,,live
2026-10-06T15:25:24Z,0xc760890795e673d5d20a1c31fdc9aea705284dd2,0x32ebe6ba6e7250994d9200daf1777a1084600a7fee48e9f9442f706c75b66a12,0.27,3.805e-05,21635,25893,152,38058,3.805e-05,0.0,,,live
2026-10-06T15:25:24Z,0xc88a7d8689ad3a3b830182de8e0e5166da719a79,0xddb48e582888bf9457747e4a8b05550bbcfde909d71f298d440664252fd3eb32,1.54,,,,,,,,,,dead
2026-10-06T15:25:24Z,0xc8fe0f7f6f191651d3123ec8a468782977f7ba82,0xd14354f96a06bf6c4f57a713f512c015c7454b3413d213f5adc818017951f3c0,0.22,0.0002633,43486,108124,241,60155,0.0002633,0.0,,,live
2026-10-06T15:25:24Z,0xca96f8f90a95d801daf932097e253401db596fce,0x330a5e8db4fc156c2ada32f296bfba3880b8b8952abcf624cdbae9eb8d8f1c76,0.86,1.94e-06,68194,3594602,7225,194031,1.94e-06,0.0,,,live
2026-10-06T15:25:24Z,0xcb0fbd781e7f2aaf055b0952210b4ac09c2660a3,0xafa0bfce2311d146832267486ae5d8e0d83aa01d,0.28,1.509e-05,7496,2,3,7496,1.509e-05,0.0,,,live
2026-10-06T15:25:24Z,0xcc56421dd9c233e491444b95ae60bfdd65ec1e18,0xbb0756d95b1ecff3c4c22d12715ee0ec7583a472d0701e593729e8ae5e749b31,0.04,1.999e-05,20001,1290,33,19999,2e-05,0.1,,,live
2026-10-06T15:25:24Z,0xcdae63d95d6dd4f89f6e508c77bd4388b4e5c8ab,0x4674f978aab6c373c1634a6729771d9bd6b97bbf25fdfa70d601a81a339f6974,8.01,0.0007324,82666,117918,384,732439,0.0007324,0.0,6,True,live
2026-10-06T15:25:24Z,0xcf83e78a823950b8c373224b7614e10d0d34a2f4,0x5f567995569648c25161832193e5221168870774947e373c615f077e5d6aaed1,0.19,0.000265,43633,78683,238,60541,0.000265,0.0,,,live
2026-10-06T15:25:24Z,0xcfad394a565a2a0d413c530f33c750845a56b777,0x9728304e4835699ca6620c144f9fc1c5fc1bf485f5ca469fd605ef2017c76e6a,0.22,1.66e-05,20923,55286,187,16575,1.66e-05,0.0,,,live
2026-10-06T15:25:24Z,0xd189177b252a4dd1d569ea00d35fb7ca78a5f012,0x5d150f22806aff83c5a4b1b750bc32fe4759da60336d14e69876d9513a947e84,0.4,1.11e-05,361637,14876106,11085,1110453,1.478e-05,24.9,,,live
2026-10-06T15:25:24Z,0xd245e694ce5e57f90562186e00c273cfb8503895,0xeaf85a923a1839b3f68d8f78985a541065e2788d0535a53b735c6a77650ba5e3,0.26,3.5e-06,29464,10918,75,35004,3.5e-06,0.0,,,live
2026-10-06T15:25:24Z,0xd252fbad2e5946ad4540810339a7d8a8dc12be0c,0x68efdfa0e16f8f638bca83861b94dc30d8014cf9c7fcb82720e33f0618eadf7a,0.17,2.123e-05,14076,39226,568,21235,3.832e-05,44.6,,,live
2026-10-06T15:25:24Z,0xd375aab6ca597d7702d446434b7a2cbeeb9c7777,0x157cd82cc84809c55f10f9a8f93839f4dcad29f54b73918654ec1b1fae9c4641,0.24,0.0002236,51672,58251,220,51107,0.0002236,0.0,,,live
2026-10-06T15:25:24Z,0xd415f72b2122e3fdf27dd25c684e0eb9acfcbc98,0xadc3bfab25aeafbc8e824d7ada97819d55cbf083aa6c8f2bf33833d65cdb4454,0.68,1.086e-05,331225,7463516,5760,1086298,1.086e-05,0.0,,,live
2026-10-06T15:25:24Z,0xd437ee6919ebad423e65afe8d27ce3e913202ac5,0xa93394f880a3f482c67afca2bea202e3d4d436b1,0.27,1.509e-05,7496,0,1,7496,1.509e-05,0.0,,,live
2026-10-06T15:25:24Z,0xd51345b40051d8394686db8490b2377404ed76a0,0xf60345e3af1567bf45426e1e5bc6faf0e5cc6f4d84f63f4eb589414364a59bfe,0.25,0.0001345,51289,79433,505,134598,0.0001345,0.0,,,live
2026-10-06T15:25:24Z,0xd5e71d1a3c098cbb7d9b1d71574729577192896b,0xb5a95446f1833598a3c3132c56fe95c4bd53028ea67da9a4cb2a60f9bcc02395,0.26,2.103e-05,8271,12670,139,21031,2.103e-05,0.0,,,live
2026-10-06T15:25:24Z,0xd604a7d84f30e9d696e0955ed7aac84c4c7ad213,0x47f657ca0aa47594c7e90acc18b62f357cb7582983e5e609cfac69ca8f1e364a,0.12,2.169e-05,25450,19186,154,21691,2.169e-05,0.0,,,live
2026-10-06T15:25:24Z,0xd66f3959e3565b760d73999ea7bc4c97fdf3d734,0xc94f3ca7a45f19747ef491ec8e49c50283afaad6,0.28,1.507e-05,7487,0,1,7487,1.507e-05,0.0,,,live
2026-10-06T15:25:24Z,0xd7a712f3b8c574c87b1b2bd1682431093c49dc1c,0x73cede53c18964172f0252bf5b65f7d41c5b55039c753fd69d0abe7373227484,0.24,5.432e-05,45015,158444,944,54323,8.189e-05,33.7,,,live
2026-10-06T15:25:24Z,0xd80186f588c1db932cb228c9056ba63c3f56ad14,0xc8203a694df637d1b17e4075a28bdf061494374f85fdcdbd4a7efb4b703f8860,0.05,0.0001707,35037,48203,179,38993,0.0001707,0.0,,,live
2026-10-06T15:25:24Z,0xd9b48278853130bd8798580a62319d17cad9692e,0xd4662833aea303c859c92fe778d525b3aa6543fde07f6ba2c81a5ef9536e69e2,0.14,2.516e-05,26356,20925,153,25166,2.516e-05,0.0,,,live
2026-10-06T15:25:24Z,0xd9c5c09ee434bf49425aa1f9f1b8bb74efd9cac7,0xcccc89623b1a7c79072e56d40c0750b969f7b303651b6845562cf0b58430ba58,0.21,2.801e-05,27608,20274,154,28012,2.801e-05,0.0,,,live
2026-10-06T15:25:24Z,0xdcbb7c64dec55b48fd0226e36151bee7f6baf38b,0xe8578b778d0e6a3827bd4c4888d7da8deef6cac43c548743e32068778d6678ea,0.27,3.136e-05,28030,21540,155,31361,3.136e-05,0.0,,,live
2026-10-06T15:25:24Z,0xdda5512bef94b374ac9d846e04f52b88f603dee4,0xc2b0cbc7414d413a383a375d26ee71b46de39dd84e3fde724316bb57743478b6,1.54,,,,,,,,,,dead
2026-10-06T15:25:24Z,0xde819cb1cad1d510949e15f97190e2aa962e7777,0x0747bc9a8083066b77fd3c7085800e770c3c49c70986761baf90a248511c93c6,0.05,0.0001192,37768,19598,92,27244,0.0001192,0.0,,,live
2026-10-06T15:25:24Z,0xdf92c095747f4671d79bb07172a6feb1bdc8fe50,0x5df7ad1909bb3bac9cf78092e4ee1bf7825a05decc3d40b39a8bee75d8f65d11,0.15,2.0044,20044,2,1,20044,2.0044,0.0,,,live
2026-10-06T15:25:24Z,0xe0a9517b8d93d3ca17a2c0c86b00e92fe6aebda1,0x14c3df7a25966c6b462f4258c74af543203ff27d412364675c6a9fa42e86074e,0.17,0.0001468,99111,311628,808,146837,0.0001468,0.0,,,live
2026-10-06T15:25:24Z,0xe2d404b252ace52fa881e3c9f7fb2e5b401deeaa,0xf7545114d2ebc355a4624b9685c5c76b396399bfc656ec8de54cf408d7dd0352,0.22,1.747e-05,10419,210660,897,17479,0.0001571,88.9,,,live
2026-10-06T15:25:24Z,0xe2f842ed90765e1e87a2f0bcc76f846a023b0777,0xad645d8ce25a90c8011a6dc26441977bba6c3c4434b7b7d181ff5722db03a0be,0.25,2.778e-05,26993,48522,187,27732,2.778e-05,0.0,,,live
2026-10-06T15:25:24Z,0xe36e06ca66fb55d6568a16ffe4760178f51f4590,0xd4244cabae594943508877a9d17868f3a6cf390d8dce93ca3e4c1f69435e7737,0.84,3.993e-06,6103,209425,2781,3993,6.109e-05,93.5,,,live
2026-10-06T15:25:24Z,0xe47b8bc28beb1b2f4710eec48fec7d72b038efb1,0x92168f79c6e0fa744aa7c8c21f9f3ed7d6b2e8d1602d1aac6a210e7688221087,0.34,0.000181,35955,74761,223,41353,0.000181,0.0,,,live
2026-10-06T15:25:24Z,0xe484108dd95274678308925445e8d3f3f4dea777,0x48662325254462d70204937a3830db253ab090612f2906f2c7d42b49a7fbc5f4,0.04,2.759e-05,26960,43432,157,27545,2.759e-05,0.0,,,live
2026-10-06T15:25:24Z,0xe670fea66a414b3aa3d5a1a692cf2be79fc21e18,0x72178195a7f64f768a1bb1a4f5a0edf96c9d352cb7ed5735a683c89f2d813ec3,1.21,2e-05,20080,757,18,20000,3.239e-05,38.3,,,live
2026-10-06T15:25:24Z,0xe7ae6c3ab66f6dff4843b261b5d89308f07da30a,0xc9f43321416dc26fd525872a56e2c3f5a3ff97cc2095a63a8a3936a3053f83d1,0.61,1.562e-05,6587,582,6,4000,1.562e-05,0.0,,,live
2026-10-06T15:25:24Z,0xe88ab05885086252a7b43adf5642ddc1388a3ed2,0xc4ed9e791f6ed7cb3667b79296b209c36c56dab3,0.04,2.436e-05,20713,4,3,24368,2.436e-05,0.0,,,live
2026-10-06T15:25:24Z,0xe95a2f142761470203595fca1a5bbf7dde584cf3,0x860e61f4a42c65e2fb9afa0f79d13217c9ff67501f8a08288f1f558cd2bbc600,0.18,0.0003505,50199,109252,237,80061,0.0003505,0.0,,,live
2026-10-06T15:25:24Z,0xe96bbeec5ce1075318bf5e6a08cf1e0ceb491aa3,0x3b322852a86c60329eac7e2e3031a2808493ebba08da61646560a0b95c745276,0.15,5.01e-06,5010,0,1,5010,5.01e-06,0.0,,,live
2026-10-06T15:25:24Z,0xe9ac0071344a02b5a1ad5feabfb569093cff8777,0x4e799f284a781f336b9fa1e0c65556e0909c61d95293e5a9f82eece13a28c860,0.23,2.057e-05,23265,43556,175,20538,2.057e-05,0.0,,,live
2026-10-06T15:25:24Z,0xe9de5ae1e14076ad48e6f74f8090beb06097351a,0x0351662a406f95ec35abb2edd592268b50e9a977,0.06,1.506e-05,7482,0,1,7482,1.506e-05,0.0,,,live
2026-10-06T15:25:24Z,0xea0ec29314ce68b946e30e7ba15156321156c78a,0x4577a1fe83c0362e3d31a367f65ff20fe4f98eb7f558bdf0d5013b1db67d25ae,0.18,7.286e-06,7284,134,1,7287,7.286e-06,0.0,,,live
2026-10-06T15:25:24Z,0xeaf85e0a67731be09bba301c39bc6f93ce66d409,0x2f3d7fec67dea9a10474413ae6ffc8befeb9212a0b66ff8632a0c735daecc163,0.06,2.386e-05,8810,12985,123,23868,2.386e-05,0.0,,,live
2026-10-06T15:25:24Z,0xeb135bc0b32f0ff78efe33ef45870a2fe5cd8b6d,0x4f4b2c6b1f20f7bd61731a4a5fe8e3ec701f9a65,0.27,1.508e-05,7490,2,3,7490,1.508e-05,0.0,,,live
2026-10-06T15:25:24Z,0xebae02686cc0c7578bf7d8c3f9a2f7e14dead777,0xfa48a487212ce9aff7c4419d4d3b9f38d7340af65951da866ad066672cfbdeb4,0.04,1.554e-05,20223,23252,93,15519,1.554e-05,0.0,,,live
2026-10-06T15:25:24Z,0xec90cdf6ee6799ac4b1108e71e4a62e2eff01e18,0x5117a84188af7f1bb07f1d0875808e0c211a7045127398bcf68ae9bb3d8ffa7c,0.13,1.996e-05,19962,10,6,19962,1.996e-05,0.0,,,live
2026-10-06T15:25:24Z,0xece00ab5f09beb79041bc08ec4c03dd86fdbb6e6,0x655beab574165975d4e7fe10bdb6608c26d447bef2fddf38f1ce48ca9146d990,0.04,2.463e-06,21533,26750,123,24631,2.634e-06,6.5,,,live
2026-10-06T15:25:24Z,0xedb6b2a5cb28696fd573cf484f3e9ca3a34787bf,0x4eabddbf53f1c690731b2429f10967cbd11a8c177374b184ddb455964305d7b2,0.32,6.853e-06,6854,1933370,5634,6854,0.0001166,94.1,,,live
2026-10-06T15:25:24Z,0xee049979960d5e42b389b941ec45790ca7b6e1f7,0x92a4f531f82e1440d6e349bbc2ed42ba389e013f,2.1,0.0003266,56932,8568225,14055,326624,0.03389,99.0,4,False,live
2026-10-06T15:25:24Z,0xeec53e561a4942eef08e1f907bc8fd53a08c4777,0x53d453a7c3b63a7ac7c5b4b6eeaae430d39e9dda7622c5f78b8ac47c7e54e5d5,0.34,2.441e-05,25291,48890,185,24365,2.441e-05,0.0,,,live
2026-10-06T15:25:24Z,0xeefb19bff2954b6237f12821be810533d380dc86,0x71e2b0187ad7b7bfcd9c3cc3ef408e509d7a31186fb5eeadfaffa7d7b763a9d2,0.19,2.718e-05,27188,1685590,3357,27188,0.0003488,92.2,,,live
2026-10-06T15:25:24Z,0xef78156375c9e0734cd532908ddeefd0951d7b14,0xead8dc7afa7e5c477f51257e91add67c4b29cde9,0.27,1.508e-05,7490,0,1,7490,1.508e-05,0.0,,,live
2026-10-06T15:25:24Z,0xeff3a90391c778d04297778e39650cca0c35243c,0x9aa1439c8ec448cc634988edfdb535cfe7de1406beeef940c187e4e933482b78,0.27,0.0003544,50469,95153,212,80952,0.0003544,0.0,,,live
2026-10-06T15:25:24Z,0xf05a3b054c5c507c39e6500a440c635e4c81486d,0xc57be081415015a0e13e7fc73487e44b6e6273c050979407b7b034d4f15d3b87,0.05,7.919e-06,13104,1133,15,7920,7.919e-06,0.0,,,live
2026-10-06T15:25:24Z,0xf0ae41f3cb009cee6c0f0824a25d5e677983f645,0xb55fdad9febbed32da87427414e176778736bb85df1a14d2514bafb23d7194be,1.01,1.766e-06,65544,2096503,6223,176630,1.766e-06,0.0,,,live
2026-10-06T15:25:24Z,0xf0af8b5ff14919b6cda78f0d98c9fcb0b3dc602a,0x2b8c3ec07575a47be3978a316fc0c150188fab5f037c8d477f166b54cf958c74,1.11,1.102e-07,11020,987658,2376,11022,1.102e-07,0.0,,,live
2026-10-06T15:25:24Z,0xf16a3a86c61255eec306db0a36d67a45e7b86b8d,0xa4fcd52a9308ce87efb2508072c7fe912ae5d2d271afaf66cc1b13b33b6242b0,0.61,0.0001212,118843,79727,466,2982,0.0001212,0.0,,,live
2026-10-06T15:25:24Z,0xf1d958a5edd31308f02edd46cd9b6cc5e48fe8a4,0x3fa819218e5424d35b90ae6c4efd7fbd6cf8082b8d902f49996f893ca14ba919,0.78,0.3601,58361383,20070783,49,360185795,0.3649,1.3,,,live
2026-10-06T15:25:24Z,0xf32d67a0eb9b85f93b91d173728edf12ea4b4a6f,0x46fad0031da20dca162375c9dcbe462ef9b973a915ee9791af3e027fb17f544a,0.35,0.0002326,40757,78844,239,53135,0.0002326,0.0,,,live
2026-10-06T15:25:24Z,0xf415bcb8a985e198091496fe58920b82d3877777,0x544cdc91a5001d28cd64bc600eb80c3ed13cb7310b98268ca2465dc888dc3d4d,0.25,0.000115,37046,17250,83,26276,0.000115,0.0,,,live
2026-10-06T15:25:24Z,0xf490ba0aaaef2ecc493a594b0ba609d4ad0fc09e,0x1380f2e377331e471e4beea1e2f9286366c08e985a0afd2dedb780c06172f833,0.16,2.0032,20032,2,1,20032,2.0032,0.0,,,live
2026-10-06T15:25:24Z,0xf6971fdc78ec989ce1ec98041316dca05458f869,0x23f3fd913605b2bd89bce049611cf3266afb77f1d8fe05624fa20553fe51828c,0.13,0.0001552,102703,148826,368,155281,0.0001552,0.0,,,live
2026-10-06T15:25:24Z,0xf821e82c64b4c3ed15245ae57bc5b4fd7c8e392b,0x78e3d265946fb040df644149efede09431aeb8191b2b2b3d70098a8ecff767f0,1.48,6.307e-09,0,0,2,631,1.544e-06,99.6,,,dead
2026-10-06T15:25:24Z,0xf930ed28c6b0398dcfaf7260eb593b25fa4d8777,0xed180790094b8197d43230b372dc1caa59434a6a99c8e32c7ed3421d46ef84a9,0.19,1.574e-05,20375,27856,99,15715,1.574e-05,0.0,,,live
2026-10-06T15:25:24Z,0xf93d626d600152455dfbf144ced2e16c79392bf2,0x92d90c732511e3ea357ef280038b5bcb96e632c55bb7cf908e60cfcaf3a3ca70,0.21,0.0001809,130968,250507,585,180964,0.0001809,0.0,,,live
2026-10-06T15:25:24Z,0xf94cccc10b6f4de2732f3c0cc3ca34ab24bb3538,0x40106c1c103c9c23b6ffd6af6880d4fc53979bbec2445dd6e96f424c54e06983,0.14,0.000321,48020,112470,231,73316,0.000321,0.0,,,live
2026-10-06T15:25:24Z,0xfb4035ac69ba0e65fd1261ba4c354415cade4888,0x4fdcc31f5514644bf512b296057f025ddd4f9308,0.25,1.094e-05,44,3709644,8149,10949,0.0004391,97.5,,,dead
2026-10-06T15:25:24Z,0xfb7582cfd5926fcc912eeba38ad8d84711064839,0xf6a8d1feaa93f87c0c55125dfa47d946d1dcde986693637a94498601c37eb0aa,0.16,2.023e-05,9845,12835,136,20240,2.023e-05,0.0,,,live
2026-10-06T15:25:24Z,0xfb8dafa4ffe71d82cc255b5fa92b6d1d945c69d3,0x35713b4ad5d352bccb86c44c1a642c4ba3fc645ac6d130ec0599292ff2fe4c81,0.04,6.888e-06,6916,43630,2545,6889,4.317e-05,84.0,,,live
2026-10-06T15:25:24Z,0xfd7e7fa024479f6813c503e6080831a389133b8e,0x645d58e38ad9872626c238441c8dde31d02c5c05ae2bd8445b9b1d5f69a7f9de,0.21,6.38e-05,56079,21555,73,63805,6.38e-05,0.0,,,live
2026-10-06T15:25:24Z,0xff4c3278e735fa52b1012b06748407d26e047f18,0x5560b76440e9b6660ab6ca8c7ae1941c92abffcf,1.68,1.229e-05,9251,4753103,13140,12292,0.001959,99.4,,,live
2026-10-06T15:25:24Z,0x0f2b109fe1349fdff50693c5ee27e3cc253c7bf6,0x08d7ae57a1b973a7d8c34d80fb5ba79dbc353c21ec95efc95d7ab15762be4d11,0.0,2.204e-06,19868,12538,244,22044,2.204e-06,0.0,,,live
2026-10-06T15:25:24Z,0x6e6c012e69a02a7650469f153226db1f0f1291ff,0xfacc1e76b7e0ce6b6130d394513308a56e309a2e8a0c546cca6eb9994be1c2f1,0.0,6.872e-06,6886,16499,334,6873,6.872e-06,0.0,,,live
2026-10-06T15:25:24Z,0xefef20c66a38b53b4c6e68e7b4291266e211931c,0xa366212c195d5e75559dc571def8752d8538ab54814024c43559298deb346694,0.0,1.042e-05,10418,490,5,10421,1.042e-05,0.0,,,live
2026-10-06T15:25:24Z,0xa4ad06fe5459b8cbd4b0ebd29590346af3942179,0xb166fa3c56a7fb9ea9bb4efe045b298a8eaf37db8247bc91208bd617cb209353,0.0,0.0002782,44716,87606,230,63555,0.0002782,0.0,,,live
2026-10-06T15:25:24Z,0x80bd7cbd3ced6832bba1b923cc8c3bdf1a2613df,0x33223387753886a16625708dd95decb043840fee4bb4766dd51c9c77235fbfa7,0.0,0.0003451,49891,103797,216,78839,0.0003451,0.0,,,live
2026-10-06T15:25:24Z,0x58917699c4bd0a5e7139349c4af5d1147a4c7777,0x5e7e8d7e45a1863bcf5e13415da0b0272fa662af5a2ca497043a8969aa0fce4d,0.0,0.0002149,50758,61568,232,49120,0.0002149,0.0,,,live
2026-10-06T15:25:24Z,0x3e841a4d9f8903b2d1e932d0ec294eab595955fd,0xf37d38ad4c9c24a9a244e95bd40a04c709c4a0e23ef49212e3a7be152e3bc600,0.01,5.697e-05,20267,6115,24,13013,5.697e-05,0.0,,,live
2026-10-06T15:25:24Z,0x64fc1c62b9d6cebead4b52369eac04434744a777,0x161cfd4b6952937de504eee345afa2b67e4bf1201c8a32b4ecbc9127c6eb8817,0.01,1.805e-05,21843,56666,197,18015,1.805e-05,0.0,,,live
2026-10-06T15:25:24Z,0x4b6e72d0c20caf23af0508804e712cdde97f4bca,0x2b7de3d6c27a67bba403fddbe930cbe23a6d36f6,0.01,7.954e-06,9317,2464,8,7955,7.954e-06,0.0,,,live
2026-10-06T15:25:24Z,0x36e9a6eb5d7bc01c3c4f3a81947851f1063481c4,0x310382854f532c290369aa9ba17d23c751261898a5c6005faa5e3d45f3e1fd17,0.01,7.458e-07,11746,1249,8,7459,7.458e-07,0.0,,,live
2026-10-06T15:25:24Z,0x8b7924fe528fb87a58ded8a7e20e472cb9931e18,0xfd6ad81564825b19674076ae85482ef0c9ce364b4c90aaaabbd6d282a3139c61,0.01,2.55e-05,25179,3878,81,25504,2.55e-05,0.0,,,live
2026-10-06T15:25:24Z,0xb9e4c11d0fa3480be9135c1cdfedacad31fb1e18,0x38dda07e06e8b87b5200effc17b74dab61418c91e7a2c6665841683a882e57a3,0.01,2.005e-05,20054,814,18,20053,2.005e-05,0.0,,,live
2026-10-06T15:25:24Z,0x70c533d3aee516b5b3d2c577188d2bac858d5f7b,0x2cdf271007c7ebb6013d55492e156031c535094f,0.11,0.001327,117683,4154546,4436,1327362,0.001327,0.0,,,live
